[2026-09-17T07:59:43.777+0000] {processor.py:161} INFO - Started process (PID=3584) to work on /opt/airflow/dags/extraction_dag.py
[2026-09-17T07:59:43.832+0000] {processor.py:830} INFO - Processing file /opt/airflow/dags/extraction_dag.py for tasks to queue
[2026-09-17T07:59:43.874+0000] {logging_mixin.py:188} INFO - [2026-09-17T07:59:43.871+0000] {dagbag.py:545} INFO - Filling up the DagBag from /opt/airflow/dags/extraction_dag.py
[2026-09-17T07:59:46.776+0000] {processor.py:840} INFO - DAG(s) 'youtube_extraction' retrieved from /opt/airflow/dags/extraction_dag.py
[2026-09-17T07:59:47.581+0000] {logging_mixin.py:188} INFO - [2026-09-17T07:59:47.580+0000] {dag.py:3096} INFO - Sync 1 DAGs
[2026-09-17T07:59:47.790+0000] {logging_mixin.py:188} INFO - [2026-09-17T07:59:47.789+0000] {dag.py:3954} INFO - Setting next_dagrun for youtube_extraction to None, run_after=None
[2026-09-17T07:59:48.223+0000] {processor.py:183} INFO - Processing /opt/airflow/dags/extraction_dag.py took 4.769 seconds
[2026-09-17T08:00:19.267+0000] {processor.py:161} INFO - Started process (PID=3597) to work on /opt/airflow/dags/extraction_dag.py
[2026-09-17T08:00:19.328+0000] {processor.py:830} INFO - Processing file /opt/airflow/dags/extraction_dag.py for tasks to queue
[2026-09-17T08:00:19.380+0000] {logging_mixin.py:188} INFO - [2026-09-17T08:00:19.359+0000] {dagbag.py:545} INFO - Filling up the DagBag from /opt/airflow/dags/extraction_dag.py
[2026-09-17T08:00:20.075+0000] {processor.py:840} INFO - DAG(s) 'youtube_extraction' retrieved from /opt/airflow/dags/extraction_dag.py
[2026-09-17T08:00:20.718+0000] {logging_mixin.py:188} INFO - [2026-09-17T08:00:20.717+0000] {dag.py:3096} INFO - Sync 1 DAGs
[2026-09-17T08:00:21.079+0000] {logging_mixin.py:188} INFO - [2026-09-17T08:00:21.077+0000] {dag.py:3954} INFO - Setting next_dagrun for youtube_extraction to None, run_after=None
[2026-09-17T08:00:21.898+0000] {processor.py:183} INFO - Processing /opt/airflow/dags/extraction_dag.py took 2.653 seconds
[2026-09-17T08:00:52.131+0000] {processor.py:161} INFO - Started process (PID=3604) to work on /opt/airflow/dags/extraction_dag.py
[2026-09-17T08:00:52.137+0000] {processor.py:830} INFO - Processing file /opt/airflow/dags/extraction_dag.py for tasks to queue
[2026-09-17T08:00:52.146+0000] {logging_mixin.py:188} INFO - [2026-09-17T08:00:52.144+0000] {dagbag.py:545} INFO - Filling up the DagBag from /opt/airflow/dags/extraction_dag.py
[2026-09-17T08:00:52.394+0000] {processor.py:840} INFO - DAG(s) 'youtube_extraction' retrieved from /opt/airflow/dags/extraction_dag.py
[2026-09-17T08:00:52.684+0000] {logging_mixin.py:188} INFO - [2026-09-17T08:00:52.683+0000] {dag.py:3096} INFO - Sync 1 DAGs
[2026-09-17T08:00:52.767+0000] {logging_mixin.py:188} INFO - [2026-09-17T08:00:52.766+0000] {dag.py:3954} INFO - Setting next_dagrun for youtube_extraction to None, run_after=None
[2026-09-17T08:00:52.860+0000] {processor.py:183} INFO - Processing /opt/airflow/dags/extraction_dag.py took 0.767 seconds
[2026-09-17T08:01:23.274+0000] {processor.py:161} INFO - Started process (PID=3611) to work on /opt/airflow/dags/extraction_dag.py
[2026-09-17T08:01:23.280+0000] {processor.py:830} INFO - Processing file /opt/airflow/dags/extraction_dag.py for tasks to queue
[2026-09-17T08:01:23.283+0000] {logging_mixin.py:188} INFO - [2026-09-17T08:01:23.283+0000] {dagbag.py:545} INFO - Filling up the DagBag from /opt/airflow/dags/extraction_dag.py
[2026-09-17T08:01:23.531+0000] {processor.py:840} INFO - DAG(s) 'youtube_extraction' retrieved from /opt/airflow/dags/extraction_dag.py
[2026-09-17T08:01:23.629+0000] {logging_mixin.py:188} INFO - [2026-09-17T08:01:23.629+0000] {dag.py:3096} INFO - Sync 1 DAGs
[2026-09-17T08:01:23.761+0000] {logging_mixin.py:188} INFO - [2026-09-17T08:01:23.760+0000] {dag.py:3954} INFO - Setting next_dagrun for youtube_extraction to None, run_after=None
[2026-09-17T08:01:23.850+0000] {processor.py:183} INFO - Processing /opt/airflow/dags/extraction_dag.py took 0.638 seconds
[2026-09-17T08:01:54.195+0000] {processor.py:161} INFO - Started process (PID=3618) to work on /opt/airflow/dags/extraction_dag.py
[2026-09-17T08:01:54.201+0000] {processor.py:830} INFO - Processing file /opt/airflow/dags/extraction_dag.py for tasks to queue
[2026-09-17T08:01:54.215+0000] {logging_mixin.py:188} INFO - [2026-09-17T08:01:54.211+0000] {dagbag.py:545} INFO - Filling up the DagBag from /opt/airflow/dags/extraction_dag.py
[2026-09-17T08:01:54.412+0000] {processor.py:840} INFO - DAG(s) 'youtube_extraction' retrieved from /opt/airflow/dags/extraction_dag.py
[2026-09-17T08:01:54.444+0000] {logging_mixin.py:188} INFO - [2026-09-17T08:01:54.444+0000] {dag.py:3096} INFO - Sync 1 DAGs
[2026-09-17T08:01:54.533+0000] {logging_mixin.py:188} INFO - [2026-09-17T08:01:54.533+0000] {dag.py:3954} INFO - Setting next_dagrun for youtube_extraction to None, run_after=None
[2026-09-17T08:01:54.634+0000] {processor.py:183} INFO - Processing /opt/airflow/dags/extraction_dag.py took 0.455 seconds
[2026-09-17T08:02:25.009+0000] {processor.py:161} INFO - Started process (PID=3625) to work on /opt/airflow/dags/extraction_dag.py
[2026-09-17T08:02:25.014+0000] {processor.py:830} INFO - Processing file /opt/airflow/dags/extraction_dag.py for tasks to queue
[2026-09-17T08:02:25.018+0000] {logging_mixin.py:188} INFO - [2026-09-17T08:02:25.016+0000] {dagbag.py:545} INFO - Filling up the DagBag from /opt/airflow/dags/extraction_dag.py
[2026-09-17T08:02:25.162+0000] {processor.py:840} INFO - DAG(s) 'youtube_extraction' retrieved from /opt/airflow/dags/extraction_dag.py
[2026-09-17T08:02:25.396+0000] {logging_mixin.py:188} INFO - [2026-09-17T08:02:25.396+0000] {dag.py:3096} INFO - Sync 1 DAGs
[2026-09-17T08:02:25.426+0000] {logging_mixin.py:188} INFO - [2026-09-17T08:02:25.426+0000] {dag.py:3954} INFO - Setting next_dagrun for youtube_extraction to None, run_after=None
[2026-09-17T08:02:25.521+0000] {processor.py:183} INFO - Processing /opt/airflow/dags/extraction_dag.py took 0.532 seconds
[2026-09-17T08:02:55.774+0000] {processor.py:161} INFO - Started process (PID=3632) to work on /opt/airflow/dags/extraction_dag.py
[2026-09-17T08:02:55.776+0000] {processor.py:830} INFO - Processing file /opt/airflow/dags/extraction_dag.py for tasks to queue
[2026-09-17T08:02:55.779+0000] {logging_mixin.py:188} INFO - [2026-09-17T08:02:55.778+0000] {dagbag.py:545} INFO - Filling up the DagBag from /opt/airflow/dags/extraction_dag.py
[2026-09-17T08:02:55.993+0000] {processor.py:840} INFO - DAG(s) 'youtube_extraction' retrieved from /opt/airflow/dags/extraction_dag.py
[2026-09-17T08:02:56.176+0000] {logging_mixin.py:188} INFO - [2026-09-17T08:02:56.176+0000] {dag.py:3096} INFO - Sync 1 DAGs
[2026-09-17T08:02:56.202+0000] {logging_mixin.py:188} INFO - [2026-09-17T08:02:56.202+0000] {dag.py:3954} INFO - Setting next_dagrun for youtube_extraction to None, run_after=None
[2026-09-17T08:02:56.363+0000] {processor.py:183} INFO - Processing /opt/airflow/dags/extraction_dag.py took 0.597 seconds
[2026-09-17T08:03:26.721+0000] {processor.py:161} INFO - Started process (PID=3639) to work on /opt/airflow/dags/extraction_dag.py
[2026-09-17T08:03:26.724+0000] {processor.py:830} INFO - Processing file /opt/airflow/dags/extraction_dag.py for tasks to queue
[2026-09-17T08:03:26.727+0000] {logging_mixin.py:188} INFO - [2026-09-17T08:03:26.727+0000] {dagbag.py:545} INFO - Filling up the DagBag from /opt/airflow/dags/extraction_dag.py
[2026-09-17T08:03:26.858+0000] {processor.py:840} INFO - DAG(s) 'youtube_extraction' retrieved from /opt/airflow/dags/extraction_dag.py
[2026-09-17T08:03:26.940+0000] {logging_mixin.py:188} INFO - [2026-09-17T08:03:26.940+0000] {dag.py:3096} INFO - Sync 1 DAGs
[2026-09-17T08:03:26.977+0000] {logging_mixin.py:188} INFO - [2026-09-17T08:03:26.976+0000] {dag.py:3954} INFO - Setting next_dagrun for youtube_extraction to None, run_after=None
[2026-09-17T08:03:27.031+0000] {processor.py:183} INFO - Processing /opt/airflow/dags/extraction_dag.py took 0.320 seconds
[2026-09-17T08:03:57.331+0000] {processor.py:161} INFO - Started process (PID=3646) to work on /opt/airflow/dags/extraction_dag.py
[2026-09-17T08:03:57.334+0000] {processor.py:830} INFO - Processing file /opt/airflow/dags/extraction_dag.py for tasks to queue
[2026-09-17T08:03:57.337+0000] {logging_mixin.py:188} INFO - [2026-09-17T08:03:57.336+0000] {dagbag.py:545} INFO - Filling up the DagBag from /opt/airflow/dags/extraction_dag.py
[2026-09-17T08:03:57.468+0000] {processor.py:840} INFO - DAG(s) 'youtube_extraction' retrieved from /opt/airflow/dags/extraction_dag.py
[2026-09-17T08:03:57.504+0000] {logging_mixin.py:188} INFO - [2026-09-17T08:03:57.503+0000] {dag.py:3096} INFO - Sync 1 DAGs
[2026-09-17T08:03:57.519+0000] {logging_mixin.py:188} INFO - [2026-09-17T08:03:57.519+0000] {dag.py:3954} INFO - Setting next_dagrun for youtube_extraction to None, run_after=None
[2026-09-17T08:03:57.545+0000] {processor.py:183} INFO - Processing /opt/airflow/dags/extraction_dag.py took 0.219 seconds
[2026-09-17T08:04:27.659+0000] {processor.py:161} INFO - Started process (PID=3653) to work on /opt/airflow/dags/extraction_dag.py
[2026-09-17T08:04:27.662+0000] {processor.py:830} INFO - Processing file /opt/airflow/dags/extraction_dag.py for tasks to queue
[2026-09-17T08:04:27.666+0000] {logging_mixin.py:188} INFO - [2026-09-17T08:04:27.665+0000] {dagbag.py:545} INFO - Filling up the DagBag from /opt/airflow/dags/extraction_dag.py
[2026-09-17T08:04:27.806+0000] {processor.py:840} INFO - DAG(s) 'youtube_extraction' retrieved from /opt/airflow/dags/extraction_dag.py
[2026-09-17T08:04:27.943+0000] {logging_mixin.py:188} INFO - [2026-09-17T08:04:27.942+0000] {dag.py:3096} INFO - Sync 1 DAGs
[2026-09-17T08:04:27.977+0000] {logging_mixin.py:188} INFO - [2026-09-17T08:04:27.976+0000] {dag.py:3954} INFO - Setting next_dagrun for youtube_extraction to None, run_after=None
[2026-09-17T08:04:28.062+0000] {processor.py:183} INFO - Processing /opt/airflow/dags/extraction_dag.py took 0.426 seconds
[2026-09-17T08:04:58.278+0000] {processor.py:161} INFO - Started process (PID=3660) to work on /opt/airflow/dags/extraction_dag.py
[2026-09-17T08:04:58.280+0000] {processor.py:830} INFO - Processing file /opt/airflow/dags/extraction_dag.py for tasks to queue
[2026-09-17T08:04:58.282+0000] {logging_mixin.py:188} INFO - [2026-09-17T08:04:58.282+0000] {dagbag.py:545} INFO - Filling up the DagBag from /opt/airflow/dags/extraction_dag.py
[2026-09-17T08:04:58.569+0000] {processor.py:840} INFO - DAG(s) 'youtube_extraction' retrieved from /opt/airflow/dags/extraction_dag.py
[2026-09-17T08:04:58.616+0000] {logging_mixin.py:188} INFO - [2026-09-17T08:04:58.615+0000] {dag.py:3096} INFO - Sync 1 DAGs
[2026-09-17T08:04:58.651+0000] {logging_mixin.py:188} INFO - [2026-09-17T08:04:58.651+0000] {dag.py:3954} INFO - Setting next_dagrun for youtube_extraction to None, run_after=None
[2026-09-17T08:04:58.742+0000] {processor.py:183} INFO - Processing /opt/airflow/dags/extraction_dag.py took 0.471 seconds
[2026-09-17T08:05:29.045+0000] {processor.py:161} INFO - Started process (PID=3667) to work on /opt/airflow/dags/extraction_dag.py
[2026-09-17T08:05:29.049+0000] {processor.py:830} INFO - Processing file /opt/airflow/dags/extraction_dag.py for tasks to queue
[2026-09-17T08:05:29.051+0000] {logging_mixin.py:188} INFO - [2026-09-17T08:05:29.051+0000] {dagbag.py:545} INFO - Filling up the DagBag from /opt/airflow/dags/extraction_dag.py
[2026-09-17T08:05:29.155+0000] {processor.py:840} INFO - DAG(s) 'youtube_extraction' retrieved from /opt/airflow/dags/extraction_dag.py
[2026-09-17T08:05:29.193+0000] {logging_mixin.py:188} INFO - [2026-09-17T08:05:29.193+0000] {dag.py:3096} INFO - Sync 1 DAGs
[2026-09-17T08:05:29.204+0000] {logging_mixin.py:188} INFO - [2026-09-17T08:05:29.203+0000] {dag.py:3954} INFO - Setting next_dagrun for youtube_extraction to None, run_after=None
[2026-09-17T08:05:29.229+0000] {processor.py:183} INFO - Processing /opt/airflow/dags/extraction_dag.py took 0.194 seconds
[2026-09-17T08:05:59.326+0000] {processor.py:161} INFO - Started process (PID=3674) to work on /opt/airflow/dags/extraction_dag.py
[2026-09-17T08:05:59.344+0000] {processor.py:830} INFO - Processing file /opt/airflow/dags/extraction_dag.py for tasks to queue
[2026-09-17T08:05:59.350+0000] {logging_mixin.py:188} INFO - [2026-09-17T08:05:59.348+0000] {dagbag.py:545} INFO - Filling up the DagBag from /opt/airflow/dags/extraction_dag.py
[2026-09-17T08:05:59.536+0000] {processor.py:840} INFO - DAG(s) 'youtube_extraction' retrieved from /opt/airflow/dags/extraction_dag.py
[2026-09-17T08:05:59.666+0000] {logging_mixin.py:188} INFO - [2026-09-17T08:05:59.665+0000] {dag.py:3096} INFO - Sync 1 DAGs
[2026-09-17T08:05:59.714+0000] {logging_mixin.py:188} INFO - [2026-09-17T08:05:59.714+0000] {dag.py:3954} INFO - Setting next_dagrun for youtube_extraction to None, run_after=None
[2026-09-17T08:05:59.756+0000] {processor.py:183} INFO - Processing /opt/airflow/dags/extraction_dag.py took 0.435 seconds
[2026-09-17T08:06:30.076+0000] {processor.py:161} INFO - Started process (PID=3681) to work on /opt/airflow/dags/extraction_dag.py
[2026-09-17T08:06:30.078+0000] {processor.py:830} INFO - Processing file /opt/airflow/dags/extraction_dag.py for tasks to queue
[2026-09-17T08:06:30.081+0000] {logging_mixin.py:188} INFO - [2026-09-17T08:06:30.081+0000] {dagbag.py:545} INFO - Filling up the DagBag from /opt/airflow/dags/extraction_dag.py
[2026-09-17T08:06:30.214+0000] {processor.py:840} INFO - DAG(s) 'youtube_extraction' retrieved from /opt/airflow/dags/extraction_dag.py
[2026-09-17T08:06:30.247+0000] {logging_mixin.py:188} INFO - [2026-09-17T08:06:30.246+0000] {dag.py:3096} INFO - Sync 1 DAGs
[2026-09-17T08:06:30.280+0000] {logging_mixin.py:188} INFO - [2026-09-17T08:06:30.280+0000] {dag.py:3954} INFO - Setting next_dagrun for youtube_extraction to None, run_after=None
[2026-09-17T08:06:30.326+0000] {processor.py:183} INFO - Processing /opt/airflow/dags/extraction_dag.py took 0.257 seconds
[2026-09-17T08:07:00.674+0000] {processor.py:161} INFO - Started process (PID=3688) to work on /opt/airflow/dags/extraction_dag.py
[2026-09-17T08:07:00.676+0000] {processor.py:830} INFO - Processing file /opt/airflow/dags/extraction_dag.py for tasks to queue
[2026-09-17T08:07:00.678+0000] {logging_mixin.py:188} INFO - [2026-09-17T08:07:00.678+0000] {dagbag.py:545} INFO - Filling up the DagBag from /opt/airflow/dags/extraction_dag.py
[2026-09-17T08:07:00.841+0000] {processor.py:840} INFO - DAG(s) 'youtube_extraction' retrieved from /opt/airflow/dags/extraction_dag.py
[2026-09-17T08:07:00.866+0000] {logging_mixin.py:188} INFO - [2026-09-17T08:07:00.866+0000] {dag.py:3096} INFO - Sync 1 DAGs
[2026-09-17T08:07:00.923+0000] {logging_mixin.py:188} INFO - [2026-09-17T08:07:00.923+0000] {dag.py:3954} INFO - Setting next_dagrun for youtube_extraction to None, run_after=None
[2026-09-17T08:07:00.960+0000] {processor.py:183} INFO - Processing /opt/airflow/dags/extraction_dag.py took 0.292 seconds
[2026-09-17T08:07:31.247+0000] {processor.py:161} INFO - Started process (PID=3695) to work on /opt/airflow/dags/extraction_dag.py
[2026-09-17T08:07:31.249+0000] {processor.py:830} INFO - Processing file /opt/airflow/dags/extraction_dag.py for tasks to queue
[2026-09-17T08:07:31.251+0000] {logging_mixin.py:188} INFO - [2026-09-17T08:07:31.250+0000] {dagbag.py:545} INFO - Filling up the DagBag from /opt/airflow/dags/extraction_dag.py
[2026-09-17T08:07:31.349+0000] {processor.py:840} INFO - DAG(s) 'youtube_extraction' retrieved from /opt/airflow/dags/extraction_dag.py
[2026-09-17T08:07:31.398+0000] {logging_mixin.py:188} INFO - [2026-09-17T08:07:31.397+0000] {dag.py:3096} INFO - Sync 1 DAGs
[2026-09-17T08:07:31.414+0000] {logging_mixin.py:188} INFO - [2026-09-17T08:07:31.414+0000] {dag.py:3954} INFO - Setting next_dagrun for youtube_extraction to None, run_after=None
[2026-09-17T08:07:31.444+0000] {processor.py:183} INFO - Processing /opt/airflow/dags/extraction_dag.py took 0.206 seconds
[2026-09-17T08:08:01.734+0000] {processor.py:161} INFO - Started process (PID=3702) to work on /opt/airflow/dags/extraction_dag.py
[2026-09-17T08:08:01.736+0000] {processor.py:830} INFO - Processing file /opt/airflow/dags/extraction_dag.py for tasks to queue
[2026-09-17T08:08:01.738+0000] {logging_mixin.py:188} INFO - [2026-09-17T08:08:01.738+0000] {dagbag.py:545} INFO - Filling up the DagBag from /opt/airflow/dags/extraction_dag.py
[2026-09-17T08:08:01.846+0000] {processor.py:840} INFO - DAG(s) 'youtube_extraction' retrieved from /opt/airflow/dags/extraction_dag.py
[2026-09-17T08:08:01.877+0000] {logging_mixin.py:188} INFO - [2026-09-17T08:08:01.877+0000] {dag.py:3096} INFO - Sync 1 DAGs
[2026-09-17T08:08:01.889+0000] {logging_mixin.py:188} INFO - [2026-09-17T08:08:01.888+0000] {dag.py:3954} INFO - Setting next_dagrun for youtube_extraction to None, run_after=None
[2026-09-17T08:08:01.916+0000] {processor.py:183} INFO - Processing /opt/airflow/dags/extraction_dag.py took 0.187 seconds
[2026-09-17T08:08:31.984+0000] {processor.py:161} INFO - Started process (PID=3709) to work on /opt/airflow/dags/extraction_dag.py
[2026-09-17T08:08:32.007+0000] {processor.py:830} INFO - Processing file /opt/airflow/dags/extraction_dag.py for tasks to queue
[2026-09-17T08:08:32.011+0000] {logging_mixin.py:188} INFO - [2026-09-17T08:08:32.010+0000] {dagbag.py:545} INFO - Filling up the DagBag from /opt/airflow/dags/extraction_dag.py
[2026-09-17T08:08:32.118+0000] {processor.py:840} INFO - DAG(s) 'youtube_extraction' retrieved from /opt/airflow/dags/extraction_dag.py
[2026-09-17T08:08:32.183+0000] {logging_mixin.py:188} INFO - [2026-09-17T08:08:32.183+0000] {dag.py:3096} INFO - Sync 1 DAGs
[2026-09-17T08:08:32.216+0000] {logging_mixin.py:188} INFO - [2026-09-17T08:08:32.216+0000] {dag.py:3954} INFO - Setting next_dagrun for youtube_extraction to None, run_after=None
[2026-09-17T08:08:32.264+0000] {processor.py:183} INFO - Processing /opt/airflow/dags/extraction_dag.py took 0.286 seconds
[2026-09-17T08:09:02.425+0000] {processor.py:161} INFO - Started process (PID=3716) to work on /opt/airflow/dags/extraction_dag.py
[2026-09-17T08:09:02.428+0000] {processor.py:830} INFO - Processing file /opt/airflow/dags/extraction_dag.py for tasks to queue
[2026-09-17T08:09:02.431+0000] {logging_mixin.py:188} INFO - [2026-09-17T08:09:02.431+0000] {dagbag.py:545} INFO - Filling up the DagBag from /opt/airflow/dags/extraction_dag.py
[2026-09-17T08:09:02.499+0000] {processor.py:840} INFO - DAG(s) 'youtube_extraction' retrieved from /opt/airflow/dags/extraction_dag.py
[2026-09-17T08:09:02.539+0000] {logging_mixin.py:188} INFO - [2026-09-17T08:09:02.539+0000] {dag.py:3096} INFO - Sync 1 DAGs
[2026-09-17T08:09:02.568+0000] {logging_mixin.py:188} INFO - [2026-09-17T08:09:02.566+0000] {dag.py:3954} INFO - Setting next_dagrun for youtube_extraction to None, run_after=None
[2026-09-17T08:09:02.606+0000] {processor.py:183} INFO - Processing /opt/airflow/dags/extraction_dag.py took 0.188 seconds
[2026-09-17T08:09:33.042+0000] {processor.py:161} INFO - Started process (PID=3723) to work on /opt/airflow/dags/extraction_dag.py
[2026-09-17T08:09:33.044+0000] {processor.py:830} INFO - Processing file /opt/airflow/dags/extraction_dag.py for tasks to queue
[2026-09-17T08:09:33.046+0000] {logging_mixin.py:188} INFO - [2026-09-17T08:09:33.046+0000] {dagbag.py:545} INFO - Filling up the DagBag from /opt/airflow/dags/extraction_dag.py
[2026-09-17T08:09:33.205+0000] {processor.py:840} INFO - DAG(s) 'youtube_extraction' retrieved from /opt/airflow/dags/extraction_dag.py
[2026-09-17T08:09:33.267+0000] {logging_mixin.py:188} INFO - [2026-09-17T08:09:33.267+0000] {dag.py:3096} INFO - Sync 1 DAGs
[2026-09-17T08:09:33.279+0000] {logging_mixin.py:188} INFO - [2026-09-17T08:09:33.279+0000] {dag.py:3954} INFO - Setting next_dagrun for youtube_extraction to None, run_after=None
[2026-09-17T08:09:33.304+0000] {processor.py:183} INFO - Processing /opt/airflow/dags/extraction_dag.py took 0.268 seconds
[2026-09-17T08:10:03.606+0000] {processor.py:161} INFO - Started process (PID=3730) to work on /opt/airflow/dags/extraction_dag.py
[2026-09-17T08:10:03.608+0000] {processor.py:830} INFO - Processing file /opt/airflow/dags/extraction_dag.py for tasks to queue
[2026-09-17T08:10:03.610+0000] {logging_mixin.py:188} INFO - [2026-09-17T08:10:03.610+0000] {dagbag.py:545} INFO - Filling up the DagBag from /opt/airflow/dags/extraction_dag.py
[2026-09-17T08:10:03.714+0000] {processor.py:840} INFO - DAG(s) 'youtube_extraction' retrieved from /opt/airflow/dags/extraction_dag.py
[2026-09-17T08:10:03.743+0000] {logging_mixin.py:188} INFO - [2026-09-17T08:10:03.742+0000] {dag.py:3096} INFO - Sync 1 DAGs
[2026-09-17T08:10:03.753+0000] {logging_mixin.py:188} INFO - [2026-09-17T08:10:03.753+0000] {dag.py:3954} INFO - Setting next_dagrun for youtube_extraction to None, run_after=None
[2026-09-17T08:10:03.774+0000] {processor.py:183} INFO - Processing /opt/airflow/dags/extraction_dag.py took 0.174 seconds
[2026-09-17T08:10:33.951+0000] {processor.py:161} INFO - Started process (PID=3737) to work on /opt/airflow/dags/extraction_dag.py
[2026-09-17T08:10:33.955+0000] {processor.py:830} INFO - Processing file /opt/airflow/dags/extraction_dag.py for tasks to queue
[2026-09-17T08:10:33.957+0000] {logging_mixin.py:188} INFO - [2026-09-17T08:10:33.957+0000] {dagbag.py:545} INFO - Filling up the DagBag from /opt/airflow/dags/extraction_dag.py
[2026-09-17T08:10:34.111+0000] {processor.py:840} INFO - DAG(s) 'youtube_extraction' retrieved from /opt/airflow/dags/extraction_dag.py
[2026-09-17T08:10:34.143+0000] {logging_mixin.py:188} INFO - [2026-09-17T08:10:34.143+0000] {dag.py:3096} INFO - Sync 1 DAGs
[2026-09-17T08:10:34.159+0000] {logging_mixin.py:188} INFO - [2026-09-17T08:10:34.158+0000] {dag.py:3954} INFO - Setting next_dagrun for youtube_extraction to None, run_after=None
[2026-09-17T08:10:34.203+0000] {processor.py:183} INFO - Processing /opt/airflow/dags/extraction_dag.py took 0.258 seconds
[2026-09-17T08:11:04.453+0000] {processor.py:161} INFO - Started process (PID=3744) to work on /opt/airflow/dags/extraction_dag.py
[2026-09-17T08:11:04.456+0000] {processor.py:830} INFO - Processing file /opt/airflow/dags/extraction_dag.py for tasks to queue
[2026-09-17T08:11:04.458+0000] {logging_mixin.py:188} INFO - [2026-09-17T08:11:04.458+0000] {dagbag.py:545} INFO - Filling up the DagBag from /opt/airflow/dags/extraction_dag.py
[2026-09-17T08:11:04.667+0000] {processor.py:840} INFO - DAG(s) 'youtube_extraction' retrieved from /opt/airflow/dags/extraction_dag.py
[2026-09-17T08:11:04.694+0000] {logging_mixin.py:188} INFO - [2026-09-17T08:11:04.693+0000] {dag.py:3096} INFO - Sync 1 DAGs
[2026-09-17T08:11:04.706+0000] {logging_mixin.py:188} INFO - [2026-09-17T08:11:04.706+0000] {dag.py:3954} INFO - Setting next_dagrun for youtube_extraction to None, run_after=None
[2026-09-17T08:11:04.736+0000] {processor.py:183} INFO - Processing /opt/airflow/dags/extraction_dag.py took 0.288 seconds
[2026-09-17T08:11:34.833+0000] {processor.py:161} INFO - Started process (PID=3751) to work on /opt/airflow/dags/extraction_dag.py
[2026-09-17T08:11:34.851+0000] {processor.py:830} INFO - Processing file /opt/airflow/dags/extraction_dag.py for tasks to queue
[2026-09-17T08:11:34.854+0000] {logging_mixin.py:188} INFO - [2026-09-17T08:11:34.853+0000] {dagbag.py:545} INFO - Filling up the DagBag from /opt/airflow/dags/extraction_dag.py
[2026-09-17T08:11:35.030+0000] {processor.py:840} INFO - DAG(s) 'youtube_extraction' retrieved from /opt/airflow/dags/extraction_dag.py
[2026-09-17T08:11:35.072+0000] {logging_mixin.py:188} INFO - [2026-09-17T08:11:35.071+0000] {dag.py:3096} INFO - Sync 1 DAGs
[2026-09-17T08:11:35.082+0000] {logging_mixin.py:188} INFO - [2026-09-17T08:11:35.082+0000] {dag.py:3954} INFO - Setting next_dagrun for youtube_extraction to None, run_after=None
[2026-09-17T08:11:35.139+0000] {processor.py:183} INFO - Processing /opt/airflow/dags/extraction_dag.py took 0.311 seconds
[2026-09-17T08:12:05.429+0000] {processor.py:161} INFO - Started process (PID=3758) to work on /opt/airflow/dags/extraction_dag.py
[2026-09-17T08:12:05.432+0000] {processor.py:830} INFO - Processing file /opt/airflow/dags/extraction_dag.py for tasks to queue
[2026-09-17T08:12:05.434+0000] {logging_mixin.py:188} INFO - [2026-09-17T08:12:05.434+0000] {dagbag.py:545} INFO - Filling up the DagBag from /opt/airflow/dags/extraction_dag.py
[2026-09-17T08:12:05.558+0000] {processor.py:840} INFO - DAG(s) 'youtube_extraction' retrieved from /opt/airflow/dags/extraction_dag.py
[2026-09-17T08:12:05.616+0000] {logging_mixin.py:188} INFO - [2026-09-17T08:12:05.616+0000] {dag.py:3096} INFO - Sync 1 DAGs
[2026-09-17T08:12:05.647+0000] {logging_mixin.py:188} INFO - [2026-09-17T08:12:05.646+0000] {dag.py:3954} INFO - Setting next_dagrun for youtube_extraction to None, run_after=None
[2026-09-17T08:12:05.698+0000] {processor.py:183} INFO - Processing /opt/airflow/dags/extraction_dag.py took 0.277 seconds
[2026-09-17T08:12:35.788+0000] {processor.py:161} INFO - Started process (PID=3765) to work on /opt/airflow/dags/extraction_dag.py
[2026-09-17T08:12:35.790+0000] {processor.py:830} INFO - Processing file /opt/airflow/dags/extraction_dag.py for tasks to queue
[2026-09-17T08:12:35.792+0000] {logging_mixin.py:188} INFO - [2026-09-17T08:12:35.792+0000] {dagbag.py:545} INFO - Filling up the DagBag from /opt/airflow/dags/extraction_dag.py
[2026-09-17T08:12:36.020+0000] {processor.py:840} INFO - DAG(s) 'youtube_extraction' retrieved from /opt/airflow/dags/extraction_dag.py
[2026-09-17T08:12:36.056+0000] {logging_mixin.py:188} INFO - [2026-09-17T08:12:36.056+0000] {dag.py:3096} INFO - Sync 1 DAGs
[2026-09-17T08:12:36.083+0000] {logging_mixin.py:188} INFO - [2026-09-17T08:12:36.083+0000] {dag.py:3954} INFO - Setting next_dagrun for youtube_extraction to None, run_after=None
[2026-09-17T08:12:36.114+0000] {processor.py:183} INFO - Processing /opt/airflow/dags/extraction_dag.py took 0.331 seconds
[2026-09-17T08:13:06.339+0000] {processor.py:161} INFO - Started process (PID=3772) to work on /opt/airflow/dags/extraction_dag.py
[2026-09-17T08:13:06.341+0000] {processor.py:830} INFO - Processing file /opt/airflow/dags/extraction_dag.py for tasks to queue
[2026-09-17T08:13:06.344+0000] {logging_mixin.py:188} INFO - [2026-09-17T08:13:06.343+0000] {dagbag.py:545} INFO - Filling up the DagBag from /opt/airflow/dags/extraction_dag.py
[2026-09-17T08:13:06.459+0000] {processor.py:840} INFO - DAG(s) 'youtube_extraction' retrieved from /opt/airflow/dags/extraction_dag.py
[2026-09-17T08:13:06.496+0000] {logging_mixin.py:188} INFO - [2026-09-17T08:13:06.496+0000] {dag.py:3096} INFO - Sync 1 DAGs
[2026-09-17T08:13:06.510+0000] {logging_mixin.py:188} INFO - [2026-09-17T08:13:06.510+0000] {dag.py:3954} INFO - Setting next_dagrun for youtube_extraction to None, run_after=None
[2026-09-17T08:13:06.533+0000] {processor.py:183} INFO - Processing /opt/airflow/dags/extraction_dag.py took 0.202 seconds
[2026-09-17T08:13:36.745+0000] {processor.py:161} INFO - Started process (PID=3779) to work on /opt/airflow/dags/extraction_dag.py
[2026-09-17T08:13:36.748+0000] {processor.py:830} INFO - Processing file /opt/airflow/dags/extraction_dag.py for tasks to queue
[2026-09-17T08:13:36.750+0000] {logging_mixin.py:188} INFO - [2026-09-17T08:13:36.749+0000] {dagbag.py:545} INFO - Filling up the DagBag from /opt/airflow/dags/extraction_dag.py
[2026-09-17T08:13:36.999+0000] {processor.py:840} INFO - DAG(s) 'youtube_extraction' retrieved from /opt/airflow/dags/extraction_dag.py
[2026-09-17T08:13:37.062+0000] {logging_mixin.py:188} INFO - [2026-09-17T08:13:37.062+0000] {dag.py:3096} INFO - Sync 1 DAGs
[2026-09-17T08:13:37.097+0000] {logging_mixin.py:188} INFO - [2026-09-17T08:13:37.097+0000] {dag.py:3954} INFO - Setting next_dagrun for youtube_extraction to None, run_after=None
[2026-09-17T08:13:37.128+0000] {processor.py:183} INFO - Processing /opt/airflow/dags/extraction_dag.py took 0.389 seconds
[2026-09-17T08:14:07.432+0000] {processor.py:161} INFO - Started process (PID=3786) to work on /opt/airflow/dags/extraction_dag.py
[2026-09-17T08:14:07.434+0000] {processor.py:830} INFO - Processing file /opt/airflow/dags/extraction_dag.py for tasks to queue
[2026-09-17T08:14:07.436+0000] {logging_mixin.py:188} INFO - [2026-09-17T08:14:07.436+0000] {dagbag.py:545} INFO - Filling up the DagBag from /opt/airflow/dags/extraction_dag.py
[2026-09-17T08:14:07.523+0000] {processor.py:840} INFO - DAG(s) 'youtube_extraction' retrieved from /opt/airflow/dags/extraction_dag.py
[2026-09-17T08:14:07.558+0000] {logging_mixin.py:188} INFO - [2026-09-17T08:14:07.558+0000] {dag.py:3096} INFO - Sync 1 DAGs
[2026-09-17T08:14:07.572+0000] {logging_mixin.py:188} INFO - [2026-09-17T08:14:07.571+0000] {dag.py:3954} INFO - Setting next_dagrun for youtube_extraction to None, run_after=None
[2026-09-17T08:14:07.600+0000] {processor.py:183} INFO - Processing /opt/airflow/dags/extraction_dag.py took 0.175 seconds
[2026-09-17T08:17:14.787+0000] {processor.py:161} INFO - Started process (PID=3793) to work on /opt/airflow/dags/extraction_dag.py
[2026-09-17T08:17:14.790+0000] {processor.py:830} INFO - Processing file /opt/airflow/dags/extraction_dag.py for tasks to queue
[2026-09-17T08:17:14.795+0000] {logging_mixin.py:188} INFO - [2026-09-17T08:17:14.794+0000] {dagbag.py:545} INFO - Filling up the DagBag from /opt/airflow/dags/extraction_dag.py
[2026-09-17T08:17:14.950+0000] {processor.py:840} INFO - DAG(s) 'youtube_extraction' retrieved from /opt/airflow/dags/extraction_dag.py
[2026-09-17T08:17:15.164+0000] {logging_mixin.py:188} INFO - [2026-09-17T08:17:15.163+0000] {dag.py:3096} INFO - Sync 1 DAGs
[2026-09-17T08:17:15.215+0000] {logging_mixin.py:188} INFO - [2026-09-17T08:17:15.215+0000] {dag.py:3954} INFO - Setting next_dagrun for youtube_extraction to None, run_after=None
[2026-09-17T08:17:15.304+0000] {processor.py:183} INFO - Processing /opt/airflow/dags/extraction_dag.py took 0.532 seconds
[2026-09-17T08:17:45.745+0000] {processor.py:161} INFO - Started process (PID=3800) to work on /opt/airflow/dags/extraction_dag.py
[2026-09-17T08:17:45.752+0000] {processor.py:830} INFO - Processing file /opt/airflow/dags/extraction_dag.py for tasks to queue
[2026-09-17T08:17:45.754+0000] {logging_mixin.py:188} INFO - [2026-09-17T08:17:45.754+0000] {dagbag.py:545} INFO - Filling up the DagBag from /opt/airflow/dags/extraction_dag.py
[2026-09-17T08:17:45.894+0000] {processor.py:840} INFO - DAG(s) 'youtube_extraction' retrieved from /opt/airflow/dags/extraction_dag.py
[2026-09-17T08:17:45.955+0000] {logging_mixin.py:188} INFO - [2026-09-17T08:17:45.955+0000] {dag.py:3096} INFO - Sync 1 DAGs
[2026-09-17T08:17:45.978+0000] {logging_mixin.py:188} INFO - [2026-09-17T08:17:45.977+0000] {dag.py:3954} INFO - Setting next_dagrun for youtube_extraction to None, run_after=None
[2026-09-17T08:17:46.024+0000] {processor.py:183} INFO - Processing /opt/airflow/dags/extraction_dag.py took 0.311 seconds
[2026-09-17T08:18:16.372+0000] {processor.py:161} INFO - Started process (PID=3807) to work on /opt/airflow/dags/extraction_dag.py
[2026-09-17T08:18:16.374+0000] {processor.py:830} INFO - Processing file /opt/airflow/dags/extraction_dag.py for tasks to queue
[2026-09-17T08:18:16.377+0000] {logging_mixin.py:188} INFO - [2026-09-17T08:18:16.376+0000] {dagbag.py:545} INFO - Filling up the DagBag from /opt/airflow/dags/extraction_dag.py
[2026-09-17T08:18:16.483+0000] {processor.py:840} INFO - DAG(s) 'youtube_extraction' retrieved from /opt/airflow/dags/extraction_dag.py
[2026-09-17T08:18:16.557+0000] {logging_mixin.py:188} INFO - [2026-09-17T08:18:16.557+0000] {dag.py:3096} INFO - Sync 1 DAGs
[2026-09-17T08:18:16.576+0000] {logging_mixin.py:188} INFO - [2026-09-17T08:18:16.575+0000] {dag.py:3954} INFO - Setting next_dagrun for youtube_extraction to None, run_after=None
[2026-09-17T08:18:16.604+0000] {processor.py:183} INFO - Processing /opt/airflow/dags/extraction_dag.py took 0.250 seconds
[2026-09-17T08:18:46.980+0000] {processor.py:161} INFO - Started process (PID=3814) to work on /opt/airflow/dags/extraction_dag.py
[2026-09-17T08:18:46.983+0000] {processor.py:830} INFO - Processing file /opt/airflow/dags/extraction_dag.py for tasks to queue
[2026-09-17T08:18:46.986+0000] {logging_mixin.py:188} INFO - [2026-09-17T08:18:46.986+0000] {dagbag.py:545} INFO - Filling up the DagBag from /opt/airflow/dags/extraction_dag.py
[2026-09-17T08:18:47.182+0000] {processor.py:840} INFO - DAG(s) 'youtube_extraction' retrieved from /opt/airflow/dags/extraction_dag.py
[2026-09-17T08:18:47.267+0000] {logging_mixin.py:188} INFO - [2026-09-17T08:18:47.267+0000] {dag.py:3096} INFO - Sync 1 DAGs
[2026-09-17T08:18:47.279+0000] {logging_mixin.py:188} INFO - [2026-09-17T08:18:47.279+0000] {dag.py:3954} INFO - Setting next_dagrun for youtube_extraction to None, run_after=None
[2026-09-17T08:18:47.323+0000] {processor.py:183} INFO - Processing /opt/airflow/dags/extraction_dag.py took 0.349 seconds
[2026-09-17T08:19:17.710+0000] {processor.py:161} INFO - Started process (PID=3821) to work on /opt/airflow/dags/extraction_dag.py
[2026-09-17T08:19:17.713+0000] {processor.py:830} INFO - Processing file /opt/airflow/dags/extraction_dag.py for tasks to queue
[2026-09-17T08:19:17.715+0000] {logging_mixin.py:188} INFO - [2026-09-17T08:19:17.714+0000] {dagbag.py:545} INFO - Filling up the DagBag from /opt/airflow/dags/extraction_dag.py
[2026-09-17T08:19:17.846+0000] {processor.py:840} INFO - DAG(s) 'youtube_extraction' retrieved from /opt/airflow/dags/extraction_dag.py
[2026-09-17T08:19:17.892+0000] {logging_mixin.py:188} INFO - [2026-09-17T08:19:17.892+0000] {dag.py:3096} INFO - Sync 1 DAGs
[2026-09-17T08:19:17.903+0000] {logging_mixin.py:188} INFO - [2026-09-17T08:19:17.902+0000] {dag.py:3954} INFO - Setting next_dagrun for youtube_extraction to None, run_after=None
[2026-09-17T08:19:17.935+0000] {processor.py:183} INFO - Processing /opt/airflow/dags/extraction_dag.py took 0.232 seconds
[2026-09-17T08:19:48.137+0000] {processor.py:161} INFO - Started process (PID=3828) to work on /opt/airflow/dags/extraction_dag.py
[2026-09-17T08:19:48.139+0000] {processor.py:830} INFO - Processing file /opt/airflow/dags/extraction_dag.py for tasks to queue
[2026-09-17T08:19:48.141+0000] {logging_mixin.py:188} INFO - [2026-09-17T08:19:48.141+0000] {dagbag.py:545} INFO - Filling up the DagBag from /opt/airflow/dags/extraction_dag.py
[2026-09-17T08:19:48.277+0000] {processor.py:840} INFO - DAG(s) 'youtube_extraction' retrieved from /opt/airflow/dags/extraction_dag.py
[2026-09-17T08:19:48.321+0000] {logging_mixin.py:188} INFO - [2026-09-17T08:19:48.321+0000] {dag.py:3096} INFO - Sync 1 DAGs
[2026-09-17T08:19:48.334+0000] {logging_mixin.py:188} INFO - [2026-09-17T08:19:48.334+0000] {dag.py:3954} INFO - Setting next_dagrun for youtube_extraction to None, run_after=None
[2026-09-17T08:19:48.372+0000] {processor.py:183} INFO - Processing /opt/airflow/dags/extraction_dag.py took 0.241 seconds
[2026-09-17T08:20:18.524+0000] {processor.py:161} INFO - Started process (PID=3835) to work on /opt/airflow/dags/extraction_dag.py
[2026-09-17T08:20:18.527+0000] {processor.py:830} INFO - Processing file /opt/airflow/dags/extraction_dag.py for tasks to queue
[2026-09-17T08:20:18.529+0000] {logging_mixin.py:188} INFO - [2026-09-17T08:20:18.529+0000] {dagbag.py:545} INFO - Filling up the DagBag from /opt/airflow/dags/extraction_dag.py
[2026-09-17T08:20:18.679+0000] {processor.py:840} INFO - DAG(s) 'youtube_extraction' retrieved from /opt/airflow/dags/extraction_dag.py
[2026-09-17T08:20:18.704+0000] {logging_mixin.py:188} INFO - [2026-09-17T08:20:18.704+0000] {dag.py:3096} INFO - Sync 1 DAGs
[2026-09-17T08:20:18.716+0000] {logging_mixin.py:188} INFO - [2026-09-17T08:20:18.716+0000] {dag.py:3954} INFO - Setting next_dagrun for youtube_extraction to None, run_after=None
[2026-09-17T08:20:18.768+0000] {processor.py:183} INFO - Processing /opt/airflow/dags/extraction_dag.py took 0.249 seconds
[2026-09-17T08:20:49.005+0000] {processor.py:161} INFO - Started process (PID=3842) to work on /opt/airflow/dags/extraction_dag.py
[2026-09-17T08:20:49.008+0000] {processor.py:830} INFO - Processing file /opt/airflow/dags/extraction_dag.py for tasks to queue
[2026-09-17T08:20:49.011+0000] {logging_mixin.py:188} INFO - [2026-09-17T08:20:49.010+0000] {dagbag.py:545} INFO - Filling up the DagBag from /opt/airflow/dags/extraction_dag.py
[2026-09-17T08:20:49.180+0000] {processor.py:840} INFO - DAG(s) 'youtube_extraction' retrieved from /opt/airflow/dags/extraction_dag.py
[2026-09-17T08:20:49.204+0000] {logging_mixin.py:188} INFO - [2026-09-17T08:20:49.204+0000] {dag.py:3096} INFO - Sync 1 DAGs
[2026-09-17T08:20:49.217+0000] {logging_mixin.py:188} INFO - [2026-09-17T08:20:49.217+0000] {dag.py:3954} INFO - Setting next_dagrun for youtube_extraction to None, run_after=None
[2026-09-17T08:20:49.265+0000] {processor.py:183} INFO - Processing /opt/airflow/dags/extraction_dag.py took 0.267 seconds
[2026-09-17T08:21:19.447+0000] {processor.py:161} INFO - Started process (PID=3849) to work on /opt/airflow/dags/extraction_dag.py
[2026-09-17T08:21:19.450+0000] {processor.py:830} INFO - Processing file /opt/airflow/dags/extraction_dag.py for tasks to queue
[2026-09-17T08:21:19.452+0000] {logging_mixin.py:188} INFO - [2026-09-17T08:21:19.452+0000] {dagbag.py:545} INFO - Filling up the DagBag from /opt/airflow/dags/extraction_dag.py
[2026-09-17T08:21:19.626+0000] {processor.py:840} INFO - DAG(s) 'youtube_extraction' retrieved from /opt/airflow/dags/extraction_dag.py
[2026-09-17T08:21:19.653+0000] {logging_mixin.py:188} INFO - [2026-09-17T08:21:19.653+0000] {dag.py:3096} INFO - Sync 1 DAGs
[2026-09-17T08:21:19.666+0000] {logging_mixin.py:188} INFO - [2026-09-17T08:21:19.665+0000] {dag.py:3954} INFO - Setting next_dagrun for youtube_extraction to None, run_after=None
[2026-09-17T08:21:19.718+0000] {processor.py:183} INFO - Processing /opt/airflow/dags/extraction_dag.py took 0.282 seconds
[2026-09-17T08:21:49.971+0000] {processor.py:161} INFO - Started process (PID=3857) to work on /opt/airflow/dags/extraction_dag.py
[2026-09-17T08:21:49.974+0000] {processor.py:830} INFO - Processing file /opt/airflow/dags/extraction_dag.py for tasks to queue
[2026-09-17T08:21:49.976+0000] {logging_mixin.py:188} INFO - [2026-09-17T08:21:49.976+0000] {dagbag.py:545} INFO - Filling up the DagBag from /opt/airflow/dags/extraction_dag.py
[2026-09-17T08:21:50.085+0000] {processor.py:840} INFO - DAG(s) 'youtube_extraction' retrieved from /opt/airflow/dags/extraction_dag.py
[2026-09-17T08:21:50.139+0000] {logging_mixin.py:188} INFO - [2026-09-17T08:21:50.139+0000] {dag.py:3096} INFO - Sync 1 DAGs
[2026-09-17T08:21:50.150+0000] {logging_mixin.py:188} INFO - [2026-09-17T08:21:50.150+0000] {dag.py:3954} INFO - Setting next_dagrun for youtube_extraction to None, run_after=None
[2026-09-17T08:21:50.199+0000] {processor.py:183} INFO - Processing /opt/airflow/dags/extraction_dag.py took 0.233 seconds
[2026-09-17T08:22:20.365+0000] {processor.py:161} INFO - Started process (PID=3864) to work on /opt/airflow/dags/extraction_dag.py
[2026-09-17T08:22:20.367+0000] {processor.py:830} INFO - Processing file /opt/airflow/dags/extraction_dag.py for tasks to queue
[2026-09-17T08:22:20.370+0000] {logging_mixin.py:188} INFO - [2026-09-17T08:22:20.369+0000] {dagbag.py:545} INFO - Filling up the DagBag from /opt/airflow/dags/extraction_dag.py
[2026-09-17T08:22:20.515+0000] {processor.py:840} INFO - DAG(s) 'youtube_extraction' retrieved from /opt/airflow/dags/extraction_dag.py
[2026-09-17T08:22:20.629+0000] {logging_mixin.py:188} INFO - [2026-09-17T08:22:20.628+0000] {dag.py:3096} INFO - Sync 1 DAGs
[2026-09-17T08:22:20.639+0000] {logging_mixin.py:188} INFO - [2026-09-17T08:22:20.638+0000] {dag.py:3954} INFO - Setting next_dagrun for youtube_extraction to None, run_after=None
[2026-09-17T08:22:20.679+0000] {processor.py:183} INFO - Processing /opt/airflow/dags/extraction_dag.py took 0.322 seconds
[2026-09-17T08:22:50.876+0000] {processor.py:161} INFO - Started process (PID=3871) to work on /opt/airflow/dags/extraction_dag.py
[2026-09-17T08:22:50.879+0000] {processor.py:830} INFO - Processing file /opt/airflow/dags/extraction_dag.py for tasks to queue
[2026-09-17T08:22:50.881+0000] {logging_mixin.py:188} INFO - [2026-09-17T08:22:50.881+0000] {dagbag.py:545} INFO - Filling up the DagBag from /opt/airflow/dags/extraction_dag.py
[2026-09-17T08:22:51.125+0000] {processor.py:840} INFO - DAG(s) 'youtube_extraction' retrieved from /opt/airflow/dags/extraction_dag.py
[2026-09-17T08:22:51.153+0000] {logging_mixin.py:188} INFO - [2026-09-17T08:22:51.153+0000] {dag.py:3096} INFO - Sync 1 DAGs
[2026-09-17T08:22:51.165+0000] {logging_mixin.py:188} INFO - [2026-09-17T08:22:51.165+0000] {dag.py:3954} INFO - Setting next_dagrun for youtube_extraction to None, run_after=None
[2026-09-17T08:22:51.212+0000] {processor.py:183} INFO - Processing /opt/airflow/dags/extraction_dag.py took 0.343 seconds
[2026-09-17T08:23:21.412+0000] {processor.py:161} INFO - Started process (PID=3878) to work on /opt/airflow/dags/extraction_dag.py
[2026-09-17T08:23:21.415+0000] {processor.py:830} INFO - Processing file /opt/airflow/dags/extraction_dag.py for tasks to queue
[2026-09-17T08:23:21.418+0000] {logging_mixin.py:188} INFO - [2026-09-17T08:23:21.417+0000] {dagbag.py:545} INFO - Filling up the DagBag from /opt/airflow/dags/extraction_dag.py
[2026-09-17T08:23:21.590+0000] {processor.py:840} INFO - DAG(s) 'youtube_extraction' retrieved from /opt/airflow/dags/extraction_dag.py
[2026-09-17T08:23:21.617+0000] {logging_mixin.py:188} INFO - [2026-09-17T08:23:21.616+0000] {dag.py:3096} INFO - Sync 1 DAGs
[2026-09-17T08:23:21.628+0000] {logging_mixin.py:188} INFO - [2026-09-17T08:23:21.628+0000] {dag.py:3954} INFO - Setting next_dagrun for youtube_extraction to None, run_after=None
[2026-09-17T08:23:21.681+0000] {processor.py:183} INFO - Processing /opt/airflow/dags/extraction_dag.py took 0.278 seconds
[2026-09-17T08:23:51.872+0000] {processor.py:161} INFO - Started process (PID=3885) to work on /opt/airflow/dags/extraction_dag.py
[2026-09-17T08:23:51.874+0000] {processor.py:830} INFO - Processing file /opt/airflow/dags/extraction_dag.py for tasks to queue
[2026-09-17T08:23:51.877+0000] {logging_mixin.py:188} INFO - [2026-09-17T08:23:51.877+0000] {dagbag.py:545} INFO - Filling up the DagBag from /opt/airflow/dags/extraction_dag.py
[2026-09-17T08:23:52.081+0000] {processor.py:840} INFO - DAG(s) 'youtube_extraction' retrieved from /opt/airflow/dags/extraction_dag.py
[2026-09-17T08:23:52.109+0000] {logging_mixin.py:188} INFO - [2026-09-17T08:23:52.109+0000] {dag.py:3096} INFO - Sync 1 DAGs
[2026-09-17T08:23:52.123+0000] {logging_mixin.py:188} INFO - [2026-09-17T08:23:52.123+0000] {dag.py:3954} INFO - Setting next_dagrun for youtube_extraction to None, run_after=None
[2026-09-17T08:23:52.147+0000] {processor.py:183} INFO - Processing /opt/airflow/dags/extraction_dag.py took 0.284 seconds
[2026-09-17T08:24:22.305+0000] {processor.py:161} INFO - Started process (PID=3892) to work on /opt/airflow/dags/extraction_dag.py
[2026-09-17T08:24:22.306+0000] {processor.py:830} INFO - Processing file /opt/airflow/dags/extraction_dag.py for tasks to queue
[2026-09-17T08:24:22.309+0000] {logging_mixin.py:188} INFO - [2026-09-17T08:24:22.308+0000] {dagbag.py:545} INFO - Filling up the DagBag from /opt/airflow/dags/extraction_dag.py
[2026-09-17T08:24:22.431+0000] {processor.py:840} INFO - DAG(s) 'youtube_extraction' retrieved from /opt/airflow/dags/extraction_dag.py
[2026-09-17T08:24:22.458+0000] {logging_mixin.py:188} INFO - [2026-09-17T08:24:22.458+0000] {dag.py:3096} INFO - Sync 1 DAGs
[2026-09-17T08:24:22.471+0000] {logging_mixin.py:188} INFO - [2026-09-17T08:24:22.471+0000] {dag.py:3954} INFO - Setting next_dagrun for youtube_extraction to None, run_after=None
[2026-09-17T08:24:22.513+0000] {processor.py:183} INFO - Processing /opt/airflow/dags/extraction_dag.py took 0.215 seconds
[2026-09-17T08:24:52.868+0000] {processor.py:161} INFO - Started process (PID=3899) to work on /opt/airflow/dags/extraction_dag.py
[2026-09-17T08:24:52.871+0000] {processor.py:830} INFO - Processing file /opt/airflow/dags/extraction_dag.py for tasks to queue
[2026-09-17T08:24:52.874+0000] {logging_mixin.py:188} INFO - [2026-09-17T08:24:52.873+0000] {dagbag.py:545} INFO - Filling up the DagBag from /opt/airflow/dags/extraction_dag.py
[2026-09-17T08:24:53.041+0000] {processor.py:840} INFO - DAG(s) 'youtube_extraction' retrieved from /opt/airflow/dags/extraction_dag.py
[2026-09-17T08:24:53.069+0000] {logging_mixin.py:188} INFO - [2026-09-17T08:24:53.069+0000] {dag.py:3096} INFO - Sync 1 DAGs
[2026-09-17T08:24:53.078+0000] {logging_mixin.py:188} INFO - [2026-09-17T08:24:53.078+0000] {dag.py:3954} INFO - Setting next_dagrun for youtube_extraction to None, run_after=None
[2026-09-17T08:24:53.104+0000] {processor.py:183} INFO - Processing /opt/airflow/dags/extraction_dag.py took 0.242 seconds
[2026-09-17T08:25:23.240+0000] {processor.py:161} INFO - Started process (PID=3906) to work on /opt/airflow/dags/extraction_dag.py
[2026-09-17T08:25:23.243+0000] {processor.py:830} INFO - Processing file /opt/airflow/dags/extraction_dag.py for tasks to queue
[2026-09-17T08:25:23.246+0000] {logging_mixin.py:188} INFO - [2026-09-17T08:25:23.245+0000] {dagbag.py:545} INFO - Filling up the DagBag from /opt/airflow/dags/extraction_dag.py
[2026-09-17T08:25:23.408+0000] {processor.py:840} INFO - DAG(s) 'youtube_extraction' retrieved from /opt/airflow/dags/extraction_dag.py
[2026-09-17T08:25:23.455+0000] {logging_mixin.py:188} INFO - [2026-09-17T08:25:23.455+0000] {dag.py:3096} INFO - Sync 1 DAGs
[2026-09-17T08:25:23.468+0000] {logging_mixin.py:188} INFO - [2026-09-17T08:25:23.468+0000] {dag.py:3954} INFO - Setting next_dagrun for youtube_extraction to None, run_after=None
[2026-09-17T08:25:23.513+0000] {processor.py:183} INFO - Processing /opt/airflow/dags/extraction_dag.py took 0.282 seconds
[2026-09-17T08:35:01.509+0000] {processor.py:161} INFO - Started process (PID=3913) to work on /opt/airflow/dags/extraction_dag.py
[2026-09-17T08:35:01.512+0000] {processor.py:830} INFO - Processing file /opt/airflow/dags/extraction_dag.py for tasks to queue
[2026-09-17T08:35:01.519+0000] {logging_mixin.py:188} INFO - [2026-09-17T08:35:01.518+0000] {dagbag.py:545} INFO - Filling up the DagBag from /opt/airflow/dags/extraction_dag.py
[2026-09-17T08:35:01.664+0000] {processor.py:840} INFO - DAG(s) 'youtube_extraction' retrieved from /opt/airflow/dags/extraction_dag.py
[2026-09-17T08:35:01.748+0000] {logging_mixin.py:188} INFO - [2026-09-17T08:35:01.747+0000] {dag.py:3096} INFO - Sync 1 DAGs
[2026-09-17T08:35:01.786+0000] {logging_mixin.py:188} INFO - [2026-09-17T08:35:01.785+0000] {dag.py:3954} INFO - Setting next_dagrun for youtube_extraction to None, run_after=None
[2026-09-17T08:35:01.858+0000] {processor.py:183} INFO - Processing /opt/airflow/dags/extraction_dag.py took 0.363 seconds
[2026-09-17T08:35:32.178+0000] {processor.py:161} INFO - Started process (PID=3921) to work on /opt/airflow/dags/extraction_dag.py
[2026-09-17T08:35:32.181+0000] {processor.py:830} INFO - Processing file /opt/airflow/dags/extraction_dag.py for tasks to queue
[2026-09-17T08:35:32.185+0000] {logging_mixin.py:188} INFO - [2026-09-17T08:35:32.184+0000] {dagbag.py:545} INFO - Filling up the DagBag from /opt/airflow/dags/extraction_dag.py
[2026-09-17T08:35:32.301+0000] {processor.py:840} INFO - DAG(s) 'youtube_extraction' retrieved from /opt/airflow/dags/extraction_dag.py
[2026-09-17T08:35:32.351+0000] {logging_mixin.py:188} INFO - [2026-09-17T08:35:32.350+0000] {dag.py:3096} INFO - Sync 1 DAGs
[2026-09-17T08:35:32.376+0000] {logging_mixin.py:188} INFO - [2026-09-17T08:35:32.376+0000] {dag.py:3954} INFO - Setting next_dagrun for youtube_extraction to None, run_after=None
[2026-09-17T08:35:32.408+0000] {processor.py:183} INFO - Processing /opt/airflow/dags/extraction_dag.py took 0.239 seconds
[2026-09-17T08:36:02.710+0000] {processor.py:161} INFO - Started process (PID=3928) to work on /opt/airflow/dags/extraction_dag.py
[2026-09-17T08:36:02.715+0000] {processor.py:830} INFO - Processing file /opt/airflow/dags/extraction_dag.py for tasks to queue
[2026-09-17T08:36:02.718+0000] {logging_mixin.py:188} INFO - [2026-09-17T08:36:02.718+0000] {dagbag.py:545} INFO - Filling up the DagBag from /opt/airflow/dags/extraction_dag.py
[2026-09-17T08:36:02.834+0000] {processor.py:840} INFO - DAG(s) 'youtube_extraction' retrieved from /opt/airflow/dags/extraction_dag.py
[2026-09-17T08:36:02.948+0000] {logging_mixin.py:188} INFO - [2026-09-17T08:36:02.948+0000] {dag.py:3096} INFO - Sync 1 DAGs
[2026-09-17T08:36:03.064+0000] {logging_mixin.py:188} INFO - [2026-09-17T08:36:03.064+0000] {dag.py:3954} INFO - Setting next_dagrun for youtube_extraction to None, run_after=None
[2026-09-17T08:36:03.101+0000] {processor.py:183} INFO - Processing /opt/airflow/dags/extraction_dag.py took 0.410 seconds
[2026-09-17T08:36:33.444+0000] {processor.py:161} INFO - Started process (PID=3935) to work on /opt/airflow/dags/extraction_dag.py
[2026-09-17T08:36:33.446+0000] {processor.py:830} INFO - Processing file /opt/airflow/dags/extraction_dag.py for tasks to queue
[2026-09-17T08:36:33.449+0000] {logging_mixin.py:188} INFO - [2026-09-17T08:36:33.448+0000] {dagbag.py:545} INFO - Filling up the DagBag from /opt/airflow/dags/extraction_dag.py
[2026-09-17T08:36:33.668+0000] {processor.py:840} INFO - DAG(s) 'youtube_extraction' retrieved from /opt/airflow/dags/extraction_dag.py
[2026-09-17T08:36:33.728+0000] {logging_mixin.py:188} INFO - [2026-09-17T08:36:33.728+0000] {dag.py:3096} INFO - Sync 1 DAGs
[2026-09-17T08:36:33.744+0000] {logging_mixin.py:188} INFO - [2026-09-17T08:36:33.744+0000] {dag.py:3954} INFO - Setting next_dagrun for youtube_extraction to None, run_after=None
[2026-09-17T08:36:33.786+0000] {processor.py:183} INFO - Processing /opt/airflow/dags/extraction_dag.py took 0.348 seconds
[2026-09-17T08:37:04.134+0000] {processor.py:161} INFO - Started process (PID=3942) to work on /opt/airflow/dags/extraction_dag.py
[2026-09-17T08:37:04.136+0000] {processor.py:830} INFO - Processing file /opt/airflow/dags/extraction_dag.py for tasks to queue
[2026-09-17T08:37:04.138+0000] {logging_mixin.py:188} INFO - [2026-09-17T08:37:04.138+0000] {dagbag.py:545} INFO - Filling up the DagBag from /opt/airflow/dags/extraction_dag.py
[2026-09-17T08:37:04.260+0000] {processor.py:840} INFO - DAG(s) 'youtube_extraction' retrieved from /opt/airflow/dags/extraction_dag.py
[2026-09-17T08:37:04.311+0000] {logging_mixin.py:188} INFO - [2026-09-17T08:37:04.311+0000] {dag.py:3096} INFO - Sync 1 DAGs
[2026-09-17T08:37:04.323+0000] {logging_mixin.py:188} INFO - [2026-09-17T08:37:04.323+0000] {dag.py:3954} INFO - Setting next_dagrun for youtube_extraction to None, run_after=None
[2026-09-17T08:37:04.361+0000] {processor.py:183} INFO - Processing /opt/airflow/dags/extraction_dag.py took 0.233 seconds
[2026-09-17T08:37:34.495+0000] {processor.py:161} INFO - Started process (PID=3949) to work on /opt/airflow/dags/extraction_dag.py
[2026-09-17T08:37:34.500+0000] {processor.py:830} INFO - Processing file /opt/airflow/dags/extraction_dag.py for tasks to queue
[2026-09-17T08:37:34.503+0000] {logging_mixin.py:188} INFO - [2026-09-17T08:37:34.503+0000] {dagbag.py:545} INFO - Filling up the DagBag from /opt/airflow/dags/extraction_dag.py
[2026-09-17T08:37:34.728+0000] {processor.py:840} INFO - DAG(s) 'youtube_extraction' retrieved from /opt/airflow/dags/extraction_dag.py
[2026-09-17T08:37:34.766+0000] {logging_mixin.py:188} INFO - [2026-09-17T08:37:34.766+0000] {dag.py:3096} INFO - Sync 1 DAGs
[2026-09-17T08:37:34.777+0000] {logging_mixin.py:188} INFO - [2026-09-17T08:37:34.777+0000] {dag.py:3954} INFO - Setting next_dagrun for youtube_extraction to None, run_after=None
[2026-09-17T08:37:34.815+0000] {processor.py:183} INFO - Processing /opt/airflow/dags/extraction_dag.py took 0.372 seconds
[2026-09-17T08:38:04.992+0000] {processor.py:161} INFO - Started process (PID=3956) to work on /opt/airflow/dags/extraction_dag.py
[2026-09-17T08:38:04.994+0000] {processor.py:830} INFO - Processing file /opt/airflow/dags/extraction_dag.py for tasks to queue
[2026-09-17T08:38:04.997+0000] {logging_mixin.py:188} INFO - [2026-09-17T08:38:04.997+0000] {dagbag.py:545} INFO - Filling up the DagBag from /opt/airflow/dags/extraction_dag.py
[2026-09-17T08:38:05.100+0000] {processor.py:840} INFO - DAG(s) 'youtube_extraction' retrieved from /opt/airflow/dags/extraction_dag.py
[2026-09-17T08:38:05.122+0000] {logging_mixin.py:188} INFO - [2026-09-17T08:38:05.121+0000] {dag.py:3096} INFO - Sync 1 DAGs
[2026-09-17T08:38:05.131+0000] {logging_mixin.py:188} INFO - [2026-09-17T08:38:05.131+0000] {dag.py:3954} INFO - Setting next_dagrun for youtube_extraction to None, run_after=None
[2026-09-17T08:38:05.155+0000] {processor.py:183} INFO - Processing /opt/airflow/dags/extraction_dag.py took 0.171 seconds
[2026-09-17T08:38:35.411+0000] {processor.py:161} INFO - Started process (PID=3963) to work on /opt/airflow/dags/extraction_dag.py
[2026-09-17T08:38:35.413+0000] {processor.py:830} INFO - Processing file /opt/airflow/dags/extraction_dag.py for tasks to queue
[2026-09-17T08:38:35.415+0000] {logging_mixin.py:188} INFO - [2026-09-17T08:38:35.415+0000] {dagbag.py:545} INFO - Filling up the DagBag from /opt/airflow/dags/extraction_dag.py
[2026-09-17T08:38:35.576+0000] {processor.py:840} INFO - DAG(s) 'youtube_extraction' retrieved from /opt/airflow/dags/extraction_dag.py
[2026-09-17T08:38:35.602+0000] {logging_mixin.py:188} INFO - [2026-09-17T08:38:35.602+0000] {dag.py:3096} INFO - Sync 1 DAGs
[2026-09-17T08:38:35.613+0000] {logging_mixin.py:188} INFO - [2026-09-17T08:38:35.613+0000] {dag.py:3954} INFO - Setting next_dagrun for youtube_extraction to None, run_after=None
[2026-09-17T08:38:35.646+0000] {processor.py:183} INFO - Processing /opt/airflow/dags/extraction_dag.py took 0.241 seconds
[2026-09-17T08:39:05.720+0000] {processor.py:161} INFO - Started process (PID=3970) to work on /opt/airflow/dags/extraction_dag.py
[2026-09-17T08:39:05.722+0000] {processor.py:830} INFO - Processing file /opt/airflow/dags/extraction_dag.py for tasks to queue
[2026-09-17T08:39:05.724+0000] {logging_mixin.py:188} INFO - [2026-09-17T08:39:05.723+0000] {dagbag.py:545} INFO - Filling up the DagBag from /opt/airflow/dags/extraction_dag.py
[2026-09-17T08:39:05.829+0000] {processor.py:840} INFO - DAG(s) 'youtube_extraction' retrieved from /opt/airflow/dags/extraction_dag.py
[2026-09-17T08:39:05.873+0000] {logging_mixin.py:188} INFO - [2026-09-17T08:39:05.872+0000] {dag.py:3096} INFO - Sync 1 DAGs
[2026-09-17T08:39:05.891+0000] {logging_mixin.py:188} INFO - [2026-09-17T08:39:05.891+0000] {dag.py:3954} INFO - Setting next_dagrun for youtube_extraction to None, run_after=None
[2026-09-17T08:39:05.945+0000] {processor.py:183} INFO - Processing /opt/airflow/dags/extraction_dag.py took 0.230 seconds
[2026-09-17T08:39:36.256+0000] {processor.py:161} INFO - Started process (PID=3977) to work on /opt/airflow/dags/extraction_dag.py
[2026-09-17T08:39:36.267+0000] {processor.py:830} INFO - Processing file /opt/airflow/dags/extraction_dag.py for tasks to queue
[2026-09-17T08:39:36.270+0000] {logging_mixin.py:188} INFO - [2026-09-17T08:39:36.269+0000] {dagbag.py:545} INFO - Filling up the DagBag from /opt/airflow/dags/extraction_dag.py
[2026-09-17T08:39:36.434+0000] {processor.py:840} INFO - DAG(s) 'youtube_extraction' retrieved from /opt/airflow/dags/extraction_dag.py
[2026-09-17T08:39:36.516+0000] {logging_mixin.py:188} INFO - [2026-09-17T08:39:36.515+0000] {dag.py:3096} INFO - Sync 1 DAGs
[2026-09-17T08:39:36.531+0000] {logging_mixin.py:188} INFO - [2026-09-17T08:39:36.531+0000] {dag.py:3954} INFO - Setting next_dagrun for youtube_extraction to None, run_after=None
[2026-09-17T08:39:36.582+0000] {processor.py:183} INFO - Processing /opt/airflow/dags/extraction_dag.py took 0.333 seconds
[2026-09-17T08:40:06.682+0000] {processor.py:161} INFO - Started process (PID=3984) to work on /opt/airflow/dags/extraction_dag.py
[2026-09-17T08:40:06.684+0000] {processor.py:830} INFO - Processing file /opt/airflow/dags/extraction_dag.py for tasks to queue
[2026-09-17T08:40:06.686+0000] {logging_mixin.py:188} INFO - [2026-09-17T08:40:06.686+0000] {dagbag.py:545} INFO - Filling up the DagBag from /opt/airflow/dags/extraction_dag.py
[2026-09-17T08:40:06.805+0000] {processor.py:840} INFO - DAG(s) 'youtube_extraction' retrieved from /opt/airflow/dags/extraction_dag.py
[2026-09-17T08:40:06.853+0000] {logging_mixin.py:188} INFO - [2026-09-17T08:40:06.853+0000] {dag.py:3096} INFO - Sync 1 DAGs
[2026-09-17T08:40:06.865+0000] {logging_mixin.py:188} INFO - [2026-09-17T08:40:06.865+0000] {dag.py:3954} INFO - Setting next_dagrun for youtube_extraction to None, run_after=None
[2026-09-17T08:40:06.907+0000] {processor.py:183} INFO - Processing /opt/airflow/dags/extraction_dag.py took 0.231 seconds
[2026-09-17T08:40:37.247+0000] {processor.py:161} INFO - Started process (PID=3991) to work on /opt/airflow/dags/extraction_dag.py
[2026-09-17T08:40:37.251+0000] {processor.py:830} INFO - Processing file /opt/airflow/dags/extraction_dag.py for tasks to queue
[2026-09-17T08:40:37.254+0000] {logging_mixin.py:188} INFO - [2026-09-17T08:40:37.253+0000] {dagbag.py:545} INFO - Filling up the DagBag from /opt/airflow/dags/extraction_dag.py
[2026-09-17T08:40:37.553+0000] {processor.py:840} INFO - DAG(s) 'youtube_extraction' retrieved from /opt/airflow/dags/extraction_dag.py
[2026-09-17T08:40:37.620+0000] {logging_mixin.py:188} INFO - [2026-09-17T08:40:37.620+0000] {dag.py:3096} INFO - Sync 1 DAGs
[2026-09-17T08:40:37.634+0000] {logging_mixin.py:188} INFO - [2026-09-17T08:40:37.634+0000] {dag.py:3954} INFO - Setting next_dagrun for youtube_extraction to None, run_after=None
[2026-09-17T08:40:37.658+0000] {processor.py:183} INFO - Processing /opt/airflow/dags/extraction_dag.py took 0.432 seconds
[2026-09-17T08:41:07.993+0000] {processor.py:161} INFO - Started process (PID=3998) to work on /opt/airflow/dags/extraction_dag.py
[2026-09-17T08:41:07.997+0000] {processor.py:830} INFO - Processing file /opt/airflow/dags/extraction_dag.py for tasks to queue
[2026-09-17T08:41:08.000+0000] {logging_mixin.py:188} INFO - [2026-09-17T08:41:07.999+0000] {dagbag.py:545} INFO - Filling up the DagBag from /opt/airflow/dags/extraction_dag.py
[2026-09-17T08:41:08.110+0000] {processor.py:840} INFO - DAG(s) 'youtube_extraction' retrieved from /opt/airflow/dags/extraction_dag.py
[2026-09-17T08:41:08.151+0000] {logging_mixin.py:188} INFO - [2026-09-17T08:41:08.151+0000] {dag.py:3096} INFO - Sync 1 DAGs
[2026-09-17T08:41:08.164+0000] {logging_mixin.py:188} INFO - [2026-09-17T08:41:08.164+0000] {dag.py:3954} INFO - Setting next_dagrun for youtube_extraction to None, run_after=None
[2026-09-17T08:41:08.207+0000] {processor.py:183} INFO - Processing /opt/airflow/dags/extraction_dag.py took 0.219 seconds
[2026-09-17T08:41:38.401+0000] {processor.py:161} INFO - Started process (PID=4005) to work on /opt/airflow/dags/extraction_dag.py
[2026-09-17T08:41:38.403+0000] {processor.py:830} INFO - Processing file /opt/airflow/dags/extraction_dag.py for tasks to queue
[2026-09-17T08:41:38.406+0000] {logging_mixin.py:188} INFO - [2026-09-17T08:41:38.405+0000] {dagbag.py:545} INFO - Filling up the DagBag from /opt/airflow/dags/extraction_dag.py
[2026-09-17T08:41:38.537+0000] {processor.py:840} INFO - DAG(s) 'youtube_extraction' retrieved from /opt/airflow/dags/extraction_dag.py
[2026-09-17T08:41:38.563+0000] {logging_mixin.py:188} INFO - [2026-09-17T08:41:38.563+0000] {dag.py:3096} INFO - Sync 1 DAGs
[2026-09-17T08:41:38.575+0000] {logging_mixin.py:188} INFO - [2026-09-17T08:41:38.574+0000] {dag.py:3954} INFO - Setting next_dagrun for youtube_extraction to None, run_after=None
[2026-09-17T08:41:38.627+0000] {processor.py:183} INFO - Processing /opt/airflow/dags/extraction_dag.py took 0.235 seconds
[2026-09-17T08:42:08.915+0000] {processor.py:161} INFO - Started process (PID=4012) to work on /opt/airflow/dags/extraction_dag.py
[2026-09-17T08:42:08.918+0000] {processor.py:830} INFO - Processing file /opt/airflow/dags/extraction_dag.py for tasks to queue
[2026-09-17T08:42:08.920+0000] {logging_mixin.py:188} INFO - [2026-09-17T08:42:08.920+0000] {dagbag.py:545} INFO - Filling up the DagBag from /opt/airflow/dags/extraction_dag.py
[2026-09-17T08:42:09.063+0000] {processor.py:840} INFO - DAG(s) 'youtube_extraction' retrieved from /opt/airflow/dags/extraction_dag.py
[2026-09-17T08:42:09.095+0000] {logging_mixin.py:188} INFO - [2026-09-17T08:42:09.094+0000] {dag.py:3096} INFO - Sync 1 DAGs
[2026-09-17T08:42:09.107+0000] {logging_mixin.py:188} INFO - [2026-09-17T08:42:09.107+0000] {dag.py:3954} INFO - Setting next_dagrun for youtube_extraction to None, run_after=None
[2026-09-17T08:42:09.158+0000] {processor.py:183} INFO - Processing /opt/airflow/dags/extraction_dag.py took 0.250 seconds
[2026-09-17T08:42:39.474+0000] {processor.py:161} INFO - Started process (PID=4019) to work on /opt/airflow/dags/extraction_dag.py
[2026-09-17T08:42:39.477+0000] {processor.py:830} INFO - Processing file /opt/airflow/dags/extraction_dag.py for tasks to queue
[2026-09-17T08:42:39.479+0000] {logging_mixin.py:188} INFO - [2026-09-17T08:42:39.479+0000] {dagbag.py:545} INFO - Filling up the DagBag from /opt/airflow/dags/extraction_dag.py
[2026-09-17T08:42:39.645+0000] {processor.py:840} INFO - DAG(s) 'youtube_extraction' retrieved from /opt/airflow/dags/extraction_dag.py
[2026-09-17T08:42:39.698+0000] {logging_mixin.py:188} INFO - [2026-09-17T08:42:39.697+0000] {dag.py:3096} INFO - Sync 1 DAGs
[2026-09-17T08:42:39.713+0000] {logging_mixin.py:188} INFO - [2026-09-17T08:42:39.712+0000] {dag.py:3954} INFO - Setting next_dagrun for youtube_extraction to None, run_after=None
[2026-09-17T08:42:39.755+0000] {processor.py:183} INFO - Processing /opt/airflow/dags/extraction_dag.py took 0.308 seconds
[2026-09-17T08:43:10.056+0000] {processor.py:161} INFO - Started process (PID=4026) to work on /opt/airflow/dags/extraction_dag.py
[2026-09-17T08:43:10.059+0000] {processor.py:830} INFO - Processing file /opt/airflow/dags/extraction_dag.py for tasks to queue
[2026-09-17T08:43:10.061+0000] {logging_mixin.py:188} INFO - [2026-09-17T08:43:10.061+0000] {dagbag.py:545} INFO - Filling up the DagBag from /opt/airflow/dags/extraction_dag.py
[2026-09-17T08:43:10.207+0000] {processor.py:840} INFO - DAG(s) 'youtube_extraction' retrieved from /opt/airflow/dags/extraction_dag.py
[2026-09-17T08:43:10.246+0000] {logging_mixin.py:188} INFO - [2026-09-17T08:43:10.246+0000] {dag.py:3096} INFO - Sync 1 DAGs
[2026-09-17T08:43:10.258+0000] {logging_mixin.py:188} INFO - [2026-09-17T08:43:10.258+0000] {dag.py:3954} INFO - Setting next_dagrun for youtube_extraction to None, run_after=None
[2026-09-17T08:43:10.295+0000] {processor.py:183} INFO - Processing /opt/airflow/dags/extraction_dag.py took 0.245 seconds
[2026-09-17T08:43:40.691+0000] {processor.py:161} INFO - Started process (PID=4033) to work on /opt/airflow/dags/extraction_dag.py
[2026-09-17T08:43:40.695+0000] {processor.py:830} INFO - Processing file /opt/airflow/dags/extraction_dag.py for tasks to queue
[2026-09-17T08:43:40.698+0000] {logging_mixin.py:188} INFO - [2026-09-17T08:43:40.697+0000] {dagbag.py:545} INFO - Filling up the DagBag from /opt/airflow/dags/extraction_dag.py
[2026-09-17T08:43:40.912+0000] {processor.py:840} INFO - DAG(s) 'youtube_extraction' retrieved from /opt/airflow/dags/extraction_dag.py
[2026-09-17T08:43:40.942+0000] {logging_mixin.py:188} INFO - [2026-09-17T08:43:40.941+0000] {dag.py:3096} INFO - Sync 1 DAGs
[2026-09-17T08:43:40.954+0000] {logging_mixin.py:188} INFO - [2026-09-17T08:43:40.953+0000] {dag.py:3954} INFO - Setting next_dagrun for youtube_extraction to None, run_after=None
[2026-09-17T08:43:40.996+0000] {processor.py:183} INFO - Processing /opt/airflow/dags/extraction_dag.py took 0.314 seconds
[2026-09-17T08:44:11.496+0000] {processor.py:161} INFO - Started process (PID=4040) to work on /opt/airflow/dags/extraction_dag.py
[2026-09-17T08:44:11.499+0000] {processor.py:830} INFO - Processing file /opt/airflow/dags/extraction_dag.py for tasks to queue
[2026-09-17T08:44:11.502+0000] {logging_mixin.py:188} INFO - [2026-09-17T08:44:11.502+0000] {dagbag.py:545} INFO - Filling up the DagBag from /opt/airflow/dags/extraction_dag.py
[2026-09-17T08:44:11.715+0000] {processor.py:840} INFO - DAG(s) 'youtube_extraction' retrieved from /opt/airflow/dags/extraction_dag.py
[2026-09-17T08:44:11.801+0000] {logging_mixin.py:188} INFO - [2026-09-17T08:44:11.800+0000] {dag.py:3096} INFO - Sync 1 DAGs
[2026-09-17T08:44:11.813+0000] {logging_mixin.py:188} INFO - [2026-09-17T08:44:11.813+0000] {dag.py:3954} INFO - Setting next_dagrun for youtube_extraction to None, run_after=None
[2026-09-17T08:44:11.865+0000] {processor.py:183} INFO - Processing /opt/airflow/dags/extraction_dag.py took 0.401 seconds
[2026-09-17T08:44:42.263+0000] {processor.py:161} INFO - Started process (PID=4047) to work on /opt/airflow/dags/extraction_dag.py
[2026-09-17T08:44:42.267+0000] {processor.py:830} INFO - Processing file /opt/airflow/dags/extraction_dag.py for tasks to queue
[2026-09-17T08:44:42.269+0000] {logging_mixin.py:188} INFO - [2026-09-17T08:44:42.269+0000] {dagbag.py:545} INFO - Filling up the DagBag from /opt/airflow/dags/extraction_dag.py
[2026-09-17T08:44:42.446+0000] {processor.py:840} INFO - DAG(s) 'youtube_extraction' retrieved from /opt/airflow/dags/extraction_dag.py
[2026-09-17T08:44:42.477+0000] {logging_mixin.py:188} INFO - [2026-09-17T08:44:42.476+0000] {dag.py:3096} INFO - Sync 1 DAGs
[2026-09-17T08:44:42.489+0000] {logging_mixin.py:188} INFO - [2026-09-17T08:44:42.489+0000] {dag.py:3954} INFO - Setting next_dagrun for youtube_extraction to None, run_after=None
[2026-09-17T08:44:42.541+0000] {processor.py:183} INFO - Processing /opt/airflow/dags/extraction_dag.py took 0.286 seconds
[2026-09-17T08:45:12.719+0000] {processor.py:161} INFO - Started process (PID=4055) to work on /opt/airflow/dags/extraction_dag.py
[2026-09-17T08:45:12.722+0000] {processor.py:830} INFO - Processing file /opt/airflow/dags/extraction_dag.py for tasks to queue
[2026-09-17T08:45:12.724+0000] {logging_mixin.py:188} INFO - [2026-09-17T08:45:12.723+0000] {dagbag.py:545} INFO - Filling up the DagBag from /opt/airflow/dags/extraction_dag.py
[2026-09-17T08:45:12.827+0000] {processor.py:840} INFO - DAG(s) 'youtube_extraction' retrieved from /opt/airflow/dags/extraction_dag.py
[2026-09-17T08:45:12.866+0000] {logging_mixin.py:188} INFO - [2026-09-17T08:45:12.866+0000] {dag.py:3096} INFO - Sync 1 DAGs
[2026-09-17T08:45:12.877+0000] {logging_mixin.py:188} INFO - [2026-09-17T08:45:12.876+0000] {dag.py:3954} INFO - Setting next_dagrun for youtube_extraction to None, run_after=None
[2026-09-17T08:45:12.920+0000] {processor.py:183} INFO - Processing /opt/airflow/dags/extraction_dag.py took 0.209 seconds
[2026-09-17T08:45:43.155+0000] {processor.py:161} INFO - Started process (PID=4062) to work on /opt/airflow/dags/extraction_dag.py
[2026-09-17T08:45:43.157+0000] {processor.py:830} INFO - Processing file /opt/airflow/dags/extraction_dag.py for tasks to queue
[2026-09-17T08:45:43.159+0000] {logging_mixin.py:188} INFO - [2026-09-17T08:45:43.159+0000] {dagbag.py:545} INFO - Filling up the DagBag from /opt/airflow/dags/extraction_dag.py
[2026-09-17T08:45:43.277+0000] {processor.py:840} INFO - DAG(s) 'youtube_extraction' retrieved from /opt/airflow/dags/extraction_dag.py
[2026-09-17T08:45:43.320+0000] {logging_mixin.py:188} INFO - [2026-09-17T08:45:43.319+0000] {dag.py:3096} INFO - Sync 1 DAGs
[2026-09-17T08:45:43.333+0000] {logging_mixin.py:188} INFO - [2026-09-17T08:45:43.333+0000] {dag.py:3954} INFO - Setting next_dagrun for youtube_extraction to None, run_after=None
[2026-09-17T08:45:43.377+0000] {processor.py:183} INFO - Processing /opt/airflow/dags/extraction_dag.py took 0.235 seconds
[2026-09-17T08:46:13.487+0000] {processor.py:161} INFO - Started process (PID=4069) to work on /opt/airflow/dags/extraction_dag.py
[2026-09-17T08:46:13.492+0000] {processor.py:830} INFO - Processing file /opt/airflow/dags/extraction_dag.py for tasks to queue
[2026-09-17T08:46:13.494+0000] {logging_mixin.py:188} INFO - [2026-09-17T08:46:13.494+0000] {dagbag.py:545} INFO - Filling up the DagBag from /opt/airflow/dags/extraction_dag.py
[2026-09-17T08:46:13.635+0000] {processor.py:840} INFO - DAG(s) 'youtube_extraction' retrieved from /opt/airflow/dags/extraction_dag.py
[2026-09-17T08:46:13.668+0000] {logging_mixin.py:188} INFO - [2026-09-17T08:46:13.668+0000] {dag.py:3096} INFO - Sync 1 DAGs
[2026-09-17T08:46:13.679+0000] {logging_mixin.py:188} INFO - [2026-09-17T08:46:13.679+0000] {dag.py:3954} INFO - Setting next_dagrun for youtube_extraction to None, run_after=None
[2026-09-17T08:46:13.719+0000] {processor.py:183} INFO - Processing /opt/airflow/dags/extraction_dag.py took 0.240 seconds
[2026-09-17T08:46:43.967+0000] {processor.py:161} INFO - Started process (PID=4076) to work on /opt/airflow/dags/extraction_dag.py
[2026-09-17T08:46:43.970+0000] {processor.py:830} INFO - Processing file /opt/airflow/dags/extraction_dag.py for tasks to queue
[2026-09-17T08:46:43.972+0000] {logging_mixin.py:188} INFO - [2026-09-17T08:46:43.972+0000] {dagbag.py:545} INFO - Filling up the DagBag from /opt/airflow/dags/extraction_dag.py
[2026-09-17T08:46:44.119+0000] {processor.py:840} INFO - DAG(s) 'youtube_extraction' retrieved from /opt/airflow/dags/extraction_dag.py
[2026-09-17T08:46:44.163+0000] {logging_mixin.py:188} INFO - [2026-09-17T08:46:44.162+0000] {dag.py:3096} INFO - Sync 1 DAGs
[2026-09-17T08:46:44.174+0000] {logging_mixin.py:188} INFO - [2026-09-17T08:46:44.174+0000] {dag.py:3954} INFO - Setting next_dagrun for youtube_extraction to None, run_after=None
[2026-09-17T08:46:44.194+0000] {processor.py:183} INFO - Processing /opt/airflow/dags/extraction_dag.py took 0.235 seconds
[2026-09-17T08:47:14.559+0000] {processor.py:161} INFO - Started process (PID=4083) to work on /opt/airflow/dags/extraction_dag.py
[2026-09-17T08:47:14.568+0000] {processor.py:830} INFO - Processing file /opt/airflow/dags/extraction_dag.py for tasks to queue
[2026-09-17T08:47:14.570+0000] {logging_mixin.py:188} INFO - [2026-09-17T08:47:14.569+0000] {dagbag.py:545} INFO - Filling up the DagBag from /opt/airflow/dags/extraction_dag.py
[2026-09-17T08:47:14.686+0000] {processor.py:840} INFO - DAG(s) 'youtube_extraction' retrieved from /opt/airflow/dags/extraction_dag.py
[2026-09-17T08:47:14.736+0000] {logging_mixin.py:188} INFO - [2026-09-17T08:47:14.736+0000] {dag.py:3096} INFO - Sync 1 DAGs
[2026-09-17T08:47:14.748+0000] {logging_mixin.py:188} INFO - [2026-09-17T08:47:14.748+0000] {dag.py:3954} INFO - Setting next_dagrun for youtube_extraction to None, run_after=None
[2026-09-17T08:47:14.775+0000] {processor.py:183} INFO - Processing /opt/airflow/dags/extraction_dag.py took 0.226 seconds
[2026-09-17T08:47:44.868+0000] {processor.py:161} INFO - Started process (PID=4090) to work on /opt/airflow/dags/extraction_dag.py
[2026-09-17T08:47:44.870+0000] {processor.py:830} INFO - Processing file /opt/airflow/dags/extraction_dag.py for tasks to queue
[2026-09-17T08:47:44.873+0000] {logging_mixin.py:188} INFO - [2026-09-17T08:47:44.873+0000] {dagbag.py:545} INFO - Filling up the DagBag from /opt/airflow/dags/extraction_dag.py
[2026-09-17T08:47:45.012+0000] {processor.py:840} INFO - DAG(s) 'youtube_extraction' retrieved from /opt/airflow/dags/extraction_dag.py
[2026-09-17T08:47:45.058+0000] {logging_mixin.py:188} INFO - [2026-09-17T08:47:45.058+0000] {dag.py:3096} INFO - Sync 1 DAGs
[2026-09-17T08:47:45.073+0000] {logging_mixin.py:188} INFO - [2026-09-17T08:47:45.073+0000] {dag.py:3954} INFO - Setting next_dagrun for youtube_extraction to None, run_after=None
[2026-09-17T08:47:45.098+0000] {processor.py:183} INFO - Processing /opt/airflow/dags/extraction_dag.py took 0.238 seconds
[2026-09-17T08:48:15.496+0000] {processor.py:161} INFO - Started process (PID=4098) to work on /opt/airflow/dags/extraction_dag.py
[2026-09-17T08:48:15.498+0000] {processor.py:830} INFO - Processing file /opt/airflow/dags/extraction_dag.py for tasks to queue
[2026-09-17T08:48:15.500+0000] {logging_mixin.py:188} INFO - [2026-09-17T08:48:15.500+0000] {dagbag.py:545} INFO - Filling up the DagBag from /opt/airflow/dags/extraction_dag.py
[2026-09-17T08:48:15.633+0000] {processor.py:840} INFO - DAG(s) 'youtube_extraction' retrieved from /opt/airflow/dags/extraction_dag.py
[2026-09-17T08:48:15.693+0000] {logging_mixin.py:188} INFO - [2026-09-17T08:48:15.693+0000] {dag.py:3096} INFO - Sync 1 DAGs
[2026-09-17T08:48:15.705+0000] {logging_mixin.py:188} INFO - [2026-09-17T08:48:15.705+0000] {dag.py:3954} INFO - Setting next_dagrun for youtube_extraction to None, run_after=None
[2026-09-17T08:48:15.756+0000] {processor.py:183} INFO - Processing /opt/airflow/dags/extraction_dag.py took 0.265 seconds
[2026-09-17T08:48:46.203+0000] {processor.py:161} INFO - Started process (PID=4105) to work on /opt/airflow/dags/extraction_dag.py
[2026-09-17T08:48:46.207+0000] {processor.py:830} INFO - Processing file /opt/airflow/dags/extraction_dag.py for tasks to queue
[2026-09-17T08:48:46.209+0000] {logging_mixin.py:188} INFO - [2026-09-17T08:48:46.209+0000] {dagbag.py:545} INFO - Filling up the DagBag from /opt/airflow/dags/extraction_dag.py
[2026-09-17T08:48:46.321+0000] {processor.py:840} INFO - DAG(s) 'youtube_extraction' retrieved from /opt/airflow/dags/extraction_dag.py
[2026-09-17T08:48:46.359+0000] {logging_mixin.py:188} INFO - [2026-09-17T08:48:46.358+0000] {dag.py:3096} INFO - Sync 1 DAGs
[2026-09-17T08:48:46.370+0000] {logging_mixin.py:188} INFO - [2026-09-17T08:48:46.369+0000] {dag.py:3954} INFO - Setting next_dagrun for youtube_extraction to None, run_after=None
[2026-09-17T08:48:46.406+0000] {processor.py:183} INFO - Processing /opt/airflow/dags/extraction_dag.py took 0.215 seconds
[2026-09-17T08:49:16.567+0000] {processor.py:161} INFO - Started process (PID=4112) to work on /opt/airflow/dags/extraction_dag.py
[2026-09-17T08:49:16.570+0000] {processor.py:830} INFO - Processing file /opt/airflow/dags/extraction_dag.py for tasks to queue
[2026-09-17T08:49:16.572+0000] {logging_mixin.py:188} INFO - [2026-09-17T08:49:16.571+0000] {dagbag.py:545} INFO - Filling up the DagBag from /opt/airflow/dags/extraction_dag.py
[2026-09-17T08:49:16.729+0000] {processor.py:840} INFO - DAG(s) 'youtube_extraction' retrieved from /opt/airflow/dags/extraction_dag.py
[2026-09-17T08:49:16.751+0000] {logging_mixin.py:188} INFO - [2026-09-17T08:49:16.751+0000] {dag.py:3096} INFO - Sync 1 DAGs
[2026-09-17T08:49:16.761+0000] {logging_mixin.py:188} INFO - [2026-09-17T08:49:16.761+0000] {dag.py:3954} INFO - Setting next_dagrun for youtube_extraction to None, run_after=None
[2026-09-17T08:49:16.798+0000] {processor.py:183} INFO - Processing /opt/airflow/dags/extraction_dag.py took 0.235 seconds
[2026-09-17T08:49:47.080+0000] {processor.py:161} INFO - Started process (PID=4119) to work on /opt/airflow/dags/extraction_dag.py
[2026-09-17T08:49:47.083+0000] {processor.py:830} INFO - Processing file /opt/airflow/dags/extraction_dag.py for tasks to queue
[2026-09-17T08:49:47.086+0000] {logging_mixin.py:188} INFO - [2026-09-17T08:49:47.085+0000] {dagbag.py:545} INFO - Filling up the DagBag from /opt/airflow/dags/extraction_dag.py
[2026-09-17T08:49:47.243+0000] {processor.py:840} INFO - DAG(s) 'youtube_extraction' retrieved from /opt/airflow/dags/extraction_dag.py
[2026-09-17T08:49:47.304+0000] {logging_mixin.py:188} INFO - [2026-09-17T08:49:47.304+0000] {dag.py:3096} INFO - Sync 1 DAGs
[2026-09-17T08:49:47.320+0000] {logging_mixin.py:188} INFO - [2026-09-17T08:49:47.320+0000] {dag.py:3954} INFO - Setting next_dagrun for youtube_extraction to None, run_after=None
[2026-09-17T08:49:47.361+0000] {processor.py:183} INFO - Processing /opt/airflow/dags/extraction_dag.py took 0.285 seconds
[2026-09-17T08:50:17.817+0000] {processor.py:161} INFO - Started process (PID=4126) to work on /opt/airflow/dags/extraction_dag.py
[2026-09-17T08:50:17.819+0000] {processor.py:830} INFO - Processing file /opt/airflow/dags/extraction_dag.py for tasks to queue
[2026-09-17T08:50:17.822+0000] {logging_mixin.py:188} INFO - [2026-09-17T08:50:17.821+0000] {dagbag.py:545} INFO - Filling up the DagBag from /opt/airflow/dags/extraction_dag.py
[2026-09-17T08:50:17.921+0000] {processor.py:840} INFO - DAG(s) 'youtube_extraction' retrieved from /opt/airflow/dags/extraction_dag.py
[2026-09-17T08:50:18.050+0000] {logging_mixin.py:188} INFO - [2026-09-17T08:50:18.050+0000] {dag.py:3096} INFO - Sync 1 DAGs
[2026-09-17T08:50:18.071+0000] {logging_mixin.py:188} INFO - [2026-09-17T08:50:18.071+0000] {dag.py:3954} INFO - Setting next_dagrun for youtube_extraction to None, run_after=None
[2026-09-17T08:50:18.092+0000] {processor.py:183} INFO - Processing /opt/airflow/dags/extraction_dag.py took 0.283 seconds
[2026-09-17T08:50:48.416+0000] {processor.py:161} INFO - Started process (PID=4133) to work on /opt/airflow/dags/extraction_dag.py
[2026-09-17T08:50:48.419+0000] {processor.py:830} INFO - Processing file /opt/airflow/dags/extraction_dag.py for tasks to queue
[2026-09-17T08:50:48.421+0000] {logging_mixin.py:188} INFO - [2026-09-17T08:50:48.421+0000] {dagbag.py:545} INFO - Filling up the DagBag from /opt/airflow/dags/extraction_dag.py
[2026-09-17T08:50:48.557+0000] {processor.py:840} INFO - DAG(s) 'youtube_extraction' retrieved from /opt/airflow/dags/extraction_dag.py
[2026-09-17T08:50:48.579+0000] {logging_mixin.py:188} INFO - [2026-09-17T08:50:48.579+0000] {dag.py:3096} INFO - Sync 1 DAGs
[2026-09-17T08:50:48.590+0000] {logging_mixin.py:188} INFO - [2026-09-17T08:50:48.590+0000] {dag.py:3954} INFO - Setting next_dagrun for youtube_extraction to None, run_after=None
[2026-09-17T08:50:48.639+0000] {processor.py:183} INFO - Processing /opt/airflow/dags/extraction_dag.py took 0.228 seconds
[2026-09-17T08:51:18.744+0000] {processor.py:161} INFO - Started process (PID=4140) to work on /opt/airflow/dags/extraction_dag.py
[2026-09-17T08:51:18.747+0000] {processor.py:830} INFO - Processing file /opt/airflow/dags/extraction_dag.py for tasks to queue
[2026-09-17T08:51:18.749+0000] {logging_mixin.py:188} INFO - [2026-09-17T08:51:18.749+0000] {dagbag.py:545} INFO - Filling up the DagBag from /opt/airflow/dags/extraction_dag.py
[2026-09-17T08:51:18.875+0000] {processor.py:840} INFO - DAG(s) 'youtube_extraction' retrieved from /opt/airflow/dags/extraction_dag.py
[2026-09-17T08:51:18.905+0000] {logging_mixin.py:188} INFO - [2026-09-17T08:51:18.904+0000] {dag.py:3096} INFO - Sync 1 DAGs
[2026-09-17T08:51:18.920+0000] {logging_mixin.py:188} INFO - [2026-09-17T08:51:18.920+0000] {dag.py:3954} INFO - Setting next_dagrun for youtube_extraction to None, run_after=None
[2026-09-17T08:51:18.956+0000] {processor.py:183} INFO - Processing /opt/airflow/dags/extraction_dag.py took 0.218 seconds
[2026-09-17T08:51:49.284+0000] {processor.py:161} INFO - Started process (PID=4147) to work on /opt/airflow/dags/extraction_dag.py
[2026-09-17T08:51:49.286+0000] {processor.py:830} INFO - Processing file /opt/airflow/dags/extraction_dag.py for tasks to queue
[2026-09-17T08:51:49.289+0000] {logging_mixin.py:188} INFO - [2026-09-17T08:51:49.288+0000] {dagbag.py:545} INFO - Filling up the DagBag from /opt/airflow/dags/extraction_dag.py
[2026-09-17T08:51:49.396+0000] {processor.py:840} INFO - DAG(s) 'youtube_extraction' retrieved from /opt/airflow/dags/extraction_dag.py
[2026-09-17T08:51:49.472+0000] {logging_mixin.py:188} INFO - [2026-09-17T08:51:49.472+0000] {dag.py:3096} INFO - Sync 1 DAGs
[2026-09-17T08:51:49.487+0000] {logging_mixin.py:188} INFO - [2026-09-17T08:51:49.486+0000] {dag.py:3954} INFO - Setting next_dagrun for youtube_extraction to None, run_after=None
[2026-09-17T08:51:49.517+0000] {processor.py:183} INFO - Processing /opt/airflow/dags/extraction_dag.py took 0.241 seconds
[2026-09-17T08:55:31.474+0000] {processor.py:161} INFO - Started process (PID=4154) to work on /opt/airflow/dags/extraction_dag.py
[2026-09-17T08:55:31.498+0000] {processor.py:830} INFO - Processing file /opt/airflow/dags/extraction_dag.py for tasks to queue
[2026-09-17T08:55:31.524+0000] {logging_mixin.py:188} INFO - [2026-09-17T08:55:31.519+0000] {dagbag.py:545} INFO - Filling up the DagBag from /opt/airflow/dags/extraction_dag.py
[2026-09-17T08:55:32.011+0000] {processor.py:840} INFO - DAG(s) 'youtube_extraction' retrieved from /opt/airflow/dags/extraction_dag.py
[2026-09-17T08:55:32.094+0000] {logging_mixin.py:188} INFO - [2026-09-17T08:55:32.094+0000] {dag.py:3096} INFO - Sync 1 DAGs
[2026-09-17T08:55:32.132+0000] {logging_mixin.py:188} INFO - [2026-09-17T08:55:32.132+0000] {dag.py:3954} INFO - Setting next_dagrun for youtube_extraction to None, run_after=None
[2026-09-17T08:55:32.192+0000] {processor.py:183} INFO - Processing /opt/airflow/dags/extraction_dag.py took 0.743 seconds
[2026-09-17T08:56:02.610+0000] {processor.py:161} INFO - Started process (PID=4161) to work on /opt/airflow/dags/extraction_dag.py
[2026-09-17T08:56:02.629+0000] {processor.py:830} INFO - Processing file /opt/airflow/dags/extraction_dag.py for tasks to queue
[2026-09-17T08:56:02.632+0000] {logging_mixin.py:188} INFO - [2026-09-17T08:56:02.632+0000] {dagbag.py:545} INFO - Filling up the DagBag from /opt/airflow/dags/extraction_dag.py
[2026-09-17T08:56:02.735+0000] {processor.py:840} INFO - DAG(s) 'youtube_extraction' retrieved from /opt/airflow/dags/extraction_dag.py
[2026-09-17T08:56:02.759+0000] {logging_mixin.py:188} INFO - [2026-09-17T08:56:02.758+0000] {dag.py:3096} INFO - Sync 1 DAGs
[2026-09-17T08:56:02.769+0000] {logging_mixin.py:188} INFO - [2026-09-17T08:56:02.768+0000] {dag.py:3954} INFO - Setting next_dagrun for youtube_extraction to None, run_after=None
[2026-09-17T08:56:02.815+0000] {processor.py:183} INFO - Processing /opt/airflow/dags/extraction_dag.py took 0.210 seconds
[2026-09-17T08:56:33.014+0000] {processor.py:161} INFO - Started process (PID=4169) to work on /opt/airflow/dags/extraction_dag.py
[2026-09-17T08:56:33.016+0000] {processor.py:830} INFO - Processing file /opt/airflow/dags/extraction_dag.py for tasks to queue
[2026-09-17T08:56:33.018+0000] {logging_mixin.py:188} INFO - [2026-09-17T08:56:33.018+0000] {dagbag.py:545} INFO - Filling up the DagBag from /opt/airflow/dags/extraction_dag.py
[2026-09-17T08:56:33.141+0000] {processor.py:840} INFO - DAG(s) 'youtube_extraction' retrieved from /opt/airflow/dags/extraction_dag.py
[2026-09-17T08:56:33.189+0000] {logging_mixin.py:188} INFO - [2026-09-17T08:56:33.189+0000] {dag.py:3096} INFO - Sync 1 DAGs
[2026-09-17T08:56:33.200+0000] {logging_mixin.py:188} INFO - [2026-09-17T08:56:33.200+0000] {dag.py:3954} INFO - Setting next_dagrun for youtube_extraction to None, run_after=None
[2026-09-17T08:56:33.244+0000] {processor.py:183} INFO - Processing /opt/airflow/dags/extraction_dag.py took 0.235 seconds
[2026-09-17T08:57:03.444+0000] {processor.py:161} INFO - Started process (PID=4176) to work on /opt/airflow/dags/extraction_dag.py
[2026-09-17T08:57:03.447+0000] {processor.py:830} INFO - Processing file /opt/airflow/dags/extraction_dag.py for tasks to queue
[2026-09-17T08:57:03.449+0000] {logging_mixin.py:188} INFO - [2026-09-17T08:57:03.449+0000] {dagbag.py:545} INFO - Filling up the DagBag from /opt/airflow/dags/extraction_dag.py
[2026-09-17T08:57:03.619+0000] {processor.py:840} INFO - DAG(s) 'youtube_extraction' retrieved from /opt/airflow/dags/extraction_dag.py
[2026-09-17T08:57:03.648+0000] {logging_mixin.py:188} INFO - [2026-09-17T08:57:03.648+0000] {dag.py:3096} INFO - Sync 1 DAGs
[2026-09-17T08:57:03.664+0000] {logging_mixin.py:188} INFO - [2026-09-17T08:57:03.664+0000] {dag.py:3954} INFO - Setting next_dagrun for youtube_extraction to None, run_after=None
[2026-09-17T08:57:03.734+0000] {processor.py:183} INFO - Processing /opt/airflow/dags/extraction_dag.py took 0.295 seconds
[2026-09-17T08:57:33.817+0000] {processor.py:161} INFO - Started process (PID=4183) to work on /opt/airflow/dags/extraction_dag.py
[2026-09-17T08:57:33.820+0000] {processor.py:830} INFO - Processing file /opt/airflow/dags/extraction_dag.py for tasks to queue
[2026-09-17T08:57:33.822+0000] {logging_mixin.py:188} INFO - [2026-09-17T08:57:33.822+0000] {dagbag.py:545} INFO - Filling up the DagBag from /opt/airflow/dags/extraction_dag.py
[2026-09-17T08:57:33.891+0000] {processor.py:840} INFO - DAG(s) 'youtube_extraction' retrieved from /opt/airflow/dags/extraction_dag.py
[2026-09-17T08:57:33.922+0000] {logging_mixin.py:188} INFO - [2026-09-17T08:57:33.921+0000] {dag.py:3096} INFO - Sync 1 DAGs
[2026-09-17T08:57:33.937+0000] {logging_mixin.py:188} INFO - [2026-09-17T08:57:33.937+0000] {dag.py:3954} INFO - Setting next_dagrun for youtube_extraction to None, run_after=None
[2026-09-17T08:57:33.959+0000] {processor.py:183} INFO - Processing /opt/airflow/dags/extraction_dag.py took 0.147 seconds
[2026-09-17T08:58:04.132+0000] {processor.py:161} INFO - Started process (PID=4190) to work on /opt/airflow/dags/extraction_dag.py
[2026-09-17T08:58:04.134+0000] {processor.py:830} INFO - Processing file /opt/airflow/dags/extraction_dag.py for tasks to queue
[2026-09-17T08:58:04.137+0000] {logging_mixin.py:188} INFO - [2026-09-17T08:58:04.136+0000] {dagbag.py:545} INFO - Filling up the DagBag from /opt/airflow/dags/extraction_dag.py
[2026-09-17T08:58:04.237+0000] {processor.py:840} INFO - DAG(s) 'youtube_extraction' retrieved from /opt/airflow/dags/extraction_dag.py
[2026-09-17T08:58:04.278+0000] {logging_mixin.py:188} INFO - [2026-09-17T08:58:04.278+0000] {dag.py:3096} INFO - Sync 1 DAGs
[2026-09-17T08:58:04.289+0000] {logging_mixin.py:188} INFO - [2026-09-17T08:58:04.288+0000] {dag.py:3954} INFO - Setting next_dagrun for youtube_extraction to None, run_after=None
[2026-09-17T08:58:04.335+0000] {processor.py:183} INFO - Processing /opt/airflow/dags/extraction_dag.py took 0.211 seconds
[2026-09-17T08:58:34.591+0000] {processor.py:161} INFO - Started process (PID=4197) to work on /opt/airflow/dags/extraction_dag.py
[2026-09-17T08:58:34.594+0000] {processor.py:830} INFO - Processing file /opt/airflow/dags/extraction_dag.py for tasks to queue
[2026-09-17T08:58:34.596+0000] {logging_mixin.py:188} INFO - [2026-09-17T08:58:34.596+0000] {dagbag.py:545} INFO - Filling up the DagBag from /opt/airflow/dags/extraction_dag.py
[2026-09-17T08:58:34.721+0000] {processor.py:840} INFO - DAG(s) 'youtube_extraction' retrieved from /opt/airflow/dags/extraction_dag.py
[2026-09-17T08:58:34.781+0000] {logging_mixin.py:188} INFO - [2026-09-17T08:58:34.781+0000] {dag.py:3096} INFO - Sync 1 DAGs
[2026-09-17T08:58:34.792+0000] {logging_mixin.py:188} INFO - [2026-09-17T08:58:34.792+0000] {dag.py:3954} INFO - Setting next_dagrun for youtube_extraction to None, run_after=None
[2026-09-17T08:58:34.842+0000] {processor.py:183} INFO - Processing /opt/airflow/dags/extraction_dag.py took 0.257 seconds
[2026-09-17T08:59:04.994+0000] {processor.py:161} INFO - Started process (PID=4204) to work on /opt/airflow/dags/extraction_dag.py
[2026-09-17T08:59:04.997+0000] {processor.py:830} INFO - Processing file /opt/airflow/dags/extraction_dag.py for tasks to queue
[2026-09-17T08:59:04.999+0000] {logging_mixin.py:188} INFO - [2026-09-17T08:59:04.999+0000] {dagbag.py:545} INFO - Filling up the DagBag from /opt/airflow/dags/extraction_dag.py
[2026-09-17T08:59:05.183+0000] {processor.py:840} INFO - DAG(s) 'youtube_extraction' retrieved from /opt/airflow/dags/extraction_dag.py
[2026-09-17T08:59:05.252+0000] {logging_mixin.py:188} INFO - [2026-09-17T08:59:05.252+0000] {dag.py:3096} INFO - Sync 1 DAGs
[2026-09-17T08:59:05.271+0000] {logging_mixin.py:188} INFO - [2026-09-17T08:59:05.271+0000] {dag.py:3954} INFO - Setting next_dagrun for youtube_extraction to None, run_after=None
[2026-09-17T08:59:05.324+0000] {processor.py:183} INFO - Processing /opt/airflow/dags/extraction_dag.py took 0.338 seconds
[2026-09-17T08:59:35.521+0000] {processor.py:161} INFO - Started process (PID=4211) to work on /opt/airflow/dags/extraction_dag.py
[2026-09-17T08:59:35.523+0000] {processor.py:830} INFO - Processing file /opt/airflow/dags/extraction_dag.py for tasks to queue
[2026-09-17T08:59:35.526+0000] {logging_mixin.py:188} INFO - [2026-09-17T08:59:35.526+0000] {dagbag.py:545} INFO - Filling up the DagBag from /opt/airflow/dags/extraction_dag.py
[2026-09-17T08:59:35.689+0000] {processor.py:840} INFO - DAG(s) 'youtube_extraction' retrieved from /opt/airflow/dags/extraction_dag.py
[2026-09-17T08:59:35.739+0000] {logging_mixin.py:188} INFO - [2026-09-17T08:59:35.739+0000] {dag.py:3096} INFO - Sync 1 DAGs
[2026-09-17T08:59:35.751+0000] {logging_mixin.py:188} INFO - [2026-09-17T08:59:35.751+0000] {dag.py:3954} INFO - Setting next_dagrun for youtube_extraction to None, run_after=None
[2026-09-17T08:59:35.798+0000] {processor.py:183} INFO - Processing /opt/airflow/dags/extraction_dag.py took 0.295 seconds
[2026-09-17T09:00:05.921+0000] {processor.py:161} INFO - Started process (PID=4218) to work on /opt/airflow/dags/extraction_dag.py
[2026-09-17T09:00:05.923+0000] {processor.py:830} INFO - Processing file /opt/airflow/dags/extraction_dag.py for tasks to queue
[2026-09-17T09:00:05.925+0000] {logging_mixin.py:188} INFO - [2026-09-17T09:00:05.924+0000] {dagbag.py:545} INFO - Filling up the DagBag from /opt/airflow/dags/extraction_dag.py
[2026-09-17T09:00:06.026+0000] {processor.py:840} INFO - DAG(s) 'youtube_extraction' retrieved from /opt/airflow/dags/extraction_dag.py
[2026-09-17T09:00:06.058+0000] {logging_mixin.py:188} INFO - [2026-09-17T09:00:06.058+0000] {dag.py:3096} INFO - Sync 1 DAGs
[2026-09-17T09:00:06.074+0000] {logging_mixin.py:188} INFO - [2026-09-17T09:00:06.073+0000] {dag.py:3954} INFO - Setting next_dagrun for youtube_extraction to None, run_after=None
[2026-09-17T09:00:06.101+0000] {processor.py:183} INFO - Processing /opt/airflow/dags/extraction_dag.py took 0.185 seconds
[2026-09-17T09:00:36.568+0000] {processor.py:161} INFO - Started process (PID=4225) to work on /opt/airflow/dags/extraction_dag.py
[2026-09-17T09:00:36.570+0000] {processor.py:830} INFO - Processing file /opt/airflow/dags/extraction_dag.py for tasks to queue
[2026-09-17T09:00:36.573+0000] {logging_mixin.py:188} INFO - [2026-09-17T09:00:36.572+0000] {dagbag.py:545} INFO - Filling up the DagBag from /opt/airflow/dags/extraction_dag.py
[2026-09-17T09:00:36.675+0000] {processor.py:840} INFO - DAG(s) 'youtube_extraction' retrieved from /opt/airflow/dags/extraction_dag.py
[2026-09-17T09:00:36.701+0000] {logging_mixin.py:188} INFO - [2026-09-17T09:00:36.700+0000] {dag.py:3096} INFO - Sync 1 DAGs
[2026-09-17T09:00:36.712+0000] {logging_mixin.py:188} INFO - [2026-09-17T09:00:36.711+0000] {dag.py:3954} INFO - Setting next_dagrun for youtube_extraction to None, run_after=None
[2026-09-17T09:00:36.751+0000] {processor.py:183} INFO - Processing /opt/airflow/dags/extraction_dag.py took 0.188 seconds
[2026-09-17T09:01:06.916+0000] {processor.py:161} INFO - Started process (PID=4232) to work on /opt/airflow/dags/extraction_dag.py
[2026-09-17T09:01:06.919+0000] {processor.py:830} INFO - Processing file /opt/airflow/dags/extraction_dag.py for tasks to queue
[2026-09-17T09:01:06.922+0000] {logging_mixin.py:188} INFO - [2026-09-17T09:01:06.922+0000] {dagbag.py:545} INFO - Filling up the DagBag from /opt/airflow/dags/extraction_dag.py
[2026-09-17T09:01:07.079+0000] {processor.py:840} INFO - DAG(s) 'youtube_extraction' retrieved from /opt/airflow/dags/extraction_dag.py
[2026-09-17T09:01:07.103+0000] {logging_mixin.py:188} INFO - [2026-09-17T09:01:07.103+0000] {dag.py:3096} INFO - Sync 1 DAGs
[2026-09-17T09:01:07.115+0000] {logging_mixin.py:188} INFO - [2026-09-17T09:01:07.115+0000] {dag.py:3954} INFO - Setting next_dagrun for youtube_extraction to None, run_after=None
[2026-09-17T09:01:07.145+0000] {processor.py:183} INFO - Processing /opt/airflow/dags/extraction_dag.py took 0.238 seconds
[2026-09-17T09:01:37.411+0000] {processor.py:161} INFO - Started process (PID=4239) to work on /opt/airflow/dags/extraction_dag.py
[2026-09-17T09:01:37.414+0000] {processor.py:830} INFO - Processing file /opt/airflow/dags/extraction_dag.py for tasks to queue
[2026-09-17T09:01:37.416+0000] {logging_mixin.py:188} INFO - [2026-09-17T09:01:37.416+0000] {dagbag.py:545} INFO - Filling up the DagBag from /opt/airflow/dags/extraction_dag.py
[2026-09-17T09:01:37.513+0000] {processor.py:840} INFO - DAG(s) 'youtube_extraction' retrieved from /opt/airflow/dags/extraction_dag.py
[2026-09-17T09:01:37.535+0000] {logging_mixin.py:188} INFO - [2026-09-17T09:01:37.535+0000] {dag.py:3096} INFO - Sync 1 DAGs
[2026-09-17T09:01:37.545+0000] {logging_mixin.py:188} INFO - [2026-09-17T09:01:37.545+0000] {dag.py:3954} INFO - Setting next_dagrun for youtube_extraction to None, run_after=None
[2026-09-17T09:01:37.584+0000] {processor.py:183} INFO - Processing /opt/airflow/dags/extraction_dag.py took 0.177 seconds
[2026-09-17T09:02:07.757+0000] {processor.py:161} INFO - Started process (PID=4246) to work on /opt/airflow/dags/extraction_dag.py
[2026-09-17T09:02:07.759+0000] {processor.py:830} INFO - Processing file /opt/airflow/dags/extraction_dag.py for tasks to queue
[2026-09-17T09:02:07.761+0000] {logging_mixin.py:188} INFO - [2026-09-17T09:02:07.761+0000] {dagbag.py:545} INFO - Filling up the DagBag from /opt/airflow/dags/extraction_dag.py
[2026-09-17T09:02:07.895+0000] {processor.py:840} INFO - DAG(s) 'youtube_extraction' retrieved from /opt/airflow/dags/extraction_dag.py
[2026-09-17T09:02:07.933+0000] {logging_mixin.py:188} INFO - [2026-09-17T09:02:07.933+0000] {dag.py:3096} INFO - Sync 1 DAGs
[2026-09-17T09:02:07.944+0000] {logging_mixin.py:188} INFO - [2026-09-17T09:02:07.944+0000] {dag.py:3954} INFO - Setting next_dagrun for youtube_extraction to None, run_after=None
[2026-09-17T09:02:07.986+0000] {processor.py:183} INFO - Processing /opt/airflow/dags/extraction_dag.py took 0.235 seconds
[2026-09-17T09:02:38.292+0000] {processor.py:161} INFO - Started process (PID=4253) to work on /opt/airflow/dags/extraction_dag.py
[2026-09-17T09:02:38.294+0000] {processor.py:830} INFO - Processing file /opt/airflow/dags/extraction_dag.py for tasks to queue
[2026-09-17T09:02:38.297+0000] {logging_mixin.py:188} INFO - [2026-09-17T09:02:38.296+0000] {dagbag.py:545} INFO - Filling up the DagBag from /opt/airflow/dags/extraction_dag.py
[2026-09-17T09:02:38.434+0000] {processor.py:840} INFO - DAG(s) 'youtube_extraction' retrieved from /opt/airflow/dags/extraction_dag.py
[2026-09-17T09:02:38.461+0000] {logging_mixin.py:188} INFO - [2026-09-17T09:02:38.461+0000] {dag.py:3096} INFO - Sync 1 DAGs
[2026-09-17T09:02:38.494+0000] {logging_mixin.py:188} INFO - [2026-09-17T09:02:38.494+0000] {dag.py:3954} INFO - Setting next_dagrun for youtube_extraction to None, run_after=None
[2026-09-17T09:02:38.522+0000] {processor.py:183} INFO - Processing /opt/airflow/dags/extraction_dag.py took 0.238 seconds
[2026-09-17T09:03:08.842+0000] {processor.py:161} INFO - Started process (PID=4260) to work on /opt/airflow/dags/extraction_dag.py
[2026-09-17T09:03:08.844+0000] {processor.py:830} INFO - Processing file /opt/airflow/dags/extraction_dag.py for tasks to queue
[2026-09-17T09:03:08.847+0000] {logging_mixin.py:188} INFO - [2026-09-17T09:03:08.846+0000] {dagbag.py:545} INFO - Filling up the DagBag from /opt/airflow/dags/extraction_dag.py
[2026-09-17T09:03:08.948+0000] {processor.py:840} INFO - DAG(s) 'youtube_extraction' retrieved from /opt/airflow/dags/extraction_dag.py
[2026-09-17T09:03:08.973+0000] {logging_mixin.py:188} INFO - [2026-09-17T09:03:08.972+0000] {dag.py:3096} INFO - Sync 1 DAGs
[2026-09-17T09:03:08.984+0000] {logging_mixin.py:188} INFO - [2026-09-17T09:03:08.984+0000] {dag.py:3954} INFO - Setting next_dagrun for youtube_extraction to None, run_after=None
[2026-09-17T09:03:09.010+0000] {processor.py:183} INFO - Processing /opt/airflow/dags/extraction_dag.py took 0.174 seconds
[2026-09-17T09:08:35.820+0000] {processor.py:161} INFO - Started process (PID=4261) to work on /opt/airflow/dags/extraction_dag.py
[2026-09-17T09:08:35.824+0000] {processor.py:830} INFO - Processing file /opt/airflow/dags/extraction_dag.py for tasks to queue
[2026-09-17T09:08:35.828+0000] {logging_mixin.py:188} INFO - [2026-09-17T09:08:35.827+0000] {dagbag.py:545} INFO - Filling up the DagBag from /opt/airflow/dags/extraction_dag.py
[2026-09-17T09:08:36.044+0000] {processor.py:840} INFO - DAG(s) 'youtube_extraction' retrieved from /opt/airflow/dags/extraction_dag.py
[2026-09-17T09:08:36.204+0000] {logging_mixin.py:188} INFO - [2026-09-17T09:08:36.203+0000] {dag.py:3096} INFO - Sync 1 DAGs
[2026-09-17T09:08:36.239+0000] {logging_mixin.py:188} INFO - [2026-09-17T09:08:36.239+0000] {dag.py:3954} INFO - Setting next_dagrun for youtube_extraction to None, run_after=None
[2026-09-17T09:08:36.324+0000] {processor.py:183} INFO - Processing /opt/airflow/dags/extraction_dag.py took 0.530 seconds
[2026-09-17T09:09:06.678+0000] {processor.py:161} INFO - Started process (PID=4268) to work on /opt/airflow/dags/extraction_dag.py
[2026-09-17T09:09:06.702+0000] {processor.py:830} INFO - Processing file /opt/airflow/dags/extraction_dag.py for tasks to queue
[2026-09-17T09:09:06.705+0000] {logging_mixin.py:188} INFO - [2026-09-17T09:09:06.704+0000] {dagbag.py:545} INFO - Filling up the DagBag from /opt/airflow/dags/extraction_dag.py
[2026-09-17T09:09:06.805+0000] {processor.py:840} INFO - DAG(s) 'youtube_extraction' retrieved from /opt/airflow/dags/extraction_dag.py
[2026-09-17T09:09:06.846+0000] {logging_mixin.py:188} INFO - [2026-09-17T09:09:06.846+0000] {dag.py:3096} INFO - Sync 1 DAGs
[2026-09-17T09:09:06.873+0000] {logging_mixin.py:188} INFO - [2026-09-17T09:09:06.873+0000] {dag.py:3954} INFO - Setting next_dagrun for youtube_extraction to None, run_after=None
[2026-09-17T09:09:06.898+0000] {processor.py:183} INFO - Processing /opt/airflow/dags/extraction_dag.py took 0.226 seconds
[2026-09-17T09:09:37.193+0000] {processor.py:161} INFO - Started process (PID=4275) to work on /opt/airflow/dags/extraction_dag.py
[2026-09-17T09:09:37.237+0000] {processor.py:830} INFO - Processing file /opt/airflow/dags/extraction_dag.py for tasks to queue
[2026-09-17T09:09:37.246+0000] {logging_mixin.py:188} INFO - [2026-09-17T09:09:37.243+0000] {dagbag.py:545} INFO - Filling up the DagBag from /opt/airflow/dags/extraction_dag.py
[2026-09-17T09:09:37.383+0000] {processor.py:840} INFO - DAG(s) 'youtube_extraction' retrieved from /opt/airflow/dags/extraction_dag.py
[2026-09-17T09:09:37.926+0000] {logging_mixin.py:188} INFO - [2026-09-17T09:09:37.922+0000] {dag.py:3096} INFO - Sync 1 DAGs
[2026-09-17T09:09:38.133+0000] {logging_mixin.py:188} INFO - [2026-09-17T09:09:38.133+0000] {dag.py:3954} INFO - Setting next_dagrun for youtube_extraction to None, run_after=None
[2026-09-17T09:09:38.250+0000] {processor.py:183} INFO - Processing /opt/airflow/dags/extraction_dag.py took 1.064 seconds
[2026-09-17T09:10:08.558+0000] {processor.py:161} INFO - Started process (PID=4288) to work on /opt/airflow/dags/extraction_dag.py
[2026-09-17T09:10:08.561+0000] {processor.py:830} INFO - Processing file /opt/airflow/dags/extraction_dag.py for tasks to queue
[2026-09-17T09:10:08.563+0000] {logging_mixin.py:188} INFO - [2026-09-17T09:10:08.563+0000] {dagbag.py:545} INFO - Filling up the DagBag from /opt/airflow/dags/extraction_dag.py
[2026-09-17T09:10:08.680+0000] {processor.py:840} INFO - DAG(s) 'youtube_extraction' retrieved from /opt/airflow/dags/extraction_dag.py
[2026-09-17T09:10:08.726+0000] {logging_mixin.py:188} INFO - [2026-09-17T09:10:08.726+0000] {dag.py:3096} INFO - Sync 1 DAGs
[2026-09-17T09:10:08.764+0000] {logging_mixin.py:188} INFO - [2026-09-17T09:10:08.764+0000] {dag.py:3954} INFO - Setting next_dagrun for youtube_extraction to None, run_after=None
[2026-09-17T09:10:08.796+0000] {processor.py:183} INFO - Processing /opt/airflow/dags/extraction_dag.py took 0.248 seconds
[2026-09-17T09:10:39.105+0000] {processor.py:161} INFO - Started process (PID=4295) to work on /opt/airflow/dags/extraction_dag.py
[2026-09-17T09:10:39.108+0000] {processor.py:830} INFO - Processing file /opt/airflow/dags/extraction_dag.py for tasks to queue
[2026-09-17T09:10:39.111+0000] {logging_mixin.py:188} INFO - [2026-09-17T09:10:39.110+0000] {dagbag.py:545} INFO - Filling up the DagBag from /opt/airflow/dags/extraction_dag.py
[2026-09-17T09:10:39.228+0000] {processor.py:840} INFO - DAG(s) 'youtube_extraction' retrieved from /opt/airflow/dags/extraction_dag.py
[2026-09-17T09:10:39.296+0000] {logging_mixin.py:188} INFO - [2026-09-17T09:10:39.296+0000] {dag.py:3096} INFO - Sync 1 DAGs
[2026-09-17T09:10:39.326+0000] {logging_mixin.py:188} INFO - [2026-09-17T09:10:39.325+0000] {dag.py:3954} INFO - Setting next_dagrun for youtube_extraction to None, run_after=None
[2026-09-17T09:10:39.357+0000] {processor.py:183} INFO - Processing /opt/airflow/dags/extraction_dag.py took 0.260 seconds
[2026-09-17T09:11:09.669+0000] {processor.py:161} INFO - Started process (PID=4302) to work on /opt/airflow/dags/extraction_dag.py
[2026-09-17T09:11:09.671+0000] {processor.py:830} INFO - Processing file /opt/airflow/dags/extraction_dag.py for tasks to queue
[2026-09-17T09:11:09.674+0000] {logging_mixin.py:188} INFO - [2026-09-17T09:11:09.674+0000] {dagbag.py:545} INFO - Filling up the DagBag from /opt/airflow/dags/extraction_dag.py
[2026-09-17T09:11:09.773+0000] {processor.py:840} INFO - DAG(s) 'youtube_extraction' retrieved from /opt/airflow/dags/extraction_dag.py
[2026-09-17T09:11:09.806+0000] {logging_mixin.py:188} INFO - [2026-09-17T09:11:09.806+0000] {dag.py:3096} INFO - Sync 1 DAGs
[2026-09-17T09:11:09.817+0000] {logging_mixin.py:188} INFO - [2026-09-17T09:11:09.817+0000] {dag.py:3954} INFO - Setting next_dagrun for youtube_extraction to None, run_after=None
[2026-09-17T09:11:09.859+0000] {processor.py:183} INFO - Processing /opt/airflow/dags/extraction_dag.py took 0.196 seconds
[2026-09-17T09:11:39.987+0000] {processor.py:161} INFO - Started process (PID=4309) to work on /opt/airflow/dags/extraction_dag.py
[2026-09-17T09:11:39.989+0000] {processor.py:830} INFO - Processing file /opt/airflow/dags/extraction_dag.py for tasks to queue
[2026-09-17T09:11:39.991+0000] {logging_mixin.py:188} INFO - [2026-09-17T09:11:39.991+0000] {dagbag.py:545} INFO - Filling up the DagBag from /opt/airflow/dags/extraction_dag.py
[2026-09-17T09:11:40.100+0000] {processor.py:840} INFO - DAG(s) 'youtube_extraction' retrieved from /opt/airflow/dags/extraction_dag.py
[2026-09-17T09:11:40.131+0000] {logging_mixin.py:188} INFO - [2026-09-17T09:11:40.131+0000] {dag.py:3096} INFO - Sync 1 DAGs
[2026-09-17T09:11:40.144+0000] {logging_mixin.py:188} INFO - [2026-09-17T09:11:40.144+0000] {dag.py:3954} INFO - Setting next_dagrun for youtube_extraction to None, run_after=None
[2026-09-17T09:11:40.166+0000] {processor.py:183} INFO - Processing /opt/airflow/dags/extraction_dag.py took 0.186 seconds
[2026-09-17T09:12:10.448+0000] {processor.py:161} INFO - Started process (PID=4316) to work on /opt/airflow/dags/extraction_dag.py
[2026-09-17T09:12:10.450+0000] {processor.py:830} INFO - Processing file /opt/airflow/dags/extraction_dag.py for tasks to queue
[2026-09-17T09:12:10.453+0000] {logging_mixin.py:188} INFO - [2026-09-17T09:12:10.453+0000] {dagbag.py:545} INFO - Filling up the DagBag from /opt/airflow/dags/extraction_dag.py
[2026-09-17T09:12:10.578+0000] {processor.py:840} INFO - DAG(s) 'youtube_extraction' retrieved from /opt/airflow/dags/extraction_dag.py
[2026-09-17T09:12:10.622+0000] {logging_mixin.py:188} INFO - [2026-09-17T09:12:10.622+0000] {dag.py:3096} INFO - Sync 1 DAGs
[2026-09-17T09:12:10.635+0000] {logging_mixin.py:188} INFO - [2026-09-17T09:12:10.635+0000] {dag.py:3954} INFO - Setting next_dagrun for youtube_extraction to None, run_after=None
[2026-09-17T09:12:10.660+0000] {processor.py:183} INFO - Processing /opt/airflow/dags/extraction_dag.py took 0.218 seconds
[2026-09-17T09:12:40.740+0000] {processor.py:161} INFO - Started process (PID=4323) to work on /opt/airflow/dags/extraction_dag.py
[2026-09-17T09:12:40.742+0000] {processor.py:830} INFO - Processing file /opt/airflow/dags/extraction_dag.py for tasks to queue
[2026-09-17T09:12:40.743+0000] {logging_mixin.py:188} INFO - [2026-09-17T09:12:40.743+0000] {dagbag.py:545} INFO - Filling up the DagBag from /opt/airflow/dags/extraction_dag.py
[2026-09-17T09:12:40.904+0000] {processor.py:840} INFO - DAG(s) 'youtube_extraction' retrieved from /opt/airflow/dags/extraction_dag.py
[2026-09-17T09:12:40.929+0000] {logging_mixin.py:188} INFO - [2026-09-17T09:12:40.929+0000] {dag.py:3096} INFO - Sync 1 DAGs
[2026-09-17T09:12:40.964+0000] {logging_mixin.py:188} INFO - [2026-09-17T09:12:40.964+0000] {dag.py:3954} INFO - Setting next_dagrun for youtube_extraction to None, run_after=None
[2026-09-17T09:12:40.985+0000] {processor.py:183} INFO - Processing /opt/airflow/dags/extraction_dag.py took 0.252 seconds
[2026-09-17T09:13:11.169+0000] {processor.py:161} INFO - Started process (PID=4330) to work on /opt/airflow/dags/extraction_dag.py
[2026-09-17T09:13:11.171+0000] {processor.py:830} INFO - Processing file /opt/airflow/dags/extraction_dag.py for tasks to queue
[2026-09-17T09:13:11.173+0000] {logging_mixin.py:188} INFO - [2026-09-17T09:13:11.173+0000] {dagbag.py:545} INFO - Filling up the DagBag from /opt/airflow/dags/extraction_dag.py
[2026-09-17T09:13:11.317+0000] {processor.py:840} INFO - DAG(s) 'youtube_extraction' retrieved from /opt/airflow/dags/extraction_dag.py
[2026-09-17T09:13:11.346+0000] {logging_mixin.py:188} INFO - [2026-09-17T09:13:11.346+0000] {dag.py:3096} INFO - Sync 1 DAGs
[2026-09-17T09:13:11.385+0000] {logging_mixin.py:188} INFO - [2026-09-17T09:13:11.384+0000] {dag.py:3954} INFO - Setting next_dagrun for youtube_extraction to None, run_after=None
[2026-09-17T09:13:11.410+0000] {processor.py:183} INFO - Processing /opt/airflow/dags/extraction_dag.py took 0.246 seconds
[2026-09-17T09:13:41.551+0000] {processor.py:161} INFO - Started process (PID=4337) to work on /opt/airflow/dags/extraction_dag.py
[2026-09-17T09:13:41.553+0000] {processor.py:830} INFO - Processing file /opt/airflow/dags/extraction_dag.py for tasks to queue
[2026-09-17T09:13:41.556+0000] {logging_mixin.py:188} INFO - [2026-09-17T09:13:41.556+0000] {dagbag.py:545} INFO - Filling up the DagBag from /opt/airflow/dags/extraction_dag.py
[2026-09-17T09:13:41.643+0000] {processor.py:840} INFO - DAG(s) 'youtube_extraction' retrieved from /opt/airflow/dags/extraction_dag.py
[2026-09-17T09:13:41.676+0000] {logging_mixin.py:188} INFO - [2026-09-17T09:13:41.676+0000] {dag.py:3096} INFO - Sync 1 DAGs
[2026-09-17T09:13:41.691+0000] {logging_mixin.py:188} INFO - [2026-09-17T09:13:41.690+0000] {dag.py:3954} INFO - Setting next_dagrun for youtube_extraction to None, run_after=None
[2026-09-17T09:13:41.715+0000] {processor.py:183} INFO - Processing /opt/airflow/dags/extraction_dag.py took 0.175 seconds
[2026-09-17T09:20:12.467+0000] {processor.py:161} INFO - Started process (PID=53) to work on /opt/airflow/dags/extraction_dag.py
[2026-09-17T09:20:12.491+0000] {processor.py:830} INFO - Processing file /opt/airflow/dags/extraction_dag.py for tasks to queue
[2026-09-17T09:20:12.499+0000] {logging_mixin.py:188} INFO - [2026-09-17T09:20:12.498+0000] {dagbag.py:545} INFO - Filling up the DagBag from /opt/airflow/dags/extraction_dag.py
[2026-09-17T09:20:12.721+0000] {processor.py:840} INFO - DAG(s) 'youtube_extraction' retrieved from /opt/airflow/dags/extraction_dag.py
[2026-09-17T09:20:13.623+0000] {logging_mixin.py:188} INFO - [2026-09-17T09:20:13.622+0000] {dag.py:3096} INFO - Sync 1 DAGs
[2026-09-17T09:20:13.641+0000] {logging_mixin.py:188} INFO - [2026-09-17T09:20:13.641+0000] {dag.py:3954} INFO - Setting next_dagrun for youtube_extraction to None, run_after=None
[2026-09-17T09:20:13.688+0000] {processor.py:183} INFO - Processing /opt/airflow/dags/extraction_dag.py took 1.241 seconds
[2026-09-17T09:20:41.764+0000] {processor.py:161} INFO - Started process (PID=51) to work on /opt/airflow/dags/extraction_dag.py
[2026-09-17T09:20:41.769+0000] {processor.py:830} INFO - Processing file /opt/airflow/dags/extraction_dag.py for tasks to queue
[2026-09-17T09:20:41.773+0000] {logging_mixin.py:188} INFO - [2026-09-17T09:20:41.772+0000] {dagbag.py:545} INFO - Filling up the DagBag from /opt/airflow/dags/extraction_dag.py
[2026-09-17T09:20:41.886+0000] {processor.py:840} INFO - DAG(s) 'youtube_extraction' retrieved from /opt/airflow/dags/extraction_dag.py
[2026-09-17T09:20:41.925+0000] {logging_mixin.py:188} INFO - [2026-09-17T09:20:41.925+0000] {dag.py:3096} INFO - Sync 1 DAGs
[2026-09-17T09:20:41.943+0000] {logging_mixin.py:188} INFO - [2026-09-17T09:20:41.943+0000] {dag.py:3954} INFO - Setting next_dagrun for youtube_extraction to None, run_after=None
[2026-09-17T09:20:41.973+0000] {processor.py:183} INFO - Processing /opt/airflow/dags/extraction_dag.py took 0.216 seconds
[2026-09-17T09:21:08.687+0000] {processor.py:161} INFO - Started process (PID=47) to work on /opt/airflow/dags/extraction_dag.py
[2026-09-17T09:21:08.689+0000] {processor.py:830} INFO - Processing file /opt/airflow/dags/extraction_dag.py for tasks to queue
[2026-09-17T09:21:08.692+0000] {logging_mixin.py:188} INFO - [2026-09-17T09:21:08.692+0000] {dagbag.py:545} INFO - Filling up the DagBag from /opt/airflow/dags/extraction_dag.py
[2026-09-17T09:21:08.811+0000] {processor.py:840} INFO - DAG(s) 'youtube_extraction' retrieved from /opt/airflow/dags/extraction_dag.py
[2026-09-17T09:21:08.987+0000] {logging_mixin.py:188} INFO - [2026-09-17T09:21:08.987+0000] {dag.py:3096} INFO - Sync 1 DAGs
[2026-09-17T09:21:08.999+0000] {logging_mixin.py:188} INFO - [2026-09-17T09:21:08.998+0000] {dag.py:3118} INFO - Creating ORM DAG for youtube_extraction
[2026-09-17T09:21:09.000+0000] {logging_mixin.py:188} INFO - [2026-09-17T09:21:09.000+0000] {dag.py:3954} INFO - Setting next_dagrun for youtube_extraction to None, run_after=None
[2026-09-17T09:21:09.042+0000] {processor.py:183} INFO - Processing /opt/airflow/dags/extraction_dag.py took 0.360 seconds
[2026-09-17T09:21:39.326+0000] {processor.py:161} INFO - Started process (PID=54) to work on /opt/airflow/dags/extraction_dag.py
[2026-09-17T09:21:39.329+0000] {processor.py:830} INFO - Processing file /opt/airflow/dags/extraction_dag.py for tasks to queue
[2026-09-17T09:21:39.337+0000] {logging_mixin.py:188} INFO - [2026-09-17T09:21:39.336+0000] {dagbag.py:545} INFO - Filling up the DagBag from /opt/airflow/dags/extraction_dag.py
[2026-09-17T09:21:39.454+0000] {processor.py:840} INFO - DAG(s) 'youtube_extraction' retrieved from /opt/airflow/dags/extraction_dag.py
[2026-09-17T09:21:39.510+0000] {logging_mixin.py:188} INFO - [2026-09-17T09:21:39.509+0000] {dag.py:3096} INFO - Sync 1 DAGs
[2026-09-17T09:21:39.531+0000] {logging_mixin.py:188} INFO - [2026-09-17T09:21:39.530+0000] {dag.py:3954} INFO - Setting next_dagrun for youtube_extraction to None, run_after=None
[2026-09-17T09:21:39.592+0000] {processor.py:183} INFO - Processing /opt/airflow/dags/extraction_dag.py took 0.280 seconds
[2026-09-17T09:22:09.944+0000] {processor.py:161} INFO - Started process (PID=61) to work on /opt/airflow/dags/extraction_dag.py
[2026-09-17T09:22:09.964+0000] {processor.py:830} INFO - Processing file /opt/airflow/dags/extraction_dag.py for tasks to queue
[2026-09-17T09:22:09.971+0000] {logging_mixin.py:188} INFO - [2026-09-17T09:22:09.971+0000] {dagbag.py:545} INFO - Filling up the DagBag from /opt/airflow/dags/extraction_dag.py
[2026-09-17T09:22:10.114+0000] {processor.py:840} INFO - DAG(s) 'youtube_extraction' retrieved from /opt/airflow/dags/extraction_dag.py
[2026-09-17T09:22:10.173+0000] {logging_mixin.py:188} INFO - [2026-09-17T09:22:10.172+0000] {dag.py:3096} INFO - Sync 1 DAGs
[2026-09-17T09:22:10.223+0000] {logging_mixin.py:188} INFO - [2026-09-17T09:22:10.223+0000] {dag.py:3954} INFO - Setting next_dagrun for youtube_extraction to None, run_after=None
[2026-09-17T09:22:10.258+0000] {processor.py:183} INFO - Processing /opt/airflow/dags/extraction_dag.py took 0.333 seconds
[2026-09-17T09:22:40.542+0000] {processor.py:161} INFO - Started process (PID=68) to work on /opt/airflow/dags/extraction_dag.py
[2026-09-17T09:22:40.544+0000] {processor.py:830} INFO - Processing file /opt/airflow/dags/extraction_dag.py for tasks to queue
[2026-09-17T09:22:40.547+0000] {logging_mixin.py:188} INFO - [2026-09-17T09:22:40.547+0000] {dagbag.py:545} INFO - Filling up the DagBag from /opt/airflow/dags/extraction_dag.py
[2026-09-17T09:22:40.644+0000] {processor.py:840} INFO - DAG(s) 'youtube_extraction' retrieved from /opt/airflow/dags/extraction_dag.py
[2026-09-17T09:22:40.688+0000] {logging_mixin.py:188} INFO - [2026-09-17T09:22:40.687+0000] {dag.py:3096} INFO - Sync 1 DAGs
[2026-09-17T09:22:40.704+0000] {logging_mixin.py:188} INFO - [2026-09-17T09:22:40.704+0000] {dag.py:3954} INFO - Setting next_dagrun for youtube_extraction to None, run_after=None
[2026-09-17T09:22:40.738+0000] {processor.py:183} INFO - Processing /opt/airflow/dags/extraction_dag.py took 0.202 seconds
[2026-09-17T09:23:10.806+0000] {processor.py:161} INFO - Started process (PID=75) to work on /opt/airflow/dags/extraction_dag.py
[2026-09-17T09:23:10.808+0000] {processor.py:830} INFO - Processing file /opt/airflow/dags/extraction_dag.py for tasks to queue
[2026-09-17T09:23:10.811+0000] {logging_mixin.py:188} INFO - [2026-09-17T09:23:10.811+0000] {dagbag.py:545} INFO - Filling up the DagBag from /opt/airflow/dags/extraction_dag.py
[2026-09-17T09:23:10.901+0000] {processor.py:840} INFO - DAG(s) 'youtube_extraction' retrieved from /opt/airflow/dags/extraction_dag.py
[2026-09-17T09:23:10.959+0000] {logging_mixin.py:188} INFO - [2026-09-17T09:23:10.959+0000] {dag.py:3096} INFO - Sync 1 DAGs
[2026-09-17T09:23:10.974+0000] {logging_mixin.py:188} INFO - [2026-09-17T09:23:10.974+0000] {dag.py:3954} INFO - Setting next_dagrun for youtube_extraction to None, run_after=None
[2026-09-17T09:23:11.023+0000] {processor.py:183} INFO - Processing /opt/airflow/dags/extraction_dag.py took 0.222 seconds
[2026-09-17T09:23:41.245+0000] {processor.py:161} INFO - Started process (PID=83) to work on /opt/airflow/dags/extraction_dag.py
[2026-09-17T09:23:41.248+0000] {processor.py:830} INFO - Processing file /opt/airflow/dags/extraction_dag.py for tasks to queue
[2026-09-17T09:23:41.253+0000] {logging_mixin.py:188} INFO - [2026-09-17T09:23:41.252+0000] {dagbag.py:545} INFO - Filling up the DagBag from /opt/airflow/dags/extraction_dag.py
[2026-09-17T09:23:41.357+0000] {processor.py:840} INFO - DAG(s) 'youtube_extraction' retrieved from /opt/airflow/dags/extraction_dag.py
[2026-09-17T09:23:41.410+0000] {logging_mixin.py:188} INFO - [2026-09-17T09:23:41.410+0000] {dag.py:3096} INFO - Sync 1 DAGs
[2026-09-17T09:23:41.436+0000] {logging_mixin.py:188} INFO - [2026-09-17T09:23:41.435+0000] {dag.py:3954} INFO - Setting next_dagrun for youtube_extraction to None, run_after=None
[2026-09-17T09:23:41.494+0000] {processor.py:183} INFO - Processing /opt/airflow/dags/extraction_dag.py took 0.254 seconds
[2026-09-17T09:24:11.776+0000] {processor.py:161} INFO - Started process (PID=90) to work on /opt/airflow/dags/extraction_dag.py
[2026-09-17T09:24:11.778+0000] {processor.py:830} INFO - Processing file /opt/airflow/dags/extraction_dag.py for tasks to queue
[2026-09-17T09:24:11.781+0000] {logging_mixin.py:188} INFO - [2026-09-17T09:24:11.781+0000] {dagbag.py:545} INFO - Filling up the DagBag from /opt/airflow/dags/extraction_dag.py
[2026-09-17T09:24:11.869+0000] {processor.py:840} INFO - DAG(s) 'youtube_extraction' retrieved from /opt/airflow/dags/extraction_dag.py
[2026-09-17T09:24:11.893+0000] {logging_mixin.py:188} INFO - [2026-09-17T09:24:11.893+0000] {dag.py:3096} INFO - Sync 1 DAGs
[2026-09-17T09:24:11.906+0000] {logging_mixin.py:188} INFO - [2026-09-17T09:24:11.905+0000] {dag.py:3954} INFO - Setting next_dagrun for youtube_extraction to None, run_after=None
[2026-09-17T09:24:11.931+0000] {processor.py:183} INFO - Processing /opt/airflow/dags/extraction_dag.py took 0.160 seconds
[2026-09-17T09:24:42.017+0000] {processor.py:161} INFO - Started process (PID=97) to work on /opt/airflow/dags/extraction_dag.py
[2026-09-17T09:24:42.019+0000] {processor.py:830} INFO - Processing file /opt/airflow/dags/extraction_dag.py for tasks to queue
[2026-09-17T09:24:42.023+0000] {logging_mixin.py:188} INFO - [2026-09-17T09:24:42.022+0000] {dagbag.py:545} INFO - Filling up the DagBag from /opt/airflow/dags/extraction_dag.py
[2026-09-17T09:24:42.113+0000] {processor.py:840} INFO - DAG(s) 'youtube_extraction' retrieved from /opt/airflow/dags/extraction_dag.py
[2026-09-17T09:24:42.156+0000] {logging_mixin.py:188} INFO - [2026-09-17T09:24:42.156+0000] {dag.py:3096} INFO - Sync 1 DAGs
[2026-09-17T09:24:42.166+0000] {logging_mixin.py:188} INFO - [2026-09-17T09:24:42.166+0000] {dag.py:3954} INFO - Setting next_dagrun for youtube_extraction to None, run_after=None
[2026-09-17T09:24:42.195+0000] {processor.py:183} INFO - Processing /opt/airflow/dags/extraction_dag.py took 0.183 seconds
[2026-09-17T09:25:12.450+0000] {processor.py:161} INFO - Started process (PID=104) to work on /opt/airflow/dags/extraction_dag.py
[2026-09-17T09:25:12.452+0000] {processor.py:830} INFO - Processing file /opt/airflow/dags/extraction_dag.py for tasks to queue
[2026-09-17T09:25:12.457+0000] {logging_mixin.py:188} INFO - [2026-09-17T09:25:12.457+0000] {dagbag.py:545} INFO - Filling up the DagBag from /opt/airflow/dags/extraction_dag.py
[2026-09-17T09:25:12.542+0000] {processor.py:840} INFO - DAG(s) 'youtube_extraction' retrieved from /opt/airflow/dags/extraction_dag.py
[2026-09-17T09:25:12.576+0000] {logging_mixin.py:188} INFO - [2026-09-17T09:25:12.576+0000] {dag.py:3096} INFO - Sync 1 DAGs
[2026-09-17T09:25:12.590+0000] {logging_mixin.py:188} INFO - [2026-09-17T09:25:12.589+0000] {dag.py:3954} INFO - Setting next_dagrun for youtube_extraction to None, run_after=None
[2026-09-17T09:25:12.634+0000] {processor.py:183} INFO - Processing /opt/airflow/dags/extraction_dag.py took 0.191 seconds
[2026-09-17T09:25:42.715+0000] {processor.py:161} INFO - Started process (PID=111) to work on /opt/airflow/dags/extraction_dag.py
[2026-09-17T09:25:42.717+0000] {processor.py:830} INFO - Processing file /opt/airflow/dags/extraction_dag.py for tasks to queue
[2026-09-17T09:25:42.723+0000] {logging_mixin.py:188} INFO - [2026-09-17T09:25:42.722+0000] {dagbag.py:545} INFO - Filling up the DagBag from /opt/airflow/dags/extraction_dag.py
[2026-09-17T09:25:42.828+0000] {processor.py:840} INFO - DAG(s) 'youtube_extraction' retrieved from /opt/airflow/dags/extraction_dag.py
[2026-09-17T09:25:42.880+0000] {logging_mixin.py:188} INFO - [2026-09-17T09:25:42.880+0000] {dag.py:3096} INFO - Sync 1 DAGs
[2026-09-17T09:25:42.902+0000] {logging_mixin.py:188} INFO - [2026-09-17T09:25:42.901+0000] {dag.py:3954} INFO - Setting next_dagrun for youtube_extraction to None, run_after=None
[2026-09-17T09:25:42.967+0000] {processor.py:183} INFO - Processing /opt/airflow/dags/extraction_dag.py took 0.260 seconds
[2026-09-17T09:26:13.209+0000] {processor.py:161} INFO - Started process (PID=118) to work on /opt/airflow/dags/extraction_dag.py
[2026-09-17T09:26:13.211+0000] {processor.py:830} INFO - Processing file /opt/airflow/dags/extraction_dag.py for tasks to queue
[2026-09-17T09:26:13.214+0000] {logging_mixin.py:188} INFO - [2026-09-17T09:26:13.213+0000] {dagbag.py:545} INFO - Filling up the DagBag from /opt/airflow/dags/extraction_dag.py
[2026-09-17T09:26:13.295+0000] {processor.py:840} INFO - DAG(s) 'youtube_extraction' retrieved from /opt/airflow/dags/extraction_dag.py
[2026-09-17T09:26:13.329+0000] {logging_mixin.py:188} INFO - [2026-09-17T09:26:13.329+0000] {dag.py:3096} INFO - Sync 1 DAGs
[2026-09-17T09:26:13.342+0000] {logging_mixin.py:188} INFO - [2026-09-17T09:26:13.342+0000] {dag.py:3954} INFO - Setting next_dagrun for youtube_extraction to None, run_after=None
[2026-09-17T09:26:13.394+0000] {processor.py:183} INFO - Processing /opt/airflow/dags/extraction_dag.py took 0.191 seconds
[2026-09-17T09:26:43.524+0000] {processor.py:161} INFO - Started process (PID=125) to work on /opt/airflow/dags/extraction_dag.py
[2026-09-17T09:26:43.527+0000] {processor.py:830} INFO - Processing file /opt/airflow/dags/extraction_dag.py for tasks to queue
[2026-09-17T09:26:43.530+0000] {logging_mixin.py:188} INFO - [2026-09-17T09:26:43.529+0000] {dagbag.py:545} INFO - Filling up the DagBag from /opt/airflow/dags/extraction_dag.py
[2026-09-17T09:26:43.624+0000] {processor.py:840} INFO - DAG(s) 'youtube_extraction' retrieved from /opt/airflow/dags/extraction_dag.py
[2026-09-17T09:26:43.654+0000] {logging_mixin.py:188} INFO - [2026-09-17T09:26:43.654+0000] {dag.py:3096} INFO - Sync 1 DAGs
[2026-09-17T09:26:43.667+0000] {logging_mixin.py:188} INFO - [2026-09-17T09:26:43.667+0000] {dag.py:3954} INFO - Setting next_dagrun for youtube_extraction to None, run_after=None
[2026-09-17T09:26:43.705+0000] {processor.py:183} INFO - Processing /opt/airflow/dags/extraction_dag.py took 0.186 seconds
[2026-09-17T09:27:13.883+0000] {processor.py:161} INFO - Started process (PID=138) to work on /opt/airflow/dags/extraction_dag.py
[2026-09-17T09:27:13.885+0000] {processor.py:830} INFO - Processing file /opt/airflow/dags/extraction_dag.py for tasks to queue
[2026-09-17T09:27:13.888+0000] {logging_mixin.py:188} INFO - [2026-09-17T09:27:13.888+0000] {dagbag.py:545} INFO - Filling up the DagBag from /opt/airflow/dags/extraction_dag.py
[2026-09-17T09:27:13.978+0000] {processor.py:840} INFO - DAG(s) 'youtube_extraction' retrieved from /opt/airflow/dags/extraction_dag.py
[2026-09-17T09:27:14.004+0000] {logging_mixin.py:188} INFO - [2026-09-17T09:27:14.004+0000] {dag.py:3096} INFO - Sync 1 DAGs
[2026-09-17T09:27:14.017+0000] {logging_mixin.py:188} INFO - [2026-09-17T09:27:14.017+0000] {dag.py:3954} INFO - Setting next_dagrun for youtube_extraction to None, run_after=None
[2026-09-17T09:27:14.055+0000] {processor.py:183} INFO - Processing /opt/airflow/dags/extraction_dag.py took 0.177 seconds
[2026-09-17T09:27:44.142+0000] {processor.py:161} INFO - Started process (PID=146) to work on /opt/airflow/dags/extraction_dag.py
[2026-09-17T09:27:44.144+0000] {processor.py:830} INFO - Processing file /opt/airflow/dags/extraction_dag.py for tasks to queue
[2026-09-17T09:27:44.147+0000] {logging_mixin.py:188} INFO - [2026-09-17T09:27:44.147+0000] {dagbag.py:545} INFO - Filling up the DagBag from /opt/airflow/dags/extraction_dag.py
[2026-09-17T09:27:44.230+0000] {processor.py:840} INFO - DAG(s) 'youtube_extraction' retrieved from /opt/airflow/dags/extraction_dag.py
[2026-09-17T09:27:44.267+0000] {logging_mixin.py:188} INFO - [2026-09-17T09:27:44.266+0000] {dag.py:3096} INFO - Sync 1 DAGs
[2026-09-17T09:27:44.279+0000] {logging_mixin.py:188} INFO - [2026-09-17T09:27:44.278+0000] {dag.py:3954} INFO - Setting next_dagrun for youtube_extraction to None, run_after=None
[2026-09-17T09:27:44.318+0000] {processor.py:183} INFO - Processing /opt/airflow/dags/extraction_dag.py took 0.183 seconds
[2026-09-17T09:28:14.573+0000] {processor.py:161} INFO - Started process (PID=153) to work on /opt/airflow/dags/extraction_dag.py
[2026-09-17T09:28:14.575+0000] {processor.py:830} INFO - Processing file /opt/airflow/dags/extraction_dag.py for tasks to queue
[2026-09-17T09:28:14.577+0000] {logging_mixin.py:188} INFO - [2026-09-17T09:28:14.577+0000] {dagbag.py:545} INFO - Filling up the DagBag from /opt/airflow/dags/extraction_dag.py
[2026-09-17T09:28:14.671+0000] {processor.py:840} INFO - DAG(s) 'youtube_extraction' retrieved from /opt/airflow/dags/extraction_dag.py
[2026-09-17T09:28:14.696+0000] {logging_mixin.py:188} INFO - [2026-09-17T09:28:14.695+0000] {dag.py:3096} INFO - Sync 1 DAGs
[2026-09-17T09:28:14.707+0000] {logging_mixin.py:188} INFO - [2026-09-17T09:28:14.707+0000] {dag.py:3954} INFO - Setting next_dagrun for youtube_extraction to None, run_after=None
[2026-09-17T09:28:14.748+0000] {processor.py:183} INFO - Processing /opt/airflow/dags/extraction_dag.py took 0.179 seconds
[2026-09-17T09:28:44.847+0000] {processor.py:161} INFO - Started process (PID=160) to work on /opt/airflow/dags/extraction_dag.py
[2026-09-17T09:28:44.875+0000] {processor.py:830} INFO - Processing file /opt/airflow/dags/extraction_dag.py for tasks to queue
[2026-09-17T09:28:44.881+0000] {logging_mixin.py:188} INFO - [2026-09-17T09:28:44.881+0000] {dagbag.py:545} INFO - Filling up the DagBag from /opt/airflow/dags/extraction_dag.py
[2026-09-17T09:28:44.982+0000] {processor.py:840} INFO - DAG(s) 'youtube_extraction' retrieved from /opt/airflow/dags/extraction_dag.py
[2026-09-17T09:28:45.010+0000] {logging_mixin.py:188} INFO - [2026-09-17T09:28:45.009+0000] {dag.py:3096} INFO - Sync 1 DAGs
[2026-09-17T09:28:45.022+0000] {logging_mixin.py:188} INFO - [2026-09-17T09:28:45.021+0000] {dag.py:3954} INFO - Setting next_dagrun for youtube_extraction to None, run_after=None
[2026-09-17T09:28:45.064+0000] {processor.py:183} INFO - Processing /opt/airflow/dags/extraction_dag.py took 0.221 seconds
[2026-09-17T09:29:15.314+0000] {processor.py:161} INFO - Started process (PID=167) to work on /opt/airflow/dags/extraction_dag.py
[2026-09-17T09:29:15.316+0000] {processor.py:830} INFO - Processing file /opt/airflow/dags/extraction_dag.py for tasks to queue
[2026-09-17T09:29:15.318+0000] {logging_mixin.py:188} INFO - [2026-09-17T09:29:15.318+0000] {dagbag.py:545} INFO - Filling up the DagBag from /opt/airflow/dags/extraction_dag.py
[2026-09-17T09:29:15.402+0000] {processor.py:840} INFO - DAG(s) 'youtube_extraction' retrieved from /opt/airflow/dags/extraction_dag.py
[2026-09-17T09:29:15.426+0000] {logging_mixin.py:188} INFO - [2026-09-17T09:29:15.426+0000] {dag.py:3096} INFO - Sync 1 DAGs
[2026-09-17T09:29:15.437+0000] {logging_mixin.py:188} INFO - [2026-09-17T09:29:15.437+0000] {dag.py:3954} INFO - Setting next_dagrun for youtube_extraction to None, run_after=None
[2026-09-17T09:29:15.477+0000] {processor.py:183} INFO - Processing /opt/airflow/dags/extraction_dag.py took 0.168 seconds
[2026-09-17T09:29:45.688+0000] {processor.py:161} INFO - Started process (PID=174) to work on /opt/airflow/dags/extraction_dag.py
[2026-09-17T09:29:45.690+0000] {processor.py:830} INFO - Processing file /opt/airflow/dags/extraction_dag.py for tasks to queue
[2026-09-17T09:29:45.695+0000] {logging_mixin.py:188} INFO - [2026-09-17T09:29:45.694+0000] {dagbag.py:545} INFO - Filling up the DagBag from /opt/airflow/dags/extraction_dag.py
[2026-09-17T09:29:45.842+0000] {processor.py:840} INFO - DAG(s) 'youtube_extraction' retrieved from /opt/airflow/dags/extraction_dag.py
[2026-09-17T09:29:45.867+0000] {logging_mixin.py:188} INFO - [2026-09-17T09:29:45.867+0000] {dag.py:3096} INFO - Sync 1 DAGs
[2026-09-17T09:29:45.879+0000] {logging_mixin.py:188} INFO - [2026-09-17T09:29:45.879+0000] {dag.py:3954} INFO - Setting next_dagrun for youtube_extraction to None, run_after=None
[2026-09-17T09:29:45.919+0000] {processor.py:183} INFO - Processing /opt/airflow/dags/extraction_dag.py took 0.239 seconds
[2026-09-17T09:30:16.121+0000] {processor.py:161} INFO - Started process (PID=181) to work on /opt/airflow/dags/extraction_dag.py
[2026-09-17T09:30:16.123+0000] {processor.py:830} INFO - Processing file /opt/airflow/dags/extraction_dag.py for tasks to queue
[2026-09-17T09:30:16.127+0000] {logging_mixin.py:188} INFO - [2026-09-17T09:30:16.127+0000] {dagbag.py:545} INFO - Filling up the DagBag from /opt/airflow/dags/extraction_dag.py
[2026-09-17T09:30:16.222+0000] {processor.py:840} INFO - DAG(s) 'youtube_extraction' retrieved from /opt/airflow/dags/extraction_dag.py
[2026-09-17T09:30:16.246+0000] {logging_mixin.py:188} INFO - [2026-09-17T09:30:16.246+0000] {dag.py:3096} INFO - Sync 1 DAGs
[2026-09-17T09:30:16.256+0000] {logging_mixin.py:188} INFO - [2026-09-17T09:30:16.256+0000] {dag.py:3954} INFO - Setting next_dagrun for youtube_extraction to None, run_after=None
[2026-09-17T09:30:16.297+0000] {processor.py:183} INFO - Processing /opt/airflow/dags/extraction_dag.py took 0.180 seconds
[2026-09-17T09:30:46.517+0000] {processor.py:161} INFO - Started process (PID=188) to work on /opt/airflow/dags/extraction_dag.py
[2026-09-17T09:30:46.519+0000] {processor.py:830} INFO - Processing file /opt/airflow/dags/extraction_dag.py for tasks to queue
[2026-09-17T09:30:46.522+0000] {logging_mixin.py:188} INFO - [2026-09-17T09:30:46.522+0000] {dagbag.py:545} INFO - Filling up the DagBag from /opt/airflow/dags/extraction_dag.py
[2026-09-17T09:30:46.617+0000] {processor.py:840} INFO - DAG(s) 'youtube_extraction' retrieved from /opt/airflow/dags/extraction_dag.py
[2026-09-17T09:30:46.640+0000] {logging_mixin.py:188} INFO - [2026-09-17T09:30:46.640+0000] {dag.py:3096} INFO - Sync 1 DAGs
[2026-09-17T09:30:46.651+0000] {logging_mixin.py:188} INFO - [2026-09-17T09:30:46.650+0000] {dag.py:3954} INFO - Setting next_dagrun for youtube_extraction to None, run_after=None
[2026-09-17T09:30:46.671+0000] {processor.py:183} INFO - Processing /opt/airflow/dags/extraction_dag.py took 0.160 seconds
[2026-09-17T09:31:17.040+0000] {processor.py:161} INFO - Started process (PID=195) to work on /opt/airflow/dags/extraction_dag.py
[2026-09-17T09:31:17.042+0000] {processor.py:830} INFO - Processing file /opt/airflow/dags/extraction_dag.py for tasks to queue
[2026-09-17T09:31:17.046+0000] {logging_mixin.py:188} INFO - [2026-09-17T09:31:17.046+0000] {dagbag.py:545} INFO - Filling up the DagBag from /opt/airflow/dags/extraction_dag.py
[2026-09-17T09:31:17.192+0000] {processor.py:840} INFO - DAG(s) 'youtube_extraction' retrieved from /opt/airflow/dags/extraction_dag.py
[2026-09-17T09:31:17.216+0000] {logging_mixin.py:188} INFO - [2026-09-17T09:31:17.216+0000] {dag.py:3096} INFO - Sync 1 DAGs
[2026-09-17T09:31:17.227+0000] {logging_mixin.py:188} INFO - [2026-09-17T09:31:17.227+0000] {dag.py:3954} INFO - Setting next_dagrun for youtube_extraction to None, run_after=None
[2026-09-17T09:31:17.270+0000] {processor.py:183} INFO - Processing /opt/airflow/dags/extraction_dag.py took 0.235 seconds
[2026-09-17T09:31:47.558+0000] {processor.py:161} INFO - Started process (PID=202) to work on /opt/airflow/dags/extraction_dag.py
[2026-09-17T09:31:47.561+0000] {processor.py:830} INFO - Processing file /opt/airflow/dags/extraction_dag.py for tasks to queue
[2026-09-17T09:31:47.564+0000] {logging_mixin.py:188} INFO - [2026-09-17T09:31:47.563+0000] {dagbag.py:545} INFO - Filling up the DagBag from /opt/airflow/dags/extraction_dag.py
[2026-09-17T09:31:47.671+0000] {processor.py:840} INFO - DAG(s) 'youtube_extraction' retrieved from /opt/airflow/dags/extraction_dag.py
[2026-09-17T09:31:47.701+0000] {logging_mixin.py:188} INFO - [2026-09-17T09:31:47.701+0000] {dag.py:3096} INFO - Sync 1 DAGs
[2026-09-17T09:31:47.713+0000] {logging_mixin.py:188} INFO - [2026-09-17T09:31:47.712+0000] {dag.py:3954} INFO - Setting next_dagrun for youtube_extraction to None, run_after=None
[2026-09-17T09:31:47.750+0000] {processor.py:183} INFO - Processing /opt/airflow/dags/extraction_dag.py took 0.198 seconds
[2026-09-17T09:32:17.867+0000] {processor.py:161} INFO - Started process (PID=209) to work on /opt/airflow/dags/extraction_dag.py
[2026-09-17T09:32:17.869+0000] {processor.py:830} INFO - Processing file /opt/airflow/dags/extraction_dag.py for tasks to queue
[2026-09-17T09:32:17.872+0000] {logging_mixin.py:188} INFO - [2026-09-17T09:32:17.872+0000] {dagbag.py:545} INFO - Filling up the DagBag from /opt/airflow/dags/extraction_dag.py
[2026-09-17T09:32:17.981+0000] {processor.py:840} INFO - DAG(s) 'youtube_extraction' retrieved from /opt/airflow/dags/extraction_dag.py
[2026-09-17T09:32:18.007+0000] {logging_mixin.py:188} INFO - [2026-09-17T09:32:18.007+0000] {dag.py:3096} INFO - Sync 1 DAGs
[2026-09-17T09:32:18.019+0000] {logging_mixin.py:188} INFO - [2026-09-17T09:32:18.018+0000] {dag.py:3954} INFO - Setting next_dagrun for youtube_extraction to None, run_after=None
[2026-09-17T09:32:18.046+0000] {processor.py:183} INFO - Processing /opt/airflow/dags/extraction_dag.py took 0.184 seconds
[2026-09-17T09:32:48.301+0000] {processor.py:161} INFO - Started process (PID=216) to work on /opt/airflow/dags/extraction_dag.py
[2026-09-17T09:32:48.303+0000] {processor.py:830} INFO - Processing file /opt/airflow/dags/extraction_dag.py for tasks to queue
[2026-09-17T09:32:48.305+0000] {logging_mixin.py:188} INFO - [2026-09-17T09:32:48.305+0000] {dagbag.py:545} INFO - Filling up the DagBag from /opt/airflow/dags/extraction_dag.py
[2026-09-17T09:32:48.399+0000] {processor.py:840} INFO - DAG(s) 'youtube_extraction' retrieved from /opt/airflow/dags/extraction_dag.py
[2026-09-17T09:32:48.421+0000] {logging_mixin.py:188} INFO - [2026-09-17T09:32:48.421+0000] {dag.py:3096} INFO - Sync 1 DAGs
[2026-09-17T09:32:48.431+0000] {logging_mixin.py:188} INFO - [2026-09-17T09:32:48.430+0000] {dag.py:3954} INFO - Setting next_dagrun for youtube_extraction to None, run_after=None
[2026-09-17T09:32:48.468+0000] {processor.py:183} INFO - Processing /opt/airflow/dags/extraction_dag.py took 0.171 seconds
[2026-09-17T09:33:18.638+0000] {processor.py:161} INFO - Started process (PID=223) to work on /opt/airflow/dags/extraction_dag.py
[2026-09-17T09:33:18.639+0000] {processor.py:830} INFO - Processing file /opt/airflow/dags/extraction_dag.py for tasks to queue
[2026-09-17T09:33:18.641+0000] {logging_mixin.py:188} INFO - [2026-09-17T09:33:18.641+0000] {dagbag.py:545} INFO - Filling up the DagBag from /opt/airflow/dags/extraction_dag.py
[2026-09-17T09:33:18.717+0000] {processor.py:840} INFO - DAG(s) 'youtube_extraction' retrieved from /opt/airflow/dags/extraction_dag.py
[2026-09-17T09:33:18.744+0000] {logging_mixin.py:188} INFO - [2026-09-17T09:33:18.744+0000] {dag.py:3096} INFO - Sync 1 DAGs
[2026-09-17T09:33:18.753+0000] {logging_mixin.py:188} INFO - [2026-09-17T09:33:18.753+0000] {dag.py:3954} INFO - Setting next_dagrun for youtube_extraction to None, run_after=None
[2026-09-17T09:33:18.788+0000] {processor.py:183} INFO - Processing /opt/airflow/dags/extraction_dag.py took 0.155 seconds
[2026-09-17T09:33:49.072+0000] {processor.py:161} INFO - Started process (PID=230) to work on /opt/airflow/dags/extraction_dag.py
[2026-09-17T09:33:49.074+0000] {processor.py:830} INFO - Processing file /opt/airflow/dags/extraction_dag.py for tasks to queue
[2026-09-17T09:33:49.077+0000] {logging_mixin.py:188} INFO - [2026-09-17T09:33:49.077+0000] {dagbag.py:545} INFO - Filling up the DagBag from /opt/airflow/dags/extraction_dag.py
[2026-09-17T09:33:49.181+0000] {processor.py:840} INFO - DAG(s) 'youtube_extraction' retrieved from /opt/airflow/dags/extraction_dag.py
[2026-09-17T09:33:49.212+0000] {logging_mixin.py:188} INFO - [2026-09-17T09:33:49.212+0000] {dag.py:3096} INFO - Sync 1 DAGs
[2026-09-17T09:33:49.224+0000] {logging_mixin.py:188} INFO - [2026-09-17T09:33:49.224+0000] {dag.py:3954} INFO - Setting next_dagrun for youtube_extraction to None, run_after=None
[2026-09-17T09:33:49.262+0000] {processor.py:183} INFO - Processing /opt/airflow/dags/extraction_dag.py took 0.197 seconds
[2026-09-17T09:34:19.368+0000] {processor.py:161} INFO - Started process (PID=237) to work on /opt/airflow/dags/extraction_dag.py
[2026-09-17T09:34:19.369+0000] {processor.py:830} INFO - Processing file /opt/airflow/dags/extraction_dag.py for tasks to queue
[2026-09-17T09:34:19.372+0000] {logging_mixin.py:188} INFO - [2026-09-17T09:34:19.372+0000] {dagbag.py:545} INFO - Filling up the DagBag from /opt/airflow/dags/extraction_dag.py
[2026-09-17T09:34:19.473+0000] {processor.py:840} INFO - DAG(s) 'youtube_extraction' retrieved from /opt/airflow/dags/extraction_dag.py
[2026-09-17T09:34:19.501+0000] {logging_mixin.py:188} INFO - [2026-09-17T09:34:19.500+0000] {dag.py:3096} INFO - Sync 1 DAGs
[2026-09-17T09:34:19.513+0000] {logging_mixin.py:188} INFO - [2026-09-17T09:34:19.513+0000] {dag.py:3954} INFO - Setting next_dagrun for youtube_extraction to None, run_after=None
[2026-09-17T09:34:19.559+0000] {processor.py:183} INFO - Processing /opt/airflow/dags/extraction_dag.py took 0.196 seconds
[2026-09-17T09:34:49.826+0000] {processor.py:161} INFO - Started process (PID=244) to work on /opt/airflow/dags/extraction_dag.py
[2026-09-17T09:34:49.828+0000] {processor.py:830} INFO - Processing file /opt/airflow/dags/extraction_dag.py for tasks to queue
[2026-09-17T09:34:49.831+0000] {logging_mixin.py:188} INFO - [2026-09-17T09:34:49.830+0000] {dagbag.py:545} INFO - Filling up the DagBag from /opt/airflow/dags/extraction_dag.py
[2026-09-17T09:34:49.922+0000] {processor.py:840} INFO - DAG(s) 'youtube_extraction' retrieved from /opt/airflow/dags/extraction_dag.py
[2026-09-17T09:34:49.954+0000] {logging_mixin.py:188} INFO - [2026-09-17T09:34:49.954+0000] {dag.py:3096} INFO - Sync 1 DAGs
[2026-09-17T09:34:49.966+0000] {logging_mixin.py:188} INFO - [2026-09-17T09:34:49.966+0000] {dag.py:3954} INFO - Setting next_dagrun for youtube_extraction to None, run_after=None
[2026-09-17T09:34:50.018+0000] {processor.py:183} INFO - Processing /opt/airflow/dags/extraction_dag.py took 0.197 seconds
[2026-09-17T09:35:20.170+0000] {processor.py:161} INFO - Started process (PID=251) to work on /opt/airflow/dags/extraction_dag.py
[2026-09-17T09:35:20.172+0000] {processor.py:830} INFO - Processing file /opt/airflow/dags/extraction_dag.py for tasks to queue
[2026-09-17T09:35:20.176+0000] {logging_mixin.py:188} INFO - [2026-09-17T09:35:20.175+0000] {dagbag.py:545} INFO - Filling up the DagBag from /opt/airflow/dags/extraction_dag.py
[2026-09-17T09:35:20.285+0000] {processor.py:840} INFO - DAG(s) 'youtube_extraction' retrieved from /opt/airflow/dags/extraction_dag.py
[2026-09-17T09:35:20.307+0000] {logging_mixin.py:188} INFO - [2026-09-17T09:35:20.307+0000] {dag.py:3096} INFO - Sync 1 DAGs
[2026-09-17T09:35:20.318+0000] {logging_mixin.py:188} INFO - [2026-09-17T09:35:20.318+0000] {dag.py:3954} INFO - Setting next_dagrun for youtube_extraction to None, run_after=None
[2026-09-17T09:35:20.355+0000] {processor.py:183} INFO - Processing /opt/airflow/dags/extraction_dag.py took 0.190 seconds
[2026-09-17T09:35:50.620+0000] {processor.py:161} INFO - Started process (PID=258) to work on /opt/airflow/dags/extraction_dag.py
[2026-09-17T09:35:50.622+0000] {processor.py:830} INFO - Processing file /opt/airflow/dags/extraction_dag.py for tasks to queue
[2026-09-17T09:35:50.625+0000] {logging_mixin.py:188} INFO - [2026-09-17T09:35:50.624+0000] {dagbag.py:545} INFO - Filling up the DagBag from /opt/airflow/dags/extraction_dag.py
[2026-09-17T09:35:50.723+0000] {processor.py:840} INFO - DAG(s) 'youtube_extraction' retrieved from /opt/airflow/dags/extraction_dag.py
[2026-09-17T09:35:50.746+0000] {logging_mixin.py:188} INFO - [2026-09-17T09:35:50.746+0000] {dag.py:3096} INFO - Sync 1 DAGs
[2026-09-17T09:35:50.757+0000] {logging_mixin.py:188} INFO - [2026-09-17T09:35:50.757+0000] {dag.py:3954} INFO - Setting next_dagrun for youtube_extraction to None, run_after=None
[2026-09-17T09:35:50.798+0000] {processor.py:183} INFO - Processing /opt/airflow/dags/extraction_dag.py took 0.182 seconds
[2026-09-17T09:36:20.929+0000] {processor.py:161} INFO - Started process (PID=265) to work on /opt/airflow/dags/extraction_dag.py
[2026-09-17T09:36:20.931+0000] {processor.py:830} INFO - Processing file /opt/airflow/dags/extraction_dag.py for tasks to queue
[2026-09-17T09:36:20.934+0000] {logging_mixin.py:188} INFO - [2026-09-17T09:36:20.934+0000] {dagbag.py:545} INFO - Filling up the DagBag from /opt/airflow/dags/extraction_dag.py
[2026-09-17T09:36:21.030+0000] {processor.py:840} INFO - DAG(s) 'youtube_extraction' retrieved from /opt/airflow/dags/extraction_dag.py
[2026-09-17T09:36:21.054+0000] {logging_mixin.py:188} INFO - [2026-09-17T09:36:21.054+0000] {dag.py:3096} INFO - Sync 1 DAGs
[2026-09-17T09:36:21.064+0000] {logging_mixin.py:188} INFO - [2026-09-17T09:36:21.064+0000] {dag.py:3954} INFO - Setting next_dagrun for youtube_extraction to None, run_after=None
[2026-09-17T09:36:21.102+0000] {processor.py:183} INFO - Processing /opt/airflow/dags/extraction_dag.py took 0.178 seconds
[2026-09-17T09:36:51.235+0000] {processor.py:161} INFO - Started process (PID=272) to work on /opt/airflow/dags/extraction_dag.py
[2026-09-17T09:36:51.237+0000] {processor.py:830} INFO - Processing file /opt/airflow/dags/extraction_dag.py for tasks to queue
[2026-09-17T09:36:51.240+0000] {logging_mixin.py:188} INFO - [2026-09-17T09:36:51.240+0000] {dagbag.py:545} INFO - Filling up the DagBag from /opt/airflow/dags/extraction_dag.py
[2026-09-17T09:36:51.344+0000] {processor.py:840} INFO - DAG(s) 'youtube_extraction' retrieved from /opt/airflow/dags/extraction_dag.py
[2026-09-17T09:36:51.366+0000] {logging_mixin.py:188} INFO - [2026-09-17T09:36:51.365+0000] {dag.py:3096} INFO - Sync 1 DAGs
[2026-09-17T09:36:51.377+0000] {logging_mixin.py:188} INFO - [2026-09-17T09:36:51.377+0000] {dag.py:3954} INFO - Setting next_dagrun for youtube_extraction to None, run_after=None
[2026-09-17T09:36:51.417+0000] {processor.py:183} INFO - Processing /opt/airflow/dags/extraction_dag.py took 0.188 seconds
[2026-09-17T09:37:21.643+0000] {processor.py:161} INFO - Started process (PID=279) to work on /opt/airflow/dags/extraction_dag.py
[2026-09-17T09:37:21.644+0000] {processor.py:830} INFO - Processing file /opt/airflow/dags/extraction_dag.py for tasks to queue
[2026-09-17T09:37:21.646+0000] {logging_mixin.py:188} INFO - [2026-09-17T09:37:21.646+0000] {dagbag.py:545} INFO - Filling up the DagBag from /opt/airflow/dags/extraction_dag.py
[2026-09-17T09:37:21.708+0000] {processor.py:840} INFO - DAG(s) 'youtube_extraction' retrieved from /opt/airflow/dags/extraction_dag.py
[2026-09-17T09:37:21.736+0000] {logging_mixin.py:188} INFO - [2026-09-17T09:37:21.736+0000] {dag.py:3096} INFO - Sync 1 DAGs
[2026-09-17T09:37:21.748+0000] {logging_mixin.py:188} INFO - [2026-09-17T09:37:21.748+0000] {dag.py:3954} INFO - Setting next_dagrun for youtube_extraction to None, run_after=None
[2026-09-17T09:37:21.783+0000] {processor.py:183} INFO - Processing /opt/airflow/dags/extraction_dag.py took 0.145 seconds
[2026-09-17T09:37:52.044+0000] {processor.py:161} INFO - Started process (PID=286) to work on /opt/airflow/dags/extraction_dag.py
[2026-09-17T09:37:52.046+0000] {processor.py:830} INFO - Processing file /opt/airflow/dags/extraction_dag.py for tasks to queue
[2026-09-17T09:37:52.050+0000] {logging_mixin.py:188} INFO - [2026-09-17T09:37:52.049+0000] {dagbag.py:545} INFO - Filling up the DagBag from /opt/airflow/dags/extraction_dag.py
[2026-09-17T09:37:52.175+0000] {processor.py:840} INFO - DAG(s) 'youtube_extraction' retrieved from /opt/airflow/dags/extraction_dag.py
[2026-09-17T09:37:52.204+0000] {logging_mixin.py:188} INFO - [2026-09-17T09:37:52.203+0000] {dag.py:3096} INFO - Sync 1 DAGs
[2026-09-17T09:37:52.216+0000] {logging_mixin.py:188} INFO - [2026-09-17T09:37:52.216+0000] {dag.py:3954} INFO - Setting next_dagrun for youtube_extraction to None, run_after=None
[2026-09-17T09:37:52.257+0000] {processor.py:183} INFO - Processing /opt/airflow/dags/extraction_dag.py took 0.220 seconds
[2026-09-17T09:38:22.398+0000] {processor.py:161} INFO - Started process (PID=293) to work on /opt/airflow/dags/extraction_dag.py
[2026-09-17T09:38:22.400+0000] {processor.py:830} INFO - Processing file /opt/airflow/dags/extraction_dag.py for tasks to queue
[2026-09-17T09:38:22.403+0000] {logging_mixin.py:188} INFO - [2026-09-17T09:38:22.403+0000] {dagbag.py:545} INFO - Filling up the DagBag from /opt/airflow/dags/extraction_dag.py
[2026-09-17T09:38:22.499+0000] {processor.py:840} INFO - DAG(s) 'youtube_extraction' retrieved from /opt/airflow/dags/extraction_dag.py
[2026-09-17T09:38:22.521+0000] {logging_mixin.py:188} INFO - [2026-09-17T09:38:22.521+0000] {dag.py:3096} INFO - Sync 1 DAGs
[2026-09-17T09:38:22.532+0000] {logging_mixin.py:188} INFO - [2026-09-17T09:38:22.532+0000] {dag.py:3954} INFO - Setting next_dagrun for youtube_extraction to None, run_after=None
[2026-09-17T09:38:22.569+0000] {processor.py:183} INFO - Processing /opt/airflow/dags/extraction_dag.py took 0.176 seconds
[2026-09-17T09:38:52.852+0000] {processor.py:161} INFO - Started process (PID=300) to work on /opt/airflow/dags/extraction_dag.py
[2026-09-17T09:38:52.854+0000] {processor.py:830} INFO - Processing file /opt/airflow/dags/extraction_dag.py for tasks to queue
[2026-09-17T09:38:52.857+0000] {logging_mixin.py:188} INFO - [2026-09-17T09:38:52.856+0000] {dagbag.py:545} INFO - Filling up the DagBag from /opt/airflow/dags/extraction_dag.py
[2026-09-17T09:38:52.984+0000] {processor.py:840} INFO - DAG(s) 'youtube_extraction' retrieved from /opt/airflow/dags/extraction_dag.py
[2026-09-17T09:38:53.007+0000] {logging_mixin.py:188} INFO - [2026-09-17T09:38:53.007+0000] {dag.py:3096} INFO - Sync 1 DAGs
[2026-09-17T09:38:53.018+0000] {logging_mixin.py:188} INFO - [2026-09-17T09:38:53.017+0000] {dag.py:3954} INFO - Setting next_dagrun for youtube_extraction to None, run_after=None
[2026-09-17T09:38:53.055+0000] {processor.py:183} INFO - Processing /opt/airflow/dags/extraction_dag.py took 0.208 seconds
[2026-09-17T09:39:23.166+0000] {processor.py:161} INFO - Started process (PID=307) to work on /opt/airflow/dags/extraction_dag.py
[2026-09-17T09:39:23.168+0000] {processor.py:830} INFO - Processing file /opt/airflow/dags/extraction_dag.py for tasks to queue
[2026-09-17T09:39:23.171+0000] {logging_mixin.py:188} INFO - [2026-09-17T09:39:23.171+0000] {dagbag.py:545} INFO - Filling up the DagBag from /opt/airflow/dags/extraction_dag.py
[2026-09-17T09:39:23.262+0000] {processor.py:840} INFO - DAG(s) 'youtube_extraction' retrieved from /opt/airflow/dags/extraction_dag.py
[2026-09-17T09:39:23.287+0000] {logging_mixin.py:188} INFO - [2026-09-17T09:39:23.286+0000] {dag.py:3096} INFO - Sync 1 DAGs
[2026-09-17T09:39:23.298+0000] {logging_mixin.py:188} INFO - [2026-09-17T09:39:23.298+0000] {dag.py:3954} INFO - Setting next_dagrun for youtube_extraction to None, run_after=None
[2026-09-17T09:39:23.340+0000] {processor.py:183} INFO - Processing /opt/airflow/dags/extraction_dag.py took 0.178 seconds
[2026-09-17T09:39:53.629+0000] {processor.py:161} INFO - Started process (PID=314) to work on /opt/airflow/dags/extraction_dag.py
[2026-09-17T09:39:53.631+0000] {processor.py:830} INFO - Processing file /opt/airflow/dags/extraction_dag.py for tasks to queue
[2026-09-17T09:39:53.635+0000] {logging_mixin.py:188} INFO - [2026-09-17T09:39:53.634+0000] {dagbag.py:545} INFO - Filling up the DagBag from /opt/airflow/dags/extraction_dag.py
[2026-09-17T09:39:53.727+0000] {processor.py:840} INFO - DAG(s) 'youtube_extraction' retrieved from /opt/airflow/dags/extraction_dag.py
[2026-09-17T09:39:53.755+0000] {logging_mixin.py:188} INFO - [2026-09-17T09:39:53.754+0000] {dag.py:3096} INFO - Sync 1 DAGs
[2026-09-17T09:39:53.773+0000] {logging_mixin.py:188} INFO - [2026-09-17T09:39:53.773+0000] {dag.py:3954} INFO - Setting next_dagrun for youtube_extraction to None, run_after=None
[2026-09-17T09:39:53.799+0000] {processor.py:183} INFO - Processing /opt/airflow/dags/extraction_dag.py took 0.220 seconds
[2026-09-17T09:40:23.993+0000] {processor.py:161} INFO - Started process (PID=321) to work on /opt/airflow/dags/extraction_dag.py
[2026-09-17T09:40:23.995+0000] {processor.py:830} INFO - Processing file /opt/airflow/dags/extraction_dag.py for tasks to queue
[2026-09-17T09:40:23.999+0000] {logging_mixin.py:188} INFO - [2026-09-17T09:40:23.999+0000] {dagbag.py:545} INFO - Filling up the DagBag from /opt/airflow/dags/extraction_dag.py
[2026-09-17T09:40:24.107+0000] {processor.py:840} INFO - DAG(s) 'youtube_extraction' retrieved from /opt/airflow/dags/extraction_dag.py
[2026-09-17T09:40:24.129+0000] {logging_mixin.py:188} INFO - [2026-09-17T09:40:24.129+0000] {dag.py:3096} INFO - Sync 1 DAGs
[2026-09-17T09:40:24.141+0000] {logging_mixin.py:188} INFO - [2026-09-17T09:40:24.141+0000] {dag.py:3954} INFO - Setting next_dagrun for youtube_extraction to None, run_after=None
[2026-09-17T09:40:24.175+0000] {processor.py:183} INFO - Processing /opt/airflow/dags/extraction_dag.py took 0.189 seconds
[2026-09-17T09:40:54.406+0000] {processor.py:161} INFO - Started process (PID=329) to work on /opt/airflow/dags/extraction_dag.py
[2026-09-17T09:40:54.408+0000] {processor.py:830} INFO - Processing file /opt/airflow/dags/extraction_dag.py for tasks to queue
[2026-09-17T09:40:54.411+0000] {logging_mixin.py:188} INFO - [2026-09-17T09:40:54.410+0000] {dagbag.py:545} INFO - Filling up the DagBag from /opt/airflow/dags/extraction_dag.py
[2026-09-17T09:40:54.508+0000] {processor.py:840} INFO - DAG(s) 'youtube_extraction' retrieved from /opt/airflow/dags/extraction_dag.py
[2026-09-17T09:40:54.531+0000] {logging_mixin.py:188} INFO - [2026-09-17T09:40:54.530+0000] {dag.py:3096} INFO - Sync 1 DAGs
[2026-09-17T09:40:54.542+0000] {logging_mixin.py:188} INFO - [2026-09-17T09:40:54.541+0000] {dag.py:3954} INFO - Setting next_dagrun for youtube_extraction to None, run_after=None
[2026-09-17T09:40:54.585+0000] {processor.py:183} INFO - Processing /opt/airflow/dags/extraction_dag.py took 0.184 seconds
[2026-09-17T09:41:24.846+0000] {processor.py:161} INFO - Started process (PID=336) to work on /opt/airflow/dags/extraction_dag.py
[2026-09-17T09:41:24.848+0000] {processor.py:830} INFO - Processing file /opt/airflow/dags/extraction_dag.py for tasks to queue
[2026-09-17T09:41:24.850+0000] {logging_mixin.py:188} INFO - [2026-09-17T09:41:24.850+0000] {dagbag.py:545} INFO - Filling up the DagBag from /opt/airflow/dags/extraction_dag.py
[2026-09-17T09:41:24.956+0000] {processor.py:840} INFO - DAG(s) 'youtube_extraction' retrieved from /opt/airflow/dags/extraction_dag.py
[2026-09-17T09:41:24.992+0000] {logging_mixin.py:188} INFO - [2026-09-17T09:41:24.992+0000] {dag.py:3096} INFO - Sync 1 DAGs
[2026-09-17T09:41:25.003+0000] {logging_mixin.py:188} INFO - [2026-09-17T09:41:25.003+0000] {dag.py:3954} INFO - Setting next_dagrun for youtube_extraction to None, run_after=None
[2026-09-17T09:41:25.023+0000] {processor.py:183} INFO - Processing /opt/airflow/dags/extraction_dag.py took 0.182 seconds
[2026-09-17T09:41:55.165+0000] {processor.py:161} INFO - Started process (PID=343) to work on /opt/airflow/dags/extraction_dag.py
[2026-09-17T09:41:55.167+0000] {processor.py:830} INFO - Processing file /opt/airflow/dags/extraction_dag.py for tasks to queue
[2026-09-17T09:41:55.170+0000] {logging_mixin.py:188} INFO - [2026-09-17T09:41:55.170+0000] {dagbag.py:545} INFO - Filling up the DagBag from /opt/airflow/dags/extraction_dag.py
[2026-09-17T09:41:55.273+0000] {processor.py:840} INFO - DAG(s) 'youtube_extraction' retrieved from /opt/airflow/dags/extraction_dag.py
[2026-09-17T09:41:55.293+0000] {logging_mixin.py:188} INFO - [2026-09-17T09:41:55.292+0000] {dag.py:3096} INFO - Sync 1 DAGs
[2026-09-17T09:41:55.304+0000] {logging_mixin.py:188} INFO - [2026-09-17T09:41:55.304+0000] {dag.py:3954} INFO - Setting next_dagrun for youtube_extraction to None, run_after=None
[2026-09-17T09:41:55.351+0000] {processor.py:183} INFO - Processing /opt/airflow/dags/extraction_dag.py took 0.190 seconds
[2026-09-17T09:42:25.596+0000] {processor.py:161} INFO - Started process (PID=350) to work on /opt/airflow/dags/extraction_dag.py
[2026-09-17T09:42:25.599+0000] {processor.py:830} INFO - Processing file /opt/airflow/dags/extraction_dag.py for tasks to queue
[2026-09-17T09:42:25.604+0000] {logging_mixin.py:188} INFO - [2026-09-17T09:42:25.603+0000] {dagbag.py:545} INFO - Filling up the DagBag from /opt/airflow/dags/extraction_dag.py
[2026-09-17T09:42:25.694+0000] {processor.py:840} INFO - DAG(s) 'youtube_extraction' retrieved from /opt/airflow/dags/extraction_dag.py
[2026-09-17T09:42:25.715+0000] {logging_mixin.py:188} INFO - [2026-09-17T09:42:25.715+0000] {dag.py:3096} INFO - Sync 1 DAGs
[2026-09-17T09:42:25.726+0000] {logging_mixin.py:188} INFO - [2026-09-17T09:42:25.726+0000] {dag.py:3954} INFO - Setting next_dagrun for youtube_extraction to None, run_after=None
[2026-09-17T09:42:25.767+0000] {processor.py:183} INFO - Processing /opt/airflow/dags/extraction_dag.py took 0.179 seconds
[2026-09-17T09:42:55.935+0000] {processor.py:161} INFO - Started process (PID=357) to work on /opt/airflow/dags/extraction_dag.py
[2026-09-17T09:42:55.937+0000] {processor.py:830} INFO - Processing file /opt/airflow/dags/extraction_dag.py for tasks to queue
[2026-09-17T09:42:55.941+0000] {logging_mixin.py:188} INFO - [2026-09-17T09:42:55.940+0000] {dagbag.py:545} INFO - Filling up the DagBag from /opt/airflow/dags/extraction_dag.py
[2026-09-17T09:42:56.030+0000] {processor.py:840} INFO - DAG(s) 'youtube_extraction' retrieved from /opt/airflow/dags/extraction_dag.py
[2026-09-17T09:42:56.052+0000] {logging_mixin.py:188} INFO - [2026-09-17T09:42:56.051+0000] {dag.py:3096} INFO - Sync 1 DAGs
[2026-09-17T09:42:56.063+0000] {logging_mixin.py:188} INFO - [2026-09-17T09:42:56.062+0000] {dag.py:3954} INFO - Setting next_dagrun for youtube_extraction to None, run_after=None
[2026-09-17T09:42:56.095+0000] {processor.py:183} INFO - Processing /opt/airflow/dags/extraction_dag.py took 0.169 seconds
[2026-09-17T09:43:26.383+0000] {processor.py:161} INFO - Started process (PID=364) to work on /opt/airflow/dags/extraction_dag.py
[2026-09-17T09:43:26.385+0000] {processor.py:830} INFO - Processing file /opt/airflow/dags/extraction_dag.py for tasks to queue
[2026-09-17T09:43:26.388+0000] {logging_mixin.py:188} INFO - [2026-09-17T09:43:26.388+0000] {dagbag.py:545} INFO - Filling up the DagBag from /opt/airflow/dags/extraction_dag.py
[2026-09-17T09:43:26.460+0000] {processor.py:840} INFO - DAG(s) 'youtube_extraction' retrieved from /opt/airflow/dags/extraction_dag.py
[2026-09-17T09:43:26.483+0000] {logging_mixin.py:188} INFO - [2026-09-17T09:43:26.483+0000] {dag.py:3096} INFO - Sync 1 DAGs
[2026-09-17T09:43:26.495+0000] {logging_mixin.py:188} INFO - [2026-09-17T09:43:26.495+0000] {dag.py:3954} INFO - Setting next_dagrun for youtube_extraction to None, run_after=None
[2026-09-17T09:43:26.522+0000] {processor.py:183} INFO - Processing /opt/airflow/dags/extraction_dag.py took 0.142 seconds
[2026-09-17T09:43:56.700+0000] {processor.py:161} INFO - Started process (PID=371) to work on /opt/airflow/dags/extraction_dag.py
[2026-09-17T09:43:56.702+0000] {processor.py:830} INFO - Processing file /opt/airflow/dags/extraction_dag.py for tasks to queue
[2026-09-17T09:43:56.706+0000] {logging_mixin.py:188} INFO - [2026-09-17T09:43:56.705+0000] {dagbag.py:545} INFO - Filling up the DagBag from /opt/airflow/dags/extraction_dag.py
[2026-09-17T09:43:56.804+0000] {processor.py:840} INFO - DAG(s) 'youtube_extraction' retrieved from /opt/airflow/dags/extraction_dag.py
[2026-09-17T09:43:56.827+0000] {logging_mixin.py:188} INFO - [2026-09-17T09:43:56.827+0000] {dag.py:3096} INFO - Sync 1 DAGs
[2026-09-17T09:43:56.839+0000] {logging_mixin.py:188} INFO - [2026-09-17T09:43:56.838+0000] {dag.py:3954} INFO - Setting next_dagrun for youtube_extraction to None, run_after=None
[2026-09-17T09:43:56.859+0000] {processor.py:183} INFO - Processing /opt/airflow/dags/extraction_dag.py took 0.164 seconds
[2026-09-17T09:44:27.099+0000] {processor.py:161} INFO - Started process (PID=378) to work on /opt/airflow/dags/extraction_dag.py
[2026-09-17T09:44:27.100+0000] {processor.py:830} INFO - Processing file /opt/airflow/dags/extraction_dag.py for tasks to queue
[2026-09-17T09:44:27.103+0000] {logging_mixin.py:188} INFO - [2026-09-17T09:44:27.103+0000] {dagbag.py:545} INFO - Filling up the DagBag from /opt/airflow/dags/extraction_dag.py
[2026-09-17T09:44:27.189+0000] {processor.py:840} INFO - DAG(s) 'youtube_extraction' retrieved from /opt/airflow/dags/extraction_dag.py
[2026-09-17T09:44:27.212+0000] {logging_mixin.py:188} INFO - [2026-09-17T09:44:27.212+0000] {dag.py:3096} INFO - Sync 1 DAGs
[2026-09-17T09:44:27.225+0000] {logging_mixin.py:188} INFO - [2026-09-17T09:44:27.225+0000] {dag.py:3954} INFO - Setting next_dagrun for youtube_extraction to None, run_after=None
[2026-09-17T09:44:27.251+0000] {processor.py:183} INFO - Processing /opt/airflow/dags/extraction_dag.py took 0.158 seconds
[2026-09-17T09:44:57.478+0000] {processor.py:161} INFO - Started process (PID=385) to work on /opt/airflow/dags/extraction_dag.py
[2026-09-17T09:44:57.480+0000] {processor.py:830} INFO - Processing file /opt/airflow/dags/extraction_dag.py for tasks to queue
[2026-09-17T09:44:57.482+0000] {logging_mixin.py:188} INFO - [2026-09-17T09:44:57.482+0000] {dagbag.py:545} INFO - Filling up the DagBag from /opt/airflow/dags/extraction_dag.py
[2026-09-17T09:44:57.582+0000] {processor.py:840} INFO - DAG(s) 'youtube_extraction' retrieved from /opt/airflow/dags/extraction_dag.py
[2026-09-17T09:44:57.622+0000] {logging_mixin.py:188} INFO - [2026-09-17T09:44:57.621+0000] {dag.py:3096} INFO - Sync 1 DAGs
[2026-09-17T09:44:57.638+0000] {logging_mixin.py:188} INFO - [2026-09-17T09:44:57.638+0000] {dag.py:3954} INFO - Setting next_dagrun for youtube_extraction to None, run_after=None
[2026-09-17T09:44:57.668+0000] {processor.py:183} INFO - Processing /opt/airflow/dags/extraction_dag.py took 0.196 seconds
[2026-09-17T09:45:27.878+0000] {processor.py:161} INFO - Started process (PID=392) to work on /opt/airflow/dags/extraction_dag.py
[2026-09-17T09:45:27.880+0000] {processor.py:830} INFO - Processing file /opt/airflow/dags/extraction_dag.py for tasks to queue
[2026-09-17T09:45:27.882+0000] {logging_mixin.py:188} INFO - [2026-09-17T09:45:27.882+0000] {dagbag.py:545} INFO - Filling up the DagBag from /opt/airflow/dags/extraction_dag.py
[2026-09-17T09:45:27.982+0000] {processor.py:840} INFO - DAG(s) 'youtube_extraction' retrieved from /opt/airflow/dags/extraction_dag.py
[2026-09-17T09:45:28.002+0000] {logging_mixin.py:188} INFO - [2026-09-17T09:45:28.002+0000] {dag.py:3096} INFO - Sync 1 DAGs
[2026-09-17T09:45:28.013+0000] {logging_mixin.py:188} INFO - [2026-09-17T09:45:28.013+0000] {dag.py:3954} INFO - Setting next_dagrun for youtube_extraction to None, run_after=None
[2026-09-17T09:45:28.037+0000] {processor.py:183} INFO - Processing /opt/airflow/dags/extraction_dag.py took 0.164 seconds
[2026-09-17T09:45:58.254+0000] {processor.py:161} INFO - Started process (PID=399) to work on /opt/airflow/dags/extraction_dag.py
[2026-09-17T09:45:58.256+0000] {processor.py:830} INFO - Processing file /opt/airflow/dags/extraction_dag.py for tasks to queue
[2026-09-17T09:45:58.259+0000] {logging_mixin.py:188} INFO - [2026-09-17T09:45:58.258+0000] {dagbag.py:545} INFO - Filling up the DagBag from /opt/airflow/dags/extraction_dag.py
[2026-09-17T09:45:58.352+0000] {processor.py:840} INFO - DAG(s) 'youtube_extraction' retrieved from /opt/airflow/dags/extraction_dag.py
[2026-09-17T09:45:58.372+0000] {logging_mixin.py:188} INFO - [2026-09-17T09:45:58.372+0000] {dag.py:3096} INFO - Sync 1 DAGs
[2026-09-17T09:45:58.381+0000] {logging_mixin.py:188} INFO - [2026-09-17T09:45:58.381+0000] {dag.py:3954} INFO - Setting next_dagrun for youtube_extraction to None, run_after=None
[2026-09-17T09:45:58.406+0000] {processor.py:183} INFO - Processing /opt/airflow/dags/extraction_dag.py took 0.156 seconds
[2026-09-17T09:46:28.711+0000] {processor.py:161} INFO - Started process (PID=406) to work on /opt/airflow/dags/extraction_dag.py
[2026-09-17T09:46:28.713+0000] {processor.py:830} INFO - Processing file /opt/airflow/dags/extraction_dag.py for tasks to queue
[2026-09-17T09:46:28.716+0000] {logging_mixin.py:188} INFO - [2026-09-17T09:46:28.716+0000] {dagbag.py:545} INFO - Filling up the DagBag from /opt/airflow/dags/extraction_dag.py
[2026-09-17T09:46:28.821+0000] {processor.py:840} INFO - DAG(s) 'youtube_extraction' retrieved from /opt/airflow/dags/extraction_dag.py
[2026-09-17T09:46:28.844+0000] {logging_mixin.py:188} INFO - [2026-09-17T09:46:28.843+0000] {dag.py:3096} INFO - Sync 1 DAGs
[2026-09-17T09:46:28.854+0000] {logging_mixin.py:188} INFO - [2026-09-17T09:46:28.854+0000] {dag.py:3954} INFO - Setting next_dagrun for youtube_extraction to None, run_after=None
[2026-09-17T09:46:28.879+0000] {processor.py:183} INFO - Processing /opt/airflow/dags/extraction_dag.py took 0.173 seconds
[2026-09-17T09:46:59.030+0000] {processor.py:161} INFO - Started process (PID=413) to work on /opt/airflow/dags/extraction_dag.py
[2026-09-17T09:46:59.032+0000] {processor.py:830} INFO - Processing file /opt/airflow/dags/extraction_dag.py for tasks to queue
[2026-09-17T09:46:59.035+0000] {logging_mixin.py:188} INFO - [2026-09-17T09:46:59.035+0000] {dagbag.py:545} INFO - Filling up the DagBag from /opt/airflow/dags/extraction_dag.py
[2026-09-17T09:46:59.148+0000] {processor.py:840} INFO - DAG(s) 'youtube_extraction' retrieved from /opt/airflow/dags/extraction_dag.py
[2026-09-17T09:46:59.172+0000] {logging_mixin.py:188} INFO - [2026-09-17T09:46:59.172+0000] {dag.py:3096} INFO - Sync 1 DAGs
[2026-09-17T09:46:59.184+0000] {logging_mixin.py:188} INFO - [2026-09-17T09:46:59.184+0000] {dag.py:3954} INFO - Setting next_dagrun for youtube_extraction to None, run_after=None
[2026-09-17T09:46:59.212+0000] {processor.py:183} INFO - Processing /opt/airflow/dags/extraction_dag.py took 0.187 seconds
[2026-09-17T09:47:29.423+0000] {processor.py:161} INFO - Started process (PID=420) to work on /opt/airflow/dags/extraction_dag.py
[2026-09-17T09:47:29.424+0000] {processor.py:830} INFO - Processing file /opt/airflow/dags/extraction_dag.py for tasks to queue
[2026-09-17T09:47:29.433+0000] {logging_mixin.py:188} INFO - [2026-09-17T09:47:29.432+0000] {dagbag.py:545} INFO - Filling up the DagBag from /opt/airflow/dags/extraction_dag.py
[2026-09-17T09:47:29.498+0000] {processor.py:840} INFO - DAG(s) 'youtube_extraction' retrieved from /opt/airflow/dags/extraction_dag.py
[2026-09-17T09:47:29.521+0000] {logging_mixin.py:188} INFO - [2026-09-17T09:47:29.521+0000] {dag.py:3096} INFO - Sync 1 DAGs
[2026-09-17T09:47:29.533+0000] {logging_mixin.py:188} INFO - [2026-09-17T09:47:29.533+0000] {dag.py:3954} INFO - Setting next_dagrun for youtube_extraction to None, run_after=None
[2026-09-17T09:47:29.561+0000] {processor.py:183} INFO - Processing /opt/airflow/dags/extraction_dag.py took 0.144 seconds
[2026-09-17T09:47:59.761+0000] {processor.py:161} INFO - Started process (PID=427) to work on /opt/airflow/dags/extraction_dag.py
[2026-09-17T09:47:59.764+0000] {processor.py:830} INFO - Processing file /opt/airflow/dags/extraction_dag.py for tasks to queue
[2026-09-17T09:47:59.768+0000] {logging_mixin.py:188} INFO - [2026-09-17T09:47:59.768+0000] {dagbag.py:545} INFO - Filling up the DagBag from /opt/airflow/dags/extraction_dag.py
[2026-09-17T09:47:59.879+0000] {processor.py:840} INFO - DAG(s) 'youtube_extraction' retrieved from /opt/airflow/dags/extraction_dag.py
[2026-09-17T09:47:59.907+0000] {logging_mixin.py:188} INFO - [2026-09-17T09:47:59.907+0000] {dag.py:3096} INFO - Sync 1 DAGs
[2026-09-17T09:47:59.920+0000] {logging_mixin.py:188} INFO - [2026-09-17T09:47:59.920+0000] {dag.py:3954} INFO - Setting next_dagrun for youtube_extraction to None, run_after=None
[2026-09-17T09:47:59.949+0000] {processor.py:183} INFO - Processing /opt/airflow/dags/extraction_dag.py took 0.195 seconds
[2026-09-17T09:48:30.062+0000] {processor.py:161} INFO - Started process (PID=434) to work on /opt/airflow/dags/extraction_dag.py
[2026-09-17T09:48:30.064+0000] {processor.py:830} INFO - Processing file /opt/airflow/dags/extraction_dag.py for tasks to queue
[2026-09-17T09:48:30.067+0000] {logging_mixin.py:188} INFO - [2026-09-17T09:48:30.067+0000] {dagbag.py:545} INFO - Filling up the DagBag from /opt/airflow/dags/extraction_dag.py
[2026-09-17T09:48:30.162+0000] {processor.py:840} INFO - DAG(s) 'youtube_extraction' retrieved from /opt/airflow/dags/extraction_dag.py
[2026-09-17T09:48:30.187+0000] {logging_mixin.py:188} INFO - [2026-09-17T09:48:30.187+0000] {dag.py:3096} INFO - Sync 1 DAGs
[2026-09-17T09:48:30.200+0000] {logging_mixin.py:188} INFO - [2026-09-17T09:48:30.200+0000] {dag.py:3954} INFO - Setting next_dagrun for youtube_extraction to None, run_after=None
[2026-09-17T09:48:30.227+0000] {processor.py:183} INFO - Processing /opt/airflow/dags/extraction_dag.py took 0.170 seconds
[2026-09-17T09:49:00.484+0000] {processor.py:161} INFO - Started process (PID=441) to work on /opt/airflow/dags/extraction_dag.py
[2026-09-17T09:49:00.486+0000] {processor.py:830} INFO - Processing file /opt/airflow/dags/extraction_dag.py for tasks to queue
[2026-09-17T09:49:00.489+0000] {logging_mixin.py:188} INFO - [2026-09-17T09:49:00.489+0000] {dagbag.py:545} INFO - Filling up the DagBag from /opt/airflow/dags/extraction_dag.py
[2026-09-17T09:49:00.578+0000] {processor.py:840} INFO - DAG(s) 'youtube_extraction' retrieved from /opt/airflow/dags/extraction_dag.py
[2026-09-17T09:49:00.600+0000] {logging_mixin.py:188} INFO - [2026-09-17T09:49:00.600+0000] {dag.py:3096} INFO - Sync 1 DAGs
[2026-09-17T09:49:00.617+0000] {logging_mixin.py:188} INFO - [2026-09-17T09:49:00.616+0000] {dag.py:3954} INFO - Setting next_dagrun for youtube_extraction to None, run_after=None
[2026-09-17T09:49:00.639+0000] {processor.py:183} INFO - Processing /opt/airflow/dags/extraction_dag.py took 0.159 seconds
[2026-09-17T09:49:30.786+0000] {processor.py:161} INFO - Started process (PID=448) to work on /opt/airflow/dags/extraction_dag.py
[2026-09-17T09:49:30.788+0000] {processor.py:830} INFO - Processing file /opt/airflow/dags/extraction_dag.py for tasks to queue
[2026-09-17T09:49:30.791+0000] {logging_mixin.py:188} INFO - [2026-09-17T09:49:30.791+0000] {dagbag.py:545} INFO - Filling up the DagBag from /opt/airflow/dags/extraction_dag.py
[2026-09-17T09:49:30.887+0000] {processor.py:840} INFO - DAG(s) 'youtube_extraction' retrieved from /opt/airflow/dags/extraction_dag.py
[2026-09-17T09:49:30.927+0000] {logging_mixin.py:188} INFO - [2026-09-17T09:49:30.927+0000] {dag.py:3096} INFO - Sync 1 DAGs
[2026-09-17T09:49:30.947+0000] {logging_mixin.py:188} INFO - [2026-09-17T09:49:30.947+0000] {dag.py:3954} INFO - Setting next_dagrun for youtube_extraction to None, run_after=None
[2026-09-17T09:49:30.975+0000] {processor.py:183} INFO - Processing /opt/airflow/dags/extraction_dag.py took 0.196 seconds
[2026-09-17T09:50:01.181+0000] {processor.py:161} INFO - Started process (PID=455) to work on /opt/airflow/dags/extraction_dag.py
[2026-09-17T09:50:01.183+0000] {processor.py:830} INFO - Processing file /opt/airflow/dags/extraction_dag.py for tasks to queue
[2026-09-17T09:50:01.186+0000] {logging_mixin.py:188} INFO - [2026-09-17T09:50:01.186+0000] {dagbag.py:545} INFO - Filling up the DagBag from /opt/airflow/dags/extraction_dag.py
[2026-09-17T09:50:01.297+0000] {processor.py:840} INFO - DAG(s) 'youtube_extraction' retrieved from /opt/airflow/dags/extraction_dag.py
[2026-09-17T09:50:01.332+0000] {logging_mixin.py:188} INFO - [2026-09-17T09:50:01.331+0000] {dag.py:3096} INFO - Sync 1 DAGs
[2026-09-17T09:50:01.345+0000] {logging_mixin.py:188} INFO - [2026-09-17T09:50:01.345+0000] {dag.py:3954} INFO - Setting next_dagrun for youtube_extraction to None, run_after=None
[2026-09-17T09:50:01.376+0000] {processor.py:183} INFO - Processing /opt/airflow/dags/extraction_dag.py took 0.201 seconds
[2026-09-17T09:50:31.523+0000] {processor.py:161} INFO - Started process (PID=462) to work on /opt/airflow/dags/extraction_dag.py
[2026-09-17T09:50:31.525+0000] {processor.py:830} INFO - Processing file /opt/airflow/dags/extraction_dag.py for tasks to queue
[2026-09-17T09:50:31.528+0000] {logging_mixin.py:188} INFO - [2026-09-17T09:50:31.528+0000] {dagbag.py:545} INFO - Filling up the DagBag from /opt/airflow/dags/extraction_dag.py
[2026-09-17T09:50:31.634+0000] {processor.py:840} INFO - DAG(s) 'youtube_extraction' retrieved from /opt/airflow/dags/extraction_dag.py
[2026-09-17T09:50:31.657+0000] {logging_mixin.py:188} INFO - [2026-09-17T09:50:31.657+0000] {dag.py:3096} INFO - Sync 1 DAGs
[2026-09-17T09:50:31.669+0000] {logging_mixin.py:188} INFO - [2026-09-17T09:50:31.668+0000] {dag.py:3954} INFO - Setting next_dagrun for youtube_extraction to None, run_after=None
[2026-09-17T09:50:31.695+0000] {processor.py:183} INFO - Processing /opt/airflow/dags/extraction_dag.py took 0.177 seconds
[2026-09-17T09:51:01.887+0000] {processor.py:161} INFO - Started process (PID=469) to work on /opt/airflow/dags/extraction_dag.py
[2026-09-17T09:51:01.888+0000] {processor.py:830} INFO - Processing file /opt/airflow/dags/extraction_dag.py for tasks to queue
[2026-09-17T09:51:01.891+0000] {logging_mixin.py:188} INFO - [2026-09-17T09:51:01.890+0000] {dagbag.py:545} INFO - Filling up the DagBag from /opt/airflow/dags/extraction_dag.py
[2026-09-17T09:51:01.977+0000] {processor.py:840} INFO - DAG(s) 'youtube_extraction' retrieved from /opt/airflow/dags/extraction_dag.py
[2026-09-17T09:51:02.008+0000] {logging_mixin.py:188} INFO - [2026-09-17T09:51:02.008+0000] {dag.py:3096} INFO - Sync 1 DAGs
[2026-09-17T09:51:02.021+0000] {logging_mixin.py:188} INFO - [2026-09-17T09:51:02.021+0000] {dag.py:3954} INFO - Setting next_dagrun for youtube_extraction to None, run_after=None
[2026-09-17T09:51:02.050+0000] {processor.py:183} INFO - Processing /opt/airflow/dags/extraction_dag.py took 0.168 seconds
[2026-09-17T09:51:32.318+0000] {processor.py:161} INFO - Started process (PID=476) to work on /opt/airflow/dags/extraction_dag.py
[2026-09-17T09:51:32.320+0000] {processor.py:830} INFO - Processing file /opt/airflow/dags/extraction_dag.py for tasks to queue
[2026-09-17T09:51:32.323+0000] {logging_mixin.py:188} INFO - [2026-09-17T09:51:32.322+0000] {dagbag.py:545} INFO - Filling up the DagBag from /opt/airflow/dags/extraction_dag.py
[2026-09-17T09:51:32.408+0000] {processor.py:840} INFO - DAG(s) 'youtube_extraction' retrieved from /opt/airflow/dags/extraction_dag.py
[2026-09-17T09:51:32.438+0000] {logging_mixin.py:188} INFO - [2026-09-17T09:51:32.438+0000] {dag.py:3096} INFO - Sync 1 DAGs
[2026-09-17T09:51:32.452+0000] {logging_mixin.py:188} INFO - [2026-09-17T09:51:32.452+0000] {dag.py:3954} INFO - Setting next_dagrun for youtube_extraction to None, run_after=None
[2026-09-17T09:51:32.474+0000] {processor.py:183} INFO - Processing /opt/airflow/dags/extraction_dag.py took 0.161 seconds
[2026-09-17T09:52:02.618+0000] {processor.py:161} INFO - Started process (PID=483) to work on /opt/airflow/dags/extraction_dag.py
[2026-09-17T09:52:02.620+0000] {processor.py:830} INFO - Processing file /opt/airflow/dags/extraction_dag.py for tasks to queue
[2026-09-17T09:52:02.623+0000] {logging_mixin.py:188} INFO - [2026-09-17T09:52:02.622+0000] {dagbag.py:545} INFO - Filling up the DagBag from /opt/airflow/dags/extraction_dag.py
[2026-09-17T09:52:02.720+0000] {processor.py:840} INFO - DAG(s) 'youtube_extraction' retrieved from /opt/airflow/dags/extraction_dag.py
[2026-09-17T09:52:02.744+0000] {logging_mixin.py:188} INFO - [2026-09-17T09:52:02.744+0000] {dag.py:3096} INFO - Sync 1 DAGs
[2026-09-17T09:52:02.758+0000] {logging_mixin.py:188} INFO - [2026-09-17T09:52:02.758+0000] {dag.py:3954} INFO - Setting next_dagrun for youtube_extraction to None, run_after=None
[2026-09-17T09:52:02.786+0000] {processor.py:183} INFO - Processing /opt/airflow/dags/extraction_dag.py took 0.174 seconds
[2026-09-17T09:52:33.034+0000] {processor.py:161} INFO - Started process (PID=490) to work on /opt/airflow/dags/extraction_dag.py
[2026-09-17T09:52:33.036+0000] {processor.py:830} INFO - Processing file /opt/airflow/dags/extraction_dag.py for tasks to queue
[2026-09-17T09:52:33.039+0000] {logging_mixin.py:188} INFO - [2026-09-17T09:52:33.039+0000] {dagbag.py:545} INFO - Filling up the DagBag from /opt/airflow/dags/extraction_dag.py
[2026-09-17T09:52:33.137+0000] {processor.py:840} INFO - DAG(s) 'youtube_extraction' retrieved from /opt/airflow/dags/extraction_dag.py
[2026-09-17T09:52:33.160+0000] {logging_mixin.py:188} INFO - [2026-09-17T09:52:33.160+0000] {dag.py:3096} INFO - Sync 1 DAGs
[2026-09-17T09:52:33.171+0000] {logging_mixin.py:188} INFO - [2026-09-17T09:52:33.171+0000] {dag.py:3954} INFO - Setting next_dagrun for youtube_extraction to None, run_after=None
[2026-09-17T09:52:33.206+0000] {processor.py:183} INFO - Processing /opt/airflow/dags/extraction_dag.py took 0.177 seconds
[2026-09-17T09:53:03.300+0000] {processor.py:161} INFO - Started process (PID=497) to work on /opt/airflow/dags/extraction_dag.py
[2026-09-17T09:53:03.303+0000] {processor.py:830} INFO - Processing file /opt/airflow/dags/extraction_dag.py for tasks to queue
[2026-09-17T09:53:03.307+0000] {logging_mixin.py:188} INFO - [2026-09-17T09:53:03.307+0000] {dagbag.py:545} INFO - Filling up the DagBag from /opt/airflow/dags/extraction_dag.py
[2026-09-17T09:53:03.396+0000] {processor.py:840} INFO - DAG(s) 'youtube_extraction' retrieved from /opt/airflow/dags/extraction_dag.py
[2026-09-17T09:53:03.437+0000] {logging_mixin.py:188} INFO - [2026-09-17T09:53:03.437+0000] {dag.py:3096} INFO - Sync 1 DAGs
[2026-09-17T09:53:03.453+0000] {logging_mixin.py:188} INFO - [2026-09-17T09:53:03.453+0000] {dag.py:3954} INFO - Setting next_dagrun for youtube_extraction to None, run_after=None
[2026-09-17T09:53:03.476+0000] {processor.py:183} INFO - Processing /opt/airflow/dags/extraction_dag.py took 0.182 seconds
[2026-09-17T09:53:33.751+0000] {processor.py:161} INFO - Started process (PID=504) to work on /opt/airflow/dags/extraction_dag.py
[2026-09-17T09:53:33.753+0000] {processor.py:830} INFO - Processing file /opt/airflow/dags/extraction_dag.py for tasks to queue
[2026-09-17T09:53:33.756+0000] {logging_mixin.py:188} INFO - [2026-09-17T09:53:33.756+0000] {dagbag.py:545} INFO - Filling up the DagBag from /opt/airflow/dags/extraction_dag.py
[2026-09-17T09:53:33.831+0000] {processor.py:840} INFO - DAG(s) 'youtube_extraction' retrieved from /opt/airflow/dags/extraction_dag.py
[2026-09-17T09:53:33.853+0000] {logging_mixin.py:188} INFO - [2026-09-17T09:53:33.852+0000] {dag.py:3096} INFO - Sync 1 DAGs
[2026-09-17T09:53:33.862+0000] {logging_mixin.py:188} INFO - [2026-09-17T09:53:33.862+0000] {dag.py:3954} INFO - Setting next_dagrun for youtube_extraction to None, run_after=None
[2026-09-17T09:53:33.888+0000] {processor.py:183} INFO - Processing /opt/airflow/dags/extraction_dag.py took 0.142 seconds
[2026-09-17T09:54:04.041+0000] {processor.py:161} INFO - Started process (PID=512) to work on /opt/airflow/dags/extraction_dag.py
[2026-09-17T09:54:04.043+0000] {processor.py:830} INFO - Processing file /opt/airflow/dags/extraction_dag.py for tasks to queue
[2026-09-17T09:54:04.046+0000] {logging_mixin.py:188} INFO - [2026-09-17T09:54:04.046+0000] {dagbag.py:545} INFO - Filling up the DagBag from /opt/airflow/dags/extraction_dag.py
[2026-09-17T09:54:04.183+0000] {processor.py:840} INFO - DAG(s) 'youtube_extraction' retrieved from /opt/airflow/dags/extraction_dag.py
[2026-09-17T09:54:04.227+0000] {logging_mixin.py:188} INFO - [2026-09-17T09:54:04.227+0000] {dag.py:3096} INFO - Sync 1 DAGs
[2026-09-17T09:54:04.245+0000] {logging_mixin.py:188} INFO - [2026-09-17T09:54:04.245+0000] {dag.py:3954} INFO - Setting next_dagrun for youtube_extraction to None, run_after=None
[2026-09-17T09:54:04.294+0000] {processor.py:183} INFO - Processing /opt/airflow/dags/extraction_dag.py took 0.264 seconds
[2026-09-17T09:54:34.432+0000] {processor.py:161} INFO - Started process (PID=520) to work on /opt/airflow/dags/extraction_dag.py
[2026-09-17T09:54:34.435+0000] {processor.py:830} INFO - Processing file /opt/airflow/dags/extraction_dag.py for tasks to queue
[2026-09-17T09:54:34.442+0000] {logging_mixin.py:188} INFO - [2026-09-17T09:54:34.441+0000] {dagbag.py:545} INFO - Filling up the DagBag from /opt/airflow/dags/extraction_dag.py
[2026-09-17T09:54:34.574+0000] {processor.py:840} INFO - DAG(s) 'youtube_extraction' retrieved from /opt/airflow/dags/extraction_dag.py
[2026-09-17T09:54:34.611+0000] {logging_mixin.py:188} INFO - [2026-09-17T09:54:34.611+0000] {dag.py:3096} INFO - Sync 1 DAGs
[2026-09-17T09:54:34.628+0000] {logging_mixin.py:188} INFO - [2026-09-17T09:54:34.628+0000] {dag.py:3954} INFO - Setting next_dagrun for youtube_extraction to None, run_after=None
[2026-09-17T09:54:34.675+0000] {processor.py:183} INFO - Processing /opt/airflow/dags/extraction_dag.py took 0.264 seconds
[2026-09-17T09:55:04.782+0000] {processor.py:161} INFO - Started process (PID=527) to work on /opt/airflow/dags/extraction_dag.py
[2026-09-17T09:55:04.785+0000] {processor.py:830} INFO - Processing file /opt/airflow/dags/extraction_dag.py for tasks to queue
[2026-09-17T09:55:04.789+0000] {logging_mixin.py:188} INFO - [2026-09-17T09:55:04.789+0000] {dagbag.py:545} INFO - Filling up the DagBag from /opt/airflow/dags/extraction_dag.py
[2026-09-17T09:55:04.881+0000] {processor.py:840} INFO - DAG(s) 'youtube_extraction' retrieved from /opt/airflow/dags/extraction_dag.py
[2026-09-17T09:55:04.908+0000] {logging_mixin.py:188} INFO - [2026-09-17T09:55:04.908+0000] {dag.py:3096} INFO - Sync 1 DAGs
[2026-09-17T09:55:04.921+0000] {logging_mixin.py:188} INFO - [2026-09-17T09:55:04.921+0000] {dag.py:3954} INFO - Setting next_dagrun for youtube_extraction to None, run_after=None
[2026-09-17T09:55:04.962+0000] {processor.py:183} INFO - Processing /opt/airflow/dags/extraction_dag.py took 0.187 seconds
[2026-09-17T09:55:35.142+0000] {processor.py:161} INFO - Started process (PID=534) to work on /opt/airflow/dags/extraction_dag.py
[2026-09-17T09:55:35.144+0000] {processor.py:830} INFO - Processing file /opt/airflow/dags/extraction_dag.py for tasks to queue
[2026-09-17T09:55:35.150+0000] {logging_mixin.py:188} INFO - [2026-09-17T09:55:35.149+0000] {dagbag.py:545} INFO - Filling up the DagBag from /opt/airflow/dags/extraction_dag.py
[2026-09-17T09:55:35.260+0000] {processor.py:840} INFO - DAG(s) 'youtube_extraction' retrieved from /opt/airflow/dags/extraction_dag.py
[2026-09-17T09:55:35.296+0000] {logging_mixin.py:188} INFO - [2026-09-17T09:55:35.295+0000] {dag.py:3096} INFO - Sync 1 DAGs
[2026-09-17T09:55:35.313+0000] {logging_mixin.py:188} INFO - [2026-09-17T09:55:35.313+0000] {dag.py:3954} INFO - Setting next_dagrun for youtube_extraction to None, run_after=None
[2026-09-17T09:55:35.369+0000] {processor.py:183} INFO - Processing /opt/airflow/dags/extraction_dag.py took 0.238 seconds
[2026-09-17T09:56:05.450+0000] {processor.py:161} INFO - Started process (PID=541) to work on /opt/airflow/dags/extraction_dag.py
[2026-09-17T09:56:05.452+0000] {processor.py:830} INFO - Processing file /opt/airflow/dags/extraction_dag.py for tasks to queue
[2026-09-17T09:56:05.456+0000] {logging_mixin.py:188} INFO - [2026-09-17T09:56:05.455+0000] {dagbag.py:545} INFO - Filling up the DagBag from /opt/airflow/dags/extraction_dag.py
[2026-09-17T09:56:05.568+0000] {processor.py:840} INFO - DAG(s) 'youtube_extraction' retrieved from /opt/airflow/dags/extraction_dag.py
[2026-09-17T09:56:05.591+0000] {logging_mixin.py:188} INFO - [2026-09-17T09:56:05.591+0000] {dag.py:3096} INFO - Sync 1 DAGs
[2026-09-17T09:56:05.602+0000] {logging_mixin.py:188} INFO - [2026-09-17T09:56:05.602+0000] {dag.py:3954} INFO - Setting next_dagrun for youtube_extraction to None, run_after=None
[2026-09-17T09:56:05.639+0000] {processor.py:183} INFO - Processing /opt/airflow/dags/extraction_dag.py took 0.195 seconds
[2026-09-17T09:56:36.040+0000] {processor.py:161} INFO - Started process (PID=548) to work on /opt/airflow/dags/extraction_dag.py
[2026-09-17T09:56:36.042+0000] {processor.py:830} INFO - Processing file /opt/airflow/dags/extraction_dag.py for tasks to queue
[2026-09-17T09:56:36.045+0000] {logging_mixin.py:188} INFO - [2026-09-17T09:56:36.044+0000] {dagbag.py:545} INFO - Filling up the DagBag from /opt/airflow/dags/extraction_dag.py
[2026-09-17T09:56:36.143+0000] {processor.py:840} INFO - DAG(s) 'youtube_extraction' retrieved from /opt/airflow/dags/extraction_dag.py
[2026-09-17T09:56:36.170+0000] {logging_mixin.py:188} INFO - [2026-09-17T09:56:36.170+0000] {dag.py:3096} INFO - Sync 1 DAGs
[2026-09-17T09:56:36.182+0000] {logging_mixin.py:188} INFO - [2026-09-17T09:56:36.181+0000] {dag.py:3954} INFO - Setting next_dagrun for youtube_extraction to None, run_after=None
[2026-09-17T09:56:36.219+0000] {processor.py:183} INFO - Processing /opt/airflow/dags/extraction_dag.py took 0.183 seconds
[2026-09-17T09:57:06.300+0000] {processor.py:161} INFO - Started process (PID=555) to work on /opt/airflow/dags/extraction_dag.py
[2026-09-17T09:57:06.303+0000] {processor.py:830} INFO - Processing file /opt/airflow/dags/extraction_dag.py for tasks to queue
[2026-09-17T09:57:06.307+0000] {logging_mixin.py:188} INFO - [2026-09-17T09:57:06.307+0000] {dagbag.py:545} INFO - Filling up the DagBag from /opt/airflow/dags/extraction_dag.py
[2026-09-17T09:57:06.446+0000] {processor.py:840} INFO - DAG(s) 'youtube_extraction' retrieved from /opt/airflow/dags/extraction_dag.py
[2026-09-17T09:57:06.489+0000] {logging_mixin.py:188} INFO - [2026-09-17T09:57:06.488+0000] {dag.py:3096} INFO - Sync 1 DAGs
[2026-09-17T09:57:06.515+0000] {logging_mixin.py:188} INFO - [2026-09-17T09:57:06.515+0000] {dag.py:3954} INFO - Setting next_dagrun for youtube_extraction to None, run_after=None
[2026-09-17T09:57:06.546+0000] {processor.py:183} INFO - Processing /opt/airflow/dags/extraction_dag.py took 0.250 seconds
[2026-09-17T09:57:36.741+0000] {processor.py:161} INFO - Started process (PID=562) to work on /opt/airflow/dags/extraction_dag.py
[2026-09-17T09:57:36.743+0000] {processor.py:830} INFO - Processing file /opt/airflow/dags/extraction_dag.py for tasks to queue
[2026-09-17T09:57:36.747+0000] {logging_mixin.py:188} INFO - [2026-09-17T09:57:36.746+0000] {dagbag.py:545} INFO - Filling up the DagBag from /opt/airflow/dags/extraction_dag.py
[2026-09-17T09:57:36.850+0000] {processor.py:840} INFO - DAG(s) 'youtube_extraction' retrieved from /opt/airflow/dags/extraction_dag.py
[2026-09-17T09:57:36.877+0000] {logging_mixin.py:188} INFO - [2026-09-17T09:57:36.876+0000] {dag.py:3096} INFO - Sync 1 DAGs
[2026-09-17T09:57:36.889+0000] {logging_mixin.py:188} INFO - [2026-09-17T09:57:36.889+0000] {dag.py:3954} INFO - Setting next_dagrun for youtube_extraction to None, run_after=None
[2026-09-17T09:57:36.915+0000] {processor.py:183} INFO - Processing /opt/airflow/dags/extraction_dag.py took 0.180 seconds
[2026-09-17T09:58:07.063+0000] {processor.py:161} INFO - Started process (PID=569) to work on /opt/airflow/dags/extraction_dag.py
[2026-09-17T09:58:07.065+0000] {processor.py:830} INFO - Processing file /opt/airflow/dags/extraction_dag.py for tasks to queue
[2026-09-17T09:58:07.069+0000] {logging_mixin.py:188} INFO - [2026-09-17T09:58:07.069+0000] {dagbag.py:545} INFO - Filling up the DagBag from /opt/airflow/dags/extraction_dag.py
[2026-09-17T09:58:07.188+0000] {processor.py:840} INFO - DAG(s) 'youtube_extraction' retrieved from /opt/airflow/dags/extraction_dag.py
[2026-09-17T09:58:07.222+0000] {logging_mixin.py:188} INFO - [2026-09-17T09:58:07.222+0000] {dag.py:3096} INFO - Sync 1 DAGs
[2026-09-17T09:58:07.246+0000] {logging_mixin.py:188} INFO - [2026-09-17T09:58:07.246+0000] {dag.py:3954} INFO - Setting next_dagrun for youtube_extraction to None, run_after=None
[2026-09-17T09:58:07.284+0000] {processor.py:183} INFO - Processing /opt/airflow/dags/extraction_dag.py took 0.228 seconds
[2026-09-17T09:58:37.468+0000] {processor.py:161} INFO - Started process (PID=576) to work on /opt/airflow/dags/extraction_dag.py
[2026-09-17T09:58:37.470+0000] {processor.py:830} INFO - Processing file /opt/airflow/dags/extraction_dag.py for tasks to queue
[2026-09-17T09:58:37.475+0000] {logging_mixin.py:188} INFO - [2026-09-17T09:58:37.475+0000] {dagbag.py:545} INFO - Filling up the DagBag from /opt/airflow/dags/extraction_dag.py
[2026-09-17T09:58:37.576+0000] {processor.py:840} INFO - DAG(s) 'youtube_extraction' retrieved from /opt/airflow/dags/extraction_dag.py
[2026-09-17T09:58:37.599+0000] {logging_mixin.py:188} INFO - [2026-09-17T09:58:37.599+0000] {dag.py:3096} INFO - Sync 1 DAGs
[2026-09-17T09:58:37.610+0000] {logging_mixin.py:188} INFO - [2026-09-17T09:58:37.610+0000] {dag.py:3954} INFO - Setting next_dagrun for youtube_extraction to None, run_after=None
[2026-09-17T09:58:37.635+0000] {processor.py:183} INFO - Processing /opt/airflow/dags/extraction_dag.py took 0.172 seconds
[2026-09-17T09:59:46.570+0000] {processor.py:161} INFO - Started process (PID=66) to work on /opt/airflow/dags/extraction_dag.py
[2026-09-17T09:59:46.575+0000] {processor.py:830} INFO - Processing file /opt/airflow/dags/extraction_dag.py for tasks to queue
[2026-09-17T09:59:46.580+0000] {logging_mixin.py:188} INFO - [2026-09-17T09:59:46.579+0000] {dagbag.py:545} INFO - Filling up the DagBag from /opt/airflow/dags/extraction_dag.py
[2026-09-17T09:59:46.737+0000] {processor.py:840} INFO - DAG(s) 'youtube_extraction' retrieved from /opt/airflow/dags/extraction_dag.py
[2026-09-17T09:59:47.254+0000] {logging_mixin.py:188} INFO - [2026-09-17T09:59:47.253+0000] {dag.py:3096} INFO - Sync 1 DAGs
[2026-09-17T09:59:47.284+0000] {logging_mixin.py:188} INFO - [2026-09-17T09:59:47.283+0000] {dag.py:3954} INFO - Setting next_dagrun for youtube_extraction to None, run_after=None
[2026-09-17T09:59:47.387+0000] {processor.py:183} INFO - Processing /opt/airflow/dags/extraction_dag.py took 0.828 seconds
[2026-09-17T10:00:17.667+0000] {processor.py:161} INFO - Started process (PID=73) to work on /opt/airflow/dags/extraction_dag.py
[2026-09-17T10:00:17.669+0000] {processor.py:830} INFO - Processing file /opt/airflow/dags/extraction_dag.py for tasks to queue
[2026-09-17T10:00:17.674+0000] {logging_mixin.py:188} INFO - [2026-09-17T10:00:17.673+0000] {dagbag.py:545} INFO - Filling up the DagBag from /opt/airflow/dags/extraction_dag.py
[2026-09-17T10:00:17.771+0000] {processor.py:840} INFO - DAG(s) 'youtube_extraction' retrieved from /opt/airflow/dags/extraction_dag.py
[2026-09-17T10:00:17.810+0000] {logging_mixin.py:188} INFO - [2026-09-17T10:00:17.810+0000] {dag.py:3096} INFO - Sync 1 DAGs
[2026-09-17T10:00:17.824+0000] {logging_mixin.py:188} INFO - [2026-09-17T10:00:17.824+0000] {dag.py:3954} INFO - Setting next_dagrun for youtube_extraction to None, run_after=None
[2026-09-17T10:00:17.875+0000] {processor.py:183} INFO - Processing /opt/airflow/dags/extraction_dag.py took 0.217 seconds
[2026-09-17T10:00:48.138+0000] {processor.py:161} INFO - Started process (PID=80) to work on /opt/airflow/dags/extraction_dag.py
[2026-09-17T10:00:48.140+0000] {processor.py:830} INFO - Processing file /opt/airflow/dags/extraction_dag.py for tasks to queue
[2026-09-17T10:00:48.144+0000] {logging_mixin.py:188} INFO - [2026-09-17T10:00:48.143+0000] {dagbag.py:545} INFO - Filling up the DagBag from /opt/airflow/dags/extraction_dag.py
[2026-09-17T10:00:48.240+0000] {processor.py:840} INFO - DAG(s) 'youtube_extraction' retrieved from /opt/airflow/dags/extraction_dag.py
[2026-09-17T10:00:48.267+0000] {logging_mixin.py:188} INFO - [2026-09-17T10:00:48.267+0000] {dag.py:3096} INFO - Sync 1 DAGs
[2026-09-17T10:00:48.280+0000] {logging_mixin.py:188} INFO - [2026-09-17T10:00:48.279+0000] {dag.py:3954} INFO - Setting next_dagrun for youtube_extraction to None, run_after=None
[2026-09-17T10:00:48.326+0000] {processor.py:183} INFO - Processing /opt/airflow/dags/extraction_dag.py took 0.194 seconds
[2026-09-17T10:01:18.392+0000] {processor.py:161} INFO - Started process (PID=87) to work on /opt/airflow/dags/extraction_dag.py
[2026-09-17T10:01:18.394+0000] {processor.py:830} INFO - Processing file /opt/airflow/dags/extraction_dag.py for tasks to queue
[2026-09-17T10:01:18.398+0000] {logging_mixin.py:188} INFO - [2026-09-17T10:01:18.397+0000] {dagbag.py:545} INFO - Filling up the DagBag from /opt/airflow/dags/extraction_dag.py
[2026-09-17T10:01:18.501+0000] {processor.py:840} INFO - DAG(s) 'youtube_extraction' retrieved from /opt/airflow/dags/extraction_dag.py
[2026-09-17T10:01:18.532+0000] {logging_mixin.py:188} INFO - [2026-09-17T10:01:18.532+0000] {dag.py:3096} INFO - Sync 1 DAGs
[2026-09-17T10:01:18.544+0000] {logging_mixin.py:188} INFO - [2026-09-17T10:01:18.543+0000] {dag.py:3954} INFO - Setting next_dagrun for youtube_extraction to None, run_after=None
[2026-09-17T10:01:18.566+0000] {processor.py:183} INFO - Processing /opt/airflow/dags/extraction_dag.py took 0.181 seconds
[2026-09-17T10:01:48.828+0000] {processor.py:161} INFO - Started process (PID=94) to work on /opt/airflow/dags/extraction_dag.py
[2026-09-17T10:01:48.830+0000] {processor.py:830} INFO - Processing file /opt/airflow/dags/extraction_dag.py for tasks to queue
[2026-09-17T10:01:48.834+0000] {logging_mixin.py:188} INFO - [2026-09-17T10:01:48.834+0000] {dagbag.py:545} INFO - Filling up the DagBag from /opt/airflow/dags/extraction_dag.py
[2026-09-17T10:01:48.919+0000] {processor.py:840} INFO - DAG(s) 'youtube_extraction' retrieved from /opt/airflow/dags/extraction_dag.py
[2026-09-17T10:01:48.946+0000] {logging_mixin.py:188} INFO - [2026-09-17T10:01:48.946+0000] {dag.py:3096} INFO - Sync 1 DAGs
[2026-09-17T10:01:48.959+0000] {logging_mixin.py:188} INFO - [2026-09-17T10:01:48.958+0000] {dag.py:3954} INFO - Setting next_dagrun for youtube_extraction to None, run_after=None
[2026-09-17T10:01:49.001+0000] {processor.py:183} INFO - Processing /opt/airflow/dags/extraction_dag.py took 0.181 seconds
[2026-09-17T10:02:19.065+0000] {processor.py:161} INFO - Started process (PID=101) to work on /opt/airflow/dags/extraction_dag.py
[2026-09-17T10:02:19.067+0000] {processor.py:830} INFO - Processing file /opt/airflow/dags/extraction_dag.py for tasks to queue
[2026-09-17T10:02:19.070+0000] {logging_mixin.py:188} INFO - [2026-09-17T10:02:19.069+0000] {dagbag.py:545} INFO - Filling up the DagBag from /opt/airflow/dags/extraction_dag.py
[2026-09-17T10:02:19.163+0000] {processor.py:840} INFO - DAG(s) 'youtube_extraction' retrieved from /opt/airflow/dags/extraction_dag.py
[2026-09-17T10:02:19.187+0000] {logging_mixin.py:188} INFO - [2026-09-17T10:02:19.186+0000] {dag.py:3096} INFO - Sync 1 DAGs
[2026-09-17T10:02:19.199+0000] {logging_mixin.py:188} INFO - [2026-09-17T10:02:19.199+0000] {dag.py:3954} INFO - Setting next_dagrun for youtube_extraction to None, run_after=None
[2026-09-17T10:02:19.242+0000] {processor.py:183} INFO - Processing /opt/airflow/dags/extraction_dag.py took 0.183 seconds
[2026-09-17T10:02:49.480+0000] {processor.py:161} INFO - Started process (PID=108) to work on /opt/airflow/dags/extraction_dag.py
[2026-09-17T10:02:49.482+0000] {processor.py:830} INFO - Processing file /opt/airflow/dags/extraction_dag.py for tasks to queue
[2026-09-17T10:02:49.487+0000] {logging_mixin.py:188} INFO - [2026-09-17T10:02:49.487+0000] {dagbag.py:545} INFO - Filling up the DagBag from /opt/airflow/dags/extraction_dag.py
[2026-09-17T10:02:49.612+0000] {processor.py:840} INFO - DAG(s) 'youtube_extraction' retrieved from /opt/airflow/dags/extraction_dag.py
[2026-09-17T10:02:49.648+0000] {logging_mixin.py:188} INFO - [2026-09-17T10:02:49.647+0000] {dag.py:3096} INFO - Sync 1 DAGs
[2026-09-17T10:02:49.666+0000] {logging_mixin.py:188} INFO - [2026-09-17T10:02:49.665+0000] {dag.py:3954} INFO - Setting next_dagrun for youtube_extraction to None, run_after=None
[2026-09-17T10:02:49.715+0000] {processor.py:183} INFO - Processing /opt/airflow/dags/extraction_dag.py took 0.241 seconds
[2026-09-17T10:03:19.973+0000] {processor.py:161} INFO - Started process (PID=121) to work on /opt/airflow/dags/extraction_dag.py
[2026-09-17T10:03:19.976+0000] {processor.py:830} INFO - Processing file /opt/airflow/dags/extraction_dag.py for tasks to queue
[2026-09-17T10:03:19.979+0000] {logging_mixin.py:188} INFO - [2026-09-17T10:03:19.979+0000] {dagbag.py:545} INFO - Filling up the DagBag from /opt/airflow/dags/extraction_dag.py
[2026-09-17T10:03:20.071+0000] {processor.py:840} INFO - DAG(s) 'youtube_extraction' retrieved from /opt/airflow/dags/extraction_dag.py
[2026-09-17T10:03:20.095+0000] {logging_mixin.py:188} INFO - [2026-09-17T10:03:20.095+0000] {dag.py:3096} INFO - Sync 1 DAGs
[2026-09-17T10:03:20.106+0000] {logging_mixin.py:188} INFO - [2026-09-17T10:03:20.106+0000] {dag.py:3954} INFO - Setting next_dagrun for youtube_extraction to None, run_after=None
[2026-09-17T10:03:20.138+0000] {processor.py:183} INFO - Processing /opt/airflow/dags/extraction_dag.py took 0.169 seconds
[2026-09-17T10:03:50.212+0000] {processor.py:161} INFO - Started process (PID=128) to work on /opt/airflow/dags/extraction_dag.py
[2026-09-17T10:03:50.215+0000] {processor.py:830} INFO - Processing file /opt/airflow/dags/extraction_dag.py for tasks to queue
[2026-09-17T10:03:50.217+0000] {logging_mixin.py:188} INFO - [2026-09-17T10:03:50.217+0000] {dagbag.py:545} INFO - Filling up the DagBag from /opt/airflow/dags/extraction_dag.py
[2026-09-17T10:03:50.319+0000] {processor.py:840} INFO - DAG(s) 'youtube_extraction' retrieved from /opt/airflow/dags/extraction_dag.py
[2026-09-17T10:03:50.349+0000] {logging_mixin.py:188} INFO - [2026-09-17T10:03:50.349+0000] {dag.py:3096} INFO - Sync 1 DAGs
[2026-09-17T10:03:50.361+0000] {logging_mixin.py:188} INFO - [2026-09-17T10:03:50.361+0000] {dag.py:3954} INFO - Setting next_dagrun for youtube_extraction to None, run_after=None
[2026-09-17T10:03:50.404+0000] {processor.py:183} INFO - Processing /opt/airflow/dags/extraction_dag.py took 0.198 seconds
[2026-09-17T10:04:20.638+0000] {processor.py:161} INFO - Started process (PID=135) to work on /opt/airflow/dags/extraction_dag.py
[2026-09-17T10:04:20.640+0000] {processor.py:830} INFO - Processing file /opt/airflow/dags/extraction_dag.py for tasks to queue
[2026-09-17T10:04:20.645+0000] {logging_mixin.py:188} INFO - [2026-09-17T10:04:20.644+0000] {dagbag.py:545} INFO - Filling up the DagBag from /opt/airflow/dags/extraction_dag.py
[2026-09-17T10:04:20.755+0000] {processor.py:840} INFO - DAG(s) 'youtube_extraction' retrieved from /opt/airflow/dags/extraction_dag.py
[2026-09-17T10:04:20.796+0000] {logging_mixin.py:188} INFO - [2026-09-17T10:04:20.795+0000] {dag.py:3096} INFO - Sync 1 DAGs
[2026-09-17T10:04:20.815+0000] {logging_mixin.py:188} INFO - [2026-09-17T10:04:20.815+0000] {dag.py:3954} INFO - Setting next_dagrun for youtube_extraction to None, run_after=None
[2026-09-17T10:04:20.868+0000] {processor.py:183} INFO - Processing /opt/airflow/dags/extraction_dag.py took 0.247 seconds
[2026-09-17T10:04:50.996+0000] {processor.py:161} INFO - Started process (PID=143) to work on /opt/airflow/dags/extraction_dag.py
[2026-09-17T10:04:50.999+0000] {processor.py:830} INFO - Processing file /opt/airflow/dags/extraction_dag.py for tasks to queue
[2026-09-17T10:04:51.003+0000] {logging_mixin.py:188} INFO - [2026-09-17T10:04:51.002+0000] {dagbag.py:545} INFO - Filling up the DagBag from /opt/airflow/dags/extraction_dag.py
[2026-09-17T10:04:51.106+0000] {processor.py:840} INFO - DAG(s) 'youtube_extraction' retrieved from /opt/airflow/dags/extraction_dag.py
[2026-09-17T10:04:51.141+0000] {logging_mixin.py:188} INFO - [2026-09-17T10:04:51.141+0000] {dag.py:3096} INFO - Sync 1 DAGs
[2026-09-17T10:04:51.158+0000] {logging_mixin.py:188} INFO - [2026-09-17T10:04:51.158+0000] {dag.py:3954} INFO - Setting next_dagrun for youtube_extraction to None, run_after=None
[2026-09-17T10:04:51.202+0000] {processor.py:183} INFO - Processing /opt/airflow/dags/extraction_dag.py took 0.212 seconds
[2026-09-17T10:05:21.455+0000] {processor.py:161} INFO - Started process (PID=150) to work on /opt/airflow/dags/extraction_dag.py
[2026-09-17T10:05:21.457+0000] {processor.py:830} INFO - Processing file /opt/airflow/dags/extraction_dag.py for tasks to queue
[2026-09-17T10:05:21.461+0000] {logging_mixin.py:188} INFO - [2026-09-17T10:05:21.461+0000] {dagbag.py:545} INFO - Filling up the DagBag from /opt/airflow/dags/extraction_dag.py
[2026-09-17T10:05:21.559+0000] {processor.py:840} INFO - DAG(s) 'youtube_extraction' retrieved from /opt/airflow/dags/extraction_dag.py
[2026-09-17T10:05:21.583+0000] {logging_mixin.py:188} INFO - [2026-09-17T10:05:21.583+0000] {dag.py:3096} INFO - Sync 1 DAGs
[2026-09-17T10:05:21.594+0000] {logging_mixin.py:188} INFO - [2026-09-17T10:05:21.594+0000] {dag.py:3954} INFO - Setting next_dagrun for youtube_extraction to None, run_after=None
[2026-09-17T10:05:21.629+0000] {processor.py:183} INFO - Processing /opt/airflow/dags/extraction_dag.py took 0.180 seconds
[2026-09-17T10:05:51.729+0000] {processor.py:161} INFO - Started process (PID=157) to work on /opt/airflow/dags/extraction_dag.py
[2026-09-17T10:05:51.731+0000] {processor.py:830} INFO - Processing file /opt/airflow/dags/extraction_dag.py for tasks to queue
[2026-09-17T10:05:51.735+0000] {logging_mixin.py:188} INFO - [2026-09-17T10:05:51.734+0000] {dagbag.py:545} INFO - Filling up the DagBag from /opt/airflow/dags/extraction_dag.py
[2026-09-17T10:05:51.831+0000] {processor.py:840} INFO - DAG(s) 'youtube_extraction' retrieved from /opt/airflow/dags/extraction_dag.py
[2026-09-17T10:05:51.858+0000] {logging_mixin.py:188} INFO - [2026-09-17T10:05:51.858+0000] {dag.py:3096} INFO - Sync 1 DAGs
[2026-09-17T10:05:51.871+0000] {logging_mixin.py:188} INFO - [2026-09-17T10:05:51.871+0000] {dag.py:3954} INFO - Setting next_dagrun for youtube_extraction to None, run_after=None
[2026-09-17T10:05:51.902+0000] {processor.py:183} INFO - Processing /opt/airflow/dags/extraction_dag.py took 0.181 seconds
[2026-09-17T10:06:22.206+0000] {processor.py:161} INFO - Started process (PID=164) to work on /opt/airflow/dags/extraction_dag.py
[2026-09-17T10:06:22.208+0000] {processor.py:830} INFO - Processing file /opt/airflow/dags/extraction_dag.py for tasks to queue
[2026-09-17T10:06:22.211+0000] {logging_mixin.py:188} INFO - [2026-09-17T10:06:22.211+0000] {dagbag.py:545} INFO - Filling up the DagBag from /opt/airflow/dags/extraction_dag.py
[2026-09-17T10:06:22.312+0000] {processor.py:840} INFO - DAG(s) 'youtube_extraction' retrieved from /opt/airflow/dags/extraction_dag.py
[2026-09-17T10:06:22.337+0000] {logging_mixin.py:188} INFO - [2026-09-17T10:06:22.337+0000] {dag.py:3096} INFO - Sync 1 DAGs
[2026-09-17T10:06:22.349+0000] {logging_mixin.py:188} INFO - [2026-09-17T10:06:22.349+0000] {dag.py:3954} INFO - Setting next_dagrun for youtube_extraction to None, run_after=None
[2026-09-17T10:06:22.375+0000] {processor.py:183} INFO - Processing /opt/airflow/dags/extraction_dag.py took 0.174 seconds
[2026-09-17T10:06:52.502+0000] {processor.py:161} INFO - Started process (PID=171) to work on /opt/airflow/dags/extraction_dag.py
[2026-09-17T10:06:52.504+0000] {processor.py:830} INFO - Processing file /opt/airflow/dags/extraction_dag.py for tasks to queue
[2026-09-17T10:06:52.507+0000] {logging_mixin.py:188} INFO - [2026-09-17T10:06:52.507+0000] {dagbag.py:545} INFO - Filling up the DagBag from /opt/airflow/dags/extraction_dag.py
[2026-09-17T10:06:52.596+0000] {processor.py:840} INFO - DAG(s) 'youtube_extraction' retrieved from /opt/airflow/dags/extraction_dag.py
[2026-09-17T10:06:52.621+0000] {logging_mixin.py:188} INFO - [2026-09-17T10:06:52.621+0000] {dag.py:3096} INFO - Sync 1 DAGs
[2026-09-17T10:06:52.634+0000] {logging_mixin.py:188} INFO - [2026-09-17T10:06:52.634+0000] {dag.py:3954} INFO - Setting next_dagrun for youtube_extraction to None, run_after=None
[2026-09-17T10:06:52.660+0000] {processor.py:183} INFO - Processing /opt/airflow/dags/extraction_dag.py took 0.164 seconds
[2026-09-17T10:07:22.872+0000] {processor.py:161} INFO - Started process (PID=178) to work on /opt/airflow/dags/extraction_dag.py
[2026-09-17T10:07:22.874+0000] {processor.py:830} INFO - Processing file /opt/airflow/dags/extraction_dag.py for tasks to queue
[2026-09-17T10:07:22.877+0000] {logging_mixin.py:188} INFO - [2026-09-17T10:07:22.877+0000] {dagbag.py:545} INFO - Filling up the DagBag from /opt/airflow/dags/extraction_dag.py
[2026-09-17T10:07:22.971+0000] {processor.py:840} INFO - DAG(s) 'youtube_extraction' retrieved from /opt/airflow/dags/extraction_dag.py
[2026-09-17T10:07:22.997+0000] {logging_mixin.py:188} INFO - [2026-09-17T10:07:22.997+0000] {dag.py:3096} INFO - Sync 1 DAGs
[2026-09-17T10:07:23.011+0000] {logging_mixin.py:188} INFO - [2026-09-17T10:07:23.011+0000] {dag.py:3954} INFO - Setting next_dagrun for youtube_extraction to None, run_after=None
[2026-09-17T10:07:23.039+0000] {processor.py:183} INFO - Processing /opt/airflow/dags/extraction_dag.py took 0.171 seconds
[2026-09-17T10:07:53.174+0000] {processor.py:161} INFO - Started process (PID=185) to work on /opt/airflow/dags/extraction_dag.py
[2026-09-17T10:07:53.176+0000] {processor.py:830} INFO - Processing file /opt/airflow/dags/extraction_dag.py for tasks to queue
[2026-09-17T10:07:53.180+0000] {logging_mixin.py:188} INFO - [2026-09-17T10:07:53.180+0000] {dagbag.py:545} INFO - Filling up the DagBag from /opt/airflow/dags/extraction_dag.py
[2026-09-17T10:07:53.286+0000] {processor.py:840} INFO - DAG(s) 'youtube_extraction' retrieved from /opt/airflow/dags/extraction_dag.py
[2026-09-17T10:07:53.310+0000] {logging_mixin.py:188} INFO - [2026-09-17T10:07:53.310+0000] {dag.py:3096} INFO - Sync 1 DAGs
[2026-09-17T10:07:53.322+0000] {logging_mixin.py:188} INFO - [2026-09-17T10:07:53.321+0000] {dag.py:3954} INFO - Setting next_dagrun for youtube_extraction to None, run_after=None
[2026-09-17T10:07:53.347+0000] {processor.py:183} INFO - Processing /opt/airflow/dags/extraction_dag.py took 0.178 seconds
[2026-09-17T10:08:23.594+0000] {processor.py:161} INFO - Started process (PID=192) to work on /opt/airflow/dags/extraction_dag.py
[2026-09-17T10:08:23.597+0000] {processor.py:830} INFO - Processing file /opt/airflow/dags/extraction_dag.py for tasks to queue
[2026-09-17T10:08:23.601+0000] {logging_mixin.py:188} INFO - [2026-09-17T10:08:23.601+0000] {dagbag.py:545} INFO - Filling up the DagBag from /opt/airflow/dags/extraction_dag.py
[2026-09-17T10:08:23.692+0000] {processor.py:840} INFO - DAG(s) 'youtube_extraction' retrieved from /opt/airflow/dags/extraction_dag.py
[2026-09-17T10:08:23.718+0000] {logging_mixin.py:188} INFO - [2026-09-17T10:08:23.718+0000] {dag.py:3096} INFO - Sync 1 DAGs
[2026-09-17T10:08:23.730+0000] {logging_mixin.py:188} INFO - [2026-09-17T10:08:23.730+0000] {dag.py:3954} INFO - Setting next_dagrun for youtube_extraction to None, run_after=None
[2026-09-17T10:08:23.757+0000] {processor.py:183} INFO - Processing /opt/airflow/dags/extraction_dag.py took 0.168 seconds
[2026-09-17T10:08:53.941+0000] {processor.py:161} INFO - Started process (PID=199) to work on /opt/airflow/dags/extraction_dag.py
[2026-09-17T10:08:53.943+0000] {processor.py:830} INFO - Processing file /opt/airflow/dags/extraction_dag.py for tasks to queue
[2026-09-17T10:08:53.946+0000] {logging_mixin.py:188} INFO - [2026-09-17T10:08:53.946+0000] {dagbag.py:545} INFO - Filling up the DagBag from /opt/airflow/dags/extraction_dag.py
[2026-09-17T10:08:54.050+0000] {processor.py:840} INFO - DAG(s) 'youtube_extraction' retrieved from /opt/airflow/dags/extraction_dag.py
[2026-09-17T10:08:54.071+0000] {logging_mixin.py:188} INFO - [2026-09-17T10:08:54.071+0000] {dag.py:3096} INFO - Sync 1 DAGs
[2026-09-17T10:08:54.082+0000] {logging_mixin.py:188} INFO - [2026-09-17T10:08:54.082+0000] {dag.py:3954} INFO - Setting next_dagrun for youtube_extraction to None, run_after=None
[2026-09-17T10:08:54.125+0000] {processor.py:183} INFO - Processing /opt/airflow/dags/extraction_dag.py took 0.192 seconds
[2026-09-17T10:09:24.304+0000] {processor.py:161} INFO - Started process (PID=206) to work on /opt/airflow/dags/extraction_dag.py
[2026-09-17T10:09:24.306+0000] {processor.py:830} INFO - Processing file /opt/airflow/dags/extraction_dag.py for tasks to queue
[2026-09-17T10:09:24.310+0000] {logging_mixin.py:188} INFO - [2026-09-17T10:09:24.309+0000] {dagbag.py:545} INFO - Filling up the DagBag from /opt/airflow/dags/extraction_dag.py
[2026-09-17T10:09:24.408+0000] {processor.py:840} INFO - DAG(s) 'youtube_extraction' retrieved from /opt/airflow/dags/extraction_dag.py
[2026-09-17T10:09:24.445+0000] {logging_mixin.py:188} INFO - [2026-09-17T10:09:24.445+0000] {dag.py:3096} INFO - Sync 1 DAGs
[2026-09-17T10:09:24.481+0000] {logging_mixin.py:188} INFO - [2026-09-17T10:09:24.480+0000] {dag.py:3954} INFO - Setting next_dagrun for youtube_extraction to None, run_after=None
[2026-09-17T10:09:24.525+0000] {processor.py:183} INFO - Processing /opt/airflow/dags/extraction_dag.py took 0.233 seconds
[2026-09-17T10:09:54.800+0000] {processor.py:161} INFO - Started process (PID=213) to work on /opt/airflow/dags/extraction_dag.py
[2026-09-17T10:09:54.802+0000] {processor.py:830} INFO - Processing file /opt/airflow/dags/extraction_dag.py for tasks to queue
[2026-09-17T10:09:54.805+0000] {logging_mixin.py:188} INFO - [2026-09-17T10:09:54.804+0000] {dagbag.py:545} INFO - Filling up the DagBag from /opt/airflow/dags/extraction_dag.py
[2026-09-17T10:09:54.886+0000] {processor.py:840} INFO - DAG(s) 'youtube_extraction' retrieved from /opt/airflow/dags/extraction_dag.py
[2026-09-17T10:09:54.911+0000] {logging_mixin.py:188} INFO - [2026-09-17T10:09:54.911+0000] {dag.py:3096} INFO - Sync 1 DAGs
[2026-09-17T10:09:54.923+0000] {logging_mixin.py:188} INFO - [2026-09-17T10:09:54.923+0000] {dag.py:3954} INFO - Setting next_dagrun for youtube_extraction to None, run_after=None
[2026-09-17T10:09:54.970+0000] {processor.py:183} INFO - Processing /opt/airflow/dags/extraction_dag.py took 0.176 seconds
[2026-09-17T10:10:25.091+0000] {processor.py:161} INFO - Started process (PID=220) to work on /opt/airflow/dags/extraction_dag.py
[2026-09-17T10:10:25.093+0000] {processor.py:830} INFO - Processing file /opt/airflow/dags/extraction_dag.py for tasks to queue
[2026-09-17T10:10:25.096+0000] {logging_mixin.py:188} INFO - [2026-09-17T10:10:25.096+0000] {dagbag.py:545} INFO - Filling up the DagBag from /opt/airflow/dags/extraction_dag.py
[2026-09-17T10:10:25.183+0000] {processor.py:840} INFO - DAG(s) 'youtube_extraction' retrieved from /opt/airflow/dags/extraction_dag.py
[2026-09-17T10:10:25.213+0000] {logging_mixin.py:188} INFO - [2026-09-17T10:10:25.212+0000] {dag.py:3096} INFO - Sync 1 DAGs
[2026-09-17T10:10:25.226+0000] {logging_mixin.py:188} INFO - [2026-09-17T10:10:25.226+0000] {dag.py:3954} INFO - Setting next_dagrun for youtube_extraction to None, run_after=None
[2026-09-17T10:10:25.259+0000] {processor.py:183} INFO - Processing /opt/airflow/dags/extraction_dag.py took 0.174 seconds
[2026-09-17T10:10:55.510+0000] {processor.py:161} INFO - Started process (PID=227) to work on /opt/airflow/dags/extraction_dag.py
[2026-09-17T10:10:55.512+0000] {processor.py:830} INFO - Processing file /opt/airflow/dags/extraction_dag.py for tasks to queue
[2026-09-17T10:10:55.515+0000] {logging_mixin.py:188} INFO - [2026-09-17T10:10:55.514+0000] {dagbag.py:545} INFO - Filling up the DagBag from /opt/airflow/dags/extraction_dag.py
[2026-09-17T10:10:55.612+0000] {processor.py:840} INFO - DAG(s) 'youtube_extraction' retrieved from /opt/airflow/dags/extraction_dag.py
[2026-09-17T10:10:55.638+0000] {logging_mixin.py:188} INFO - [2026-09-17T10:10:55.638+0000] {dag.py:3096} INFO - Sync 1 DAGs
[2026-09-17T10:10:55.650+0000] {logging_mixin.py:188} INFO - [2026-09-17T10:10:55.649+0000] {dag.py:3954} INFO - Setting next_dagrun for youtube_extraction to None, run_after=None
[2026-09-17T10:10:55.679+0000] {processor.py:183} INFO - Processing /opt/airflow/dags/extraction_dag.py took 0.174 seconds
[2026-09-17T10:11:25.782+0000] {processor.py:161} INFO - Started process (PID=234) to work on /opt/airflow/dags/extraction_dag.py
[2026-09-17T10:11:25.784+0000] {processor.py:830} INFO - Processing file /opt/airflow/dags/extraction_dag.py for tasks to queue
[2026-09-17T10:11:25.788+0000] {logging_mixin.py:188} INFO - [2026-09-17T10:11:25.787+0000] {dagbag.py:545} INFO - Filling up the DagBag from /opt/airflow/dags/extraction_dag.py
[2026-09-17T10:11:25.877+0000] {processor.py:840} INFO - DAG(s) 'youtube_extraction' retrieved from /opt/airflow/dags/extraction_dag.py
[2026-09-17T10:11:25.902+0000] {logging_mixin.py:188} INFO - [2026-09-17T10:11:25.901+0000] {dag.py:3096} INFO - Sync 1 DAGs
[2026-09-17T10:11:25.916+0000] {logging_mixin.py:188} INFO - [2026-09-17T10:11:25.916+0000] {dag.py:3954} INFO - Setting next_dagrun for youtube_extraction to None, run_after=None
[2026-09-17T10:11:25.943+0000] {processor.py:183} INFO - Processing /opt/airflow/dags/extraction_dag.py took 0.166 seconds
[2026-09-17T10:11:56.220+0000] {processor.py:161} INFO - Started process (PID=241) to work on /opt/airflow/dags/extraction_dag.py
[2026-09-17T10:11:56.222+0000] {processor.py:830} INFO - Processing file /opt/airflow/dags/extraction_dag.py for tasks to queue
[2026-09-17T10:11:56.224+0000] {logging_mixin.py:188} INFO - [2026-09-17T10:11:56.224+0000] {dagbag.py:545} INFO - Filling up the DagBag from /opt/airflow/dags/extraction_dag.py
[2026-09-17T10:11:56.299+0000] {processor.py:840} INFO - DAG(s) 'youtube_extraction' retrieved from /opt/airflow/dags/extraction_dag.py
[2026-09-17T10:11:56.329+0000] {logging_mixin.py:188} INFO - [2026-09-17T10:11:56.329+0000] {dag.py:3096} INFO - Sync 1 DAGs
[2026-09-17T10:11:56.341+0000] {logging_mixin.py:188} INFO - [2026-09-17T10:11:56.341+0000] {dag.py:3954} INFO - Setting next_dagrun for youtube_extraction to None, run_after=None
[2026-09-17T10:11:56.365+0000] {processor.py:183} INFO - Processing /opt/airflow/dags/extraction_dag.py took 0.150 seconds
[2026-09-17T10:12:26.543+0000] {processor.py:161} INFO - Started process (PID=248) to work on /opt/airflow/dags/extraction_dag.py
[2026-09-17T10:12:26.546+0000] {processor.py:830} INFO - Processing file /opt/airflow/dags/extraction_dag.py for tasks to queue
[2026-09-17T10:12:26.549+0000] {logging_mixin.py:188} INFO - [2026-09-17T10:12:26.549+0000] {dagbag.py:545} INFO - Filling up the DagBag from /opt/airflow/dags/extraction_dag.py
[2026-09-17T10:12:26.654+0000] {processor.py:840} INFO - DAG(s) 'youtube_extraction' retrieved from /opt/airflow/dags/extraction_dag.py
[2026-09-17T10:12:26.678+0000] {logging_mixin.py:188} INFO - [2026-09-17T10:12:26.677+0000] {dag.py:3096} INFO - Sync 1 DAGs
[2026-09-17T10:12:26.690+0000] {logging_mixin.py:188} INFO - [2026-09-17T10:12:26.690+0000] {dag.py:3954} INFO - Setting next_dagrun for youtube_extraction to None, run_after=None
[2026-09-17T10:12:26.713+0000] {processor.py:183} INFO - Processing /opt/airflow/dags/extraction_dag.py took 0.175 seconds
[2026-09-17T10:12:56.925+0000] {processor.py:161} INFO - Started process (PID=254) to work on /opt/airflow/dags/extraction_dag.py
[2026-09-17T10:12:56.928+0000] {processor.py:830} INFO - Processing file /opt/airflow/dags/extraction_dag.py for tasks to queue
[2026-09-17T10:12:56.930+0000] {logging_mixin.py:188} INFO - [2026-09-17T10:12:56.930+0000] {dagbag.py:545} INFO - Filling up the DagBag from /opt/airflow/dags/extraction_dag.py
[2026-09-17T10:12:57.029+0000] {processor.py:840} INFO - DAG(s) 'youtube_extraction' retrieved from /opt/airflow/dags/extraction_dag.py
[2026-09-17T10:12:57.054+0000] {logging_mixin.py:188} INFO - [2026-09-17T10:12:57.054+0000] {dag.py:3096} INFO - Sync 1 DAGs
[2026-09-17T10:12:57.065+0000] {logging_mixin.py:188} INFO - [2026-09-17T10:12:57.065+0000] {dag.py:3954} INFO - Setting next_dagrun for youtube_extraction to None, run_after=None
[2026-09-17T10:12:57.093+0000] {processor.py:183} INFO - Processing /opt/airflow/dags/extraction_dag.py took 0.174 seconds
[2026-09-17T10:13:27.240+0000] {processor.py:161} INFO - Started process (PID=261) to work on /opt/airflow/dags/extraction_dag.py
[2026-09-17T10:13:27.242+0000] {processor.py:830} INFO - Processing file /opt/airflow/dags/extraction_dag.py for tasks to queue
[2026-09-17T10:13:27.246+0000] {logging_mixin.py:188} INFO - [2026-09-17T10:13:27.246+0000] {dagbag.py:545} INFO - Filling up the DagBag from /opt/airflow/dags/extraction_dag.py
[2026-09-17T10:13:27.340+0000] {processor.py:840} INFO - DAG(s) 'youtube_extraction' retrieved from /opt/airflow/dags/extraction_dag.py
[2026-09-17T10:13:27.367+0000] {logging_mixin.py:188} INFO - [2026-09-17T10:13:27.367+0000] {dag.py:3096} INFO - Sync 1 DAGs
[2026-09-17T10:13:27.381+0000] {logging_mixin.py:188} INFO - [2026-09-17T10:13:27.381+0000] {dag.py:3954} INFO - Setting next_dagrun for youtube_extraction to None, run_after=None
[2026-09-17T10:13:27.422+0000] {processor.py:183} INFO - Processing /opt/airflow/dags/extraction_dag.py took 0.188 seconds
[2026-09-17T10:13:57.659+0000] {processor.py:161} INFO - Started process (PID=268) to work on /opt/airflow/dags/extraction_dag.py
[2026-09-17T10:13:57.662+0000] {processor.py:830} INFO - Processing file /opt/airflow/dags/extraction_dag.py for tasks to queue
[2026-09-17T10:13:57.669+0000] {logging_mixin.py:188} INFO - [2026-09-17T10:13:57.668+0000] {dagbag.py:545} INFO - Filling up the DagBag from /opt/airflow/dags/extraction_dag.py
[2026-09-17T10:13:57.775+0000] {processor.py:840} INFO - DAG(s) 'youtube_extraction' retrieved from /opt/airflow/dags/extraction_dag.py
[2026-09-17T10:13:57.833+0000] {logging_mixin.py:188} INFO - [2026-09-17T10:13:57.832+0000] {dag.py:3096} INFO - Sync 1 DAGs
[2026-09-17T10:13:57.857+0000] {logging_mixin.py:188} INFO - [2026-09-17T10:13:57.856+0000] {dag.py:3954} INFO - Setting next_dagrun for youtube_extraction to None, run_after=None
[2026-09-17T10:13:57.900+0000] {processor.py:183} INFO - Processing /opt/airflow/dags/extraction_dag.py took 0.264 seconds
[2026-09-17T10:14:28.200+0000] {processor.py:161} INFO - Started process (PID=275) to work on /opt/airflow/dags/extraction_dag.py
[2026-09-17T10:14:28.202+0000] {processor.py:830} INFO - Processing file /opt/airflow/dags/extraction_dag.py for tasks to queue
[2026-09-17T10:14:28.205+0000] {logging_mixin.py:188} INFO - [2026-09-17T10:14:28.205+0000] {dagbag.py:545} INFO - Filling up the DagBag from /opt/airflow/dags/extraction_dag.py
[2026-09-17T10:14:28.330+0000] {processor.py:840} INFO - DAG(s) 'youtube_extraction' retrieved from /opt/airflow/dags/extraction_dag.py
[2026-09-17T10:14:28.360+0000] {logging_mixin.py:188} INFO - [2026-09-17T10:14:28.360+0000] {dag.py:3096} INFO - Sync 1 DAGs
[2026-09-17T10:14:28.376+0000] {logging_mixin.py:188} INFO - [2026-09-17T10:14:28.376+0000] {dag.py:3954} INFO - Setting next_dagrun for youtube_extraction to None, run_after=None
[2026-09-17T10:14:28.417+0000] {processor.py:183} INFO - Processing /opt/airflow/dags/extraction_dag.py took 0.223 seconds
[2026-09-17T10:14:58.524+0000] {processor.py:161} INFO - Started process (PID=282) to work on /opt/airflow/dags/extraction_dag.py
[2026-09-17T10:14:58.526+0000] {processor.py:830} INFO - Processing file /opt/airflow/dags/extraction_dag.py for tasks to queue
[2026-09-17T10:14:58.529+0000] {logging_mixin.py:188} INFO - [2026-09-17T10:14:58.529+0000] {dagbag.py:545} INFO - Filling up the DagBag from /opt/airflow/dags/extraction_dag.py
[2026-09-17T10:14:58.635+0000] {processor.py:840} INFO - DAG(s) 'youtube_extraction' retrieved from /opt/airflow/dags/extraction_dag.py
[2026-09-17T10:14:58.664+0000] {logging_mixin.py:188} INFO - [2026-09-17T10:14:58.664+0000] {dag.py:3096} INFO - Sync 1 DAGs
[2026-09-17T10:14:58.678+0000] {logging_mixin.py:188} INFO - [2026-09-17T10:14:58.677+0000] {dag.py:3954} INFO - Setting next_dagrun for youtube_extraction to None, run_after=None
[2026-09-17T10:14:58.716+0000] {processor.py:183} INFO - Processing /opt/airflow/dags/extraction_dag.py took 0.199 seconds
[2026-09-17T10:15:28.905+0000] {processor.py:161} INFO - Started process (PID=289) to work on /opt/airflow/dags/extraction_dag.py
[2026-09-17T10:15:28.908+0000] {processor.py:830} INFO - Processing file /opt/airflow/dags/extraction_dag.py for tasks to queue
[2026-09-17T10:15:28.912+0000] {logging_mixin.py:188} INFO - [2026-09-17T10:15:28.912+0000] {dagbag.py:545} INFO - Filling up the DagBag from /opt/airflow/dags/extraction_dag.py
[2026-09-17T10:15:29.052+0000] {processor.py:840} INFO - DAG(s) 'youtube_extraction' retrieved from /opt/airflow/dags/extraction_dag.py
[2026-09-17T10:15:29.099+0000] {logging_mixin.py:188} INFO - [2026-09-17T10:15:29.099+0000] {dag.py:3096} INFO - Sync 1 DAGs
[2026-09-17T10:15:29.112+0000] {logging_mixin.py:188} INFO - [2026-09-17T10:15:29.111+0000] {dag.py:3954} INFO - Setting next_dagrun for youtube_extraction to None, run_after=None
[2026-09-17T10:15:29.146+0000] {processor.py:183} INFO - Processing /opt/airflow/dags/extraction_dag.py took 0.247 seconds
[2026-09-17T10:15:59.415+0000] {processor.py:161} INFO - Started process (PID=296) to work on /opt/airflow/dags/extraction_dag.py
[2026-09-17T10:15:59.416+0000] {processor.py:830} INFO - Processing file /opt/airflow/dags/extraction_dag.py for tasks to queue
[2026-09-17T10:15:59.419+0000] {logging_mixin.py:188} INFO - [2026-09-17T10:15:59.418+0000] {dagbag.py:545} INFO - Filling up the DagBag from /opt/airflow/dags/extraction_dag.py
[2026-09-17T10:15:59.489+0000] {processor.py:840} INFO - DAG(s) 'youtube_extraction' retrieved from /opt/airflow/dags/extraction_dag.py
[2026-09-17T10:15:59.516+0000] {logging_mixin.py:188} INFO - [2026-09-17T10:15:59.516+0000] {dag.py:3096} INFO - Sync 1 DAGs
[2026-09-17T10:15:59.528+0000] {logging_mixin.py:188} INFO - [2026-09-17T10:15:59.528+0000] {dag.py:3954} INFO - Setting next_dagrun for youtube_extraction to None, run_after=None
[2026-09-17T10:15:59.566+0000] {processor.py:183} INFO - Processing /opt/airflow/dags/extraction_dag.py took 0.159 seconds
[2026-09-17T10:16:29.650+0000] {processor.py:161} INFO - Started process (PID=303) to work on /opt/airflow/dags/extraction_dag.py
[2026-09-17T10:16:29.652+0000] {processor.py:830} INFO - Processing file /opt/airflow/dags/extraction_dag.py for tasks to queue
[2026-09-17T10:16:29.655+0000] {logging_mixin.py:188} INFO - [2026-09-17T10:16:29.655+0000] {dagbag.py:545} INFO - Filling up the DagBag from /opt/airflow/dags/extraction_dag.py
[2026-09-17T10:16:29.748+0000] {processor.py:840} INFO - DAG(s) 'youtube_extraction' retrieved from /opt/airflow/dags/extraction_dag.py
[2026-09-17T10:16:29.784+0000] {logging_mixin.py:188} INFO - [2026-09-17T10:16:29.784+0000] {dag.py:3096} INFO - Sync 1 DAGs
[2026-09-17T10:16:29.797+0000] {logging_mixin.py:188} INFO - [2026-09-17T10:16:29.797+0000] {dag.py:3954} INFO - Setting next_dagrun for youtube_extraction to None, run_after=None
[2026-09-17T10:16:29.830+0000] {processor.py:183} INFO - Processing /opt/airflow/dags/extraction_dag.py took 0.187 seconds
[2026-09-17T10:17:00.035+0000] {processor.py:161} INFO - Started process (PID=310) to work on /opt/airflow/dags/extraction_dag.py
[2026-09-17T10:17:00.037+0000] {processor.py:830} INFO - Processing file /opt/airflow/dags/extraction_dag.py for tasks to queue
[2026-09-17T10:17:00.040+0000] {logging_mixin.py:188} INFO - [2026-09-17T10:17:00.040+0000] {dagbag.py:545} INFO - Filling up the DagBag from /opt/airflow/dags/extraction_dag.py
[2026-09-17T10:17:00.122+0000] {processor.py:840} INFO - DAG(s) 'youtube_extraction' retrieved from /opt/airflow/dags/extraction_dag.py
[2026-09-17T10:17:00.159+0000] {logging_mixin.py:188} INFO - [2026-09-17T10:17:00.159+0000] {dag.py:3096} INFO - Sync 1 DAGs
[2026-09-17T10:17:00.173+0000] {logging_mixin.py:188} INFO - [2026-09-17T10:17:00.173+0000] {dag.py:3954} INFO - Setting next_dagrun for youtube_extraction to None, run_after=None
[2026-09-17T10:17:00.200+0000] {processor.py:183} INFO - Processing /opt/airflow/dags/extraction_dag.py took 0.171 seconds
[2026-09-17T10:17:30.304+0000] {processor.py:161} INFO - Started process (PID=317) to work on /opt/airflow/dags/extraction_dag.py
[2026-09-17T10:17:30.306+0000] {processor.py:830} INFO - Processing file /opt/airflow/dags/extraction_dag.py for tasks to queue
[2026-09-17T10:17:30.310+0000] {logging_mixin.py:188} INFO - [2026-09-17T10:17:30.309+0000] {dagbag.py:545} INFO - Filling up the DagBag from /opt/airflow/dags/extraction_dag.py
[2026-09-17T10:17:30.398+0000] {processor.py:840} INFO - DAG(s) 'youtube_extraction' retrieved from /opt/airflow/dags/extraction_dag.py
[2026-09-17T10:17:30.422+0000] {logging_mixin.py:188} INFO - [2026-09-17T10:17:30.422+0000] {dag.py:3096} INFO - Sync 1 DAGs
[2026-09-17T10:17:30.434+0000] {logging_mixin.py:188} INFO - [2026-09-17T10:17:30.433+0000] {dag.py:3954} INFO - Setting next_dagrun for youtube_extraction to None, run_after=None
[2026-09-17T10:17:30.460+0000] {processor.py:183} INFO - Processing /opt/airflow/dags/extraction_dag.py took 0.161 seconds
[2026-09-17T10:18:00.718+0000] {processor.py:161} INFO - Started process (PID=324) to work on /opt/airflow/dags/extraction_dag.py
[2026-09-17T10:18:00.720+0000] {processor.py:830} INFO - Processing file /opt/airflow/dags/extraction_dag.py for tasks to queue
[2026-09-17T10:18:00.723+0000] {logging_mixin.py:188} INFO - [2026-09-17T10:18:00.723+0000] {dagbag.py:545} INFO - Filling up the DagBag from /opt/airflow/dags/extraction_dag.py
[2026-09-17T10:18:00.815+0000] {processor.py:840} INFO - DAG(s) 'youtube_extraction' retrieved from /opt/airflow/dags/extraction_dag.py
[2026-09-17T10:18:00.843+0000] {logging_mixin.py:188} INFO - [2026-09-17T10:18:00.843+0000] {dag.py:3096} INFO - Sync 1 DAGs
[2026-09-17T10:18:00.857+0000] {logging_mixin.py:188} INFO - [2026-09-17T10:18:00.856+0000] {dag.py:3954} INFO - Setting next_dagrun for youtube_extraction to None, run_after=None
[2026-09-17T10:18:00.882+0000] {processor.py:183} INFO - Processing /opt/airflow/dags/extraction_dag.py took 0.168 seconds
[2026-09-17T10:18:31.003+0000] {processor.py:161} INFO - Started process (PID=331) to work on /opt/airflow/dags/extraction_dag.py
[2026-09-17T10:18:31.005+0000] {processor.py:830} INFO - Processing file /opt/airflow/dags/extraction_dag.py for tasks to queue
[2026-09-17T10:18:31.008+0000] {logging_mixin.py:188} INFO - [2026-09-17T10:18:31.007+0000] {dagbag.py:545} INFO - Filling up the DagBag from /opt/airflow/dags/extraction_dag.py
[2026-09-17T10:18:31.102+0000] {processor.py:840} INFO - DAG(s) 'youtube_extraction' retrieved from /opt/airflow/dags/extraction_dag.py
[2026-09-17T10:18:31.127+0000] {logging_mixin.py:188} INFO - [2026-09-17T10:18:31.126+0000] {dag.py:3096} INFO - Sync 1 DAGs
[2026-09-17T10:18:31.139+0000] {logging_mixin.py:188} INFO - [2026-09-17T10:18:31.138+0000] {dag.py:3954} INFO - Setting next_dagrun for youtube_extraction to None, run_after=None
[2026-09-17T10:18:31.160+0000] {processor.py:183} INFO - Processing /opt/airflow/dags/extraction_dag.py took 0.163 seconds
[2026-09-17T10:19:01.433+0000] {processor.py:161} INFO - Started process (PID=338) to work on /opt/airflow/dags/extraction_dag.py
[2026-09-17T10:19:01.435+0000] {processor.py:830} INFO - Processing file /opt/airflow/dags/extraction_dag.py for tasks to queue
[2026-09-17T10:19:01.437+0000] {logging_mixin.py:188} INFO - [2026-09-17T10:19:01.437+0000] {dagbag.py:545} INFO - Filling up the DagBag from /opt/airflow/dags/extraction_dag.py
[2026-09-17T10:19:01.546+0000] {processor.py:840} INFO - DAG(s) 'youtube_extraction' retrieved from /opt/airflow/dags/extraction_dag.py
[2026-09-17T10:19:01.568+0000] {logging_mixin.py:188} INFO - [2026-09-17T10:19:01.568+0000] {dag.py:3096} INFO - Sync 1 DAGs
[2026-09-17T10:19:01.579+0000] {logging_mixin.py:188} INFO - [2026-09-17T10:19:01.578+0000] {dag.py:3954} INFO - Setting next_dagrun for youtube_extraction to None, run_after=None
[2026-09-17T10:19:01.604+0000] {processor.py:183} INFO - Processing /opt/airflow/dags/extraction_dag.py took 0.176 seconds
[2026-09-17T10:19:31.697+0000] {processor.py:161} INFO - Started process (PID=345) to work on /opt/airflow/dags/extraction_dag.py
[2026-09-17T10:19:31.699+0000] {processor.py:830} INFO - Processing file /opt/airflow/dags/extraction_dag.py for tasks to queue
[2026-09-17T10:19:31.702+0000] {logging_mixin.py:188} INFO - [2026-09-17T10:19:31.702+0000] {dagbag.py:545} INFO - Filling up the DagBag from /opt/airflow/dags/extraction_dag.py
[2026-09-17T10:19:31.802+0000] {processor.py:840} INFO - DAG(s) 'youtube_extraction' retrieved from /opt/airflow/dags/extraction_dag.py
[2026-09-17T10:19:31.831+0000] {logging_mixin.py:188} INFO - [2026-09-17T10:19:31.831+0000] {dag.py:3096} INFO - Sync 1 DAGs
[2026-09-17T10:19:31.849+0000] {logging_mixin.py:188} INFO - [2026-09-17T10:19:31.849+0000] {dag.py:3954} INFO - Setting next_dagrun for youtube_extraction to None, run_after=None
[2026-09-17T10:19:31.880+0000] {processor.py:183} INFO - Processing /opt/airflow/dags/extraction_dag.py took 0.188 seconds
[2026-09-17T10:20:02.259+0000] {processor.py:161} INFO - Started process (PID=352) to work on /opt/airflow/dags/extraction_dag.py
[2026-09-17T10:20:02.261+0000] {processor.py:830} INFO - Processing file /opt/airflow/dags/extraction_dag.py for tasks to queue
[2026-09-17T10:20:02.264+0000] {logging_mixin.py:188} INFO - [2026-09-17T10:20:02.264+0000] {dagbag.py:545} INFO - Filling up the DagBag from /opt/airflow/dags/extraction_dag.py
[2026-09-17T10:20:02.342+0000] {processor.py:840} INFO - DAG(s) 'youtube_extraction' retrieved from /opt/airflow/dags/extraction_dag.py
[2026-09-17T10:20:02.369+0000] {logging_mixin.py:188} INFO - [2026-09-17T10:20:02.368+0000] {dag.py:3096} INFO - Sync 1 DAGs
[2026-09-17T10:20:02.381+0000] {logging_mixin.py:188} INFO - [2026-09-17T10:20:02.381+0000] {dag.py:3954} INFO - Setting next_dagrun for youtube_extraction to None, run_after=None
[2026-09-17T10:20:02.424+0000] {processor.py:183} INFO - Processing /opt/airflow/dags/extraction_dag.py took 0.170 seconds
[2026-09-17T10:20:32.578+0000] {processor.py:161} INFO - Started process (PID=359) to work on /opt/airflow/dags/extraction_dag.py
[2026-09-17T10:20:32.580+0000] {processor.py:830} INFO - Processing file /opt/airflow/dags/extraction_dag.py for tasks to queue
[2026-09-17T10:20:32.584+0000] {logging_mixin.py:188} INFO - [2026-09-17T10:20:32.584+0000] {dagbag.py:545} INFO - Filling up the DagBag from /opt/airflow/dags/extraction_dag.py
[2026-09-17T10:20:32.688+0000] {processor.py:840} INFO - DAG(s) 'youtube_extraction' retrieved from /opt/airflow/dags/extraction_dag.py
[2026-09-17T10:20:32.721+0000] {logging_mixin.py:188} INFO - [2026-09-17T10:20:32.721+0000] {dag.py:3096} INFO - Sync 1 DAGs
[2026-09-17T10:20:32.733+0000] {logging_mixin.py:188} INFO - [2026-09-17T10:20:32.733+0000] {dag.py:3954} INFO - Setting next_dagrun for youtube_extraction to None, run_after=None
[2026-09-17T10:20:32.766+0000] {processor.py:183} INFO - Processing /opt/airflow/dags/extraction_dag.py took 0.193 seconds
[2026-09-17T10:21:03.014+0000] {processor.py:161} INFO - Started process (PID=366) to work on /opt/airflow/dags/extraction_dag.py
[2026-09-17T10:21:03.017+0000] {processor.py:830} INFO - Processing file /opt/airflow/dags/extraction_dag.py for tasks to queue
[2026-09-17T10:21:03.020+0000] {logging_mixin.py:188} INFO - [2026-09-17T10:21:03.020+0000] {dagbag.py:545} INFO - Filling up the DagBag from /opt/airflow/dags/extraction_dag.py
[2026-09-17T10:21:03.139+0000] {processor.py:840} INFO - DAG(s) 'youtube_extraction' retrieved from /opt/airflow/dags/extraction_dag.py
[2026-09-17T10:21:03.167+0000] {logging_mixin.py:188} INFO - [2026-09-17T10:21:03.167+0000] {dag.py:3096} INFO - Sync 1 DAGs
[2026-09-17T10:21:03.179+0000] {logging_mixin.py:188} INFO - [2026-09-17T10:21:03.179+0000] {dag.py:3954} INFO - Setting next_dagrun for youtube_extraction to None, run_after=None
[2026-09-17T10:21:03.204+0000] {processor.py:183} INFO - Processing /opt/airflow/dags/extraction_dag.py took 0.195 seconds
[2026-09-17T10:21:33.304+0000] {processor.py:161} INFO - Started process (PID=373) to work on /opt/airflow/dags/extraction_dag.py
[2026-09-17T10:21:33.307+0000] {processor.py:830} INFO - Processing file /opt/airflow/dags/extraction_dag.py for tasks to queue
[2026-09-17T10:21:33.310+0000] {logging_mixin.py:188} INFO - [2026-09-17T10:21:33.310+0000] {dagbag.py:545} INFO - Filling up the DagBag from /opt/airflow/dags/extraction_dag.py
[2026-09-17T10:21:33.405+0000] {processor.py:840} INFO - DAG(s) 'youtube_extraction' retrieved from /opt/airflow/dags/extraction_dag.py
[2026-09-17T10:21:33.432+0000] {logging_mixin.py:188} INFO - [2026-09-17T10:21:33.432+0000] {dag.py:3096} INFO - Sync 1 DAGs
[2026-09-17T10:21:33.444+0000] {logging_mixin.py:188} INFO - [2026-09-17T10:21:33.444+0000] {dag.py:3954} INFO - Setting next_dagrun for youtube_extraction to None, run_after=None
[2026-09-17T10:21:33.482+0000] {processor.py:183} INFO - Processing /opt/airflow/dags/extraction_dag.py took 0.184 seconds
[2026-09-17T10:22:03.766+0000] {processor.py:161} INFO - Started process (PID=380) to work on /opt/airflow/dags/extraction_dag.py
[2026-09-17T10:22:03.769+0000] {processor.py:830} INFO - Processing file /opt/airflow/dags/extraction_dag.py for tasks to queue
[2026-09-17T10:22:03.773+0000] {logging_mixin.py:188} INFO - [2026-09-17T10:22:03.773+0000] {dagbag.py:545} INFO - Filling up the DagBag from /opt/airflow/dags/extraction_dag.py
[2026-09-17T10:22:03.888+0000] {processor.py:840} INFO - DAG(s) 'youtube_extraction' retrieved from /opt/airflow/dags/extraction_dag.py
[2026-09-17T10:22:03.914+0000] {logging_mixin.py:188} INFO - [2026-09-17T10:22:03.913+0000] {dag.py:3096} INFO - Sync 1 DAGs
[2026-09-17T10:22:03.925+0000] {logging_mixin.py:188} INFO - [2026-09-17T10:22:03.925+0000] {dag.py:3954} INFO - Setting next_dagrun for youtube_extraction to None, run_after=None
[2026-09-17T10:22:03.959+0000] {processor.py:183} INFO - Processing /opt/airflow/dags/extraction_dag.py took 0.201 seconds
[2026-09-17T10:22:34.068+0000] {processor.py:161} INFO - Started process (PID=387) to work on /opt/airflow/dags/extraction_dag.py
[2026-09-17T10:22:34.071+0000] {processor.py:830} INFO - Processing file /opt/airflow/dags/extraction_dag.py for tasks to queue
[2026-09-17T10:22:34.074+0000] {logging_mixin.py:188} INFO - [2026-09-17T10:22:34.073+0000] {dagbag.py:545} INFO - Filling up the DagBag from /opt/airflow/dags/extraction_dag.py
[2026-09-17T10:22:34.160+0000] {processor.py:840} INFO - DAG(s) 'youtube_extraction' retrieved from /opt/airflow/dags/extraction_dag.py
[2026-09-17T10:22:34.193+0000] {logging_mixin.py:188} INFO - [2026-09-17T10:22:34.192+0000] {dag.py:3096} INFO - Sync 1 DAGs
[2026-09-17T10:22:34.205+0000] {logging_mixin.py:188} INFO - [2026-09-17T10:22:34.205+0000] {dag.py:3954} INFO - Setting next_dagrun for youtube_extraction to None, run_after=None
[2026-09-17T10:22:34.244+0000] {processor.py:183} INFO - Processing /opt/airflow/dags/extraction_dag.py took 0.182 seconds
[2026-09-17T10:23:04.467+0000] {processor.py:161} INFO - Started process (PID=394) to work on /opt/airflow/dags/extraction_dag.py
[2026-09-17T10:23:04.469+0000] {processor.py:830} INFO - Processing file /opt/airflow/dags/extraction_dag.py for tasks to queue
[2026-09-17T10:23:04.472+0000] {logging_mixin.py:188} INFO - [2026-09-17T10:23:04.471+0000] {dagbag.py:545} INFO - Filling up the DagBag from /opt/airflow/dags/extraction_dag.py
[2026-09-17T10:23:04.549+0000] {processor.py:840} INFO - DAG(s) 'youtube_extraction' retrieved from /opt/airflow/dags/extraction_dag.py
[2026-09-17T10:23:04.581+0000] {logging_mixin.py:188} INFO - [2026-09-17T10:23:04.580+0000] {dag.py:3096} INFO - Sync 1 DAGs
[2026-09-17T10:23:04.594+0000] {logging_mixin.py:188} INFO - [2026-09-17T10:23:04.594+0000] {dag.py:3954} INFO - Setting next_dagrun for youtube_extraction to None, run_after=None
[2026-09-17T10:23:04.623+0000] {processor.py:183} INFO - Processing /opt/airflow/dags/extraction_dag.py took 0.163 seconds
[2026-09-17T10:23:34.805+0000] {processor.py:161} INFO - Started process (PID=401) to work on /opt/airflow/dags/extraction_dag.py
[2026-09-17T10:23:34.808+0000] {processor.py:830} INFO - Processing file /opt/airflow/dags/extraction_dag.py for tasks to queue
[2026-09-17T10:23:34.810+0000] {logging_mixin.py:188} INFO - [2026-09-17T10:23:34.810+0000] {dagbag.py:545} INFO - Filling up the DagBag from /opt/airflow/dags/extraction_dag.py
[2026-09-17T10:23:34.898+0000] {processor.py:840} INFO - DAG(s) 'youtube_extraction' retrieved from /opt/airflow/dags/extraction_dag.py
[2026-09-17T10:23:34.922+0000] {logging_mixin.py:188} INFO - [2026-09-17T10:23:34.922+0000] {dag.py:3096} INFO - Sync 1 DAGs
[2026-09-17T10:23:34.932+0000] {logging_mixin.py:188} INFO - [2026-09-17T10:23:34.932+0000] {dag.py:3954} INFO - Setting next_dagrun for youtube_extraction to None, run_after=None
[2026-09-17T10:23:34.958+0000] {processor.py:183} INFO - Processing /opt/airflow/dags/extraction_dag.py took 0.159 seconds
[2026-09-17T10:24:05.176+0000] {processor.py:161} INFO - Started process (PID=408) to work on /opt/airflow/dags/extraction_dag.py
[2026-09-17T10:24:05.178+0000] {processor.py:830} INFO - Processing file /opt/airflow/dags/extraction_dag.py for tasks to queue
[2026-09-17T10:24:05.182+0000] {logging_mixin.py:188} INFO - [2026-09-17T10:24:05.181+0000] {dagbag.py:545} INFO - Filling up the DagBag from /opt/airflow/dags/extraction_dag.py
[2026-09-17T10:24:05.266+0000] {processor.py:840} INFO - DAG(s) 'youtube_extraction' retrieved from /opt/airflow/dags/extraction_dag.py
[2026-09-17T10:24:05.297+0000] {logging_mixin.py:188} INFO - [2026-09-17T10:24:05.297+0000] {dag.py:3096} INFO - Sync 1 DAGs
[2026-09-17T10:24:05.311+0000] {logging_mixin.py:188} INFO - [2026-09-17T10:24:05.311+0000] {dag.py:3954} INFO - Setting next_dagrun for youtube_extraction to None, run_after=None
[2026-09-17T10:24:05.339+0000] {processor.py:183} INFO - Processing /opt/airflow/dags/extraction_dag.py took 0.172 seconds
[2026-09-17T10:24:35.468+0000] {processor.py:161} INFO - Started process (PID=415) to work on /opt/airflow/dags/extraction_dag.py
[2026-09-17T10:24:35.470+0000] {processor.py:830} INFO - Processing file /opt/airflow/dags/extraction_dag.py for tasks to queue
[2026-09-17T10:24:35.473+0000] {logging_mixin.py:188} INFO - [2026-09-17T10:24:35.473+0000] {dagbag.py:545} INFO - Filling up the DagBag from /opt/airflow/dags/extraction_dag.py
[2026-09-17T10:24:35.559+0000] {processor.py:840} INFO - DAG(s) 'youtube_extraction' retrieved from /opt/airflow/dags/extraction_dag.py
[2026-09-17T10:24:35.590+0000] {logging_mixin.py:188} INFO - [2026-09-17T10:24:35.590+0000] {dag.py:3096} INFO - Sync 1 DAGs
[2026-09-17T10:24:35.603+0000] {logging_mixin.py:188} INFO - [2026-09-17T10:24:35.603+0000] {dag.py:3954} INFO - Setting next_dagrun for youtube_extraction to None, run_after=None
[2026-09-17T10:24:35.627+0000] {processor.py:183} INFO - Processing /opt/airflow/dags/extraction_dag.py took 0.164 seconds
[2026-09-17T10:25:05.961+0000] {processor.py:161} INFO - Started process (PID=422) to work on /opt/airflow/dags/extraction_dag.py
[2026-09-17T10:25:05.967+0000] {processor.py:830} INFO - Processing file /opt/airflow/dags/extraction_dag.py for tasks to queue
[2026-09-17T10:25:05.969+0000] {logging_mixin.py:188} INFO - [2026-09-17T10:25:05.969+0000] {dagbag.py:545} INFO - Filling up the DagBag from /opt/airflow/dags/extraction_dag.py
[2026-09-17T10:25:06.061+0000] {processor.py:840} INFO - DAG(s) 'youtube_extraction' retrieved from /opt/airflow/dags/extraction_dag.py
[2026-09-17T10:25:06.096+0000] {logging_mixin.py:188} INFO - [2026-09-17T10:25:06.095+0000] {dag.py:3096} INFO - Sync 1 DAGs
[2026-09-17T10:25:06.109+0000] {logging_mixin.py:188} INFO - [2026-09-17T10:25:06.109+0000] {dag.py:3954} INFO - Setting next_dagrun for youtube_extraction to None, run_after=None
[2026-09-17T10:25:06.150+0000] {processor.py:183} INFO - Processing /opt/airflow/dags/extraction_dag.py took 0.194 seconds
[2026-09-17T10:25:36.238+0000] {processor.py:161} INFO - Started process (PID=429) to work on /opt/airflow/dags/extraction_dag.py
[2026-09-17T10:25:36.240+0000] {processor.py:830} INFO - Processing file /opt/airflow/dags/extraction_dag.py for tasks to queue
[2026-09-17T10:25:36.244+0000] {logging_mixin.py:188} INFO - [2026-09-17T10:25:36.243+0000] {dagbag.py:545} INFO - Filling up the DagBag from /opt/airflow/dags/extraction_dag.py
[2026-09-17T10:25:36.339+0000] {processor.py:840} INFO - DAG(s) 'youtube_extraction' retrieved from /opt/airflow/dags/extraction_dag.py
[2026-09-17T10:25:36.364+0000] {logging_mixin.py:188} INFO - [2026-09-17T10:25:36.364+0000] {dag.py:3096} INFO - Sync 1 DAGs
[2026-09-17T10:25:36.377+0000] {logging_mixin.py:188} INFO - [2026-09-17T10:25:36.376+0000] {dag.py:3954} INFO - Setting next_dagrun for youtube_extraction to None, run_after=None
[2026-09-17T10:25:36.403+0000] {processor.py:183} INFO - Processing /opt/airflow/dags/extraction_dag.py took 0.170 seconds
[2026-09-17T10:26:06.671+0000] {processor.py:161} INFO - Started process (PID=436) to work on /opt/airflow/dags/extraction_dag.py
[2026-09-17T10:26:06.673+0000] {processor.py:830} INFO - Processing file /opt/airflow/dags/extraction_dag.py for tasks to queue
[2026-09-17T10:26:06.677+0000] {logging_mixin.py:188} INFO - [2026-09-17T10:26:06.677+0000] {dagbag.py:545} INFO - Filling up the DagBag from /opt/airflow/dags/extraction_dag.py
[2026-09-17T10:26:06.767+0000] {processor.py:840} INFO - DAG(s) 'youtube_extraction' retrieved from /opt/airflow/dags/extraction_dag.py
[2026-09-17T10:26:06.791+0000] {logging_mixin.py:188} INFO - [2026-09-17T10:26:06.791+0000] {dag.py:3096} INFO - Sync 1 DAGs
[2026-09-17T10:26:06.806+0000] {logging_mixin.py:188} INFO - [2026-09-17T10:26:06.806+0000] {dag.py:3954} INFO - Setting next_dagrun for youtube_extraction to None, run_after=None
[2026-09-17T10:26:06.836+0000] {processor.py:183} INFO - Processing /opt/airflow/dags/extraction_dag.py took 0.170 seconds
[2026-09-17T10:26:36.954+0000] {processor.py:161} INFO - Started process (PID=443) to work on /opt/airflow/dags/extraction_dag.py
[2026-09-17T10:26:36.956+0000] {processor.py:830} INFO - Processing file /opt/airflow/dags/extraction_dag.py for tasks to queue
[2026-09-17T10:26:36.960+0000] {logging_mixin.py:188} INFO - [2026-09-17T10:26:36.960+0000] {dagbag.py:545} INFO - Filling up the DagBag from /opt/airflow/dags/extraction_dag.py
[2026-09-17T10:26:37.068+0000] {processor.py:840} INFO - DAG(s) 'youtube_extraction' retrieved from /opt/airflow/dags/extraction_dag.py
[2026-09-17T10:26:37.094+0000] {logging_mixin.py:188} INFO - [2026-09-17T10:26:37.093+0000] {dag.py:3096} INFO - Sync 1 DAGs
[2026-09-17T10:26:37.104+0000] {logging_mixin.py:188} INFO - [2026-09-17T10:26:37.104+0000] {dag.py:3954} INFO - Setting next_dagrun for youtube_extraction to None, run_after=None
[2026-09-17T10:26:37.137+0000] {processor.py:183} INFO - Processing /opt/airflow/dags/extraction_dag.py took 0.189 seconds
[2026-09-17T10:27:53.646+0000] {processor.py:161} INFO - Started process (PID=65) to work on /opt/airflow/dags/extraction_dag.py
[2026-09-17T10:27:53.652+0000] {processor.py:830} INFO - Processing file /opt/airflow/dags/extraction_dag.py for tasks to queue
[2026-09-17T10:27:53.663+0000] {logging_mixin.py:188} INFO - [2026-09-17T10:27:53.662+0000] {dagbag.py:545} INFO - Filling up the DagBag from /opt/airflow/dags/extraction_dag.py
[2026-09-17T10:27:53.897+0000] {processor.py:840} INFO - DAG(s) 'youtube_extraction' retrieved from /opt/airflow/dags/extraction_dag.py
[2026-09-17T10:27:54.925+0000] {logging_mixin.py:188} INFO - [2026-09-17T10:27:54.922+0000] {dag.py:3096} INFO - Sync 1 DAGs
[2026-09-17T10:27:54.988+0000] {logging_mixin.py:188} INFO - [2026-09-17T10:27:54.988+0000] {dag.py:3954} INFO - Setting next_dagrun for youtube_extraction to None, run_after=None
[2026-09-17T10:27:55.071+0000] {processor.py:183} INFO - Processing /opt/airflow/dags/extraction_dag.py took 1.449 seconds
[2026-09-17T10:28:25.365+0000] {processor.py:161} INFO - Started process (PID=79) to work on /opt/airflow/dags/extraction_dag.py
[2026-09-17T10:28:25.369+0000] {processor.py:830} INFO - Processing file /opt/airflow/dags/extraction_dag.py for tasks to queue
[2026-09-17T10:28:25.377+0000] {logging_mixin.py:188} INFO - [2026-09-17T10:28:25.376+0000] {dagbag.py:545} INFO - Filling up the DagBag from /opt/airflow/dags/extraction_dag.py
[2026-09-17T10:28:25.479+0000] {processor.py:840} INFO - DAG(s) 'youtube_extraction' retrieved from /opt/airflow/dags/extraction_dag.py
[2026-09-17T10:28:25.522+0000] {logging_mixin.py:188} INFO - [2026-09-17T10:28:25.521+0000] {dag.py:3096} INFO - Sync 1 DAGs
[2026-09-17T10:28:25.540+0000] {logging_mixin.py:188} INFO - [2026-09-17T10:28:25.540+0000] {dag.py:3954} INFO - Setting next_dagrun for youtube_extraction to None, run_after=None
[2026-09-17T10:28:25.620+0000] {processor.py:183} INFO - Processing /opt/airflow/dags/extraction_dag.py took 0.266 seconds
[2026-09-17T10:28:55.909+0000] {processor.py:161} INFO - Started process (PID=86) to work on /opt/airflow/dags/extraction_dag.py
[2026-09-17T10:28:55.912+0000] {processor.py:830} INFO - Processing file /opt/airflow/dags/extraction_dag.py for tasks to queue
[2026-09-17T10:28:55.917+0000] {logging_mixin.py:188} INFO - [2026-09-17T10:28:55.917+0000] {dagbag.py:545} INFO - Filling up the DagBag from /opt/airflow/dags/extraction_dag.py
[2026-09-17T10:28:56.060+0000] {processor.py:840} INFO - DAG(s) 'youtube_extraction' retrieved from /opt/airflow/dags/extraction_dag.py
[2026-09-17T10:28:56.090+0000] {logging_mixin.py:188} INFO - [2026-09-17T10:28:56.089+0000] {dag.py:3096} INFO - Sync 1 DAGs
[2026-09-17T10:28:56.107+0000] {logging_mixin.py:188} INFO - [2026-09-17T10:28:56.107+0000] {dag.py:3954} INFO - Setting next_dagrun for youtube_extraction to None, run_after=None
[2026-09-17T10:28:56.207+0000] {processor.py:183} INFO - Processing /opt/airflow/dags/extraction_dag.py took 0.305 seconds
[2026-09-17T10:29:26.512+0000] {processor.py:161} INFO - Started process (PID=93) to work on /opt/airflow/dags/extraction_dag.py
[2026-09-17T10:29:26.514+0000] {processor.py:830} INFO - Processing file /opt/airflow/dags/extraction_dag.py for tasks to queue
[2026-09-17T10:29:26.517+0000] {logging_mixin.py:188} INFO - [2026-09-17T10:29:26.517+0000] {dagbag.py:545} INFO - Filling up the DagBag from /opt/airflow/dags/extraction_dag.py
[2026-09-17T10:29:26.699+0000] {processor.py:840} INFO - DAG(s) 'youtube_extraction' retrieved from /opt/airflow/dags/extraction_dag.py
[2026-09-17T10:29:26.872+0000] {logging_mixin.py:188} INFO - [2026-09-17T10:29:26.871+0000] {dag.py:3096} INFO - Sync 1 DAGs
[2026-09-17T10:29:26.888+0000] {logging_mixin.py:188} INFO - [2026-09-17T10:29:26.887+0000] {dag.py:3954} INFO - Setting next_dagrun for youtube_extraction to None, run_after=None
[2026-09-17T10:29:26.919+0000] {processor.py:183} INFO - Processing /opt/airflow/dags/extraction_dag.py took 0.411 seconds
[2026-09-17T10:30:49.197+0000] {processor.py:161} INFO - Started process (PID=60) to work on /opt/airflow/dags/extraction_dag.py
[2026-09-17T10:30:49.201+0000] {processor.py:830} INFO - Processing file /opt/airflow/dags/extraction_dag.py for tasks to queue
[2026-09-17T10:30:49.209+0000] {logging_mixin.py:188} INFO - [2026-09-17T10:30:49.208+0000] {dagbag.py:545} INFO - Filling up the DagBag from /opt/airflow/dags/extraction_dag.py
[2026-09-17T10:30:49.362+0000] {processor.py:840} INFO - DAG(s) 'youtube_extraction' retrieved from /opt/airflow/dags/extraction_dag.py
[2026-09-17T10:30:49.829+0000] {logging_mixin.py:188} INFO - [2026-09-17T10:30:49.828+0000] {dag.py:3096} INFO - Sync 1 DAGs
[2026-09-17T10:30:49.855+0000] {logging_mixin.py:188} INFO - [2026-09-17T10:30:49.855+0000] {dag.py:3954} INFO - Setting next_dagrun for youtube_extraction to None, run_after=None
[2026-09-17T10:30:49.909+0000] {processor.py:183} INFO - Processing /opt/airflow/dags/extraction_dag.py took 0.729 seconds
[2026-09-17T10:31:20.268+0000] {processor.py:161} INFO - Started process (PID=67) to work on /opt/airflow/dags/extraction_dag.py
[2026-09-17T10:31:20.284+0000] {processor.py:830} INFO - Processing file /opt/airflow/dags/extraction_dag.py for tasks to queue
[2026-09-17T10:31:20.289+0000] {logging_mixin.py:188} INFO - [2026-09-17T10:31:20.288+0000] {dagbag.py:545} INFO - Filling up the DagBag from /opt/airflow/dags/extraction_dag.py
[2026-09-17T10:31:20.423+0000] {processor.py:840} INFO - DAG(s) 'youtube_extraction' retrieved from /opt/airflow/dags/extraction_dag.py
[2026-09-17T10:31:20.495+0000] {logging_mixin.py:188} INFO - [2026-09-17T10:31:20.494+0000] {dag.py:3096} INFO - Sync 1 DAGs
[2026-09-17T10:31:20.517+0000] {logging_mixin.py:188} INFO - [2026-09-17T10:31:20.517+0000] {dag.py:3954} INFO - Setting next_dagrun for youtube_extraction to None, run_after=None
[2026-09-17T10:31:20.548+0000] {processor.py:183} INFO - Processing /opt/airflow/dags/extraction_dag.py took 0.310 seconds
[2026-09-17T10:31:50.835+0000] {processor.py:161} INFO - Started process (PID=80) to work on /opt/airflow/dags/extraction_dag.py
[2026-09-17T10:31:50.843+0000] {processor.py:830} INFO - Processing file /opt/airflow/dags/extraction_dag.py for tasks to queue
[2026-09-17T10:31:50.847+0000] {logging_mixin.py:188} INFO - [2026-09-17T10:31:50.846+0000] {dagbag.py:545} INFO - Filling up the DagBag from /opt/airflow/dags/extraction_dag.py
[2026-09-17T10:31:51.011+0000] {processor.py:840} INFO - DAG(s) 'youtube_extraction' retrieved from /opt/airflow/dags/extraction_dag.py
[2026-09-17T10:31:51.043+0000] {logging_mixin.py:188} INFO - [2026-09-17T10:31:51.043+0000] {dag.py:3096} INFO - Sync 1 DAGs
[2026-09-17T10:31:51.056+0000] {logging_mixin.py:188} INFO - [2026-09-17T10:31:51.055+0000] {dag.py:3954} INFO - Setting next_dagrun for youtube_extraction to None, run_after=None
[2026-09-17T10:31:51.104+0000] {processor.py:183} INFO - Processing /opt/airflow/dags/extraction_dag.py took 0.276 seconds
[2026-09-17T10:32:21.426+0000] {processor.py:161} INFO - Started process (PID=87) to work on /opt/airflow/dags/extraction_dag.py
[2026-09-17T10:32:21.428+0000] {processor.py:830} INFO - Processing file /opt/airflow/dags/extraction_dag.py for tasks to queue
[2026-09-17T10:32:21.431+0000] {logging_mixin.py:188} INFO - [2026-09-17T10:32:21.430+0000] {dagbag.py:545} INFO - Filling up the DagBag from /opt/airflow/dags/extraction_dag.py
[2026-09-17T10:32:21.526+0000] {processor.py:840} INFO - DAG(s) 'youtube_extraction' retrieved from /opt/airflow/dags/extraction_dag.py
[2026-09-17T10:32:21.554+0000] {logging_mixin.py:188} INFO - [2026-09-17T10:32:21.554+0000] {dag.py:3096} INFO - Sync 1 DAGs
[2026-09-17T10:32:21.565+0000] {logging_mixin.py:188} INFO - [2026-09-17T10:32:21.565+0000] {dag.py:3954} INFO - Setting next_dagrun for youtube_extraction to None, run_after=None
[2026-09-17T10:32:21.598+0000] {processor.py:183} INFO - Processing /opt/airflow/dags/extraction_dag.py took 0.178 seconds
[2026-09-17T10:32:51.675+0000] {processor.py:161} INFO - Started process (PID=94) to work on /opt/airflow/dags/extraction_dag.py
[2026-09-17T10:32:51.678+0000] {processor.py:830} INFO - Processing file /opt/airflow/dags/extraction_dag.py for tasks to queue
[2026-09-17T10:32:51.681+0000] {logging_mixin.py:188} INFO - [2026-09-17T10:32:51.681+0000] {dagbag.py:545} INFO - Filling up the DagBag from /opt/airflow/dags/extraction_dag.py
[2026-09-17T10:32:51.773+0000] {processor.py:840} INFO - DAG(s) 'youtube_extraction' retrieved from /opt/airflow/dags/extraction_dag.py
[2026-09-17T10:32:51.806+0000] {logging_mixin.py:188} INFO - [2026-09-17T10:32:51.805+0000] {dag.py:3096} INFO - Sync 1 DAGs
[2026-09-17T10:32:51.821+0000] {logging_mixin.py:188} INFO - [2026-09-17T10:32:51.821+0000] {dag.py:3954} INFO - Setting next_dagrun for youtube_extraction to None, run_after=None
[2026-09-17T10:32:51.844+0000] {processor.py:183} INFO - Processing /opt/airflow/dags/extraction_dag.py took 0.177 seconds
[2026-09-17T10:33:22.135+0000] {processor.py:161} INFO - Started process (PID=101) to work on /opt/airflow/dags/extraction_dag.py
[2026-09-17T10:33:22.137+0000] {processor.py:830} INFO - Processing file /opt/airflow/dags/extraction_dag.py for tasks to queue
[2026-09-17T10:33:22.140+0000] {logging_mixin.py:188} INFO - [2026-09-17T10:33:22.140+0000] {dagbag.py:545} INFO - Filling up the DagBag from /opt/airflow/dags/extraction_dag.py
[2026-09-17T10:33:22.208+0000] {processor.py:840} INFO - DAG(s) 'youtube_extraction' retrieved from /opt/airflow/dags/extraction_dag.py
[2026-09-17T10:33:22.245+0000] {logging_mixin.py:188} INFO - [2026-09-17T10:33:22.245+0000] {dag.py:3096} INFO - Sync 1 DAGs
[2026-09-17T10:33:22.263+0000] {logging_mixin.py:188} INFO - [2026-09-17T10:33:22.263+0000] {dag.py:3954} INFO - Setting next_dagrun for youtube_extraction to None, run_after=None
[2026-09-17T10:33:22.308+0000] {processor.py:183} INFO - Processing /opt/airflow/dags/extraction_dag.py took 0.179 seconds
[2026-09-17T10:33:52.447+0000] {processor.py:161} INFO - Started process (PID=108) to work on /opt/airflow/dags/extraction_dag.py
[2026-09-17T10:33:52.452+0000] {processor.py:830} INFO - Processing file /opt/airflow/dags/extraction_dag.py for tasks to queue
[2026-09-17T10:33:52.455+0000] {logging_mixin.py:188} INFO - [2026-09-17T10:33:52.455+0000] {dagbag.py:545} INFO - Filling up the DagBag from /opt/airflow/dags/extraction_dag.py
[2026-09-17T10:33:52.573+0000] {processor.py:840} INFO - DAG(s) 'youtube_extraction' retrieved from /opt/airflow/dags/extraction_dag.py
[2026-09-17T10:33:52.601+0000] {logging_mixin.py:188} INFO - [2026-09-17T10:33:52.600+0000] {dag.py:3096} INFO - Sync 1 DAGs
[2026-09-17T10:33:52.613+0000] {logging_mixin.py:188} INFO - [2026-09-17T10:33:52.613+0000] {dag.py:3954} INFO - Setting next_dagrun for youtube_extraction to None, run_after=None
[2026-09-17T10:33:52.659+0000] {processor.py:183} INFO - Processing /opt/airflow/dags/extraction_dag.py took 0.218 seconds
[2026-09-17T10:33:59.744+0000] {processor.py:161} INFO - Started process (PID=109) to work on /opt/airflow/dags/extraction_dag.py
[2026-09-17T10:33:59.756+0000] {processor.py:830} INFO - Processing file /opt/airflow/dags/extraction_dag.py for tasks to queue
[2026-09-17T10:33:59.768+0000] {logging_mixin.py:188} INFO - [2026-09-17T10:33:59.767+0000] {dagbag.py:545} INFO - Filling up the DagBag from /opt/airflow/dags/extraction_dag.py
[2026-09-17T10:33:59.886+0000] {logging_mixin.py:188} INFO - [2026-09-17T10:33:59.868+0000] {dagbag.py:355} ERROR - Failed to import: /opt/airflow/dags/extraction_dag.py
Traceback (most recent call last):
  File "/home/airflow/.local/lib/python3.10/site-packages/airflow/models/dagbag.py", line 351, in parse
    loader.exec_module(new_module)
  File "<frozen importlib._bootstrap_external>", line 883, in exec_module
  File "<frozen importlib._bootstrap>", line 241, in _call_with_frames_removed
  File "/opt/airflow/dags/extraction_dag.py", line 6, in <module>
    from extraction.extraction import extraction
ModuleNotFoundError: No module named 'extraction'
[2026-09-17T10:33:59.892+0000] {processor.py:842} WARNING - No viable dags retrieved from /opt/airflow/dags/extraction_dag.py
[2026-09-17T10:33:59.967+0000] {processor.py:183} INFO - Processing /opt/airflow/dags/extraction_dag.py took 0.251 seconds
[2026-09-17T10:34:30.049+0000] {processor.py:161} INFO - Started process (PID=116) to work on /opt/airflow/dags/extraction_dag.py
[2026-09-17T10:34:30.052+0000] {processor.py:830} INFO - Processing file /opt/airflow/dags/extraction_dag.py for tasks to queue
[2026-09-17T10:34:30.056+0000] {logging_mixin.py:188} INFO - [2026-09-17T10:34:30.055+0000] {dagbag.py:545} INFO - Filling up the DagBag from /opt/airflow/dags/extraction_dag.py
[2026-09-17T10:34:30.095+0000] {logging_mixin.py:188} INFO - [2026-09-17T10:34:30.087+0000] {dagbag.py:355} ERROR - Failed to import: /opt/airflow/dags/extraction_dag.py
Traceback (most recent call last):
  File "/home/airflow/.local/lib/python3.10/site-packages/airflow/models/dagbag.py", line 351, in parse
    loader.exec_module(new_module)
  File "<frozen importlib._bootstrap_external>", line 883, in exec_module
  File "<frozen importlib._bootstrap>", line 241, in _call_with_frames_removed
  File "/opt/airflow/dags/extraction_dag.py", line 6, in <module>
    from extraction.extraction import extraction
ModuleNotFoundError: No module named 'extraction'
[2026-09-17T10:34:30.112+0000] {processor.py:842} WARNING - No viable dags retrieved from /opt/airflow/dags/extraction_dag.py
[2026-09-17T10:34:30.155+0000] {processor.py:183} INFO - Processing /opt/airflow/dags/extraction_dag.py took 0.119 seconds
[2026-09-17T10:34:50.231+0000] {processor.py:161} INFO - Started process (PID=117) to work on /opt/airflow/dags/extraction_dag.py
[2026-09-17T10:34:50.233+0000] {processor.py:830} INFO - Processing file /opt/airflow/dags/extraction_dag.py for tasks to queue
[2026-09-17T10:34:50.237+0000] {logging_mixin.py:188} INFO - [2026-09-17T10:34:50.236+0000] {dagbag.py:545} INFO - Filling up the DagBag from /opt/airflow/dags/extraction_dag.py
[2026-09-17T10:34:50.306+0000] {logging_mixin.py:188} INFO - [2026-09-17T10:34:50.297+0000] {dagbag.py:355} ERROR - Failed to import: /opt/airflow/dags/extraction_dag.py
Traceback (most recent call last):
  File "/home/airflow/.local/lib/python3.10/site-packages/airflow/models/dagbag.py", line 351, in parse
    loader.exec_module(new_module)
  File "<frozen importlib._bootstrap_external>", line 883, in exec_module
  File "<frozen importlib._bootstrap>", line 241, in _call_with_frames_removed
  File "/opt/airflow/dags/extraction_dag.py", line 6, in <module>
    from extraction.extraction import extraction
ModuleNotFoundError: No module named 'extraction'
[2026-09-17T10:34:50.309+0000] {processor.py:842} WARNING - No viable dags retrieved from /opt/airflow/dags/extraction_dag.py
[2026-09-17T10:34:50.356+0000] {processor.py:183} INFO - Processing /opt/airflow/dags/extraction_dag.py took 0.133 seconds
[2026-09-17T10:35:20.640+0000] {processor.py:161} INFO - Started process (PID=123) to work on /opt/airflow/dags/extraction_dag.py
[2026-09-17T10:35:20.642+0000] {processor.py:830} INFO - Processing file /opt/airflow/dags/extraction_dag.py for tasks to queue
[2026-09-17T10:35:20.644+0000] {logging_mixin.py:188} INFO - [2026-09-17T10:35:20.643+0000] {dagbag.py:545} INFO - Filling up the DagBag from /opt/airflow/dags/extraction_dag.py
[2026-09-17T10:35:20.679+0000] {logging_mixin.py:188} INFO - [2026-09-17T10:35:20.672+0000] {dagbag.py:355} ERROR - Failed to import: /opt/airflow/dags/extraction_dag.py
Traceback (most recent call last):
  File "/home/airflow/.local/lib/python3.10/site-packages/airflow/models/dagbag.py", line 351, in parse
    loader.exec_module(new_module)
  File "<frozen importlib._bootstrap_external>", line 883, in exec_module
  File "<frozen importlib._bootstrap>", line 241, in _call_with_frames_removed
  File "/opt/airflow/dags/extraction_dag.py", line 6, in <module>
    from extraction.extraction import extraction
ModuleNotFoundError: No module named 'extraction'
[2026-09-17T10:35:20.682+0000] {processor.py:842} WARNING - No viable dags retrieved from /opt/airflow/dags/extraction_dag.py
[2026-09-17T10:35:20.713+0000] {processor.py:183} INFO - Processing /opt/airflow/dags/extraction_dag.py took 0.080 seconds
[2026-09-17T10:35:51.040+0000] {processor.py:161} INFO - Started process (PID=130) to work on /opt/airflow/dags/extraction_dag.py
[2026-09-17T10:35:51.043+0000] {processor.py:830} INFO - Processing file /opt/airflow/dags/extraction_dag.py for tasks to queue
[2026-09-17T10:35:51.045+0000] {logging_mixin.py:188} INFO - [2026-09-17T10:35:51.045+0000] {dagbag.py:545} INFO - Filling up the DagBag from /opt/airflow/dags/extraction_dag.py
[2026-09-17T10:35:51.087+0000] {logging_mixin.py:188} INFO - [2026-09-17T10:35:51.079+0000] {dagbag.py:355} ERROR - Failed to import: /opt/airflow/dags/extraction_dag.py
Traceback (most recent call last):
  File "/home/airflow/.local/lib/python3.10/site-packages/airflow/models/dagbag.py", line 351, in parse
    loader.exec_module(new_module)
  File "<frozen importlib._bootstrap_external>", line 883, in exec_module
  File "<frozen importlib._bootstrap>", line 241, in _call_with_frames_removed
  File "/opt/airflow/dags/extraction_dag.py", line 6, in <module>
    from extraction.extraction import extraction
ModuleNotFoundError: No module named 'extraction'
[2026-09-17T10:35:51.090+0000] {processor.py:842} WARNING - No viable dags retrieved from /opt/airflow/dags/extraction_dag.py
[2026-09-17T10:35:51.140+0000] {processor.py:183} INFO - Processing /opt/airflow/dags/extraction_dag.py took 0.106 seconds
[2026-09-17T10:36:21.324+0000] {processor.py:161} INFO - Started process (PID=143) to work on /opt/airflow/dags/extraction_dag.py
[2026-09-17T10:36:21.332+0000] {processor.py:830} INFO - Processing file /opt/airflow/dags/extraction_dag.py for tasks to queue
[2026-09-17T10:36:21.337+0000] {logging_mixin.py:188} INFO - [2026-09-17T10:36:21.336+0000] {dagbag.py:545} INFO - Filling up the DagBag from /opt/airflow/dags/extraction_dag.py
[2026-09-17T10:36:21.396+0000] {logging_mixin.py:188} INFO - [2026-09-17T10:36:21.381+0000] {dagbag.py:355} ERROR - Failed to import: /opt/airflow/dags/extraction_dag.py
Traceback (most recent call last):
  File "/home/airflow/.local/lib/python3.10/site-packages/airflow/models/dagbag.py", line 351, in parse
    loader.exec_module(new_module)
  File "<frozen importlib._bootstrap_external>", line 883, in exec_module
  File "<frozen importlib._bootstrap>", line 241, in _call_with_frames_removed
  File "/opt/airflow/dags/extraction_dag.py", line 6, in <module>
    from extraction.extraction import extraction
ModuleNotFoundError: No module named 'extraction'
[2026-09-17T10:36:21.399+0000] {processor.py:842} WARNING - No viable dags retrieved from /opt/airflow/dags/extraction_dag.py
[2026-09-17T10:36:21.446+0000] {processor.py:183} INFO - Processing /opt/airflow/dags/extraction_dag.py took 0.144 seconds
[2026-09-17T10:36:51.665+0000] {processor.py:161} INFO - Started process (PID=150) to work on /opt/airflow/dags/extraction_dag.py
[2026-09-17T10:36:51.667+0000] {processor.py:830} INFO - Processing file /opt/airflow/dags/extraction_dag.py for tasks to queue
[2026-09-17T10:36:51.669+0000] {logging_mixin.py:188} INFO - [2026-09-17T10:36:51.668+0000] {dagbag.py:545} INFO - Filling up the DagBag from /opt/airflow/dags/extraction_dag.py
[2026-09-17T10:36:51.704+0000] {logging_mixin.py:188} INFO - [2026-09-17T10:36:51.697+0000] {dagbag.py:355} ERROR - Failed to import: /opt/airflow/dags/extraction_dag.py
Traceback (most recent call last):
  File "/home/airflow/.local/lib/python3.10/site-packages/airflow/models/dagbag.py", line 351, in parse
    loader.exec_module(new_module)
  File "<frozen importlib._bootstrap_external>", line 883, in exec_module
  File "<frozen importlib._bootstrap>", line 241, in _call_with_frames_removed
  File "/opt/airflow/dags/extraction_dag.py", line 6, in <module>
    from extraction.extraction import extraction
ModuleNotFoundError: No module named 'extraction'
[2026-09-17T10:36:51.708+0000] {processor.py:842} WARNING - No viable dags retrieved from /opt/airflow/dags/extraction_dag.py
[2026-09-17T10:36:51.735+0000] {processor.py:183} INFO - Processing /opt/airflow/dags/extraction_dag.py took 0.075 seconds
[2026-09-17T10:37:21.932+0000] {processor.py:161} INFO - Started process (PID=157) to work on /opt/airflow/dags/extraction_dag.py
[2026-09-17T10:37:21.934+0000] {processor.py:830} INFO - Processing file /opt/airflow/dags/extraction_dag.py for tasks to queue
[2026-09-17T10:37:21.937+0000] {logging_mixin.py:188} INFO - [2026-09-17T10:37:21.936+0000] {dagbag.py:545} INFO - Filling up the DagBag from /opt/airflow/dags/extraction_dag.py
[2026-09-17T10:37:21.974+0000] {logging_mixin.py:188} INFO - [2026-09-17T10:37:21.967+0000] {dagbag.py:355} ERROR - Failed to import: /opt/airflow/dags/extraction_dag.py
Traceback (most recent call last):
  File "/home/airflow/.local/lib/python3.10/site-packages/airflow/models/dagbag.py", line 351, in parse
    loader.exec_module(new_module)
  File "<frozen importlib._bootstrap_external>", line 883, in exec_module
  File "<frozen importlib._bootstrap>", line 241, in _call_with_frames_removed
  File "/opt/airflow/dags/extraction_dag.py", line 6, in <module>
    from extraction.extraction import extraction
ModuleNotFoundError: No module named 'extraction'
[2026-09-17T10:37:21.978+0000] {processor.py:842} WARNING - No viable dags retrieved from /opt/airflow/dags/extraction_dag.py
[2026-09-17T10:37:22.015+0000] {processor.py:183} INFO - Processing /opt/airflow/dags/extraction_dag.py took 0.088 seconds
[2026-09-17T10:37:25.010+0000] {processor.py:161} INFO - Started process (PID=158) to work on /opt/airflow/dags/extraction_dag.py
[2026-09-17T10:37:25.012+0000] {processor.py:830} INFO - Processing file /opt/airflow/dags/extraction_dag.py for tasks to queue
[2026-09-17T10:37:25.015+0000] {logging_mixin.py:188} INFO - [2026-09-17T10:37:25.015+0000] {dagbag.py:545} INFO - Filling up the DagBag from /opt/airflow/dags/extraction_dag.py
[2026-09-17T10:37:25.079+0000] {logging_mixin.py:188} INFO - [2026-09-17T10:37:25.069+0000] {dagbag.py:355} ERROR - Failed to import: /opt/airflow/dags/extraction_dag.py
Traceback (most recent call last):
  File "/home/airflow/.local/lib/python3.10/site-packages/airflow/models/dagbag.py", line 351, in parse
    loader.exec_module(new_module)
  File "<frozen importlib._bootstrap_external>", line 883, in exec_module
  File "<frozen importlib._bootstrap>", line 241, in _call_with_frames_removed
  File "/opt/airflow/dags/extraction_dag.py", line 6, in <module>
    from extraction.extraction import extraction
ModuleNotFoundError: No module named 'extraction'
[2026-09-17T10:37:25.083+0000] {processor.py:842} WARNING - No viable dags retrieved from /opt/airflow/dags/extraction_dag.py
[2026-09-17T10:37:25.106+0000] {processor.py:183} INFO - Processing /opt/airflow/dags/extraction_dag.py took 0.102 seconds
[2026-09-17T10:37:29.140+0000] {processor.py:161} INFO - Started process (PID=159) to work on /opt/airflow/dags/extraction_dag.py
[2026-09-17T10:37:29.142+0000] {processor.py:830} INFO - Processing file /opt/airflow/dags/extraction_dag.py for tasks to queue
[2026-09-17T10:37:29.146+0000] {logging_mixin.py:188} INFO - [2026-09-17T10:37:29.145+0000] {dagbag.py:545} INFO - Filling up the DagBag from /opt/airflow/dags/extraction_dag.py
[2026-09-17T10:37:29.257+0000] {processor.py:840} INFO - DAG(s) 'youtube_extraction' retrieved from /opt/airflow/dags/extraction_dag.py
[2026-09-17T10:37:29.494+0000] {logging_mixin.py:188} INFO - [2026-09-17T10:37:29.493+0000] {dag.py:3096} INFO - Sync 1 DAGs
[2026-09-17T10:37:29.505+0000] {logging_mixin.py:188} INFO - [2026-09-17T10:37:29.505+0000] {dag.py:3954} INFO - Setting next_dagrun for youtube_extraction to None, run_after=None
[2026-09-17T10:37:29.562+0000] {processor.py:183} INFO - Processing /opt/airflow/dags/extraction_dag.py took 0.430 seconds
[2026-09-17T10:38:04.665+0000] {processor.py:161} INFO - Started process (PID=58) to work on /opt/airflow/dags/extraction_dag.py
[2026-09-17T10:38:04.676+0000] {processor.py:830} INFO - Processing file /opt/airflow/dags/extraction_dag.py for tasks to queue
[2026-09-17T10:38:04.693+0000] {logging_mixin.py:188} INFO - [2026-09-17T10:38:04.692+0000] {dagbag.py:545} INFO - Filling up the DagBag from /opt/airflow/dags/extraction_dag.py
[2026-09-17T10:38:04.797+0000] {processor.py:840} INFO - DAG(s) 'youtube_extraction' retrieved from /opt/airflow/dags/extraction_dag.py
[2026-09-17T10:38:04.885+0000] {logging_mixin.py:188} INFO - [2026-09-17T10:38:04.885+0000] {dag.py:3096} INFO - Sync 1 DAGs
[2026-09-17T10:38:04.908+0000] {logging_mixin.py:188} INFO - [2026-09-17T10:38:04.907+0000] {dag.py:3954} INFO - Setting next_dagrun for youtube_extraction to None, run_after=None
[2026-09-17T10:38:04.967+0000] {processor.py:183} INFO - Processing /opt/airflow/dags/extraction_dag.py took 0.347 seconds
[2026-09-17T10:38:35.267+0000] {processor.py:161} INFO - Started process (PID=65) to work on /opt/airflow/dags/extraction_dag.py
[2026-09-17T10:38:35.268+0000] {processor.py:830} INFO - Processing file /opt/airflow/dags/extraction_dag.py for tasks to queue
[2026-09-17T10:38:35.271+0000] {logging_mixin.py:188} INFO - [2026-09-17T10:38:35.271+0000] {dagbag.py:545} INFO - Filling up the DagBag from /opt/airflow/dags/extraction_dag.py
[2026-09-17T10:38:35.370+0000] {processor.py:840} INFO - DAG(s) 'youtube_extraction' retrieved from /opt/airflow/dags/extraction_dag.py
[2026-09-17T10:38:35.409+0000] {logging_mixin.py:188} INFO - [2026-09-17T10:38:35.408+0000] {dag.py:3096} INFO - Sync 1 DAGs
[2026-09-17T10:38:35.423+0000] {logging_mixin.py:188} INFO - [2026-09-17T10:38:35.423+0000] {dag.py:3954} INFO - Setting next_dagrun for youtube_extraction to None, run_after=None
[2026-09-17T10:38:35.458+0000] {processor.py:183} INFO - Processing /opt/airflow/dags/extraction_dag.py took 0.198 seconds
[2026-09-17T10:39:05.824+0000] {processor.py:161} INFO - Started process (PID=72) to work on /opt/airflow/dags/extraction_dag.py
[2026-09-17T10:39:05.827+0000] {processor.py:830} INFO - Processing file /opt/airflow/dags/extraction_dag.py for tasks to queue
[2026-09-17T10:39:05.831+0000] {logging_mixin.py:188} INFO - [2026-09-17T10:39:05.830+0000] {dagbag.py:545} INFO - Filling up the DagBag from /opt/airflow/dags/extraction_dag.py
[2026-09-17T10:39:06.017+0000] {processor.py:840} INFO - DAG(s) 'youtube_extraction' retrieved from /opt/airflow/dags/extraction_dag.py
[2026-09-17T10:39:06.133+0000] {logging_mixin.py:188} INFO - [2026-09-17T10:39:06.132+0000] {dag.py:3096} INFO - Sync 1 DAGs
[2026-09-17T10:39:06.155+0000] {logging_mixin.py:188} INFO - [2026-09-17T10:39:06.155+0000] {dag.py:3954} INFO - Setting next_dagrun for youtube_extraction to None, run_after=None
[2026-09-17T10:39:06.201+0000] {processor.py:183} INFO - Processing /opt/airflow/dags/extraction_dag.py took 0.390 seconds
[2026-09-17T10:39:36.546+0000] {processor.py:161} INFO - Started process (PID=79) to work on /opt/airflow/dags/extraction_dag.py
[2026-09-17T10:39:36.550+0000] {processor.py:830} INFO - Processing file /opt/airflow/dags/extraction_dag.py for tasks to queue
[2026-09-17T10:39:36.556+0000] {logging_mixin.py:188} INFO - [2026-09-17T10:39:36.555+0000] {dagbag.py:545} INFO - Filling up the DagBag from /opt/airflow/dags/extraction_dag.py
[2026-09-17T10:39:36.656+0000] {processor.py:840} INFO - DAG(s) 'youtube_extraction' retrieved from /opt/airflow/dags/extraction_dag.py
[2026-09-17T10:39:36.719+0000] {logging_mixin.py:188} INFO - [2026-09-17T10:39:36.719+0000] {dag.py:3096} INFO - Sync 1 DAGs
[2026-09-17T10:39:36.735+0000] {logging_mixin.py:188} INFO - [2026-09-17T10:39:36.734+0000] {dag.py:3954} INFO - Setting next_dagrun for youtube_extraction to None, run_after=None
[2026-09-17T10:39:36.763+0000] {processor.py:183} INFO - Processing /opt/airflow/dags/extraction_dag.py took 0.238 seconds
[2026-09-17T10:40:07.063+0000] {processor.py:161} INFO - Started process (PID=86) to work on /opt/airflow/dags/extraction_dag.py
[2026-09-17T10:40:07.066+0000] {processor.py:830} INFO - Processing file /opt/airflow/dags/extraction_dag.py for tasks to queue
[2026-09-17T10:40:07.068+0000] {logging_mixin.py:188} INFO - [2026-09-17T10:40:07.068+0000] {dagbag.py:545} INFO - Filling up the DagBag from /opt/airflow/dags/extraction_dag.py
[2026-09-17T10:40:07.175+0000] {processor.py:840} INFO - DAG(s) 'youtube_extraction' retrieved from /opt/airflow/dags/extraction_dag.py
[2026-09-17T10:40:07.215+0000] {logging_mixin.py:188} INFO - [2026-09-17T10:40:07.215+0000] {dag.py:3096} INFO - Sync 1 DAGs
[2026-09-17T10:40:07.226+0000] {logging_mixin.py:188} INFO - [2026-09-17T10:40:07.226+0000] {dag.py:3954} INFO - Setting next_dagrun for youtube_extraction to None, run_after=None
[2026-09-17T10:40:07.277+0000] {processor.py:183} INFO - Processing /opt/airflow/dags/extraction_dag.py took 0.220 seconds
[2026-09-17T10:40:37.551+0000] {processor.py:161} INFO - Started process (PID=93) to work on /opt/airflow/dags/extraction_dag.py
[2026-09-17T10:40:37.554+0000] {processor.py:830} INFO - Processing file /opt/airflow/dags/extraction_dag.py for tasks to queue
[2026-09-17T10:40:37.556+0000] {logging_mixin.py:188} INFO - [2026-09-17T10:40:37.556+0000] {dagbag.py:545} INFO - Filling up the DagBag from /opt/airflow/dags/extraction_dag.py
[2026-09-17T10:40:37.657+0000] {processor.py:840} INFO - DAG(s) 'youtube_extraction' retrieved from /opt/airflow/dags/extraction_dag.py
[2026-09-17T10:40:37.687+0000] {logging_mixin.py:188} INFO - [2026-09-17T10:40:37.687+0000] {dag.py:3096} INFO - Sync 1 DAGs
[2026-09-17T10:40:37.704+0000] {logging_mixin.py:188} INFO - [2026-09-17T10:40:37.703+0000] {dag.py:3954} INFO - Setting next_dagrun for youtube_extraction to None, run_after=None
[2026-09-17T10:40:37.732+0000] {processor.py:183} INFO - Processing /opt/airflow/dags/extraction_dag.py took 0.186 seconds
[2026-09-17T10:41:07.840+0000] {processor.py:161} INFO - Started process (PID=100) to work on /opt/airflow/dags/extraction_dag.py
[2026-09-17T10:41:07.842+0000] {processor.py:830} INFO - Processing file /opt/airflow/dags/extraction_dag.py for tasks to queue
[2026-09-17T10:41:07.846+0000] {logging_mixin.py:188} INFO - [2026-09-17T10:41:07.846+0000] {dagbag.py:545} INFO - Filling up the DagBag from /opt/airflow/dags/extraction_dag.py
[2026-09-17T10:41:07.949+0000] {processor.py:840} INFO - DAG(s) 'youtube_extraction' retrieved from /opt/airflow/dags/extraction_dag.py
[2026-09-17T10:41:07.972+0000] {logging_mixin.py:188} INFO - [2026-09-17T10:41:07.972+0000] {dag.py:3096} INFO - Sync 1 DAGs
[2026-09-17T10:41:07.984+0000] {logging_mixin.py:188} INFO - [2026-09-17T10:41:07.984+0000] {dag.py:3954} INFO - Setting next_dagrun for youtube_extraction to None, run_after=None
[2026-09-17T10:41:08.029+0000] {processor.py:183} INFO - Processing /opt/airflow/dags/extraction_dag.py took 0.194 seconds
[2026-09-17T10:41:28.244+0000] {processor.py:161} INFO - Started process (PID=107) to work on /opt/airflow/dags/extraction_dag.py
[2026-09-17T10:41:28.247+0000] {processor.py:830} INFO - Processing file /opt/airflow/dags/extraction_dag.py for tasks to queue
[2026-09-17T10:41:28.250+0000] {logging_mixin.py:188} INFO - [2026-09-17T10:41:28.249+0000] {dagbag.py:545} INFO - Filling up the DagBag from /opt/airflow/dags/extraction_dag.py
[2026-09-17T10:41:28.373+0000] {processor.py:840} INFO - DAG(s) 'youtube_extraction' retrieved from /opt/airflow/dags/extraction_dag.py
[2026-09-17T10:41:28.406+0000] {logging_mixin.py:188} INFO - [2026-09-17T10:41:28.406+0000] {dag.py:3096} INFO - Sync 1 DAGs
[2026-09-17T10:41:28.421+0000] {logging_mixin.py:188} INFO - [2026-09-17T10:41:28.420+0000] {dag.py:3954} INFO - Setting next_dagrun for youtube_extraction to None, run_after=None
[2026-09-17T10:41:28.459+0000] {processor.py:183} INFO - Processing /opt/airflow/dags/extraction_dag.py took 0.221 seconds
[2026-09-17T10:41:39.408+0000] {processor.py:161} INFO - Started process (PID=108) to work on /opt/airflow/dags/extraction_dag.py
[2026-09-17T10:41:39.421+0000] {processor.py:830} INFO - Processing file /opt/airflow/dags/extraction_dag.py for tasks to queue
[2026-09-17T10:41:39.429+0000] {logging_mixin.py:188} INFO - [2026-09-17T10:41:39.428+0000] {dagbag.py:545} INFO - Filling up the DagBag from /opt/airflow/dags/extraction_dag.py
[2026-09-17T10:41:39.616+0000] {processor.py:840} INFO - DAG(s) 'youtube_extraction' retrieved from /opt/airflow/dags/extraction_dag.py
[2026-09-17T10:41:39.667+0000] {logging_mixin.py:188} INFO - [2026-09-17T10:41:39.667+0000] {dag.py:3096} INFO - Sync 1 DAGs
[2026-09-17T10:41:39.682+0000] {logging_mixin.py:188} INFO - [2026-09-17T10:41:39.681+0000] {dag.py:3954} INFO - Setting next_dagrun for youtube_extraction to None, run_after=None
[2026-09-17T10:41:39.721+0000] {processor.py:183} INFO - Processing /opt/airflow/dags/extraction_dag.py took 0.327 seconds
[2026-09-17T10:42:09.883+0000] {processor.py:161} INFO - Started process (PID=121) to work on /opt/airflow/dags/extraction_dag.py
[2026-09-17T10:42:09.886+0000] {processor.py:830} INFO - Processing file /opt/airflow/dags/extraction_dag.py for tasks to queue
[2026-09-17T10:42:09.889+0000] {logging_mixin.py:188} INFO - [2026-09-17T10:42:09.889+0000] {dagbag.py:545} INFO - Filling up the DagBag from /opt/airflow/dags/extraction_dag.py
[2026-09-17T10:42:09.990+0000] {processor.py:840} INFO - DAG(s) 'youtube_extraction' retrieved from /opt/airflow/dags/extraction_dag.py
[2026-09-17T10:42:10.034+0000] {logging_mixin.py:188} INFO - [2026-09-17T10:42:10.034+0000] {dag.py:3096} INFO - Sync 1 DAGs
[2026-09-17T10:42:10.048+0000] {logging_mixin.py:188} INFO - [2026-09-17T10:42:10.047+0000] {dag.py:3954} INFO - Setting next_dagrun for youtube_extraction to None, run_after=None
[2026-09-17T10:42:10.100+0000] {processor.py:183} INFO - Processing /opt/airflow/dags/extraction_dag.py took 0.225 seconds
[2026-09-17T10:42:40.303+0000] {processor.py:161} INFO - Started process (PID=128) to work on /opt/airflow/dags/extraction_dag.py
[2026-09-17T10:42:40.306+0000] {processor.py:830} INFO - Processing file /opt/airflow/dags/extraction_dag.py for tasks to queue
[2026-09-17T10:42:40.311+0000] {logging_mixin.py:188} INFO - [2026-09-17T10:42:40.310+0000] {dagbag.py:545} INFO - Filling up the DagBag from /opt/airflow/dags/extraction_dag.py
[2026-09-17T10:42:40.422+0000] {processor.py:840} INFO - DAG(s) 'youtube_extraction' retrieved from /opt/airflow/dags/extraction_dag.py
[2026-09-17T10:42:40.497+0000] {logging_mixin.py:188} INFO - [2026-09-17T10:42:40.496+0000] {dag.py:3096} INFO - Sync 1 DAGs
[2026-09-17T10:42:40.518+0000] {logging_mixin.py:188} INFO - [2026-09-17T10:42:40.518+0000] {dag.py:3954} INFO - Setting next_dagrun for youtube_extraction to None, run_after=None
[2026-09-17T10:42:40.568+0000] {processor.py:183} INFO - Processing /opt/airflow/dags/extraction_dag.py took 0.276 seconds
[2026-09-17T10:43:10.865+0000] {processor.py:161} INFO - Started process (PID=137) to work on /opt/airflow/dags/extraction_dag.py
[2026-09-17T10:43:10.867+0000] {processor.py:830} INFO - Processing file /opt/airflow/dags/extraction_dag.py for tasks to queue
[2026-09-17T10:43:10.869+0000] {logging_mixin.py:188} INFO - [2026-09-17T10:43:10.869+0000] {dagbag.py:545} INFO - Filling up the DagBag from /opt/airflow/dags/extraction_dag.py
[2026-09-17T10:43:10.984+0000] {processor.py:840} INFO - DAG(s) 'youtube_extraction' retrieved from /opt/airflow/dags/extraction_dag.py
[2026-09-17T10:43:11.024+0000] {logging_mixin.py:188} INFO - [2026-09-17T10:43:11.024+0000] {dag.py:3096} INFO - Sync 1 DAGs
[2026-09-17T10:43:11.036+0000] {logging_mixin.py:188} INFO - [2026-09-17T10:43:11.036+0000] {dag.py:3954} INFO - Setting next_dagrun for youtube_extraction to None, run_after=None
[2026-09-17T10:43:11.082+0000] {processor.py:183} INFO - Processing /opt/airflow/dags/extraction_dag.py took 0.223 seconds
[2026-09-17T10:43:41.213+0000] {processor.py:161} INFO - Started process (PID=155) to work on /opt/airflow/dags/extraction_dag.py
[2026-09-17T10:43:41.217+0000] {processor.py:830} INFO - Processing file /opt/airflow/dags/extraction_dag.py for tasks to queue
[2026-09-17T10:43:41.221+0000] {logging_mixin.py:188} INFO - [2026-09-17T10:43:41.221+0000] {dagbag.py:545} INFO - Filling up the DagBag from /opt/airflow/dags/extraction_dag.py
[2026-09-17T10:43:41.312+0000] {processor.py:840} INFO - DAG(s) 'youtube_extraction' retrieved from /opt/airflow/dags/extraction_dag.py
[2026-09-17T10:43:41.342+0000] {logging_mixin.py:188} INFO - [2026-09-17T10:43:41.342+0000] {dag.py:3096} INFO - Sync 1 DAGs
[2026-09-17T10:43:41.354+0000] {logging_mixin.py:188} INFO - [2026-09-17T10:43:41.354+0000] {dag.py:3954} INFO - Setting next_dagrun for youtube_extraction to None, run_after=None
[2026-09-17T10:43:41.404+0000] {processor.py:183} INFO - Processing /opt/airflow/dags/extraction_dag.py took 0.198 seconds
[2026-09-17T10:44:12.077+0000] {processor.py:161} INFO - Started process (PID=172) to work on /opt/airflow/dags/extraction_dag.py
[2026-09-17T10:44:12.089+0000] {processor.py:830} INFO - Processing file /opt/airflow/dags/extraction_dag.py for tasks to queue
[2026-09-17T10:44:12.097+0000] {logging_mixin.py:188} INFO - [2026-09-17T10:44:12.096+0000] {dagbag.py:545} INFO - Filling up the DagBag from /opt/airflow/dags/extraction_dag.py
[2026-09-17T10:44:12.429+0000] {processor.py:840} INFO - DAG(s) 'youtube_extraction' retrieved from /opt/airflow/dags/extraction_dag.py
[2026-09-17T10:44:12.508+0000] {logging_mixin.py:188} INFO - [2026-09-17T10:44:12.507+0000] {dag.py:3096} INFO - Sync 1 DAGs
[2026-09-17T10:44:12.539+0000] {logging_mixin.py:188} INFO - [2026-09-17T10:44:12.538+0000] {dag.py:3954} INFO - Setting next_dagrun for youtube_extraction to None, run_after=None
[2026-09-17T10:44:12.599+0000] {processor.py:183} INFO - Processing /opt/airflow/dags/extraction_dag.py took 0.530 seconds
[2026-09-17T10:44:42.809+0000] {processor.py:161} INFO - Started process (PID=189) to work on /opt/airflow/dags/extraction_dag.py
[2026-09-17T10:44:42.811+0000] {processor.py:830} INFO - Processing file /opt/airflow/dags/extraction_dag.py for tasks to queue
[2026-09-17T10:44:42.823+0000] {logging_mixin.py:188} INFO - [2026-09-17T10:44:42.822+0000] {dagbag.py:545} INFO - Filling up the DagBag from /opt/airflow/dags/extraction_dag.py
[2026-09-17T10:44:42.925+0000] {processor.py:840} INFO - DAG(s) 'youtube_extraction' retrieved from /opt/airflow/dags/extraction_dag.py
[2026-09-17T10:44:42.961+0000] {logging_mixin.py:188} INFO - [2026-09-17T10:44:42.961+0000] {dag.py:3096} INFO - Sync 1 DAGs
[2026-09-17T10:44:42.978+0000] {logging_mixin.py:188} INFO - [2026-09-17T10:44:42.978+0000] {dag.py:3954} INFO - Setting next_dagrun for youtube_extraction to None, run_after=None
[2026-09-17T10:44:43.006+0000] {processor.py:183} INFO - Processing /opt/airflow/dags/extraction_dag.py took 0.207 seconds
[2026-09-17T10:45:13.250+0000] {processor.py:161} INFO - Started process (PID=204) to work on /opt/airflow/dags/extraction_dag.py
[2026-09-17T10:45:13.252+0000] {processor.py:830} INFO - Processing file /opt/airflow/dags/extraction_dag.py for tasks to queue
[2026-09-17T10:45:13.256+0000] {logging_mixin.py:188} INFO - [2026-09-17T10:45:13.256+0000] {dagbag.py:545} INFO - Filling up the DagBag from /opt/airflow/dags/extraction_dag.py
[2026-09-17T10:45:13.408+0000] {processor.py:840} INFO - DAG(s) 'youtube_extraction' retrieved from /opt/airflow/dags/extraction_dag.py
[2026-09-17T10:45:13.459+0000] {logging_mixin.py:188} INFO - [2026-09-17T10:45:13.459+0000] {dag.py:3096} INFO - Sync 1 DAGs
[2026-09-17T10:45:13.474+0000] {logging_mixin.py:188} INFO - [2026-09-17T10:45:13.474+0000] {dag.py:3954} INFO - Setting next_dagrun for youtube_extraction to None, run_after=None
[2026-09-17T10:45:13.542+0000] {processor.py:183} INFO - Processing /opt/airflow/dags/extraction_dag.py took 0.301 seconds
[2026-09-17T10:45:44.001+0000] {processor.py:161} INFO - Started process (PID=225) to work on /opt/airflow/dags/extraction_dag.py
[2026-09-17T10:45:44.005+0000] {processor.py:830} INFO - Processing file /opt/airflow/dags/extraction_dag.py for tasks to queue
[2026-09-17T10:45:44.011+0000] {logging_mixin.py:188} INFO - [2026-09-17T10:45:44.010+0000] {dagbag.py:545} INFO - Filling up the DagBag from /opt/airflow/dags/extraction_dag.py
[2026-09-17T10:45:44.120+0000] {processor.py:840} INFO - DAG(s) 'youtube_extraction' retrieved from /opt/airflow/dags/extraction_dag.py
[2026-09-17T10:45:44.176+0000] {logging_mixin.py:188} INFO - [2026-09-17T10:45:44.175+0000] {dag.py:3096} INFO - Sync 1 DAGs
[2026-09-17T10:45:44.199+0000] {logging_mixin.py:188} INFO - [2026-09-17T10:45:44.197+0000] {dag.py:3954} INFO - Setting next_dagrun for youtube_extraction to None, run_after=None
[2026-09-17T10:45:44.276+0000] {processor.py:183} INFO - Processing /opt/airflow/dags/extraction_dag.py took 0.286 seconds
[2026-09-17T10:46:15.034+0000] {processor.py:161} INFO - Started process (PID=249) to work on /opt/airflow/dags/extraction_dag.py
[2026-09-17T10:46:15.037+0000] {processor.py:830} INFO - Processing file /opt/airflow/dags/extraction_dag.py for tasks to queue
[2026-09-17T10:46:15.040+0000] {logging_mixin.py:188} INFO - [2026-09-17T10:46:15.040+0000] {dagbag.py:545} INFO - Filling up the DagBag from /opt/airflow/dags/extraction_dag.py
[2026-09-17T10:46:15.138+0000] {processor.py:840} INFO - DAG(s) 'youtube_extraction' retrieved from /opt/airflow/dags/extraction_dag.py
[2026-09-17T10:46:15.169+0000] {logging_mixin.py:188} INFO - [2026-09-17T10:46:15.169+0000] {dag.py:3096} INFO - Sync 1 DAGs
[2026-09-17T10:46:15.188+0000] {logging_mixin.py:188} INFO - [2026-09-17T10:46:15.188+0000] {dag.py:3954} INFO - Setting next_dagrun for youtube_extraction to None, run_after=None
[2026-09-17T10:46:15.214+0000] {processor.py:183} INFO - Processing /opt/airflow/dags/extraction_dag.py took 0.201 seconds
[2026-09-17T10:46:45.564+0000] {processor.py:161} INFO - Started process (PID=271) to work on /opt/airflow/dags/extraction_dag.py
[2026-09-17T10:46:45.568+0000] {processor.py:830} INFO - Processing file /opt/airflow/dags/extraction_dag.py for tasks to queue
[2026-09-17T10:46:45.572+0000] {logging_mixin.py:188} INFO - [2026-09-17T10:46:45.572+0000] {dagbag.py:545} INFO - Filling up the DagBag from /opt/airflow/dags/extraction_dag.py
[2026-09-17T10:46:45.691+0000] {processor.py:840} INFO - DAG(s) 'youtube_extraction' retrieved from /opt/airflow/dags/extraction_dag.py
[2026-09-17T10:46:45.735+0000] {logging_mixin.py:188} INFO - [2026-09-17T10:46:45.735+0000] {dag.py:3096} INFO - Sync 1 DAGs
[2026-09-17T10:46:45.753+0000] {logging_mixin.py:188} INFO - [2026-09-17T10:46:45.752+0000] {dag.py:3954} INFO - Setting next_dagrun for youtube_extraction to None, run_after=None
[2026-09-17T10:46:45.798+0000] {processor.py:183} INFO - Processing /opt/airflow/dags/extraction_dag.py took 0.243 seconds
[2026-09-17T10:47:15.991+0000] {processor.py:161} INFO - Started process (PID=280) to work on /opt/airflow/dags/extraction_dag.py
[2026-09-17T10:47:15.994+0000] {processor.py:830} INFO - Processing file /opt/airflow/dags/extraction_dag.py for tasks to queue
[2026-09-17T10:47:15.997+0000] {logging_mixin.py:188} INFO - [2026-09-17T10:47:15.997+0000] {dagbag.py:545} INFO - Filling up the DagBag from /opt/airflow/dags/extraction_dag.py
[2026-09-17T10:47:16.105+0000] {processor.py:840} INFO - DAG(s) 'youtube_extraction' retrieved from /opt/airflow/dags/extraction_dag.py
[2026-09-17T10:47:16.139+0000] {logging_mixin.py:188} INFO - [2026-09-17T10:47:16.138+0000] {dag.py:3096} INFO - Sync 1 DAGs
[2026-09-17T10:47:16.153+0000] {logging_mixin.py:188} INFO - [2026-09-17T10:47:16.153+0000] {dag.py:3954} INFO - Setting next_dagrun for youtube_extraction to None, run_after=None
[2026-09-17T10:47:16.187+0000] {processor.py:183} INFO - Processing /opt/airflow/dags/extraction_dag.py took 0.205 seconds
[2026-09-17T10:47:46.543+0000] {processor.py:161} INFO - Started process (PID=289) to work on /opt/airflow/dags/extraction_dag.py
[2026-09-17T10:47:46.546+0000] {processor.py:830} INFO - Processing file /opt/airflow/dags/extraction_dag.py for tasks to queue
[2026-09-17T10:47:46.549+0000] {logging_mixin.py:188} INFO - [2026-09-17T10:47:46.549+0000] {dagbag.py:545} INFO - Filling up the DagBag from /opt/airflow/dags/extraction_dag.py
[2026-09-17T10:47:46.639+0000] {processor.py:840} INFO - DAG(s) 'youtube_extraction' retrieved from /opt/airflow/dags/extraction_dag.py
[2026-09-17T10:47:46.674+0000] {logging_mixin.py:188} INFO - [2026-09-17T10:47:46.674+0000] {dag.py:3096} INFO - Sync 1 DAGs
[2026-09-17T10:47:46.688+0000] {logging_mixin.py:188} INFO - [2026-09-17T10:47:46.688+0000] {dag.py:3954} INFO - Setting next_dagrun for youtube_extraction to None, run_after=None
[2026-09-17T10:47:46.716+0000] {processor.py:183} INFO - Processing /opt/airflow/dags/extraction_dag.py took 0.178 seconds
[2026-09-17T10:48:17.165+0000] {processor.py:161} INFO - Started process (PID=299) to work on /opt/airflow/dags/extraction_dag.py
[2026-09-17T10:48:17.167+0000] {processor.py:830} INFO - Processing file /opt/airflow/dags/extraction_dag.py for tasks to queue
[2026-09-17T10:48:17.171+0000] {logging_mixin.py:188} INFO - [2026-09-17T10:48:17.171+0000] {dagbag.py:545} INFO - Filling up the DagBag from /opt/airflow/dags/extraction_dag.py
[2026-09-17T10:48:17.256+0000] {processor.py:840} INFO - DAG(s) 'youtube_extraction' retrieved from /opt/airflow/dags/extraction_dag.py
[2026-09-17T10:48:17.283+0000] {logging_mixin.py:188} INFO - [2026-09-17T10:48:17.283+0000] {dag.py:3096} INFO - Sync 1 DAGs
[2026-09-17T10:48:17.296+0000] {logging_mixin.py:188} INFO - [2026-09-17T10:48:17.296+0000] {dag.py:3954} INFO - Setting next_dagrun for youtube_extraction to None, run_after=None
[2026-09-17T10:48:17.347+0000] {processor.py:183} INFO - Processing /opt/airflow/dags/extraction_dag.py took 0.188 seconds
[2026-09-17T10:48:47.721+0000] {processor.py:161} INFO - Started process (PID=308) to work on /opt/airflow/dags/extraction_dag.py
[2026-09-17T10:48:47.724+0000] {processor.py:830} INFO - Processing file /opt/airflow/dags/extraction_dag.py for tasks to queue
[2026-09-17T10:48:47.727+0000] {logging_mixin.py:188} INFO - [2026-09-17T10:48:47.727+0000] {dagbag.py:545} INFO - Filling up the DagBag from /opt/airflow/dags/extraction_dag.py
[2026-09-17T10:48:47.826+0000] {processor.py:840} INFO - DAG(s) 'youtube_extraction' retrieved from /opt/airflow/dags/extraction_dag.py
[2026-09-17T10:48:47.854+0000] {logging_mixin.py:188} INFO - [2026-09-17T10:48:47.854+0000] {dag.py:3096} INFO - Sync 1 DAGs
[2026-09-17T10:48:47.865+0000] {logging_mixin.py:188} INFO - [2026-09-17T10:48:47.865+0000] {dag.py:3954} INFO - Setting next_dagrun for youtube_extraction to None, run_after=None
[2026-09-17T10:48:47.916+0000] {processor.py:183} INFO - Processing /opt/airflow/dags/extraction_dag.py took 0.218 seconds
[2026-09-17T10:49:18.315+0000] {processor.py:161} INFO - Started process (PID=317) to work on /opt/airflow/dags/extraction_dag.py
[2026-09-17T10:49:18.317+0000] {processor.py:830} INFO - Processing file /opt/airflow/dags/extraction_dag.py for tasks to queue
[2026-09-17T10:49:18.320+0000] {logging_mixin.py:188} INFO - [2026-09-17T10:49:18.320+0000] {dagbag.py:545} INFO - Filling up the DagBag from /opt/airflow/dags/extraction_dag.py
[2026-09-17T10:49:18.429+0000] {processor.py:840} INFO - DAG(s) 'youtube_extraction' retrieved from /opt/airflow/dags/extraction_dag.py
[2026-09-17T10:49:18.462+0000] {logging_mixin.py:188} INFO - [2026-09-17T10:49:18.462+0000] {dag.py:3096} INFO - Sync 1 DAGs
[2026-09-17T10:49:18.474+0000] {logging_mixin.py:188} INFO - [2026-09-17T10:49:18.474+0000] {dag.py:3954} INFO - Setting next_dagrun for youtube_extraction to None, run_after=None
[2026-09-17T10:49:18.511+0000] {processor.py:183} INFO - Processing /opt/airflow/dags/extraction_dag.py took 0.203 seconds
[2026-09-17T10:49:49.463+0000] {processor.py:161} INFO - Started process (PID=334) to work on /opt/airflow/dags/extraction_dag.py
[2026-09-17T10:49:49.465+0000] {processor.py:830} INFO - Processing file /opt/airflow/dags/extraction_dag.py for tasks to queue
[2026-09-17T10:49:49.468+0000] {logging_mixin.py:188} INFO - [2026-09-17T10:49:49.467+0000] {dagbag.py:545} INFO - Filling up the DagBag from /opt/airflow/dags/extraction_dag.py
[2026-09-17T10:49:49.591+0000] {processor.py:840} INFO - DAG(s) 'youtube_extraction' retrieved from /opt/airflow/dags/extraction_dag.py
[2026-09-17T10:49:49.623+0000] {logging_mixin.py:188} INFO - [2026-09-17T10:49:49.622+0000] {dag.py:3096} INFO - Sync 1 DAGs
[2026-09-17T10:49:49.635+0000] {logging_mixin.py:188} INFO - [2026-09-17T10:49:49.634+0000] {dag.py:3954} INFO - Setting next_dagrun for youtube_extraction to None, run_after=None
[2026-09-17T10:49:49.676+0000] {processor.py:183} INFO - Processing /opt/airflow/dags/extraction_dag.py took 0.219 seconds
[2026-09-17T10:50:29.481+0000] {processor.py:161} INFO - Started process (PID=53) to work on /opt/airflow/dags/extraction_dag.py
[2026-09-17T10:50:29.487+0000] {processor.py:830} INFO - Processing file /opt/airflow/dags/extraction_dag.py for tasks to queue
[2026-09-17T10:50:29.499+0000] {logging_mixin.py:188} INFO - [2026-09-17T10:50:29.498+0000] {dagbag.py:545} INFO - Filling up the DagBag from /opt/airflow/dags/extraction_dag.py
[2026-09-17T10:50:29.652+0000] {processor.py:840} INFO - DAG(s) 'youtube_extraction' retrieved from /opt/airflow/dags/extraction_dag.py
[2026-09-17T10:50:29.813+0000] {logging_mixin.py:188} INFO - [2026-09-17T10:50:29.812+0000] {dag.py:3096} INFO - Sync 1 DAGs
[2026-09-17T10:50:29.866+0000] {logging_mixin.py:188} INFO - [2026-09-17T10:50:29.865+0000] {dag.py:3954} INFO - Setting next_dagrun for youtube_extraction to None, run_after=None
[2026-09-17T10:50:29.961+0000] {processor.py:183} INFO - Processing /opt/airflow/dags/extraction_dag.py took 0.524 seconds
[2026-09-17T10:51:00.292+0000] {processor.py:161} INFO - Started process (PID=66) to work on /opt/airflow/dags/extraction_dag.py
[2026-09-17T10:51:00.296+0000] {processor.py:830} INFO - Processing file /opt/airflow/dags/extraction_dag.py for tasks to queue
[2026-09-17T10:51:00.301+0000] {logging_mixin.py:188} INFO - [2026-09-17T10:51:00.301+0000] {dagbag.py:545} INFO - Filling up the DagBag from /opt/airflow/dags/extraction_dag.py
[2026-09-17T10:51:00.423+0000] {processor.py:840} INFO - DAG(s) 'youtube_extraction' retrieved from /opt/airflow/dags/extraction_dag.py
[2026-09-17T10:51:00.472+0000] {logging_mixin.py:188} INFO - [2026-09-17T10:51:00.471+0000] {dag.py:3096} INFO - Sync 1 DAGs
[2026-09-17T10:51:00.491+0000] {logging_mixin.py:188} INFO - [2026-09-17T10:51:00.491+0000] {dag.py:3954} INFO - Setting next_dagrun for youtube_extraction to None, run_after=None
[2026-09-17T10:51:00.525+0000] {processor.py:183} INFO - Processing /opt/airflow/dags/extraction_dag.py took 0.245 seconds
[2026-09-17T10:51:30.918+0000] {processor.py:161} INFO - Started process (PID=75) to work on /opt/airflow/dags/extraction_dag.py
[2026-09-17T10:51:30.920+0000] {processor.py:830} INFO - Processing file /opt/airflow/dags/extraction_dag.py for tasks to queue
[2026-09-17T10:51:30.925+0000] {logging_mixin.py:188} INFO - [2026-09-17T10:51:30.925+0000] {dagbag.py:545} INFO - Filling up the DagBag from /opt/airflow/dags/extraction_dag.py
[2026-09-17T10:51:31.029+0000] {processor.py:840} INFO - DAG(s) 'youtube_extraction' retrieved from /opt/airflow/dags/extraction_dag.py
[2026-09-17T10:51:31.064+0000] {logging_mixin.py:188} INFO - [2026-09-17T10:51:31.064+0000] {dag.py:3096} INFO - Sync 1 DAGs
[2026-09-17T10:51:31.078+0000] {logging_mixin.py:188} INFO - [2026-09-17T10:51:31.077+0000] {dag.py:3954} INFO - Setting next_dagrun for youtube_extraction to None, run_after=None
[2026-09-17T10:51:31.112+0000] {processor.py:183} INFO - Processing /opt/airflow/dags/extraction_dag.py took 0.200 seconds
[2026-09-17T10:52:01.462+0000] {processor.py:161} INFO - Started process (PID=84) to work on /opt/airflow/dags/extraction_dag.py
[2026-09-17T10:52:01.464+0000] {processor.py:830} INFO - Processing file /opt/airflow/dags/extraction_dag.py for tasks to queue
[2026-09-17T10:52:01.469+0000] {logging_mixin.py:188} INFO - [2026-09-17T10:52:01.468+0000] {dagbag.py:545} INFO - Filling up the DagBag from /opt/airflow/dags/extraction_dag.py
[2026-09-17T10:52:01.602+0000] {processor.py:840} INFO - DAG(s) 'youtube_extraction' retrieved from /opt/airflow/dags/extraction_dag.py
[2026-09-17T10:52:01.638+0000] {logging_mixin.py:188} INFO - [2026-09-17T10:52:01.637+0000] {dag.py:3096} INFO - Sync 1 DAGs
[2026-09-17T10:52:01.656+0000] {logging_mixin.py:188} INFO - [2026-09-17T10:52:01.656+0000] {dag.py:3954} INFO - Setting next_dagrun for youtube_extraction to None, run_after=None
[2026-09-17T10:52:01.712+0000] {processor.py:183} INFO - Processing /opt/airflow/dags/extraction_dag.py took 0.258 seconds
[2026-09-17T10:52:31.828+0000] {processor.py:161} INFO - Started process (PID=94) to work on /opt/airflow/dags/extraction_dag.py
[2026-09-17T10:52:31.830+0000] {processor.py:830} INFO - Processing file /opt/airflow/dags/extraction_dag.py for tasks to queue
[2026-09-17T10:52:31.832+0000] {logging_mixin.py:188} INFO - [2026-09-17T10:52:31.832+0000] {dagbag.py:545} INFO - Filling up the DagBag from /opt/airflow/dags/extraction_dag.py
[2026-09-17T10:52:31.894+0000] {processor.py:840} INFO - DAG(s) 'youtube_extraction' retrieved from /opt/airflow/dags/extraction_dag.py
[2026-09-17T10:52:31.918+0000] {logging_mixin.py:188} INFO - [2026-09-17T10:52:31.918+0000] {dag.py:3096} INFO - Sync 1 DAGs
[2026-09-17T10:52:31.931+0000] {logging_mixin.py:188} INFO - [2026-09-17T10:52:31.930+0000] {dag.py:3954} INFO - Setting next_dagrun for youtube_extraction to None, run_after=None
[2026-09-17T10:52:31.979+0000] {processor.py:183} INFO - Processing /opt/airflow/dags/extraction_dag.py took 0.158 seconds
[2026-09-17T10:53:02.427+0000] {processor.py:161} INFO - Started process (PID=103) to work on /opt/airflow/dags/extraction_dag.py
[2026-09-17T10:53:02.430+0000] {processor.py:830} INFO - Processing file /opt/airflow/dags/extraction_dag.py for tasks to queue
[2026-09-17T10:53:02.433+0000] {logging_mixin.py:188} INFO - [2026-09-17T10:53:02.433+0000] {dagbag.py:545} INFO - Filling up the DagBag from /opt/airflow/dags/extraction_dag.py
[2026-09-17T10:53:02.530+0000] {processor.py:840} INFO - DAG(s) 'youtube_extraction' retrieved from /opt/airflow/dags/extraction_dag.py
[2026-09-17T10:53:02.556+0000] {logging_mixin.py:188} INFO - [2026-09-17T10:53:02.556+0000] {dag.py:3096} INFO - Sync 1 DAGs
[2026-09-17T10:53:02.568+0000] {logging_mixin.py:188} INFO - [2026-09-17T10:53:02.568+0000] {dag.py:3954} INFO - Setting next_dagrun for youtube_extraction to None, run_after=None
[2026-09-17T10:53:02.630+0000] {processor.py:183} INFO - Processing /opt/airflow/dags/extraction_dag.py took 0.208 seconds
[2026-09-17T10:53:33.071+0000] {processor.py:161} INFO - Started process (PID=112) to work on /opt/airflow/dags/extraction_dag.py
[2026-09-17T10:53:33.073+0000] {processor.py:830} INFO - Processing file /opt/airflow/dags/extraction_dag.py for tasks to queue
[2026-09-17T10:53:33.077+0000] {logging_mixin.py:188} INFO - [2026-09-17T10:53:33.076+0000] {dagbag.py:545} INFO - Filling up the DagBag from /opt/airflow/dags/extraction_dag.py
[2026-09-17T10:53:33.169+0000] {processor.py:840} INFO - DAG(s) 'youtube_extraction' retrieved from /opt/airflow/dags/extraction_dag.py
[2026-09-17T10:53:33.195+0000] {logging_mixin.py:188} INFO - [2026-09-17T10:53:33.195+0000] {dag.py:3096} INFO - Sync 1 DAGs
[2026-09-17T10:53:33.205+0000] {logging_mixin.py:188} INFO - [2026-09-17T10:53:33.205+0000] {dag.py:3954} INFO - Setting next_dagrun for youtube_extraction to None, run_after=None
[2026-09-17T10:53:33.250+0000] {processor.py:183} INFO - Processing /opt/airflow/dags/extraction_dag.py took 0.185 seconds
[2026-09-17T10:54:03.688+0000] {processor.py:161} INFO - Started process (PID=123) to work on /opt/airflow/dags/extraction_dag.py
[2026-09-17T10:54:03.690+0000] {processor.py:830} INFO - Processing file /opt/airflow/dags/extraction_dag.py for tasks to queue
[2026-09-17T10:54:03.694+0000] {logging_mixin.py:188} INFO - [2026-09-17T10:54:03.693+0000] {dagbag.py:545} INFO - Filling up the DagBag from /opt/airflow/dags/extraction_dag.py
[2026-09-17T10:54:03.785+0000] {processor.py:840} INFO - DAG(s) 'youtube_extraction' retrieved from /opt/airflow/dags/extraction_dag.py
[2026-09-17T10:54:03.814+0000] {logging_mixin.py:188} INFO - [2026-09-17T10:54:03.813+0000] {dag.py:3096} INFO - Sync 1 DAGs
[2026-09-17T10:54:03.828+0000] {logging_mixin.py:188} INFO - [2026-09-17T10:54:03.827+0000] {dag.py:3954} INFO - Setting next_dagrun for youtube_extraction to None, run_after=None
[2026-09-17T10:54:03.870+0000] {processor.py:183} INFO - Processing /opt/airflow/dags/extraction_dag.py took 0.187 seconds
[2026-09-17T10:54:34.263+0000] {processor.py:161} INFO - Started process (PID=132) to work on /opt/airflow/dags/extraction_dag.py
[2026-09-17T10:54:34.266+0000] {processor.py:830} INFO - Processing file /opt/airflow/dags/extraction_dag.py for tasks to queue
[2026-09-17T10:54:34.269+0000] {logging_mixin.py:188} INFO - [2026-09-17T10:54:34.268+0000] {dagbag.py:545} INFO - Filling up the DagBag from /opt/airflow/dags/extraction_dag.py
[2026-09-17T10:54:34.365+0000] {processor.py:840} INFO - DAG(s) 'youtube_extraction' retrieved from /opt/airflow/dags/extraction_dag.py
[2026-09-17T10:54:34.389+0000] {logging_mixin.py:188} INFO - [2026-09-17T10:54:34.388+0000] {dag.py:3096} INFO - Sync 1 DAGs
[2026-09-17T10:54:34.400+0000] {logging_mixin.py:188} INFO - [2026-09-17T10:54:34.400+0000] {dag.py:3954} INFO - Setting next_dagrun for youtube_extraction to None, run_after=None
[2026-09-17T10:54:34.439+0000] {processor.py:183} INFO - Processing /opt/airflow/dags/extraction_dag.py took 0.181 seconds
[2026-09-17T10:55:04.835+0000] {processor.py:161} INFO - Started process (PID=141) to work on /opt/airflow/dags/extraction_dag.py
[2026-09-17T10:55:04.837+0000] {processor.py:830} INFO - Processing file /opt/airflow/dags/extraction_dag.py for tasks to queue
[2026-09-17T10:55:04.841+0000] {logging_mixin.py:188} INFO - [2026-09-17T10:55:04.840+0000] {dagbag.py:545} INFO - Filling up the DagBag from /opt/airflow/dags/extraction_dag.py
[2026-09-17T10:55:04.970+0000] {processor.py:840} INFO - DAG(s) 'youtube_extraction' retrieved from /opt/airflow/dags/extraction_dag.py
[2026-09-17T10:55:05.001+0000] {logging_mixin.py:188} INFO - [2026-09-17T10:55:05.001+0000] {dag.py:3096} INFO - Sync 1 DAGs
[2026-09-17T10:55:05.027+0000] {logging_mixin.py:188} INFO - [2026-09-17T10:55:05.026+0000] {dag.py:3954} INFO - Setting next_dagrun for youtube_extraction to None, run_after=None
[2026-09-17T10:55:05.056+0000] {processor.py:183} INFO - Processing /opt/airflow/dags/extraction_dag.py took 0.227 seconds
[2026-09-17T10:55:35.549+0000] {processor.py:161} INFO - Started process (PID=150) to work on /opt/airflow/dags/extraction_dag.py
[2026-09-17T10:55:35.553+0000] {processor.py:830} INFO - Processing file /opt/airflow/dags/extraction_dag.py for tasks to queue
[2026-09-17T10:55:35.556+0000] {logging_mixin.py:188} INFO - [2026-09-17T10:55:35.556+0000] {dagbag.py:545} INFO - Filling up the DagBag from /opt/airflow/dags/extraction_dag.py
[2026-09-17T10:55:35.653+0000] {processor.py:840} INFO - DAG(s) 'youtube_extraction' retrieved from /opt/airflow/dags/extraction_dag.py
[2026-09-17T10:55:35.689+0000] {logging_mixin.py:188} INFO - [2026-09-17T10:55:35.688+0000] {dag.py:3096} INFO - Sync 1 DAGs
[2026-09-17T10:55:35.704+0000] {logging_mixin.py:188} INFO - [2026-09-17T10:55:35.704+0000] {dag.py:3954} INFO - Setting next_dagrun for youtube_extraction to None, run_after=None
[2026-09-17T10:55:35.741+0000] {processor.py:183} INFO - Processing /opt/airflow/dags/extraction_dag.py took 0.198 seconds
[2026-09-17T10:56:05.853+0000] {processor.py:161} INFO - Started process (PID=160) to work on /opt/airflow/dags/extraction_dag.py
[2026-09-17T10:56:05.860+0000] {processor.py:830} INFO - Processing file /opt/airflow/dags/extraction_dag.py for tasks to queue
[2026-09-17T10:56:05.864+0000] {logging_mixin.py:188} INFO - [2026-09-17T10:56:05.864+0000] {dagbag.py:545} INFO - Filling up the DagBag from /opt/airflow/dags/extraction_dag.py
[2026-09-17T10:56:05.990+0000] {processor.py:840} INFO - DAG(s) 'youtube_extraction' retrieved from /opt/airflow/dags/extraction_dag.py
[2026-09-17T10:56:06.038+0000] {logging_mixin.py:188} INFO - [2026-09-17T10:56:06.037+0000] {dag.py:3096} INFO - Sync 1 DAGs
[2026-09-17T10:56:06.058+0000] {logging_mixin.py:188} INFO - [2026-09-17T10:56:06.058+0000] {dag.py:3954} INFO - Setting next_dagrun for youtube_extraction to None, run_after=None
[2026-09-17T10:56:06.090+0000] {processor.py:183} INFO - Processing /opt/airflow/dags/extraction_dag.py took 0.245 seconds
[2026-09-17T10:56:36.464+0000] {processor.py:161} INFO - Started process (PID=169) to work on /opt/airflow/dags/extraction_dag.py
[2026-09-17T10:56:36.467+0000] {processor.py:830} INFO - Processing file /opt/airflow/dags/extraction_dag.py for tasks to queue
[2026-09-17T10:56:36.470+0000] {logging_mixin.py:188} INFO - [2026-09-17T10:56:36.470+0000] {dagbag.py:545} INFO - Filling up the DagBag from /opt/airflow/dags/extraction_dag.py
[2026-09-17T10:56:36.596+0000] {processor.py:840} INFO - DAG(s) 'youtube_extraction' retrieved from /opt/airflow/dags/extraction_dag.py
[2026-09-17T10:56:36.649+0000] {logging_mixin.py:188} INFO - [2026-09-17T10:56:36.649+0000] {dag.py:3096} INFO - Sync 1 DAGs
[2026-09-17T10:56:36.661+0000] {logging_mixin.py:188} INFO - [2026-09-17T10:56:36.661+0000] {dag.py:3954} INFO - Setting next_dagrun for youtube_extraction to None, run_after=None
[2026-09-17T10:56:36.698+0000] {processor.py:183} INFO - Processing /opt/airflow/dags/extraction_dag.py took 0.244 seconds
[2026-09-17T10:57:07.062+0000] {processor.py:161} INFO - Started process (PID=178) to work on /opt/airflow/dags/extraction_dag.py
[2026-09-17T10:57:07.064+0000] {processor.py:830} INFO - Processing file /opt/airflow/dags/extraction_dag.py for tasks to queue
[2026-09-17T10:57:07.068+0000] {logging_mixin.py:188} INFO - [2026-09-17T10:57:07.067+0000] {dagbag.py:545} INFO - Filling up the DagBag from /opt/airflow/dags/extraction_dag.py
[2026-09-17T10:57:07.169+0000] {processor.py:840} INFO - DAG(s) 'youtube_extraction' retrieved from /opt/airflow/dags/extraction_dag.py
[2026-09-17T10:57:07.204+0000] {logging_mixin.py:188} INFO - [2026-09-17T10:57:07.204+0000] {dag.py:3096} INFO - Sync 1 DAGs
[2026-09-17T10:57:07.216+0000] {logging_mixin.py:188} INFO - [2026-09-17T10:57:07.216+0000] {dag.py:3954} INFO - Setting next_dagrun for youtube_extraction to None, run_after=None
[2026-09-17T10:57:07.247+0000] {processor.py:183} INFO - Processing /opt/airflow/dags/extraction_dag.py took 0.191 seconds
[2026-09-17T10:57:37.639+0000] {processor.py:161} INFO - Started process (PID=188) to work on /opt/airflow/dags/extraction_dag.py
[2026-09-17T10:57:37.643+0000] {processor.py:830} INFO - Processing file /opt/airflow/dags/extraction_dag.py for tasks to queue
[2026-09-17T10:57:37.648+0000] {logging_mixin.py:188} INFO - [2026-09-17T10:57:37.647+0000] {dagbag.py:545} INFO - Filling up the DagBag from /opt/airflow/dags/extraction_dag.py
[2026-09-17T10:57:37.766+0000] {processor.py:840} INFO - DAG(s) 'youtube_extraction' retrieved from /opt/airflow/dags/extraction_dag.py
[2026-09-17T10:57:37.799+0000] {logging_mixin.py:188} INFO - [2026-09-17T10:57:37.797+0000] {dag.py:3096} INFO - Sync 1 DAGs
[2026-09-17T10:57:37.810+0000] {logging_mixin.py:188} INFO - [2026-09-17T10:57:37.810+0000] {dag.py:3954} INFO - Setting next_dagrun for youtube_extraction to None, run_after=None
[2026-09-17T10:57:37.837+0000] {processor.py:183} INFO - Processing /opt/airflow/dags/extraction_dag.py took 0.210 seconds
[2026-09-17T10:58:08.221+0000] {processor.py:161} INFO - Started process (PID=197) to work on /opt/airflow/dags/extraction_dag.py
[2026-09-17T10:58:08.223+0000] {processor.py:830} INFO - Processing file /opt/airflow/dags/extraction_dag.py for tasks to queue
[2026-09-17T10:58:08.227+0000] {logging_mixin.py:188} INFO - [2026-09-17T10:58:08.227+0000] {dagbag.py:545} INFO - Filling up the DagBag from /opt/airflow/dags/extraction_dag.py
[2026-09-17T10:58:08.325+0000] {processor.py:840} INFO - DAG(s) 'youtube_extraction' retrieved from /opt/airflow/dags/extraction_dag.py
[2026-09-17T10:58:08.368+0000] {logging_mixin.py:188} INFO - [2026-09-17T10:58:08.368+0000] {dag.py:3096} INFO - Sync 1 DAGs
[2026-09-17T10:58:08.380+0000] {logging_mixin.py:188} INFO - [2026-09-17T10:58:08.379+0000] {dag.py:3954} INFO - Setting next_dagrun for youtube_extraction to None, run_after=None
[2026-09-17T10:58:08.444+0000] {processor.py:183} INFO - Processing /opt/airflow/dags/extraction_dag.py took 0.229 seconds
[2026-09-17T10:58:38.895+0000] {processor.py:161} INFO - Started process (PID=206) to work on /opt/airflow/dags/extraction_dag.py
[2026-09-17T10:58:38.901+0000] {processor.py:830} INFO - Processing file /opt/airflow/dags/extraction_dag.py for tasks to queue
[2026-09-17T10:58:38.906+0000] {logging_mixin.py:188} INFO - [2026-09-17T10:58:38.905+0000] {dagbag.py:545} INFO - Filling up the DagBag from /opt/airflow/dags/extraction_dag.py
[2026-09-17T10:58:39.067+0000] {processor.py:840} INFO - DAG(s) 'youtube_extraction' retrieved from /opt/airflow/dags/extraction_dag.py
[2026-09-17T10:58:39.128+0000] {logging_mixin.py:188} INFO - [2026-09-17T10:58:39.128+0000] {dag.py:3096} INFO - Sync 1 DAGs
[2026-09-17T10:58:39.158+0000] {logging_mixin.py:188} INFO - [2026-09-17T10:58:39.157+0000] {dag.py:3954} INFO - Setting next_dagrun for youtube_extraction to None, run_after=None
[2026-09-17T10:58:39.213+0000] {processor.py:183} INFO - Processing /opt/airflow/dags/extraction_dag.py took 0.328 seconds
[2026-09-17T10:59:09.660+0000] {processor.py:161} INFO - Started process (PID=215) to work on /opt/airflow/dags/extraction_dag.py
[2026-09-17T10:59:09.662+0000] {processor.py:830} INFO - Processing file /opt/airflow/dags/extraction_dag.py for tasks to queue
[2026-09-17T10:59:09.666+0000] {logging_mixin.py:188} INFO - [2026-09-17T10:59:09.665+0000] {dagbag.py:545} INFO - Filling up the DagBag from /opt/airflow/dags/extraction_dag.py
[2026-09-17T10:59:09.817+0000] {processor.py:840} INFO - DAG(s) 'youtube_extraction' retrieved from /opt/airflow/dags/extraction_dag.py
[2026-09-17T10:59:09.841+0000] {logging_mixin.py:188} INFO - [2026-09-17T10:59:09.841+0000] {dag.py:3096} INFO - Sync 1 DAGs
[2026-09-17T10:59:09.852+0000] {logging_mixin.py:188} INFO - [2026-09-17T10:59:09.852+0000] {dag.py:3954} INFO - Setting next_dagrun for youtube_extraction to None, run_after=None
[2026-09-17T10:59:09.891+0000] {processor.py:183} INFO - Processing /opt/airflow/dags/extraction_dag.py took 0.237 seconds
[2026-09-17T10:59:40.292+0000] {processor.py:161} INFO - Started process (PID=224) to work on /opt/airflow/dags/extraction_dag.py
[2026-09-17T10:59:40.295+0000] {processor.py:830} INFO - Processing file /opt/airflow/dags/extraction_dag.py for tasks to queue
[2026-09-17T10:59:40.300+0000] {logging_mixin.py:188} INFO - [2026-09-17T10:59:40.299+0000] {dagbag.py:545} INFO - Filling up the DagBag from /opt/airflow/dags/extraction_dag.py
[2026-09-17T10:59:40.441+0000] {processor.py:840} INFO - DAG(s) 'youtube_extraction' retrieved from /opt/airflow/dags/extraction_dag.py
[2026-09-17T10:59:40.499+0000] {logging_mixin.py:188} INFO - [2026-09-17T10:59:40.499+0000] {dag.py:3096} INFO - Sync 1 DAGs
[2026-09-17T10:59:40.512+0000] {logging_mixin.py:188} INFO - [2026-09-17T10:59:40.512+0000] {dag.py:3954} INFO - Setting next_dagrun for youtube_extraction to None, run_after=None
[2026-09-17T10:59:40.557+0000] {processor.py:183} INFO - Processing /opt/airflow/dags/extraction_dag.py took 0.271 seconds
[2026-09-17T11:00:10.978+0000] {processor.py:161} INFO - Started process (PID=233) to work on /opt/airflow/dags/extraction_dag.py
[2026-09-17T11:00:10.980+0000] {processor.py:830} INFO - Processing file /opt/airflow/dags/extraction_dag.py for tasks to queue
[2026-09-17T11:00:10.983+0000] {logging_mixin.py:188} INFO - [2026-09-17T11:00:10.983+0000] {dagbag.py:545} INFO - Filling up the DagBag from /opt/airflow/dags/extraction_dag.py
[2026-09-17T11:00:11.088+0000] {processor.py:840} INFO - DAG(s) 'youtube_extraction' retrieved from /opt/airflow/dags/extraction_dag.py
[2026-09-17T11:00:11.123+0000] {logging_mixin.py:188} INFO - [2026-09-17T11:00:11.123+0000] {dag.py:3096} INFO - Sync 1 DAGs
[2026-09-17T11:00:11.133+0000] {logging_mixin.py:188} INFO - [2026-09-17T11:00:11.133+0000] {dag.py:3954} INFO - Setting next_dagrun for youtube_extraction to None, run_after=None
[2026-09-17T11:00:11.171+0000] {processor.py:183} INFO - Processing /opt/airflow/dags/extraction_dag.py took 0.199 seconds
[2026-09-17T11:00:41.725+0000] {processor.py:161} INFO - Started process (PID=242) to work on /opt/airflow/dags/extraction_dag.py
[2026-09-17T11:00:41.728+0000] {processor.py:830} INFO - Processing file /opt/airflow/dags/extraction_dag.py for tasks to queue
[2026-09-17T11:00:41.731+0000] {logging_mixin.py:188} INFO - [2026-09-17T11:00:41.731+0000] {dagbag.py:545} INFO - Filling up the DagBag from /opt/airflow/dags/extraction_dag.py
[2026-09-17T11:00:41.855+0000] {processor.py:840} INFO - DAG(s) 'youtube_extraction' retrieved from /opt/airflow/dags/extraction_dag.py
[2026-09-17T11:00:41.879+0000] {logging_mixin.py:188} INFO - [2026-09-17T11:00:41.879+0000] {dag.py:3096} INFO - Sync 1 DAGs
[2026-09-17T11:00:41.891+0000] {logging_mixin.py:188} INFO - [2026-09-17T11:00:41.891+0000] {dag.py:3954} INFO - Setting next_dagrun for youtube_extraction to None, run_after=None
[2026-09-17T11:00:41.940+0000] {processor.py:183} INFO - Processing /opt/airflow/dags/extraction_dag.py took 0.220 seconds
[2026-09-17T11:01:12.393+0000] {processor.py:161} INFO - Started process (PID=251) to work on /opt/airflow/dags/extraction_dag.py
[2026-09-17T11:01:12.396+0000] {processor.py:830} INFO - Processing file /opt/airflow/dags/extraction_dag.py for tasks to queue
[2026-09-17T11:01:12.400+0000] {logging_mixin.py:188} INFO - [2026-09-17T11:01:12.400+0000] {dagbag.py:545} INFO - Filling up the DagBag from /opt/airflow/dags/extraction_dag.py
[2026-09-17T11:01:12.503+0000] {processor.py:840} INFO - DAG(s) 'youtube_extraction' retrieved from /opt/airflow/dags/extraction_dag.py
[2026-09-17T11:01:12.529+0000] {logging_mixin.py:188} INFO - [2026-09-17T11:01:12.529+0000] {dag.py:3096} INFO - Sync 1 DAGs
[2026-09-17T11:01:12.542+0000] {logging_mixin.py:188} INFO - [2026-09-17T11:01:12.541+0000] {dag.py:3954} INFO - Setting next_dagrun for youtube_extraction to None, run_after=None
[2026-09-17T11:01:12.589+0000] {processor.py:183} INFO - Processing /opt/airflow/dags/extraction_dag.py took 0.201 seconds
[2026-09-17T11:01:43.037+0000] {processor.py:161} INFO - Started process (PID=260) to work on /opt/airflow/dags/extraction_dag.py
[2026-09-17T11:01:43.040+0000] {processor.py:830} INFO - Processing file /opt/airflow/dags/extraction_dag.py for tasks to queue
[2026-09-17T11:01:43.043+0000] {logging_mixin.py:188} INFO - [2026-09-17T11:01:43.042+0000] {dagbag.py:545} INFO - Filling up the DagBag from /opt/airflow/dags/extraction_dag.py
[2026-09-17T11:01:43.133+0000] {processor.py:840} INFO - DAG(s) 'youtube_extraction' retrieved from /opt/airflow/dags/extraction_dag.py
[2026-09-17T11:01:43.177+0000] {logging_mixin.py:188} INFO - [2026-09-17T11:01:43.177+0000] {dag.py:3096} INFO - Sync 1 DAGs
[2026-09-17T11:01:43.189+0000] {logging_mixin.py:188} INFO - [2026-09-17T11:01:43.188+0000] {dag.py:3954} INFO - Setting next_dagrun for youtube_extraction to None, run_after=None
[2026-09-17T11:01:43.227+0000] {processor.py:183} INFO - Processing /opt/airflow/dags/extraction_dag.py took 0.195 seconds
[2026-09-17T11:02:13.625+0000] {processor.py:161} INFO - Started process (PID=269) to work on /opt/airflow/dags/extraction_dag.py
[2026-09-17T11:02:13.629+0000] {processor.py:830} INFO - Processing file /opt/airflow/dags/extraction_dag.py for tasks to queue
[2026-09-17T11:02:13.635+0000] {logging_mixin.py:188} INFO - [2026-09-17T11:02:13.634+0000] {dagbag.py:545} INFO - Filling up the DagBag from /opt/airflow/dags/extraction_dag.py
[2026-09-17T11:02:13.750+0000] {processor.py:840} INFO - DAG(s) 'youtube_extraction' retrieved from /opt/airflow/dags/extraction_dag.py
[2026-09-17T11:02:13.800+0000] {logging_mixin.py:188} INFO - [2026-09-17T11:02:13.800+0000] {dag.py:3096} INFO - Sync 1 DAGs
[2026-09-17T11:02:13.823+0000] {logging_mixin.py:188} INFO - [2026-09-17T11:02:13.821+0000] {dag.py:3954} INFO - Setting next_dagrun for youtube_extraction to None, run_after=None
[2026-09-17T11:02:13.861+0000] {processor.py:183} INFO - Processing /opt/airflow/dags/extraction_dag.py took 0.253 seconds
[2026-09-17T11:02:44.273+0000] {processor.py:161} INFO - Started process (PID=278) to work on /opt/airflow/dags/extraction_dag.py
[2026-09-17T11:02:44.276+0000] {processor.py:830} INFO - Processing file /opt/airflow/dags/extraction_dag.py for tasks to queue
[2026-09-17T11:02:44.278+0000] {logging_mixin.py:188} INFO - [2026-09-17T11:02:44.278+0000] {dagbag.py:545} INFO - Filling up the DagBag from /opt/airflow/dags/extraction_dag.py
[2026-09-17T11:02:44.388+0000] {processor.py:840} INFO - DAG(s) 'youtube_extraction' retrieved from /opt/airflow/dags/extraction_dag.py
[2026-09-17T11:02:44.420+0000] {logging_mixin.py:188} INFO - [2026-09-17T11:02:44.420+0000] {dag.py:3096} INFO - Sync 1 DAGs
[2026-09-17T11:02:44.438+0000] {logging_mixin.py:188} INFO - [2026-09-17T11:02:44.438+0000] {dag.py:3954} INFO - Setting next_dagrun for youtube_extraction to None, run_after=None
[2026-09-17T11:02:44.464+0000] {processor.py:183} INFO - Processing /opt/airflow/dags/extraction_dag.py took 0.198 seconds
[2026-09-17T11:03:14.901+0000] {processor.py:161} INFO - Started process (PID=287) to work on /opt/airflow/dags/extraction_dag.py
[2026-09-17T11:03:14.904+0000] {processor.py:830} INFO - Processing file /opt/airflow/dags/extraction_dag.py for tasks to queue
[2026-09-17T11:03:14.912+0000] {logging_mixin.py:188} INFO - [2026-09-17T11:03:14.911+0000] {dagbag.py:545} INFO - Filling up the DagBag from /opt/airflow/dags/extraction_dag.py
[2026-09-17T11:03:15.037+0000] {processor.py:840} INFO - DAG(s) 'youtube_extraction' retrieved from /opt/airflow/dags/extraction_dag.py
[2026-09-17T11:03:15.082+0000] {logging_mixin.py:188} INFO - [2026-09-17T11:03:15.081+0000] {dag.py:3096} INFO - Sync 1 DAGs
[2026-09-17T11:03:15.095+0000] {logging_mixin.py:188} INFO - [2026-09-17T11:03:15.095+0000] {dag.py:3954} INFO - Setting next_dagrun for youtube_extraction to None, run_after=None
[2026-09-17T11:03:15.133+0000] {processor.py:183} INFO - Processing /opt/airflow/dags/extraction_dag.py took 0.250 seconds
[2026-09-17T11:03:45.492+0000] {processor.py:161} INFO - Started process (PID=296) to work on /opt/airflow/dags/extraction_dag.py
[2026-09-17T11:03:45.494+0000] {processor.py:830} INFO - Processing file /opt/airflow/dags/extraction_dag.py for tasks to queue
[2026-09-17T11:03:45.496+0000] {logging_mixin.py:188} INFO - [2026-09-17T11:03:45.496+0000] {dagbag.py:545} INFO - Filling up the DagBag from /opt/airflow/dags/extraction_dag.py
[2026-09-17T11:03:45.564+0000] {processor.py:840} INFO - DAG(s) 'youtube_extraction' retrieved from /opt/airflow/dags/extraction_dag.py
[2026-09-17T11:03:45.590+0000] {logging_mixin.py:188} INFO - [2026-09-17T11:03:45.590+0000] {dag.py:3096} INFO - Sync 1 DAGs
[2026-09-17T11:03:45.602+0000] {logging_mixin.py:188} INFO - [2026-09-17T11:03:45.601+0000] {dag.py:3954} INFO - Setting next_dagrun for youtube_extraction to None, run_after=None
[2026-09-17T11:03:45.646+0000] {processor.py:183} INFO - Processing /opt/airflow/dags/extraction_dag.py took 0.160 seconds
[2026-09-17T11:04:16.021+0000] {processor.py:161} INFO - Started process (PID=305) to work on /opt/airflow/dags/extraction_dag.py
[2026-09-17T11:04:16.023+0000] {processor.py:830} INFO - Processing file /opt/airflow/dags/extraction_dag.py for tasks to queue
[2026-09-17T11:04:16.027+0000] {logging_mixin.py:188} INFO - [2026-09-17T11:04:16.027+0000] {dagbag.py:545} INFO - Filling up the DagBag from /opt/airflow/dags/extraction_dag.py
[2026-09-17T11:04:16.133+0000] {processor.py:840} INFO - DAG(s) 'youtube_extraction' retrieved from /opt/airflow/dags/extraction_dag.py
[2026-09-17T11:04:16.167+0000] {logging_mixin.py:188} INFO - [2026-09-17T11:04:16.167+0000] {dag.py:3096} INFO - Sync 1 DAGs
[2026-09-17T11:04:16.182+0000] {logging_mixin.py:188} INFO - [2026-09-17T11:04:16.182+0000] {dag.py:3954} INFO - Setting next_dagrun for youtube_extraction to None, run_after=None
[2026-09-17T11:04:16.209+0000] {processor.py:183} INFO - Processing /opt/airflow/dags/extraction_dag.py took 0.195 seconds
[2026-09-17T11:04:46.350+0000] {processor.py:161} INFO - Started process (PID=314) to work on /opt/airflow/dags/extraction_dag.py
[2026-09-17T11:04:46.354+0000] {processor.py:830} INFO - Processing file /opt/airflow/dags/extraction_dag.py for tasks to queue
[2026-09-17T11:04:46.357+0000] {logging_mixin.py:188} INFO - [2026-09-17T11:04:46.357+0000] {dagbag.py:545} INFO - Filling up the DagBag from /opt/airflow/dags/extraction_dag.py
[2026-09-17T11:04:46.446+0000] {processor.py:840} INFO - DAG(s) 'youtube_extraction' retrieved from /opt/airflow/dags/extraction_dag.py
[2026-09-17T11:04:46.470+0000] {logging_mixin.py:188} INFO - [2026-09-17T11:04:46.470+0000] {dag.py:3096} INFO - Sync 1 DAGs
[2026-09-17T11:04:46.482+0000] {logging_mixin.py:188} INFO - [2026-09-17T11:04:46.482+0000] {dag.py:3954} INFO - Setting next_dagrun for youtube_extraction to None, run_after=None
[2026-09-17T11:04:46.541+0000] {processor.py:183} INFO - Processing /opt/airflow/dags/extraction_dag.py took 0.195 seconds
[2026-09-17T11:05:16.916+0000] {processor.py:161} INFO - Started process (PID=323) to work on /opt/airflow/dags/extraction_dag.py
[2026-09-17T11:05:16.918+0000] {processor.py:830} INFO - Processing file /opt/airflow/dags/extraction_dag.py for tasks to queue
[2026-09-17T11:05:16.921+0000] {logging_mixin.py:188} INFO - [2026-09-17T11:05:16.921+0000] {dagbag.py:545} INFO - Filling up the DagBag from /opt/airflow/dags/extraction_dag.py
[2026-09-17T11:05:17.014+0000] {processor.py:840} INFO - DAG(s) 'youtube_extraction' retrieved from /opt/airflow/dags/extraction_dag.py
[2026-09-17T11:05:17.047+0000] {logging_mixin.py:188} INFO - [2026-09-17T11:05:17.047+0000] {dag.py:3096} INFO - Sync 1 DAGs
[2026-09-17T11:05:17.061+0000] {logging_mixin.py:188} INFO - [2026-09-17T11:05:17.061+0000] {dag.py:3954} INFO - Setting next_dagrun for youtube_extraction to None, run_after=None
[2026-09-17T11:05:17.085+0000] {processor.py:183} INFO - Processing /opt/airflow/dags/extraction_dag.py took 0.175 seconds
[2026-09-17T11:05:47.538+0000] {processor.py:161} INFO - Started process (PID=332) to work on /opt/airflow/dags/extraction_dag.py
[2026-09-17T11:05:47.540+0000] {processor.py:830} INFO - Processing file /opt/airflow/dags/extraction_dag.py for tasks to queue
[2026-09-17T11:05:47.544+0000] {logging_mixin.py:188} INFO - [2026-09-17T11:05:47.544+0000] {dagbag.py:545} INFO - Filling up the DagBag from /opt/airflow/dags/extraction_dag.py
[2026-09-17T11:05:47.669+0000] {processor.py:840} INFO - DAG(s) 'youtube_extraction' retrieved from /opt/airflow/dags/extraction_dag.py
[2026-09-17T11:05:47.698+0000] {logging_mixin.py:188} INFO - [2026-09-17T11:05:47.698+0000] {dag.py:3096} INFO - Sync 1 DAGs
[2026-09-17T11:05:47.710+0000] {logging_mixin.py:188} INFO - [2026-09-17T11:05:47.710+0000] {dag.py:3954} INFO - Setting next_dagrun for youtube_extraction to None, run_after=None
[2026-09-17T11:05:47.750+0000] {processor.py:183} INFO - Processing /opt/airflow/dags/extraction_dag.py took 0.218 seconds
[2026-09-17T11:06:18.160+0000] {processor.py:161} INFO - Started process (PID=342) to work on /opt/airflow/dags/extraction_dag.py
[2026-09-17T11:06:18.163+0000] {processor.py:830} INFO - Processing file /opt/airflow/dags/extraction_dag.py for tasks to queue
[2026-09-17T11:06:18.166+0000] {logging_mixin.py:188} INFO - [2026-09-17T11:06:18.166+0000] {dagbag.py:545} INFO - Filling up the DagBag from /opt/airflow/dags/extraction_dag.py
[2026-09-17T11:06:18.270+0000] {processor.py:840} INFO - DAG(s) 'youtube_extraction' retrieved from /opt/airflow/dags/extraction_dag.py
[2026-09-17T11:06:18.325+0000] {logging_mixin.py:188} INFO - [2026-09-17T11:06:18.324+0000] {dag.py:3096} INFO - Sync 1 DAGs
[2026-09-17T11:06:18.362+0000] {logging_mixin.py:188} INFO - [2026-09-17T11:06:18.361+0000] {dag.py:3954} INFO - Setting next_dagrun for youtube_extraction to None, run_after=None
[2026-09-17T11:06:18.413+0000] {processor.py:183} INFO - Processing /opt/airflow/dags/extraction_dag.py took 0.262 seconds
[2026-09-17T11:06:48.850+0000] {processor.py:161} INFO - Started process (PID=351) to work on /opt/airflow/dags/extraction_dag.py
[2026-09-17T11:06:48.853+0000] {processor.py:830} INFO - Processing file /opt/airflow/dags/extraction_dag.py for tasks to queue
[2026-09-17T11:06:48.856+0000] {logging_mixin.py:188} INFO - [2026-09-17T11:06:48.856+0000] {dagbag.py:545} INFO - Filling up the DagBag from /opt/airflow/dags/extraction_dag.py
[2026-09-17T11:06:49.015+0000] {processor.py:840} INFO - DAG(s) 'youtube_extraction' retrieved from /opt/airflow/dags/extraction_dag.py
[2026-09-17T11:06:49.043+0000] {logging_mixin.py:188} INFO - [2026-09-17T11:06:49.043+0000] {dag.py:3096} INFO - Sync 1 DAGs
[2026-09-17T11:06:49.054+0000] {logging_mixin.py:188} INFO - [2026-09-17T11:06:49.054+0000] {dag.py:3954} INFO - Setting next_dagrun for youtube_extraction to None, run_after=None
[2026-09-17T11:06:49.099+0000] {processor.py:183} INFO - Processing /opt/airflow/dags/extraction_dag.py took 0.255 seconds
[2026-09-17T11:07:19.481+0000] {processor.py:161} INFO - Started process (PID=360) to work on /opt/airflow/dags/extraction_dag.py
[2026-09-17T11:07:19.484+0000] {processor.py:830} INFO - Processing file /opt/airflow/dags/extraction_dag.py for tasks to queue
[2026-09-17T11:07:19.487+0000] {logging_mixin.py:188} INFO - [2026-09-17T11:07:19.487+0000] {dagbag.py:545} INFO - Filling up the DagBag from /opt/airflow/dags/extraction_dag.py
[2026-09-17T11:07:19.604+0000] {processor.py:840} INFO - DAG(s) 'youtube_extraction' retrieved from /opt/airflow/dags/extraction_dag.py
[2026-09-17T11:07:19.706+0000] {logging_mixin.py:188} INFO - [2026-09-17T11:07:19.705+0000] {dag.py:3096} INFO - Sync 1 DAGs
[2026-09-17T11:07:19.723+0000] {logging_mixin.py:188} INFO - [2026-09-17T11:07:19.722+0000] {dag.py:3954} INFO - Setting next_dagrun for youtube_extraction to None, run_after=None
[2026-09-17T11:07:19.764+0000] {processor.py:183} INFO - Processing /opt/airflow/dags/extraction_dag.py took 0.291 seconds
[2026-09-17T11:07:50.162+0000] {processor.py:161} INFO - Started process (PID=369) to work on /opt/airflow/dags/extraction_dag.py
[2026-09-17T11:07:50.165+0000] {processor.py:830} INFO - Processing file /opt/airflow/dags/extraction_dag.py for tasks to queue
[2026-09-17T11:07:50.168+0000] {logging_mixin.py:188} INFO - [2026-09-17T11:07:50.168+0000] {dagbag.py:545} INFO - Filling up the DagBag from /opt/airflow/dags/extraction_dag.py
[2026-09-17T11:07:50.264+0000] {processor.py:840} INFO - DAG(s) 'youtube_extraction' retrieved from /opt/airflow/dags/extraction_dag.py
[2026-09-17T11:07:50.312+0000] {logging_mixin.py:188} INFO - [2026-09-17T11:07:50.311+0000] {dag.py:3096} INFO - Sync 1 DAGs
[2026-09-17T11:07:50.322+0000] {logging_mixin.py:188} INFO - [2026-09-17T11:07:50.322+0000] {dag.py:3954} INFO - Setting next_dagrun for youtube_extraction to None, run_after=None
[2026-09-17T11:07:50.367+0000] {processor.py:183} INFO - Processing /opt/airflow/dags/extraction_dag.py took 0.211 seconds
[2026-09-17T11:08:20.717+0000] {processor.py:161} INFO - Started process (PID=379) to work on /opt/airflow/dags/extraction_dag.py
[2026-09-17T11:08:20.719+0000] {processor.py:830} INFO - Processing file /opt/airflow/dags/extraction_dag.py for tasks to queue
[2026-09-17T11:08:20.722+0000] {logging_mixin.py:188} INFO - [2026-09-17T11:08:20.722+0000] {dagbag.py:545} INFO - Filling up the DagBag from /opt/airflow/dags/extraction_dag.py
[2026-09-17T11:08:20.817+0000] {processor.py:840} INFO - DAG(s) 'youtube_extraction' retrieved from /opt/airflow/dags/extraction_dag.py
[2026-09-17T11:08:20.840+0000] {logging_mixin.py:188} INFO - [2026-09-17T11:08:20.840+0000] {dag.py:3096} INFO - Sync 1 DAGs
[2026-09-17T11:08:20.852+0000] {logging_mixin.py:188} INFO - [2026-09-17T11:08:20.851+0000] {dag.py:3954} INFO - Setting next_dagrun for youtube_extraction to None, run_after=None
[2026-09-17T11:08:20.888+0000] {processor.py:183} INFO - Processing /opt/airflow/dags/extraction_dag.py took 0.177 seconds
[2026-09-17T11:08:51.313+0000] {processor.py:161} INFO - Started process (PID=388) to work on /opt/airflow/dags/extraction_dag.py
[2026-09-17T11:08:51.315+0000] {processor.py:830} INFO - Processing file /opt/airflow/dags/extraction_dag.py for tasks to queue
[2026-09-17T11:08:51.319+0000] {logging_mixin.py:188} INFO - [2026-09-17T11:08:51.318+0000] {dagbag.py:545} INFO - Filling up the DagBag from /opt/airflow/dags/extraction_dag.py
[2026-09-17T11:08:51.421+0000] {processor.py:840} INFO - DAG(s) 'youtube_extraction' retrieved from /opt/airflow/dags/extraction_dag.py
[2026-09-17T11:08:51.475+0000] {logging_mixin.py:188} INFO - [2026-09-17T11:08:51.475+0000] {dag.py:3096} INFO - Sync 1 DAGs
[2026-09-17T11:08:51.489+0000] {logging_mixin.py:188} INFO - [2026-09-17T11:08:51.489+0000] {dag.py:3954} INFO - Setting next_dagrun for youtube_extraction to None, run_after=None
[2026-09-17T11:08:51.525+0000] {processor.py:183} INFO - Processing /opt/airflow/dags/extraction_dag.py took 0.218 seconds
[2026-09-17T11:09:21.976+0000] {processor.py:161} INFO - Started process (PID=397) to work on /opt/airflow/dags/extraction_dag.py
[2026-09-17T11:09:21.979+0000] {processor.py:830} INFO - Processing file /opt/airflow/dags/extraction_dag.py for tasks to queue
[2026-09-17T11:09:21.983+0000] {logging_mixin.py:188} INFO - [2026-09-17T11:09:21.983+0000] {dagbag.py:545} INFO - Filling up the DagBag from /opt/airflow/dags/extraction_dag.py
[2026-09-17T11:09:22.104+0000] {processor.py:840} INFO - DAG(s) 'youtube_extraction' retrieved from /opt/airflow/dags/extraction_dag.py
[2026-09-17T11:09:22.140+0000] {logging_mixin.py:188} INFO - [2026-09-17T11:09:22.139+0000] {dag.py:3096} INFO - Sync 1 DAGs
[2026-09-17T11:09:22.152+0000] {logging_mixin.py:188} INFO - [2026-09-17T11:09:22.152+0000] {dag.py:3954} INFO - Setting next_dagrun for youtube_extraction to None, run_after=None
[2026-09-17T11:09:22.209+0000] {processor.py:183} INFO - Processing /opt/airflow/dags/extraction_dag.py took 0.239 seconds
[2026-09-17T11:09:52.602+0000] {processor.py:161} INFO - Started process (PID=406) to work on /opt/airflow/dags/extraction_dag.py
[2026-09-17T11:09:52.605+0000] {processor.py:830} INFO - Processing file /opt/airflow/dags/extraction_dag.py for tasks to queue
[2026-09-17T11:09:52.608+0000] {logging_mixin.py:188} INFO - [2026-09-17T11:09:52.608+0000] {dagbag.py:545} INFO - Filling up the DagBag from /opt/airflow/dags/extraction_dag.py
[2026-09-17T11:09:52.689+0000] {processor.py:840} INFO - DAG(s) 'youtube_extraction' retrieved from /opt/airflow/dags/extraction_dag.py
[2026-09-17T11:09:52.719+0000] {logging_mixin.py:188} INFO - [2026-09-17T11:09:52.718+0000] {dag.py:3096} INFO - Sync 1 DAGs
[2026-09-17T11:09:52.731+0000] {logging_mixin.py:188} INFO - [2026-09-17T11:09:52.731+0000] {dag.py:3954} INFO - Setting next_dagrun for youtube_extraction to None, run_after=None
[2026-09-17T11:09:52.752+0000] {processor.py:183} INFO - Processing /opt/airflow/dags/extraction_dag.py took 0.155 seconds
[2026-09-17T11:10:22.856+0000] {processor.py:161} INFO - Started process (PID=415) to work on /opt/airflow/dags/extraction_dag.py
[2026-09-17T11:10:22.858+0000] {processor.py:830} INFO - Processing file /opt/airflow/dags/extraction_dag.py for tasks to queue
[2026-09-17T11:10:22.862+0000] {logging_mixin.py:188} INFO - [2026-09-17T11:10:22.862+0000] {dagbag.py:545} INFO - Filling up the DagBag from /opt/airflow/dags/extraction_dag.py
[2026-09-17T11:10:22.955+0000] {processor.py:840} INFO - DAG(s) 'youtube_extraction' retrieved from /opt/airflow/dags/extraction_dag.py
[2026-09-17T11:10:23.004+0000] {logging_mixin.py:188} INFO - [2026-09-17T11:10:23.003+0000] {dag.py:3096} INFO - Sync 1 DAGs
[2026-09-17T11:10:23.029+0000] {logging_mixin.py:188} INFO - [2026-09-17T11:10:23.028+0000] {dag.py:3954} INFO - Setting next_dagrun for youtube_extraction to None, run_after=None
[2026-09-17T11:10:23.059+0000] {processor.py:183} INFO - Processing /opt/airflow/dags/extraction_dag.py took 0.212 seconds
[2026-09-17T11:10:53.507+0000] {processor.py:161} INFO - Started process (PID=424) to work on /opt/airflow/dags/extraction_dag.py
[2026-09-17T11:10:53.510+0000] {processor.py:830} INFO - Processing file /opt/airflow/dags/extraction_dag.py for tasks to queue
[2026-09-17T11:10:53.513+0000] {logging_mixin.py:188} INFO - [2026-09-17T11:10:53.513+0000] {dagbag.py:545} INFO - Filling up the DagBag from /opt/airflow/dags/extraction_dag.py
[2026-09-17T11:10:53.624+0000] {processor.py:840} INFO - DAG(s) 'youtube_extraction' retrieved from /opt/airflow/dags/extraction_dag.py
[2026-09-17T11:10:53.665+0000] {logging_mixin.py:188} INFO - [2026-09-17T11:10:53.664+0000] {dag.py:3096} INFO - Sync 1 DAGs
[2026-09-17T11:10:53.681+0000] {logging_mixin.py:188} INFO - [2026-09-17T11:10:53.680+0000] {dag.py:3954} INFO - Setting next_dagrun for youtube_extraction to None, run_after=None
[2026-09-17T11:10:53.730+0000] {processor.py:183} INFO - Processing /opt/airflow/dags/extraction_dag.py took 0.237 seconds
[2026-09-17T11:11:24.120+0000] {processor.py:161} INFO - Started process (PID=433) to work on /opt/airflow/dags/extraction_dag.py
[2026-09-17T11:11:24.122+0000] {processor.py:830} INFO - Processing file /opt/airflow/dags/extraction_dag.py for tasks to queue
[2026-09-17T11:11:24.127+0000] {logging_mixin.py:188} INFO - [2026-09-17T11:11:24.126+0000] {dagbag.py:545} INFO - Filling up the DagBag from /opt/airflow/dags/extraction_dag.py
[2026-09-17T11:11:24.211+0000] {processor.py:840} INFO - DAG(s) 'youtube_extraction' retrieved from /opt/airflow/dags/extraction_dag.py
[2026-09-17T11:11:24.248+0000] {logging_mixin.py:188} INFO - [2026-09-17T11:11:24.247+0000] {dag.py:3096} INFO - Sync 1 DAGs
[2026-09-17T11:11:24.262+0000] {logging_mixin.py:188} INFO - [2026-09-17T11:11:24.262+0000] {dag.py:3954} INFO - Setting next_dagrun for youtube_extraction to None, run_after=None
[2026-09-17T11:11:24.287+0000] {processor.py:183} INFO - Processing /opt/airflow/dags/extraction_dag.py took 0.175 seconds
[2026-09-17T11:11:54.640+0000] {processor.py:161} INFO - Started process (PID=442) to work on /opt/airflow/dags/extraction_dag.py
[2026-09-17T11:11:54.642+0000] {processor.py:830} INFO - Processing file /opt/airflow/dags/extraction_dag.py for tasks to queue
[2026-09-17T11:11:54.645+0000] {logging_mixin.py:188} INFO - [2026-09-17T11:11:54.645+0000] {dagbag.py:545} INFO - Filling up the DagBag from /opt/airflow/dags/extraction_dag.py
[2026-09-17T11:11:54.739+0000] {processor.py:840} INFO - DAG(s) 'youtube_extraction' retrieved from /opt/airflow/dags/extraction_dag.py
[2026-09-17T11:11:54.775+0000] {logging_mixin.py:188} INFO - [2026-09-17T11:11:54.775+0000] {dag.py:3096} INFO - Sync 1 DAGs
[2026-09-17T11:11:54.790+0000] {logging_mixin.py:188} INFO - [2026-09-17T11:11:54.790+0000] {dag.py:3954} INFO - Setting next_dagrun for youtube_extraction to None, run_after=None
[2026-09-17T11:11:54.814+0000] {processor.py:183} INFO - Processing /opt/airflow/dags/extraction_dag.py took 0.181 seconds
[2026-09-17T11:12:25.175+0000] {processor.py:161} INFO - Started process (PID=451) to work on /opt/airflow/dags/extraction_dag.py
[2026-09-17T11:12:25.178+0000] {processor.py:830} INFO - Processing file /opt/airflow/dags/extraction_dag.py for tasks to queue
[2026-09-17T11:12:25.180+0000] {logging_mixin.py:188} INFO - [2026-09-17T11:12:25.180+0000] {dagbag.py:545} INFO - Filling up the DagBag from /opt/airflow/dags/extraction_dag.py
[2026-09-17T11:12:25.284+0000] {processor.py:840} INFO - DAG(s) 'youtube_extraction' retrieved from /opt/airflow/dags/extraction_dag.py
[2026-09-17T11:12:25.313+0000] {logging_mixin.py:188} INFO - [2026-09-17T11:12:25.312+0000] {dag.py:3096} INFO - Sync 1 DAGs
[2026-09-17T11:12:25.327+0000] {logging_mixin.py:188} INFO - [2026-09-17T11:12:25.327+0000] {dag.py:3954} INFO - Setting next_dagrun for youtube_extraction to None, run_after=None
[2026-09-17T11:12:25.357+0000] {processor.py:183} INFO - Processing /opt/airflow/dags/extraction_dag.py took 0.188 seconds
[2026-09-17T11:12:55.781+0000] {processor.py:161} INFO - Started process (PID=460) to work on /opt/airflow/dags/extraction_dag.py
[2026-09-17T11:12:55.783+0000] {processor.py:830} INFO - Processing file /opt/airflow/dags/extraction_dag.py for tasks to queue
[2026-09-17T11:12:55.787+0000] {logging_mixin.py:188} INFO - [2026-09-17T11:12:55.787+0000] {dagbag.py:545} INFO - Filling up the DagBag from /opt/airflow/dags/extraction_dag.py
[2026-09-17T11:12:55.877+0000] {processor.py:840} INFO - DAG(s) 'youtube_extraction' retrieved from /opt/airflow/dags/extraction_dag.py
[2026-09-17T11:12:55.923+0000] {logging_mixin.py:188} INFO - [2026-09-17T11:12:55.922+0000] {dag.py:3096} INFO - Sync 1 DAGs
[2026-09-17T11:12:55.947+0000] {logging_mixin.py:188} INFO - [2026-09-17T11:12:55.947+0000] {dag.py:3954} INFO - Setting next_dagrun for youtube_extraction to None, run_after=None
[2026-09-17T11:12:55.982+0000] {processor.py:183} INFO - Processing /opt/airflow/dags/extraction_dag.py took 0.208 seconds
[2026-09-17T11:13:26.380+0000] {processor.py:161} INFO - Started process (PID=469) to work on /opt/airflow/dags/extraction_dag.py
[2026-09-17T11:13:26.383+0000] {processor.py:830} INFO - Processing file /opt/airflow/dags/extraction_dag.py for tasks to queue
[2026-09-17T11:13:26.389+0000] {logging_mixin.py:188} INFO - [2026-09-17T11:13:26.388+0000] {dagbag.py:545} INFO - Filling up the DagBag from /opt/airflow/dags/extraction_dag.py
[2026-09-17T11:13:26.503+0000] {processor.py:840} INFO - DAG(s) 'youtube_extraction' retrieved from /opt/airflow/dags/extraction_dag.py
[2026-09-17T11:13:26.580+0000] {logging_mixin.py:188} INFO - [2026-09-17T11:13:26.579+0000] {dag.py:3096} INFO - Sync 1 DAGs
[2026-09-17T11:13:26.620+0000] {logging_mixin.py:188} INFO - [2026-09-17T11:13:26.620+0000] {dag.py:3954} INFO - Setting next_dagrun for youtube_extraction to None, run_after=None
[2026-09-17T11:13:26.692+0000] {processor.py:183} INFO - Processing /opt/airflow/dags/extraction_dag.py took 0.318 seconds
[2026-09-17T11:13:57.132+0000] {processor.py:161} INFO - Started process (PID=478) to work on /opt/airflow/dags/extraction_dag.py
[2026-09-17T11:13:57.135+0000] {processor.py:830} INFO - Processing file /opt/airflow/dags/extraction_dag.py for tasks to queue
[2026-09-17T11:13:57.139+0000] {logging_mixin.py:188} INFO - [2026-09-17T11:13:57.138+0000] {dagbag.py:545} INFO - Filling up the DagBag from /opt/airflow/dags/extraction_dag.py
[2026-09-17T11:13:57.223+0000] {processor.py:840} INFO - DAG(s) 'youtube_extraction' retrieved from /opt/airflow/dags/extraction_dag.py
[2026-09-17T11:13:57.257+0000] {logging_mixin.py:188} INFO - [2026-09-17T11:13:57.257+0000] {dag.py:3096} INFO - Sync 1 DAGs
[2026-09-17T11:13:57.272+0000] {logging_mixin.py:188} INFO - [2026-09-17T11:13:57.272+0000] {dag.py:3954} INFO - Setting next_dagrun for youtube_extraction to None, run_after=None
[2026-09-17T11:13:57.293+0000] {processor.py:183} INFO - Processing /opt/airflow/dags/extraction_dag.py took 0.168 seconds
[2026-09-17T11:14:27.466+0000] {processor.py:161} INFO - Started process (PID=487) to work on /opt/airflow/dags/extraction_dag.py
[2026-09-17T11:14:27.480+0000] {processor.py:830} INFO - Processing file /opt/airflow/dags/extraction_dag.py for tasks to queue
[2026-09-17T11:14:27.483+0000] {logging_mixin.py:188} INFO - [2026-09-17T11:14:27.483+0000] {dagbag.py:545} INFO - Filling up the DagBag from /opt/airflow/dags/extraction_dag.py
[2026-09-17T11:14:27.625+0000] {processor.py:840} INFO - DAG(s) 'youtube_extraction' retrieved from /opt/airflow/dags/extraction_dag.py
[2026-09-17T11:14:27.688+0000] {logging_mixin.py:188} INFO - [2026-09-17T11:14:27.687+0000] {dag.py:3096} INFO - Sync 1 DAGs
[2026-09-17T11:14:27.700+0000] {logging_mixin.py:188} INFO - [2026-09-17T11:14:27.700+0000] {dag.py:3954} INFO - Setting next_dagrun for youtube_extraction to None, run_after=None
[2026-09-17T11:14:27.757+0000] {processor.py:183} INFO - Processing /opt/airflow/dags/extraction_dag.py took 0.297 seconds
[2026-09-17T11:14:58.149+0000] {processor.py:161} INFO - Started process (PID=496) to work on /opt/airflow/dags/extraction_dag.py
[2026-09-17T11:14:58.152+0000] {processor.py:830} INFO - Processing file /opt/airflow/dags/extraction_dag.py for tasks to queue
[2026-09-17T11:14:58.157+0000] {logging_mixin.py:188} INFO - [2026-09-17T11:14:58.156+0000] {dagbag.py:545} INFO - Filling up the DagBag from /opt/airflow/dags/extraction_dag.py
[2026-09-17T11:14:58.275+0000] {processor.py:840} INFO - DAG(s) 'youtube_extraction' retrieved from /opt/airflow/dags/extraction_dag.py
[2026-09-17T11:14:58.309+0000] {logging_mixin.py:188} INFO - [2026-09-17T11:14:58.309+0000] {dag.py:3096} INFO - Sync 1 DAGs
[2026-09-17T11:14:58.332+0000] {logging_mixin.py:188} INFO - [2026-09-17T11:14:58.332+0000] {dag.py:3954} INFO - Setting next_dagrun for youtube_extraction to None, run_after=None
[2026-09-17T11:14:58.358+0000] {processor.py:183} INFO - Processing /opt/airflow/dags/extraction_dag.py took 0.215 seconds
[2026-09-17T11:15:28.763+0000] {processor.py:161} INFO - Started process (PID=505) to work on /opt/airflow/dags/extraction_dag.py
[2026-09-17T11:15:28.765+0000] {processor.py:830} INFO - Processing file /opt/airflow/dags/extraction_dag.py for tasks to queue
[2026-09-17T11:15:28.769+0000] {logging_mixin.py:188} INFO - [2026-09-17T11:15:28.768+0000] {dagbag.py:545} INFO - Filling up the DagBag from /opt/airflow/dags/extraction_dag.py
[2026-09-17T11:15:28.898+0000] {processor.py:840} INFO - DAG(s) 'youtube_extraction' retrieved from /opt/airflow/dags/extraction_dag.py
[2026-09-17T11:15:28.946+0000] {logging_mixin.py:188} INFO - [2026-09-17T11:15:28.945+0000] {dag.py:3096} INFO - Sync 1 DAGs
[2026-09-17T11:15:28.958+0000] {logging_mixin.py:188} INFO - [2026-09-17T11:15:28.958+0000] {dag.py:3954} INFO - Setting next_dagrun for youtube_extraction to None, run_after=None
[2026-09-17T11:15:29.007+0000] {processor.py:183} INFO - Processing /opt/airflow/dags/extraction_dag.py took 0.251 seconds
[2026-09-17T11:15:59.423+0000] {processor.py:161} INFO - Started process (PID=514) to work on /opt/airflow/dags/extraction_dag.py
[2026-09-17T11:15:59.425+0000] {processor.py:830} INFO - Processing file /opt/airflow/dags/extraction_dag.py for tasks to queue
[2026-09-17T11:15:59.428+0000] {logging_mixin.py:188} INFO - [2026-09-17T11:15:59.428+0000] {dagbag.py:545} INFO - Filling up the DagBag from /opt/airflow/dags/extraction_dag.py
[2026-09-17T11:15:59.530+0000] {processor.py:840} INFO - DAG(s) 'youtube_extraction' retrieved from /opt/airflow/dags/extraction_dag.py
[2026-09-17T11:15:59.580+0000] {logging_mixin.py:188} INFO - [2026-09-17T11:15:59.579+0000] {dag.py:3096} INFO - Sync 1 DAGs
[2026-09-17T11:15:59.594+0000] {logging_mixin.py:188} INFO - [2026-09-17T11:15:59.593+0000] {dag.py:3954} INFO - Setting next_dagrun for youtube_extraction to None, run_after=None
[2026-09-17T11:15:59.634+0000] {processor.py:183} INFO - Processing /opt/airflow/dags/extraction_dag.py took 0.219 seconds
[2026-09-17T11:16:30.004+0000] {processor.py:161} INFO - Started process (PID=523) to work on /opt/airflow/dags/extraction_dag.py
[2026-09-17T11:16:30.006+0000] {processor.py:830} INFO - Processing file /opt/airflow/dags/extraction_dag.py for tasks to queue
[2026-09-17T11:16:30.009+0000] {logging_mixin.py:188} INFO - [2026-09-17T11:16:30.009+0000] {dagbag.py:545} INFO - Filling up the DagBag from /opt/airflow/dags/extraction_dag.py
[2026-09-17T11:16:30.116+0000] {processor.py:840} INFO - DAG(s) 'youtube_extraction' retrieved from /opt/airflow/dags/extraction_dag.py
[2026-09-17T11:16:30.165+0000] {logging_mixin.py:188} INFO - [2026-09-17T11:16:30.165+0000] {dag.py:3096} INFO - Sync 1 DAGs
[2026-09-17T11:16:30.178+0000] {logging_mixin.py:188} INFO - [2026-09-17T11:16:30.178+0000] {dag.py:3954} INFO - Setting next_dagrun for youtube_extraction to None, run_after=None
[2026-09-17T11:16:30.203+0000] {processor.py:183} INFO - Processing /opt/airflow/dags/extraction_dag.py took 0.204 seconds
[2026-09-17T11:17:00.592+0000] {processor.py:161} INFO - Started process (PID=532) to work on /opt/airflow/dags/extraction_dag.py
[2026-09-17T11:17:00.595+0000] {processor.py:830} INFO - Processing file /opt/airflow/dags/extraction_dag.py for tasks to queue
[2026-09-17T11:17:00.599+0000] {logging_mixin.py:188} INFO - [2026-09-17T11:17:00.598+0000] {dagbag.py:545} INFO - Filling up the DagBag from /opt/airflow/dags/extraction_dag.py
[2026-09-17T11:17:00.733+0000] {processor.py:840} INFO - DAG(s) 'youtube_extraction' retrieved from /opt/airflow/dags/extraction_dag.py
[2026-09-17T11:17:00.760+0000] {logging_mixin.py:188} INFO - [2026-09-17T11:17:00.760+0000] {dag.py:3096} INFO - Sync 1 DAGs
[2026-09-17T11:17:00.772+0000] {logging_mixin.py:188} INFO - [2026-09-17T11:17:00.772+0000] {dag.py:3954} INFO - Setting next_dagrun for youtube_extraction to None, run_after=None
[2026-09-17T11:17:00.811+0000] {processor.py:183} INFO - Processing /opt/airflow/dags/extraction_dag.py took 0.226 seconds
[2026-09-17T11:17:31.218+0000] {processor.py:161} INFO - Started process (PID=541) to work on /opt/airflow/dags/extraction_dag.py
[2026-09-17T11:17:31.220+0000] {processor.py:830} INFO - Processing file /opt/airflow/dags/extraction_dag.py for tasks to queue
[2026-09-17T11:17:31.224+0000] {logging_mixin.py:188} INFO - [2026-09-17T11:17:31.223+0000] {dagbag.py:545} INFO - Filling up the DagBag from /opt/airflow/dags/extraction_dag.py
[2026-09-17T11:17:31.327+0000] {processor.py:840} INFO - DAG(s) 'youtube_extraction' retrieved from /opt/airflow/dags/extraction_dag.py
[2026-09-17T11:17:31.350+0000] {logging_mixin.py:188} INFO - [2026-09-17T11:17:31.350+0000] {dag.py:3096} INFO - Sync 1 DAGs
[2026-09-17T11:17:31.360+0000] {logging_mixin.py:188} INFO - [2026-09-17T11:17:31.360+0000] {dag.py:3954} INFO - Setting next_dagrun for youtube_extraction to None, run_after=None
[2026-09-17T11:17:31.409+0000] {processor.py:183} INFO - Processing /opt/airflow/dags/extraction_dag.py took 0.197 seconds
[2026-09-17T11:18:01.760+0000] {processor.py:161} INFO - Started process (PID=550) to work on /opt/airflow/dags/extraction_dag.py
[2026-09-17T11:18:01.782+0000] {processor.py:830} INFO - Processing file /opt/airflow/dags/extraction_dag.py for tasks to queue
[2026-09-17T11:18:01.784+0000] {logging_mixin.py:188} INFO - [2026-09-17T11:18:01.784+0000] {dagbag.py:545} INFO - Filling up the DagBag from /opt/airflow/dags/extraction_dag.py
[2026-09-17T11:18:01.934+0000] {processor.py:840} INFO - DAG(s) 'youtube_extraction' retrieved from /opt/airflow/dags/extraction_dag.py
[2026-09-17T11:18:01.960+0000] {logging_mixin.py:188} INFO - [2026-09-17T11:18:01.960+0000] {dag.py:3096} INFO - Sync 1 DAGs
[2026-09-17T11:18:01.988+0000] {logging_mixin.py:188} INFO - [2026-09-17T11:18:01.988+0000] {dag.py:3954} INFO - Setting next_dagrun for youtube_extraction to None, run_after=None
[2026-09-17T11:18:02.025+0000] {processor.py:183} INFO - Processing /opt/airflow/dags/extraction_dag.py took 0.271 seconds
[2026-09-17T11:18:32.465+0000] {processor.py:161} INFO - Started process (PID=559) to work on /opt/airflow/dags/extraction_dag.py
[2026-09-17T11:18:32.467+0000] {processor.py:830} INFO - Processing file /opt/airflow/dags/extraction_dag.py for tasks to queue
[2026-09-17T11:18:32.471+0000] {logging_mixin.py:188} INFO - [2026-09-17T11:18:32.470+0000] {dagbag.py:545} INFO - Filling up the DagBag from /opt/airflow/dags/extraction_dag.py
[2026-09-17T11:18:32.566+0000] {processor.py:840} INFO - DAG(s) 'youtube_extraction' retrieved from /opt/airflow/dags/extraction_dag.py
[2026-09-17T11:18:32.607+0000] {logging_mixin.py:188} INFO - [2026-09-17T11:18:32.606+0000] {dag.py:3096} INFO - Sync 1 DAGs
[2026-09-17T11:18:32.619+0000] {logging_mixin.py:188} INFO - [2026-09-17T11:18:32.619+0000] {dag.py:3954} INFO - Setting next_dagrun for youtube_extraction to None, run_after=None
[2026-09-17T11:18:32.651+0000] {processor.py:183} INFO - Processing /opt/airflow/dags/extraction_dag.py took 0.192 seconds
[2026-09-17T11:19:03.032+0000] {processor.py:161} INFO - Started process (PID=568) to work on /opt/airflow/dags/extraction_dag.py
[2026-09-17T11:19:03.034+0000] {processor.py:830} INFO - Processing file /opt/airflow/dags/extraction_dag.py for tasks to queue
[2026-09-17T11:19:03.037+0000] {logging_mixin.py:188} INFO - [2026-09-17T11:19:03.037+0000] {dagbag.py:545} INFO - Filling up the DagBag from /opt/airflow/dags/extraction_dag.py
[2026-09-17T11:19:03.137+0000] {processor.py:840} INFO - DAG(s) 'youtube_extraction' retrieved from /opt/airflow/dags/extraction_dag.py
[2026-09-17T11:19:03.189+0000] {logging_mixin.py:188} INFO - [2026-09-17T11:19:03.189+0000] {dag.py:3096} INFO - Sync 1 DAGs
[2026-09-17T11:19:03.201+0000] {logging_mixin.py:188} INFO - [2026-09-17T11:19:03.201+0000] {dag.py:3954} INFO - Setting next_dagrun for youtube_extraction to None, run_after=None
[2026-09-17T11:19:03.253+0000] {processor.py:183} INFO - Processing /opt/airflow/dags/extraction_dag.py took 0.227 seconds
[2026-09-17T11:19:33.681+0000] {processor.py:161} INFO - Started process (PID=578) to work on /opt/airflow/dags/extraction_dag.py
[2026-09-17T11:19:33.701+0000] {processor.py:830} INFO - Processing file /opt/airflow/dags/extraction_dag.py for tasks to queue
[2026-09-17T11:19:33.705+0000] {logging_mixin.py:188} INFO - [2026-09-17T11:19:33.704+0000] {dagbag.py:545} INFO - Filling up the DagBag from /opt/airflow/dags/extraction_dag.py
[2026-09-17T11:19:33.858+0000] {processor.py:840} INFO - DAG(s) 'youtube_extraction' retrieved from /opt/airflow/dags/extraction_dag.py
[2026-09-17T11:19:33.888+0000] {logging_mixin.py:188} INFO - [2026-09-17T11:19:33.888+0000] {dag.py:3096} INFO - Sync 1 DAGs
[2026-09-17T11:19:33.911+0000] {logging_mixin.py:188} INFO - [2026-09-17T11:19:33.910+0000] {dag.py:3954} INFO - Setting next_dagrun for youtube_extraction to None, run_after=None
[2026-09-17T11:19:33.940+0000] {processor.py:183} INFO - Processing /opt/airflow/dags/extraction_dag.py took 0.265 seconds
[2026-09-17T11:20:04.345+0000] {processor.py:161} INFO - Started process (PID=593) to work on /opt/airflow/dags/extraction_dag.py
[2026-09-17T11:20:04.348+0000] {processor.py:830} INFO - Processing file /opt/airflow/dags/extraction_dag.py for tasks to queue
[2026-09-17T11:20:04.351+0000] {logging_mixin.py:188} INFO - [2026-09-17T11:20:04.351+0000] {dagbag.py:545} INFO - Filling up the DagBag from /opt/airflow/dags/extraction_dag.py
[2026-09-17T11:20:04.456+0000] {processor.py:840} INFO - DAG(s) 'youtube_extraction' retrieved from /opt/airflow/dags/extraction_dag.py
[2026-09-17T11:20:04.502+0000] {logging_mixin.py:188} INFO - [2026-09-17T11:20:04.502+0000] {dag.py:3096} INFO - Sync 1 DAGs
[2026-09-17T11:20:04.540+0000] {logging_mixin.py:188} INFO - [2026-09-17T11:20:04.539+0000] {dag.py:3954} INFO - Setting next_dagrun for youtube_extraction to None, run_after=None
[2026-09-17T11:20:04.587+0000] {processor.py:183} INFO - Processing /opt/airflow/dags/extraction_dag.py took 0.248 seconds
[2026-09-17T11:20:35.106+0000] {processor.py:161} INFO - Started process (PID=601) to work on /opt/airflow/dags/extraction_dag.py
[2026-09-17T11:20:35.108+0000] {processor.py:830} INFO - Processing file /opt/airflow/dags/extraction_dag.py for tasks to queue
[2026-09-17T11:20:35.111+0000] {logging_mixin.py:188} INFO - [2026-09-17T11:20:35.111+0000] {dagbag.py:545} INFO - Filling up the DagBag from /opt/airflow/dags/extraction_dag.py
[2026-09-17T11:20:35.217+0000] {processor.py:840} INFO - DAG(s) 'youtube_extraction' retrieved from /opt/airflow/dags/extraction_dag.py
[2026-09-17T11:20:35.283+0000] {logging_mixin.py:188} INFO - [2026-09-17T11:20:35.282+0000] {dag.py:3096} INFO - Sync 1 DAGs
[2026-09-17T11:20:35.296+0000] {logging_mixin.py:188} INFO - [2026-09-17T11:20:35.295+0000] {dag.py:3954} INFO - Setting next_dagrun for youtube_extraction to None, run_after=None
[2026-09-17T11:20:35.347+0000] {processor.py:183} INFO - Processing /opt/airflow/dags/extraction_dag.py took 0.247 seconds
[2026-09-17T11:21:05.739+0000] {processor.py:161} INFO - Started process (PID=610) to work on /opt/airflow/dags/extraction_dag.py
[2026-09-17T11:21:05.741+0000] {processor.py:830} INFO - Processing file /opt/airflow/dags/extraction_dag.py for tasks to queue
[2026-09-17T11:21:05.745+0000] {logging_mixin.py:188} INFO - [2026-09-17T11:21:05.745+0000] {dagbag.py:545} INFO - Filling up the DagBag from /opt/airflow/dags/extraction_dag.py
[2026-09-17T11:21:05.843+0000] {processor.py:840} INFO - DAG(s) 'youtube_extraction' retrieved from /opt/airflow/dags/extraction_dag.py
[2026-09-17T11:21:05.868+0000] {logging_mixin.py:188} INFO - [2026-09-17T11:21:05.867+0000] {dag.py:3096} INFO - Sync 1 DAGs
[2026-09-17T11:21:05.881+0000] {logging_mixin.py:188} INFO - [2026-09-17T11:21:05.880+0000] {dag.py:3954} INFO - Setting next_dagrun for youtube_extraction to None, run_after=None
[2026-09-17T11:21:05.922+0000] {processor.py:183} INFO - Processing /opt/airflow/dags/extraction_dag.py took 0.189 seconds
[2026-09-17T11:21:27.972+0000] {processor.py:161} INFO - Started process (PID=611) to work on /opt/airflow/dags/extraction_dag.py
[2026-09-17T11:21:27.974+0000] {processor.py:830} INFO - Processing file /opt/airflow/dags/extraction_dag.py for tasks to queue
[2026-09-17T11:21:27.976+0000] {logging_mixin.py:188} INFO - [2026-09-17T11:21:27.976+0000] {dagbag.py:545} INFO - Filling up the DagBag from /opt/airflow/dags/extraction_dag.py
[2026-09-17T11:21:28.110+0000] {processor.py:840} INFO - DAG(s) 'youtube_extraction' retrieved from /opt/airflow/dags/extraction_dag.py
[2026-09-17T11:21:28.398+0000] {logging_mixin.py:188} INFO - [2026-09-17T11:21:28.398+0000] {dag.py:3096} INFO - Sync 1 DAGs
[2026-09-17T11:21:28.409+0000] {logging_mixin.py:188} INFO - [2026-09-17T11:21:28.408+0000] {dag.py:3954} INFO - Setting next_dagrun for youtube_extraction to None, run_after=None
[2026-09-17T11:21:28.460+0000] {processor.py:183} INFO - Processing /opt/airflow/dags/extraction_dag.py took 0.493 seconds
[2026-09-17T11:21:58.861+0000] {processor.py:161} INFO - Started process (PID=620) to work on /opt/airflow/dags/extraction_dag.py
[2026-09-17T11:21:58.864+0000] {processor.py:830} INFO - Processing file /opt/airflow/dags/extraction_dag.py for tasks to queue
[2026-09-17T11:21:58.867+0000] {logging_mixin.py:188} INFO - [2026-09-17T11:21:58.866+0000] {dagbag.py:545} INFO - Filling up the DagBag from /opt/airflow/dags/extraction_dag.py
[2026-09-17T11:21:58.960+0000] {processor.py:840} INFO - DAG(s) 'youtube_extraction' retrieved from /opt/airflow/dags/extraction_dag.py
[2026-09-17T11:21:58.981+0000] {logging_mixin.py:188} INFO - [2026-09-17T11:21:58.981+0000] {dag.py:3096} INFO - Sync 1 DAGs
[2026-09-17T11:21:58.991+0000] {logging_mixin.py:188} INFO - [2026-09-17T11:21:58.991+0000] {dag.py:3954} INFO - Setting next_dagrun for youtube_extraction to None, run_after=None
[2026-09-17T11:21:59.031+0000] {processor.py:183} INFO - Processing /opt/airflow/dags/extraction_dag.py took 0.175 seconds
[2026-09-17T11:22:24.390+0000] {processor.py:161} INFO - Started process (PID=631) to work on /opt/airflow/dags/extraction_dag.py
[2026-09-17T11:22:24.392+0000] {processor.py:830} INFO - Processing file /opt/airflow/dags/extraction_dag.py for tasks to queue
[2026-09-17T11:22:24.396+0000] {logging_mixin.py:188} INFO - [2026-09-17T11:22:24.396+0000] {dagbag.py:545} INFO - Filling up the DagBag from /opt/airflow/dags/extraction_dag.py
[2026-09-17T11:22:24.598+0000] {processor.py:840} INFO - DAG(s) 'youtube_extraction' retrieved from /opt/airflow/dags/extraction_dag.py
[2026-09-17T11:22:24.631+0000] {logging_mixin.py:188} INFO - [2026-09-17T11:22:24.631+0000] {dag.py:3096} INFO - Sync 1 DAGs
[2026-09-17T11:22:24.668+0000] {logging_mixin.py:188} INFO - [2026-09-17T11:22:24.668+0000] {dag.py:3954} INFO - Setting next_dagrun for youtube_extraction to None, run_after=None
[2026-09-17T11:22:24.722+0000] {processor.py:183} INFO - Processing /opt/airflow/dags/extraction_dag.py took 0.341 seconds
[2026-09-17T11:22:54.887+0000] {processor.py:161} INFO - Started process (PID=644) to work on /opt/airflow/dags/extraction_dag.py
[2026-09-17T11:22:54.889+0000] {processor.py:830} INFO - Processing file /opt/airflow/dags/extraction_dag.py for tasks to queue
[2026-09-17T11:22:54.892+0000] {logging_mixin.py:188} INFO - [2026-09-17T11:22:54.891+0000] {dagbag.py:545} INFO - Filling up the DagBag from /opt/airflow/dags/extraction_dag.py
[2026-09-17T11:22:54.988+0000] {processor.py:840} INFO - DAG(s) 'youtube_extraction' retrieved from /opt/airflow/dags/extraction_dag.py
[2026-09-17T11:22:55.029+0000] {logging_mixin.py:188} INFO - [2026-09-17T11:22:55.029+0000] {dag.py:3096} INFO - Sync 1 DAGs
[2026-09-17T11:22:55.040+0000] {logging_mixin.py:188} INFO - [2026-09-17T11:22:55.039+0000] {dag.py:3954} INFO - Setting next_dagrun for youtube_extraction to None, run_after=None
[2026-09-17T11:22:55.077+0000] {processor.py:183} INFO - Processing /opt/airflow/dags/extraction_dag.py took 0.196 seconds
[2026-09-17T11:23:25.452+0000] {processor.py:161} INFO - Started process (PID=653) to work on /opt/airflow/dags/extraction_dag.py
[2026-09-17T11:23:25.455+0000] {processor.py:830} INFO - Processing file /opt/airflow/dags/extraction_dag.py for tasks to queue
[2026-09-17T11:23:25.458+0000] {logging_mixin.py:188} INFO - [2026-09-17T11:23:25.458+0000] {dagbag.py:545} INFO - Filling up the DagBag from /opt/airflow/dags/extraction_dag.py
[2026-09-17T11:23:25.544+0000] {processor.py:840} INFO - DAG(s) 'youtube_extraction' retrieved from /opt/airflow/dags/extraction_dag.py
[2026-09-17T11:23:25.568+0000] {logging_mixin.py:188} INFO - [2026-09-17T11:23:25.568+0000] {dag.py:3096} INFO - Sync 1 DAGs
[2026-09-17T11:23:25.579+0000] {logging_mixin.py:188} INFO - [2026-09-17T11:23:25.578+0000] {dag.py:3954} INFO - Setting next_dagrun for youtube_extraction to None, run_after=None
[2026-09-17T11:23:25.607+0000] {processor.py:183} INFO - Processing /opt/airflow/dags/extraction_dag.py took 0.160 seconds
[2026-09-17T11:23:56.004+0000] {processor.py:161} INFO - Started process (PID=663) to work on /opt/airflow/dags/extraction_dag.py
[2026-09-17T11:23:56.006+0000] {processor.py:830} INFO - Processing file /opt/airflow/dags/extraction_dag.py for tasks to queue
[2026-09-17T11:23:56.010+0000] {logging_mixin.py:188} INFO - [2026-09-17T11:23:56.009+0000] {dagbag.py:545} INFO - Filling up the DagBag from /opt/airflow/dags/extraction_dag.py
[2026-09-17T11:23:56.095+0000] {processor.py:840} INFO - DAG(s) 'youtube_extraction' retrieved from /opt/airflow/dags/extraction_dag.py
[2026-09-17T11:23:56.116+0000] {logging_mixin.py:188} INFO - [2026-09-17T11:23:56.116+0000] {dag.py:3096} INFO - Sync 1 DAGs
[2026-09-17T11:23:56.127+0000] {logging_mixin.py:188} INFO - [2026-09-17T11:23:56.127+0000] {dag.py:3954} INFO - Setting next_dagrun for youtube_extraction to None, run_after=None
[2026-09-17T11:23:56.158+0000] {processor.py:183} INFO - Processing /opt/airflow/dags/extraction_dag.py took 0.160 seconds
[2026-09-17T11:24:26.566+0000] {processor.py:161} INFO - Started process (PID=672) to work on /opt/airflow/dags/extraction_dag.py
[2026-09-17T11:24:26.569+0000] {processor.py:830} INFO - Processing file /opt/airflow/dags/extraction_dag.py for tasks to queue
[2026-09-17T11:24:26.573+0000] {logging_mixin.py:188} INFO - [2026-09-17T11:24:26.572+0000] {dagbag.py:545} INFO - Filling up the DagBag from /opt/airflow/dags/extraction_dag.py
[2026-09-17T11:24:26.674+0000] {processor.py:840} INFO - DAG(s) 'youtube_extraction' retrieved from /opt/airflow/dags/extraction_dag.py
[2026-09-17T11:24:26.706+0000] {logging_mixin.py:188} INFO - [2026-09-17T11:24:26.706+0000] {dag.py:3096} INFO - Sync 1 DAGs
[2026-09-17T11:24:26.726+0000] {logging_mixin.py:188} INFO - [2026-09-17T11:24:26.725+0000] {dag.py:3954} INFO - Setting next_dagrun for youtube_extraction to None, run_after=None
[2026-09-17T11:24:26.771+0000] {processor.py:183} INFO - Processing /opt/airflow/dags/extraction_dag.py took 0.215 seconds
[2026-09-17T11:24:57.238+0000] {processor.py:161} INFO - Started process (PID=681) to work on /opt/airflow/dags/extraction_dag.py
[2026-09-17T11:24:57.241+0000] {processor.py:830} INFO - Processing file /opt/airflow/dags/extraction_dag.py for tasks to queue
[2026-09-17T11:24:57.244+0000] {logging_mixin.py:188} INFO - [2026-09-17T11:24:57.244+0000] {dagbag.py:545} INFO - Filling up the DagBag from /opt/airflow/dags/extraction_dag.py
[2026-09-17T11:24:57.350+0000] {processor.py:840} INFO - DAG(s) 'youtube_extraction' retrieved from /opt/airflow/dags/extraction_dag.py
[2026-09-17T11:24:57.372+0000] {logging_mixin.py:188} INFO - [2026-09-17T11:24:57.372+0000] {dag.py:3096} INFO - Sync 1 DAGs
[2026-09-17T11:24:57.384+0000] {logging_mixin.py:188} INFO - [2026-09-17T11:24:57.383+0000] {dag.py:3954} INFO - Setting next_dagrun for youtube_extraction to None, run_after=None
[2026-09-17T11:24:57.418+0000] {processor.py:183} INFO - Processing /opt/airflow/dags/extraction_dag.py took 0.189 seconds
[2026-09-17T11:25:27.893+0000] {processor.py:161} INFO - Started process (PID=690) to work on /opt/airflow/dags/extraction_dag.py
[2026-09-17T11:25:27.895+0000] {processor.py:830} INFO - Processing file /opt/airflow/dags/extraction_dag.py for tasks to queue
[2026-09-17T11:25:27.900+0000] {logging_mixin.py:188} INFO - [2026-09-17T11:25:27.899+0000] {dagbag.py:545} INFO - Filling up the DagBag from /opt/airflow/dags/extraction_dag.py
[2026-09-17T11:25:28.018+0000] {processor.py:840} INFO - DAG(s) 'youtube_extraction' retrieved from /opt/airflow/dags/extraction_dag.py
[2026-09-17T11:25:28.060+0000] {logging_mixin.py:188} INFO - [2026-09-17T11:25:28.060+0000] {dag.py:3096} INFO - Sync 1 DAGs
[2026-09-17T11:25:28.072+0000] {logging_mixin.py:188} INFO - [2026-09-17T11:25:28.072+0000] {dag.py:3954} INFO - Setting next_dagrun for youtube_extraction to None, run_after=None
[2026-09-17T11:25:28.115+0000] {processor.py:183} INFO - Processing /opt/airflow/dags/extraction_dag.py took 0.229 seconds
[2026-09-17T11:25:58.664+0000] {processor.py:161} INFO - Started process (PID=699) to work on /opt/airflow/dags/extraction_dag.py
[2026-09-17T11:25:58.666+0000] {processor.py:830} INFO - Processing file /opt/airflow/dags/extraction_dag.py for tasks to queue
[2026-09-17T11:25:58.670+0000] {logging_mixin.py:188} INFO - [2026-09-17T11:25:58.670+0000] {dagbag.py:545} INFO - Filling up the DagBag from /opt/airflow/dags/extraction_dag.py
[2026-09-17T11:25:58.783+0000] {processor.py:840} INFO - DAG(s) 'youtube_extraction' retrieved from /opt/airflow/dags/extraction_dag.py
[2026-09-17T11:25:58.808+0000] {logging_mixin.py:188} INFO - [2026-09-17T11:25:58.808+0000] {dag.py:3096} INFO - Sync 1 DAGs
[2026-09-17T11:25:58.820+0000] {logging_mixin.py:188} INFO - [2026-09-17T11:25:58.820+0000] {dag.py:3954} INFO - Setting next_dagrun for youtube_extraction to None, run_after=None
[2026-09-17T11:25:58.844+0000] {processor.py:183} INFO - Processing /opt/airflow/dags/extraction_dag.py took 0.187 seconds
[2026-09-17T11:26:29.309+0000] {processor.py:161} INFO - Started process (PID=708) to work on /opt/airflow/dags/extraction_dag.py
[2026-09-17T11:26:29.311+0000] {processor.py:830} INFO - Processing file /opt/airflow/dags/extraction_dag.py for tasks to queue
[2026-09-17T11:26:29.314+0000] {logging_mixin.py:188} INFO - [2026-09-17T11:26:29.314+0000] {dagbag.py:545} INFO - Filling up the DagBag from /opt/airflow/dags/extraction_dag.py
[2026-09-17T11:26:29.407+0000] {processor.py:840} INFO - DAG(s) 'youtube_extraction' retrieved from /opt/airflow/dags/extraction_dag.py
[2026-09-17T11:26:29.433+0000] {logging_mixin.py:188} INFO - [2026-09-17T11:26:29.433+0000] {dag.py:3096} INFO - Sync 1 DAGs
[2026-09-17T11:26:29.444+0000] {logging_mixin.py:188} INFO - [2026-09-17T11:26:29.444+0000] {dag.py:3954} INFO - Setting next_dagrun for youtube_extraction to None, run_after=None
[2026-09-17T11:26:29.480+0000] {processor.py:183} INFO - Processing /opt/airflow/dags/extraction_dag.py took 0.177 seconds
[2026-09-17T11:26:59.912+0000] {processor.py:161} INFO - Started process (PID=717) to work on /opt/airflow/dags/extraction_dag.py
[2026-09-17T11:26:59.914+0000] {processor.py:830} INFO - Processing file /opt/airflow/dags/extraction_dag.py for tasks to queue
[2026-09-17T11:26:59.918+0000] {logging_mixin.py:188} INFO - [2026-09-17T11:26:59.917+0000] {dagbag.py:545} INFO - Filling up the DagBag from /opt/airflow/dags/extraction_dag.py
[2026-09-17T11:27:00.030+0000] {processor.py:840} INFO - DAG(s) 'youtube_extraction' retrieved from /opt/airflow/dags/extraction_dag.py
[2026-09-17T11:27:00.054+0000] {logging_mixin.py:188} INFO - [2026-09-17T11:27:00.054+0000] {dag.py:3096} INFO - Sync 1 DAGs
[2026-09-17T11:27:00.067+0000] {logging_mixin.py:188} INFO - [2026-09-17T11:27:00.067+0000] {dag.py:3954} INFO - Setting next_dagrun for youtube_extraction to None, run_after=None
[2026-09-17T11:27:00.090+0000] {processor.py:183} INFO - Processing /opt/airflow/dags/extraction_dag.py took 0.184 seconds
[2026-09-17T11:27:30.530+0000] {processor.py:161} INFO - Started process (PID=726) to work on /opt/airflow/dags/extraction_dag.py
[2026-09-17T11:27:30.533+0000] {processor.py:830} INFO - Processing file /opt/airflow/dags/extraction_dag.py for tasks to queue
[2026-09-17T11:27:30.536+0000] {logging_mixin.py:188} INFO - [2026-09-17T11:27:30.536+0000] {dagbag.py:545} INFO - Filling up the DagBag from /opt/airflow/dags/extraction_dag.py
[2026-09-17T11:27:30.610+0000] {processor.py:840} INFO - DAG(s) 'youtube_extraction' retrieved from /opt/airflow/dags/extraction_dag.py
[2026-09-17T11:27:30.630+0000] {logging_mixin.py:188} INFO - [2026-09-17T11:27:30.630+0000] {dag.py:3096} INFO - Sync 1 DAGs
[2026-09-17T11:27:30.640+0000] {logging_mixin.py:188} INFO - [2026-09-17T11:27:30.640+0000] {dag.py:3954} INFO - Setting next_dagrun for youtube_extraction to None, run_after=None
[2026-09-17T11:27:30.661+0000] {processor.py:183} INFO - Processing /opt/airflow/dags/extraction_dag.py took 0.136 seconds
[2026-09-17T11:28:01.092+0000] {processor.py:161} INFO - Started process (PID=735) to work on /opt/airflow/dags/extraction_dag.py
[2026-09-17T11:28:01.094+0000] {processor.py:830} INFO - Processing file /opt/airflow/dags/extraction_dag.py for tasks to queue
[2026-09-17T11:28:01.097+0000] {logging_mixin.py:188} INFO - [2026-09-17T11:28:01.097+0000] {dagbag.py:545} INFO - Filling up the DagBag from /opt/airflow/dags/extraction_dag.py
[2026-09-17T11:28:01.198+0000] {processor.py:840} INFO - DAG(s) 'youtube_extraction' retrieved from /opt/airflow/dags/extraction_dag.py
[2026-09-17T11:28:01.224+0000] {logging_mixin.py:188} INFO - [2026-09-17T11:28:01.224+0000] {dag.py:3096} INFO - Sync 1 DAGs
[2026-09-17T11:28:01.235+0000] {logging_mixin.py:188} INFO - [2026-09-17T11:28:01.235+0000] {dag.py:3954} INFO - Setting next_dagrun for youtube_extraction to None, run_after=None
[2026-09-17T11:28:01.259+0000] {processor.py:183} INFO - Processing /opt/airflow/dags/extraction_dag.py took 0.172 seconds
[2026-09-17T11:28:31.719+0000] {processor.py:161} INFO - Started process (PID=744) to work on /opt/airflow/dags/extraction_dag.py
[2026-09-17T11:28:31.721+0000] {processor.py:830} INFO - Processing file /opt/airflow/dags/extraction_dag.py for tasks to queue
[2026-09-17T11:28:31.724+0000] {logging_mixin.py:188} INFO - [2026-09-17T11:28:31.724+0000] {dagbag.py:545} INFO - Filling up the DagBag from /opt/airflow/dags/extraction_dag.py
[2026-09-17T11:28:31.821+0000] {processor.py:840} INFO - DAG(s) 'youtube_extraction' retrieved from /opt/airflow/dags/extraction_dag.py
[2026-09-17T11:28:31.842+0000] {logging_mixin.py:188} INFO - [2026-09-17T11:28:31.842+0000] {dag.py:3096} INFO - Sync 1 DAGs
[2026-09-17T11:28:31.853+0000] {logging_mixin.py:188} INFO - [2026-09-17T11:28:31.853+0000] {dag.py:3954} INFO - Setting next_dagrun for youtube_extraction to None, run_after=None
[2026-09-17T11:28:31.876+0000] {processor.py:183} INFO - Processing /opt/airflow/dags/extraction_dag.py took 0.163 seconds
[2026-09-17T11:29:02.290+0000] {processor.py:161} INFO - Started process (PID=753) to work on /opt/airflow/dags/extraction_dag.py
[2026-09-17T11:29:02.292+0000] {processor.py:830} INFO - Processing file /opt/airflow/dags/extraction_dag.py for tasks to queue
[2026-09-17T11:29:02.295+0000] {logging_mixin.py:188} INFO - [2026-09-17T11:29:02.295+0000] {dagbag.py:545} INFO - Filling up the DagBag from /opt/airflow/dags/extraction_dag.py
[2026-09-17T11:29:02.456+0000] {processor.py:840} INFO - DAG(s) 'youtube_extraction' retrieved from /opt/airflow/dags/extraction_dag.py
[2026-09-17T11:29:02.482+0000] {logging_mixin.py:188} INFO - [2026-09-17T11:29:02.481+0000] {dag.py:3096} INFO - Sync 1 DAGs
[2026-09-17T11:29:02.494+0000] {logging_mixin.py:188} INFO - [2026-09-17T11:29:02.494+0000] {dag.py:3954} INFO - Setting next_dagrun for youtube_extraction to None, run_after=None
[2026-09-17T11:29:02.516+0000] {processor.py:183} INFO - Processing /opt/airflow/dags/extraction_dag.py took 0.232 seconds
[2026-09-17T11:29:32.631+0000] {processor.py:161} INFO - Started process (PID=762) to work on /opt/airflow/dags/extraction_dag.py
[2026-09-17T11:29:32.633+0000] {processor.py:830} INFO - Processing file /opt/airflow/dags/extraction_dag.py for tasks to queue
[2026-09-17T11:29:32.638+0000] {logging_mixin.py:188} INFO - [2026-09-17T11:29:32.638+0000] {dagbag.py:545} INFO - Filling up the DagBag from /opt/airflow/dags/extraction_dag.py
[2026-09-17T11:29:32.735+0000] {processor.py:840} INFO - DAG(s) 'youtube_extraction' retrieved from /opt/airflow/dags/extraction_dag.py
[2026-09-17T11:29:32.757+0000] {logging_mixin.py:188} INFO - [2026-09-17T11:29:32.757+0000] {dag.py:3096} INFO - Sync 1 DAGs
[2026-09-17T11:29:32.771+0000] {logging_mixin.py:188} INFO - [2026-09-17T11:29:32.770+0000] {dag.py:3954} INFO - Setting next_dagrun for youtube_extraction to None, run_after=None
[2026-09-17T11:29:32.794+0000] {processor.py:183} INFO - Processing /opt/airflow/dags/extraction_dag.py took 0.169 seconds
[2026-09-17T11:30:03.177+0000] {processor.py:161} INFO - Started process (PID=771) to work on /opt/airflow/dags/extraction_dag.py
[2026-09-17T11:30:03.179+0000] {processor.py:830} INFO - Processing file /opt/airflow/dags/extraction_dag.py for tasks to queue
[2026-09-17T11:30:03.182+0000] {logging_mixin.py:188} INFO - [2026-09-17T11:30:03.182+0000] {dagbag.py:545} INFO - Filling up the DagBag from /opt/airflow/dags/extraction_dag.py
[2026-09-17T11:30:03.298+0000] {processor.py:840} INFO - DAG(s) 'youtube_extraction' retrieved from /opt/airflow/dags/extraction_dag.py
[2026-09-17T11:30:03.328+0000] {logging_mixin.py:188} INFO - [2026-09-17T11:30:03.328+0000] {dag.py:3096} INFO - Sync 1 DAGs
[2026-09-17T11:30:03.341+0000] {logging_mixin.py:188} INFO - [2026-09-17T11:30:03.341+0000] {dag.py:3954} INFO - Setting next_dagrun for youtube_extraction to None, run_after=None
[2026-09-17T11:30:03.364+0000] {processor.py:183} INFO - Processing /opt/airflow/dags/extraction_dag.py took 0.194 seconds
[2026-09-17T11:30:33.808+0000] {processor.py:161} INFO - Started process (PID=780) to work on /opt/airflow/dags/extraction_dag.py
[2026-09-17T11:30:33.810+0000] {processor.py:830} INFO - Processing file /opt/airflow/dags/extraction_dag.py for tasks to queue
[2026-09-17T11:30:33.813+0000] {logging_mixin.py:188} INFO - [2026-09-17T11:30:33.813+0000] {dagbag.py:545} INFO - Filling up the DagBag from /opt/airflow/dags/extraction_dag.py
[2026-09-17T11:30:33.899+0000] {processor.py:840} INFO - DAG(s) 'youtube_extraction' retrieved from /opt/airflow/dags/extraction_dag.py
[2026-09-17T11:30:33.926+0000] {logging_mixin.py:188} INFO - [2026-09-17T11:30:33.926+0000] {dag.py:3096} INFO - Sync 1 DAGs
[2026-09-17T11:30:33.937+0000] {logging_mixin.py:188} INFO - [2026-09-17T11:30:33.937+0000] {dag.py:3954} INFO - Setting next_dagrun for youtube_extraction to None, run_after=None
[2026-09-17T11:30:33.960+0000] {processor.py:183} INFO - Processing /opt/airflow/dags/extraction_dag.py took 0.157 seconds
[2026-09-17T11:31:04.338+0000] {processor.py:161} INFO - Started process (PID=789) to work on /opt/airflow/dags/extraction_dag.py
[2026-09-17T11:31:04.341+0000] {processor.py:830} INFO - Processing file /opt/airflow/dags/extraction_dag.py for tasks to queue
[2026-09-17T11:31:04.344+0000] {logging_mixin.py:188} INFO - [2026-09-17T11:31:04.344+0000] {dagbag.py:545} INFO - Filling up the DagBag from /opt/airflow/dags/extraction_dag.py
[2026-09-17T11:31:04.453+0000] {processor.py:840} INFO - DAG(s) 'youtube_extraction' retrieved from /opt/airflow/dags/extraction_dag.py
[2026-09-17T11:31:04.475+0000] {logging_mixin.py:188} INFO - [2026-09-17T11:31:04.474+0000] {dag.py:3096} INFO - Sync 1 DAGs
[2026-09-17T11:31:04.485+0000] {logging_mixin.py:188} INFO - [2026-09-17T11:31:04.485+0000] {dag.py:3954} INFO - Setting next_dagrun for youtube_extraction to None, run_after=None
[2026-09-17T11:31:04.508+0000] {processor.py:183} INFO - Processing /opt/airflow/dags/extraction_dag.py took 0.178 seconds
[2026-09-17T11:31:34.904+0000] {processor.py:161} INFO - Started process (PID=798) to work on /opt/airflow/dags/extraction_dag.py
[2026-09-17T11:31:34.907+0000] {processor.py:830} INFO - Processing file /opt/airflow/dags/extraction_dag.py for tasks to queue
[2026-09-17T11:31:34.909+0000] {logging_mixin.py:188} INFO - [2026-09-17T11:31:34.909+0000] {dagbag.py:545} INFO - Filling up the DagBag from /opt/airflow/dags/extraction_dag.py
[2026-09-17T11:31:35.028+0000] {processor.py:840} INFO - DAG(s) 'youtube_extraction' retrieved from /opt/airflow/dags/extraction_dag.py
[2026-09-17T11:31:35.046+0000] {logging_mixin.py:188} INFO - [2026-09-17T11:31:35.046+0000] {dag.py:3096} INFO - Sync 1 DAGs
[2026-09-17T11:31:35.056+0000] {logging_mixin.py:188} INFO - [2026-09-17T11:31:35.056+0000] {dag.py:3954} INFO - Setting next_dagrun for youtube_extraction to None, run_after=None
[2026-09-17T11:31:35.096+0000] {processor.py:183} INFO - Processing /opt/airflow/dags/extraction_dag.py took 0.197 seconds
[2026-09-17T11:32:05.562+0000] {processor.py:161} INFO - Started process (PID=807) to work on /opt/airflow/dags/extraction_dag.py
[2026-09-17T11:32:05.565+0000] {processor.py:830} INFO - Processing file /opt/airflow/dags/extraction_dag.py for tasks to queue
[2026-09-17T11:32:05.568+0000] {logging_mixin.py:188} INFO - [2026-09-17T11:32:05.568+0000] {dagbag.py:545} INFO - Filling up the DagBag from /opt/airflow/dags/extraction_dag.py
[2026-09-17T11:32:05.680+0000] {processor.py:840} INFO - DAG(s) 'youtube_extraction' retrieved from /opt/airflow/dags/extraction_dag.py
[2026-09-17T11:32:05.714+0000] {logging_mixin.py:188} INFO - [2026-09-17T11:32:05.713+0000] {dag.py:3096} INFO - Sync 1 DAGs
[2026-09-17T11:32:05.728+0000] {logging_mixin.py:188} INFO - [2026-09-17T11:32:05.728+0000] {dag.py:3954} INFO - Setting next_dagrun for youtube_extraction to None, run_after=None
[2026-09-17T11:32:05.757+0000] {processor.py:183} INFO - Processing /opt/airflow/dags/extraction_dag.py took 0.202 seconds
[2026-09-17T11:32:36.239+0000] {processor.py:161} INFO - Started process (PID=822) to work on /opt/airflow/dags/extraction_dag.py
[2026-09-17T11:32:36.242+0000] {processor.py:830} INFO - Processing file /opt/airflow/dags/extraction_dag.py for tasks to queue
[2026-09-17T11:32:36.246+0000] {logging_mixin.py:188} INFO - [2026-09-17T11:32:36.246+0000] {dagbag.py:545} INFO - Filling up the DagBag from /opt/airflow/dags/extraction_dag.py
[2026-09-17T11:32:36.352+0000] {processor.py:840} INFO - DAG(s) 'youtube_extraction' retrieved from /opt/airflow/dags/extraction_dag.py
[2026-09-17T11:32:36.374+0000] {logging_mixin.py:188} INFO - [2026-09-17T11:32:36.374+0000] {dag.py:3096} INFO - Sync 1 DAGs
[2026-09-17T11:32:36.386+0000] {logging_mixin.py:188} INFO - [2026-09-17T11:32:36.386+0000] {dag.py:3954} INFO - Setting next_dagrun for youtube_extraction to None, run_after=None
[2026-09-17T11:32:36.430+0000] {processor.py:183} INFO - Processing /opt/airflow/dags/extraction_dag.py took 0.196 seconds
[2026-09-17T11:33:06.884+0000] {processor.py:161} INFO - Started process (PID=832) to work on /opt/airflow/dags/extraction_dag.py
[2026-09-17T11:33:06.888+0000] {processor.py:830} INFO - Processing file /opt/airflow/dags/extraction_dag.py for tasks to queue
[2026-09-17T11:33:06.891+0000] {logging_mixin.py:188} INFO - [2026-09-17T11:33:06.891+0000] {dagbag.py:545} INFO - Filling up the DagBag from /opt/airflow/dags/extraction_dag.py
[2026-09-17T11:33:06.992+0000] {processor.py:840} INFO - DAG(s) 'youtube_extraction' retrieved from /opt/airflow/dags/extraction_dag.py
[2026-09-17T11:33:07.029+0000] {logging_mixin.py:188} INFO - [2026-09-17T11:33:07.029+0000] {dag.py:3096} INFO - Sync 1 DAGs
[2026-09-17T11:33:07.040+0000] {logging_mixin.py:188} INFO - [2026-09-17T11:33:07.040+0000] {dag.py:3954} INFO - Setting next_dagrun for youtube_extraction to None, run_after=None
[2026-09-17T11:33:07.105+0000] {processor.py:183} INFO - Processing /opt/airflow/dags/extraction_dag.py took 0.227 seconds
[2026-09-17T11:33:37.563+0000] {processor.py:161} INFO - Started process (PID=841) to work on /opt/airflow/dags/extraction_dag.py
[2026-09-17T11:33:37.566+0000] {processor.py:830} INFO - Processing file /opt/airflow/dags/extraction_dag.py for tasks to queue
[2026-09-17T11:33:37.573+0000] {logging_mixin.py:188} INFO - [2026-09-17T11:33:37.572+0000] {dagbag.py:545} INFO - Filling up the DagBag from /opt/airflow/dags/extraction_dag.py
[2026-09-17T11:33:37.690+0000] {processor.py:840} INFO - DAG(s) 'youtube_extraction' retrieved from /opt/airflow/dags/extraction_dag.py
[2026-09-17T11:33:37.710+0000] {logging_mixin.py:188} INFO - [2026-09-17T11:33:37.709+0000] {dag.py:3096} INFO - Sync 1 DAGs
[2026-09-17T11:33:37.721+0000] {logging_mixin.py:188} INFO - [2026-09-17T11:33:37.721+0000] {dag.py:3954} INFO - Setting next_dagrun for youtube_extraction to None, run_after=None
[2026-09-17T11:33:37.761+0000] {processor.py:183} INFO - Processing /opt/airflow/dags/extraction_dag.py took 0.205 seconds
[2026-09-17T11:34:08.199+0000] {processor.py:161} INFO - Started process (PID=850) to work on /opt/airflow/dags/extraction_dag.py
[2026-09-17T11:34:08.202+0000] {processor.py:830} INFO - Processing file /opt/airflow/dags/extraction_dag.py for tasks to queue
[2026-09-17T11:34:08.206+0000] {logging_mixin.py:188} INFO - [2026-09-17T11:34:08.205+0000] {dagbag.py:545} INFO - Filling up the DagBag from /opt/airflow/dags/extraction_dag.py
[2026-09-17T11:34:08.305+0000] {processor.py:840} INFO - DAG(s) 'youtube_extraction' retrieved from /opt/airflow/dags/extraction_dag.py
[2026-09-17T11:34:08.326+0000] {logging_mixin.py:188} INFO - [2026-09-17T11:34:08.326+0000] {dag.py:3096} INFO - Sync 1 DAGs
[2026-09-17T11:34:08.337+0000] {logging_mixin.py:188} INFO - [2026-09-17T11:34:08.337+0000] {dag.py:3954} INFO - Setting next_dagrun for youtube_extraction to None, run_after=None
[2026-09-17T11:34:08.371+0000] {processor.py:183} INFO - Processing /opt/airflow/dags/extraction_dag.py took 0.179 seconds
[2026-09-17T11:34:38.811+0000] {processor.py:161} INFO - Started process (PID=859) to work on /opt/airflow/dags/extraction_dag.py
[2026-09-17T11:34:38.814+0000] {processor.py:830} INFO - Processing file /opt/airflow/dags/extraction_dag.py for tasks to queue
[2026-09-17T11:34:38.817+0000] {logging_mixin.py:188} INFO - [2026-09-17T11:34:38.817+0000] {dagbag.py:545} INFO - Filling up the DagBag from /opt/airflow/dags/extraction_dag.py
[2026-09-17T11:34:38.913+0000] {processor.py:840} INFO - DAG(s) 'youtube_extraction' retrieved from /opt/airflow/dags/extraction_dag.py
[2026-09-17T11:34:38.933+0000] {logging_mixin.py:188} INFO - [2026-09-17T11:34:38.933+0000] {dag.py:3096} INFO - Sync 1 DAGs
[2026-09-17T11:34:38.955+0000] {logging_mixin.py:188} INFO - [2026-09-17T11:34:38.955+0000] {dag.py:3954} INFO - Setting next_dagrun for youtube_extraction to None, run_after=None
[2026-09-17T11:34:39.002+0000] {processor.py:183} INFO - Processing /opt/airflow/dags/extraction_dag.py took 0.196 seconds
[2026-09-17T11:35:09.494+0000] {processor.py:161} INFO - Started process (PID=868) to work on /opt/airflow/dags/extraction_dag.py
[2026-09-17T11:35:09.496+0000] {processor.py:830} INFO - Processing file /opt/airflow/dags/extraction_dag.py for tasks to queue
[2026-09-17T11:35:09.499+0000] {logging_mixin.py:188} INFO - [2026-09-17T11:35:09.499+0000] {dagbag.py:545} INFO - Filling up the DagBag from /opt/airflow/dags/extraction_dag.py
[2026-09-17T11:35:09.581+0000] {processor.py:840} INFO - DAG(s) 'youtube_extraction' retrieved from /opt/airflow/dags/extraction_dag.py
[2026-09-17T11:35:09.602+0000] {logging_mixin.py:188} INFO - [2026-09-17T11:35:09.602+0000] {dag.py:3096} INFO - Sync 1 DAGs
[2026-09-17T11:35:09.614+0000] {logging_mixin.py:188} INFO - [2026-09-17T11:35:09.614+0000] {dag.py:3954} INFO - Setting next_dagrun for youtube_extraction to None, run_after=None
[2026-09-17T11:35:09.652+0000] {processor.py:183} INFO - Processing /opt/airflow/dags/extraction_dag.py took 0.163 seconds
[2026-09-17T11:35:40.078+0000] {processor.py:161} INFO - Started process (PID=877) to work on /opt/airflow/dags/extraction_dag.py
[2026-09-17T11:35:40.082+0000] {processor.py:830} INFO - Processing file /opt/airflow/dags/extraction_dag.py for tasks to queue
[2026-09-17T11:35:40.086+0000] {logging_mixin.py:188} INFO - [2026-09-17T11:35:40.086+0000] {dagbag.py:545} INFO - Filling up the DagBag from /opt/airflow/dags/extraction_dag.py
[2026-09-17T11:35:40.184+0000] {processor.py:840} INFO - DAG(s) 'youtube_extraction' retrieved from /opt/airflow/dags/extraction_dag.py
[2026-09-17T11:35:40.221+0000] {logging_mixin.py:188} INFO - [2026-09-17T11:35:40.220+0000] {dag.py:3096} INFO - Sync 1 DAGs
[2026-09-17T11:35:40.233+0000] {logging_mixin.py:188} INFO - [2026-09-17T11:35:40.233+0000] {dag.py:3954} INFO - Setting next_dagrun for youtube_extraction to None, run_after=None
[2026-09-17T11:35:40.273+0000] {processor.py:183} INFO - Processing /opt/airflow/dags/extraction_dag.py took 0.203 seconds
[2026-09-17T11:36:10.685+0000] {processor.py:161} INFO - Started process (PID=886) to work on /opt/airflow/dags/extraction_dag.py
[2026-09-17T11:36:10.688+0000] {processor.py:830} INFO - Processing file /opt/airflow/dags/extraction_dag.py for tasks to queue
[2026-09-17T11:36:10.691+0000] {logging_mixin.py:188} INFO - [2026-09-17T11:36:10.691+0000] {dagbag.py:545} INFO - Filling up the DagBag from /opt/airflow/dags/extraction_dag.py
[2026-09-17T11:36:10.786+0000] {processor.py:840} INFO - DAG(s) 'youtube_extraction' retrieved from /opt/airflow/dags/extraction_dag.py
[2026-09-17T11:36:10.806+0000] {logging_mixin.py:188} INFO - [2026-09-17T11:36:10.806+0000] {dag.py:3096} INFO - Sync 1 DAGs
[2026-09-17T11:36:10.818+0000] {logging_mixin.py:188} INFO - [2026-09-17T11:36:10.818+0000] {dag.py:3954} INFO - Setting next_dagrun for youtube_extraction to None, run_after=None
[2026-09-17T11:36:10.863+0000] {processor.py:183} INFO - Processing /opt/airflow/dags/extraction_dag.py took 0.184 seconds
[2026-09-17T11:36:41.318+0000] {processor.py:161} INFO - Started process (PID=895) to work on /opt/airflow/dags/extraction_dag.py
[2026-09-17T11:36:41.321+0000] {processor.py:830} INFO - Processing file /opt/airflow/dags/extraction_dag.py for tasks to queue
[2026-09-17T11:36:41.324+0000] {logging_mixin.py:188} INFO - [2026-09-17T11:36:41.323+0000] {dagbag.py:545} INFO - Filling up the DagBag from /opt/airflow/dags/extraction_dag.py
[2026-09-17T11:36:41.432+0000] {processor.py:840} INFO - DAG(s) 'youtube_extraction' retrieved from /opt/airflow/dags/extraction_dag.py
[2026-09-17T11:36:41.450+0000] {logging_mixin.py:188} INFO - [2026-09-17T11:36:41.450+0000] {dag.py:3096} INFO - Sync 1 DAGs
[2026-09-17T11:36:41.460+0000] {logging_mixin.py:188} INFO - [2026-09-17T11:36:41.460+0000] {dag.py:3954} INFO - Setting next_dagrun for youtube_extraction to None, run_after=None
[2026-09-17T11:36:41.496+0000] {processor.py:183} INFO - Processing /opt/airflow/dags/extraction_dag.py took 0.183 seconds
[2026-09-17T12:16:35.589+0000] {processor.py:161} INFO - Started process (PID=897) to work on /opt/airflow/dags/extraction_dag.py
[2026-09-17T12:16:35.601+0000] {processor.py:830} INFO - Processing file /opt/airflow/dags/extraction_dag.py for tasks to queue
[2026-09-17T12:16:35.619+0000] {logging_mixin.py:188} INFO - [2026-09-17T12:16:35.618+0000] {dagbag.py:545} INFO - Filling up the DagBag from /opt/airflow/dags/extraction_dag.py
[2026-09-17T12:40:10.269+0000] {processor.py:840} INFO - DAG(s) 'youtube_extraction' retrieved from /opt/airflow/dags/extraction_dag.py
[2026-09-17T12:40:10.510+0000] {logging_mixin.py:188} INFO - [2026-09-17T12:40:10.501+0000] {dag.py:3096} INFO - Sync 1 DAGs
[2026-09-17T12:40:41.020+0000] {processor.py:161} INFO - Started process (PID=906) to work on /opt/airflow/dags/extraction_dag.py
[2026-09-17T12:40:41.022+0000] {processor.py:830} INFO - Processing file /opt/airflow/dags/extraction_dag.py for tasks to queue
[2026-09-17T12:40:41.027+0000] {logging_mixin.py:188} INFO - [2026-09-17T12:40:41.027+0000] {dagbag.py:545} INFO - Filling up the DagBag from /opt/airflow/dags/extraction_dag.py
[2026-09-17T12:40:41.106+0000] {processor.py:840} INFO - DAG(s) 'youtube_extraction' retrieved from /opt/airflow/dags/extraction_dag.py
[2026-09-17T12:40:41.190+0000] {logging_mixin.py:188} INFO - [2026-09-17T12:40:41.190+0000] {dag.py:3096} INFO - Sync 1 DAGs
[2026-09-17T12:40:41.203+0000] {logging_mixin.py:188} INFO - [2026-09-17T12:40:41.203+0000] {dag.py:3954} INFO - Setting next_dagrun for youtube_extraction to None, run_after=None
[2026-09-17T12:40:41.236+0000] {processor.py:183} INFO - Processing /opt/airflow/dags/extraction_dag.py took 0.223 seconds
[2026-09-17T12:41:11.712+0000] {processor.py:161} INFO - Started process (PID=915) to work on /opt/airflow/dags/extraction_dag.py
[2026-09-17T12:41:11.714+0000] {processor.py:830} INFO - Processing file /opt/airflow/dags/extraction_dag.py for tasks to queue
[2026-09-17T12:41:11.717+0000] {logging_mixin.py:188} INFO - [2026-09-17T12:41:11.716+0000] {dagbag.py:545} INFO - Filling up the DagBag from /opt/airflow/dags/extraction_dag.py
[2026-09-17T12:41:11.810+0000] {processor.py:840} INFO - DAG(s) 'youtube_extraction' retrieved from /opt/airflow/dags/extraction_dag.py
[2026-09-17T12:41:11.837+0000] {logging_mixin.py:188} INFO - [2026-09-17T12:41:11.837+0000] {dag.py:3096} INFO - Sync 1 DAGs
[2026-09-17T12:41:11.850+0000] {logging_mixin.py:188} INFO - [2026-09-17T12:41:11.850+0000] {dag.py:3954} INFO - Setting next_dagrun for youtube_extraction to None, run_after=None
[2026-09-17T12:41:11.878+0000] {processor.py:183} INFO - Processing /opt/airflow/dags/extraction_dag.py took 0.173 seconds
[2026-09-17T12:41:42.395+0000] {processor.py:161} INFO - Started process (PID=924) to work on /opt/airflow/dags/extraction_dag.py
[2026-09-17T12:41:42.396+0000] {processor.py:830} INFO - Processing file /opt/airflow/dags/extraction_dag.py for tasks to queue
[2026-09-17T12:41:42.399+0000] {logging_mixin.py:188} INFO - [2026-09-17T12:41:42.399+0000] {dagbag.py:545} INFO - Filling up the DagBag from /opt/airflow/dags/extraction_dag.py
[2026-09-17T12:41:42.501+0000] {processor.py:840} INFO - DAG(s) 'youtube_extraction' retrieved from /opt/airflow/dags/extraction_dag.py
[2026-09-17T12:41:42.522+0000] {logging_mixin.py:188} INFO - [2026-09-17T12:41:42.521+0000] {dag.py:3096} INFO - Sync 1 DAGs
[2026-09-17T12:41:42.533+0000] {logging_mixin.py:188} INFO - [2026-09-17T12:41:42.532+0000] {dag.py:3954} INFO - Setting next_dagrun for youtube_extraction to None, run_after=None
[2026-09-17T12:41:42.552+0000] {processor.py:183} INFO - Processing /opt/airflow/dags/extraction_dag.py took 0.165 seconds
[2026-09-17T12:42:13.054+0000] {processor.py:161} INFO - Started process (PID=934) to work on /opt/airflow/dags/extraction_dag.py
[2026-09-17T12:42:13.056+0000] {processor.py:830} INFO - Processing file /opt/airflow/dags/extraction_dag.py for tasks to queue
[2026-09-17T12:42:13.058+0000] {logging_mixin.py:188} INFO - [2026-09-17T12:42:13.058+0000] {dagbag.py:545} INFO - Filling up the DagBag from /opt/airflow/dags/extraction_dag.py
[2026-09-17T12:42:13.173+0000] {processor.py:840} INFO - DAG(s) 'youtube_extraction' retrieved from /opt/airflow/dags/extraction_dag.py
[2026-09-17T12:42:13.195+0000] {logging_mixin.py:188} INFO - [2026-09-17T12:42:13.195+0000] {dag.py:3096} INFO - Sync 1 DAGs
[2026-09-17T12:42:13.208+0000] {logging_mixin.py:188} INFO - [2026-09-17T12:42:13.208+0000] {dag.py:3954} INFO - Setting next_dagrun for youtube_extraction to None, run_after=None
[2026-09-17T12:42:13.234+0000] {processor.py:183} INFO - Processing /opt/airflow/dags/extraction_dag.py took 0.230 seconds
[2026-09-17T12:42:43.770+0000] {processor.py:161} INFO - Started process (PID=943) to work on /opt/airflow/dags/extraction_dag.py
[2026-09-17T12:42:43.773+0000] {processor.py:830} INFO - Processing file /opt/airflow/dags/extraction_dag.py for tasks to queue
[2026-09-17T12:42:43.776+0000] {logging_mixin.py:188} INFO - [2026-09-17T12:42:43.776+0000] {dagbag.py:545} INFO - Filling up the DagBag from /opt/airflow/dags/extraction_dag.py
[2026-09-17T12:42:43.861+0000] {processor.py:840} INFO - DAG(s) 'youtube_extraction' retrieved from /opt/airflow/dags/extraction_dag.py
[2026-09-17T12:42:43.890+0000] {logging_mixin.py:188} INFO - [2026-09-17T12:42:43.889+0000] {dag.py:3096} INFO - Sync 1 DAGs
[2026-09-17T12:42:43.906+0000] {logging_mixin.py:188} INFO - [2026-09-17T12:42:43.906+0000] {dag.py:3954} INFO - Setting next_dagrun for youtube_extraction to None, run_after=None
[2026-09-17T12:42:43.952+0000] {processor.py:183} INFO - Processing /opt/airflow/dags/extraction_dag.py took 0.189 seconds
[2026-09-17T12:43:14.477+0000] {processor.py:161} INFO - Started process (PID=959) to work on /opt/airflow/dags/extraction_dag.py
[2026-09-17T12:43:14.479+0000] {processor.py:830} INFO - Processing file /opt/airflow/dags/extraction_dag.py for tasks to queue
[2026-09-17T12:43:14.481+0000] {logging_mixin.py:188} INFO - [2026-09-17T12:43:14.481+0000] {dagbag.py:545} INFO - Filling up the DagBag from /opt/airflow/dags/extraction_dag.py
[2026-09-17T12:43:14.591+0000] {processor.py:840} INFO - DAG(s) 'youtube_extraction' retrieved from /opt/airflow/dags/extraction_dag.py
[2026-09-17T12:43:14.616+0000] {logging_mixin.py:188} INFO - [2026-09-17T12:43:14.615+0000] {dag.py:3096} INFO - Sync 1 DAGs
[2026-09-17T12:43:14.646+0000] {logging_mixin.py:188} INFO - [2026-09-17T12:43:14.645+0000] {dag.py:3954} INFO - Setting next_dagrun for youtube_extraction to None, run_after=None
[2026-09-17T12:43:14.671+0000] {processor.py:183} INFO - Processing /opt/airflow/dags/extraction_dag.py took 0.199 seconds
[2026-09-17T12:43:45.211+0000] {processor.py:161} INFO - Started process (PID=968) to work on /opt/airflow/dags/extraction_dag.py
[2026-09-17T12:43:45.214+0000] {processor.py:830} INFO - Processing file /opt/airflow/dags/extraction_dag.py for tasks to queue
[2026-09-17T12:43:45.217+0000] {logging_mixin.py:188} INFO - [2026-09-17T12:43:45.216+0000] {dagbag.py:545} INFO - Filling up the DagBag from /opt/airflow/dags/extraction_dag.py
[2026-09-17T12:43:45.318+0000] {processor.py:840} INFO - DAG(s) 'youtube_extraction' retrieved from /opt/airflow/dags/extraction_dag.py
[2026-09-17T12:43:45.361+0000] {logging_mixin.py:188} INFO - [2026-09-17T12:43:45.360+0000] {dag.py:3096} INFO - Sync 1 DAGs
[2026-09-17T12:43:45.372+0000] {logging_mixin.py:188} INFO - [2026-09-17T12:43:45.372+0000] {dag.py:3954} INFO - Setting next_dagrun for youtube_extraction to None, run_after=None
[2026-09-17T12:43:45.413+0000] {processor.py:183} INFO - Processing /opt/airflow/dags/extraction_dag.py took 0.207 seconds
[2026-09-17T12:44:15.899+0000] {processor.py:161} INFO - Started process (PID=977) to work on /opt/airflow/dags/extraction_dag.py
[2026-09-17T12:44:15.901+0000] {processor.py:830} INFO - Processing file /opt/airflow/dags/extraction_dag.py for tasks to queue
[2026-09-17T12:44:15.904+0000] {logging_mixin.py:188} INFO - [2026-09-17T12:44:15.903+0000] {dagbag.py:545} INFO - Filling up the DagBag from /opt/airflow/dags/extraction_dag.py
[2026-09-17T12:44:16.012+0000] {processor.py:840} INFO - DAG(s) 'youtube_extraction' retrieved from /opt/airflow/dags/extraction_dag.py
[2026-09-17T12:44:16.033+0000] {logging_mixin.py:188} INFO - [2026-09-17T12:44:16.033+0000] {dag.py:3096} INFO - Sync 1 DAGs
[2026-09-17T12:44:16.045+0000] {logging_mixin.py:188} INFO - [2026-09-17T12:44:16.045+0000] {dag.py:3954} INFO - Setting next_dagrun for youtube_extraction to None, run_after=None
[2026-09-17T12:44:16.082+0000] {processor.py:183} INFO - Processing /opt/airflow/dags/extraction_dag.py took 0.189 seconds
[2026-09-17T12:44:46.571+0000] {processor.py:161} INFO - Started process (PID=986) to work on /opt/airflow/dags/extraction_dag.py
[2026-09-17T12:44:46.574+0000] {processor.py:830} INFO - Processing file /opt/airflow/dags/extraction_dag.py for tasks to queue
[2026-09-17T12:44:46.577+0000] {logging_mixin.py:188} INFO - [2026-09-17T12:44:46.577+0000] {dagbag.py:545} INFO - Filling up the DagBag from /opt/airflow/dags/extraction_dag.py
[2026-09-17T12:44:46.735+0000] {processor.py:840} INFO - DAG(s) 'youtube_extraction' retrieved from /opt/airflow/dags/extraction_dag.py
[2026-09-17T12:44:46.756+0000] {logging_mixin.py:188} INFO - [2026-09-17T12:44:46.755+0000] {dag.py:3096} INFO - Sync 1 DAGs
[2026-09-17T12:44:46.766+0000] {logging_mixin.py:188} INFO - [2026-09-17T12:44:46.766+0000] {dag.py:3954} INFO - Setting next_dagrun for youtube_extraction to None, run_after=None
[2026-09-17T12:44:46.810+0000] {processor.py:183} INFO - Processing /opt/airflow/dags/extraction_dag.py took 0.245 seconds
[2026-09-17T12:45:17.288+0000] {processor.py:161} INFO - Started process (PID=995) to work on /opt/airflow/dags/extraction_dag.py
[2026-09-17T12:45:17.290+0000] {processor.py:830} INFO - Processing file /opt/airflow/dags/extraction_dag.py for tasks to queue
[2026-09-17T12:45:17.294+0000] {logging_mixin.py:188} INFO - [2026-09-17T12:45:17.293+0000] {dagbag.py:545} INFO - Filling up the DagBag from /opt/airflow/dags/extraction_dag.py
[2026-09-17T12:45:17.419+0000] {processor.py:840} INFO - DAG(s) 'youtube_extraction' retrieved from /opt/airflow/dags/extraction_dag.py
[2026-09-17T12:45:17.442+0000] {logging_mixin.py:188} INFO - [2026-09-17T12:45:17.442+0000] {dag.py:3096} INFO - Sync 1 DAGs
[2026-09-17T12:45:17.454+0000] {logging_mixin.py:188} INFO - [2026-09-17T12:45:17.453+0000] {dag.py:3954} INFO - Setting next_dagrun for youtube_extraction to None, run_after=None
[2026-09-17T12:45:17.510+0000] {processor.py:183} INFO - Processing /opt/airflow/dags/extraction_dag.py took 0.228 seconds
[2026-09-17T12:45:47.939+0000] {processor.py:161} INFO - Started process (PID=1004) to work on /opt/airflow/dags/extraction_dag.py
[2026-09-17T12:45:47.943+0000] {processor.py:830} INFO - Processing file /opt/airflow/dags/extraction_dag.py for tasks to queue
[2026-09-17T12:45:47.949+0000] {logging_mixin.py:188} INFO - [2026-09-17T12:45:47.948+0000] {dagbag.py:545} INFO - Filling up the DagBag from /opt/airflow/dags/extraction_dag.py
[2026-09-17T12:45:48.087+0000] {processor.py:840} INFO - DAG(s) 'youtube_extraction' retrieved from /opt/airflow/dags/extraction_dag.py
[2026-09-17T12:45:48.178+0000] {logging_mixin.py:188} INFO - [2026-09-17T12:45:48.177+0000] {dag.py:3096} INFO - Sync 1 DAGs
[2026-09-17T12:45:48.223+0000] {logging_mixin.py:188} INFO - [2026-09-17T12:45:48.222+0000] {dag.py:3954} INFO - Setting next_dagrun for youtube_extraction to None, run_after=None
[2026-09-17T12:45:48.284+0000] {processor.py:183} INFO - Processing /opt/airflow/dags/extraction_dag.py took 0.377 seconds
[2026-09-17T12:52:17.589+0000] {processor.py:161} INFO - Started process (PID=1007) to work on /opt/airflow/dags/extraction_dag.py
[2026-09-17T12:52:17.592+0000] {processor.py:830} INFO - Processing file /opt/airflow/dags/extraction_dag.py for tasks to queue
[2026-09-17T12:52:17.595+0000] {logging_mixin.py:188} INFO - [2026-09-17T12:52:17.595+0000] {dagbag.py:545} INFO - Filling up the DagBag from /opt/airflow/dags/extraction_dag.py
[2026-09-17T12:52:17.718+0000] {processor.py:840} INFO - DAG(s) 'youtube_extraction' retrieved from /opt/airflow/dags/extraction_dag.py
[2026-09-17T12:52:17.775+0000] {logging_mixin.py:188} INFO - [2026-09-17T12:52:17.774+0000] {dag.py:3096} INFO - Sync 1 DAGs
[2026-09-17T12:52:17.792+0000] {logging_mixin.py:188} INFO - [2026-09-17T12:52:17.792+0000] {dag.py:3954} INFO - Setting next_dagrun for youtube_extraction to None, run_after=None
[2026-09-17T12:52:17.842+0000] {processor.py:183} INFO - Processing /opt/airflow/dags/extraction_dag.py took 0.259 seconds
[2026-09-17T12:52:48.274+0000] {processor.py:161} INFO - Started process (PID=1016) to work on /opt/airflow/dags/extraction_dag.py
[2026-09-17T12:52:48.276+0000] {processor.py:830} INFO - Processing file /opt/airflow/dags/extraction_dag.py for tasks to queue
[2026-09-17T12:52:48.279+0000] {logging_mixin.py:188} INFO - [2026-09-17T12:52:48.278+0000] {dagbag.py:545} INFO - Filling up the DagBag from /opt/airflow/dags/extraction_dag.py
[2026-09-17T12:52:48.378+0000] {processor.py:840} INFO - DAG(s) 'youtube_extraction' retrieved from /opt/airflow/dags/extraction_dag.py
[2026-09-17T12:52:48.424+0000] {logging_mixin.py:188} INFO - [2026-09-17T12:52:48.423+0000] {dag.py:3096} INFO - Sync 1 DAGs
[2026-09-17T12:52:48.437+0000] {logging_mixin.py:188} INFO - [2026-09-17T12:52:48.437+0000] {dag.py:3954} INFO - Setting next_dagrun for youtube_extraction to None, run_after=None
[2026-09-17T12:52:48.481+0000] {processor.py:183} INFO - Processing /opt/airflow/dags/extraction_dag.py took 0.213 seconds
[2026-09-17T12:53:19.024+0000] {processor.py:161} INFO - Started process (PID=1025) to work on /opt/airflow/dags/extraction_dag.py
[2026-09-17T12:53:19.026+0000] {processor.py:830} INFO - Processing file /opt/airflow/dags/extraction_dag.py for tasks to queue
[2026-09-17T12:53:19.029+0000] {logging_mixin.py:188} INFO - [2026-09-17T12:53:19.029+0000] {dagbag.py:545} INFO - Filling up the DagBag from /opt/airflow/dags/extraction_dag.py
[2026-09-17T12:53:19.144+0000] {processor.py:840} INFO - DAG(s) 'youtube_extraction' retrieved from /opt/airflow/dags/extraction_dag.py
[2026-09-17T12:53:19.193+0000] {logging_mixin.py:188} INFO - [2026-09-17T12:53:19.192+0000] {dag.py:3096} INFO - Sync 1 DAGs
[2026-09-17T12:53:19.206+0000] {logging_mixin.py:188} INFO - [2026-09-17T12:53:19.205+0000] {dag.py:3954} INFO - Setting next_dagrun for youtube_extraction to None, run_after=None
[2026-09-17T12:53:19.244+0000] {processor.py:183} INFO - Processing /opt/airflow/dags/extraction_dag.py took 0.226 seconds
[2026-09-17T12:53:49.754+0000] {processor.py:161} INFO - Started process (PID=1034) to work on /opt/airflow/dags/extraction_dag.py
[2026-09-17T12:53:49.756+0000] {processor.py:830} INFO - Processing file /opt/airflow/dags/extraction_dag.py for tasks to queue
[2026-09-17T12:53:49.760+0000] {logging_mixin.py:188} INFO - [2026-09-17T12:53:49.760+0000] {dagbag.py:545} INFO - Filling up the DagBag from /opt/airflow/dags/extraction_dag.py
[2026-09-17T12:53:49.883+0000] {processor.py:840} INFO - DAG(s) 'youtube_extraction' retrieved from /opt/airflow/dags/extraction_dag.py
[2026-09-17T12:53:49.908+0000] {logging_mixin.py:188} INFO - [2026-09-17T12:53:49.908+0000] {dag.py:3096} INFO - Sync 1 DAGs
[2026-09-17T12:53:49.921+0000] {logging_mixin.py:188} INFO - [2026-09-17T12:53:49.921+0000] {dag.py:3954} INFO - Setting next_dagrun for youtube_extraction to None, run_after=None
[2026-09-17T12:53:49.962+0000] {processor.py:183} INFO - Processing /opt/airflow/dags/extraction_dag.py took 0.215 seconds
[2026-09-17T12:54:20.465+0000] {processor.py:161} INFO - Started process (PID=1043) to work on /opt/airflow/dags/extraction_dag.py
[2026-09-17T12:54:20.468+0000] {processor.py:830} INFO - Processing file /opt/airflow/dags/extraction_dag.py for tasks to queue
[2026-09-17T12:54:20.471+0000] {logging_mixin.py:188} INFO - [2026-09-17T12:54:20.471+0000] {dagbag.py:545} INFO - Filling up the DagBag from /opt/airflow/dags/extraction_dag.py
[2026-09-17T12:54:20.590+0000] {processor.py:840} INFO - DAG(s) 'youtube_extraction' retrieved from /opt/airflow/dags/extraction_dag.py
[2026-09-17T12:54:20.619+0000] {logging_mixin.py:188} INFO - [2026-09-17T12:54:20.619+0000] {dag.py:3096} INFO - Sync 1 DAGs
[2026-09-17T12:54:20.647+0000] {logging_mixin.py:188} INFO - [2026-09-17T12:54:20.646+0000] {dag.py:3954} INFO - Setting next_dagrun for youtube_extraction to None, run_after=None
[2026-09-17T12:54:20.686+0000] {processor.py:183} INFO - Processing /opt/airflow/dags/extraction_dag.py took 0.227 seconds
[2026-09-17T12:54:51.178+0000] {processor.py:161} INFO - Started process (PID=1052) to work on /opt/airflow/dags/extraction_dag.py
[2026-09-17T12:54:51.180+0000] {processor.py:830} INFO - Processing file /opt/airflow/dags/extraction_dag.py for tasks to queue
[2026-09-17T12:54:51.183+0000] {logging_mixin.py:188} INFO - [2026-09-17T12:54:51.183+0000] {dagbag.py:545} INFO - Filling up the DagBag from /opt/airflow/dags/extraction_dag.py
[2026-09-17T12:54:51.302+0000] {processor.py:840} INFO - DAG(s) 'youtube_extraction' retrieved from /opt/airflow/dags/extraction_dag.py
[2026-09-17T12:54:51.331+0000] {logging_mixin.py:188} INFO - [2026-09-17T12:54:51.331+0000] {dag.py:3096} INFO - Sync 1 DAGs
[2026-09-17T12:54:51.343+0000] {logging_mixin.py:188} INFO - [2026-09-17T12:54:51.343+0000] {dag.py:3954} INFO - Setting next_dagrun for youtube_extraction to None, run_after=None
[2026-09-17T12:54:51.382+0000] {processor.py:183} INFO - Processing /opt/airflow/dags/extraction_dag.py took 0.209 seconds
[2026-09-17T12:55:21.880+0000] {processor.py:161} INFO - Started process (PID=1061) to work on /opt/airflow/dags/extraction_dag.py
[2026-09-17T12:55:21.882+0000] {processor.py:830} INFO - Processing file /opt/airflow/dags/extraction_dag.py for tasks to queue
[2026-09-17T12:55:21.886+0000] {logging_mixin.py:188} INFO - [2026-09-17T12:55:21.885+0000] {dagbag.py:545} INFO - Filling up the DagBag from /opt/airflow/dags/extraction_dag.py
[2026-09-17T12:55:22.009+0000] {processor.py:840} INFO - DAG(s) 'youtube_extraction' retrieved from /opt/airflow/dags/extraction_dag.py
[2026-09-17T12:55:22.032+0000] {logging_mixin.py:188} INFO - [2026-09-17T12:55:22.032+0000] {dag.py:3096} INFO - Sync 1 DAGs
[2026-09-17T12:55:22.045+0000] {logging_mixin.py:188} INFO - [2026-09-17T12:55:22.045+0000] {dag.py:3954} INFO - Setting next_dagrun for youtube_extraction to None, run_after=None
[2026-09-17T12:55:22.091+0000] {processor.py:183} INFO - Processing /opt/airflow/dags/extraction_dag.py took 0.219 seconds
[2026-09-17T12:55:52.632+0000] {processor.py:161} INFO - Started process (PID=1070) to work on /opt/airflow/dags/extraction_dag.py
[2026-09-17T12:55:52.634+0000] {processor.py:830} INFO - Processing file /opt/airflow/dags/extraction_dag.py for tasks to queue
[2026-09-17T12:55:52.637+0000] {logging_mixin.py:188} INFO - [2026-09-17T12:55:52.637+0000] {dagbag.py:545} INFO - Filling up the DagBag from /opt/airflow/dags/extraction_dag.py
[2026-09-17T12:55:52.739+0000] {processor.py:840} INFO - DAG(s) 'youtube_extraction' retrieved from /opt/airflow/dags/extraction_dag.py
[2026-09-17T12:55:52.779+0000] {logging_mixin.py:188} INFO - [2026-09-17T12:55:52.779+0000] {dag.py:3096} INFO - Sync 1 DAGs
[2026-09-17T12:55:52.792+0000] {logging_mixin.py:188} INFO - [2026-09-17T12:55:52.792+0000] {dag.py:3954} INFO - Setting next_dagrun for youtube_extraction to None, run_after=None
[2026-09-17T12:55:52.836+0000] {processor.py:183} INFO - Processing /opt/airflow/dags/extraction_dag.py took 0.216 seconds
[2026-09-17T12:56:23.387+0000] {processor.py:161} INFO - Started process (PID=1079) to work on /opt/airflow/dags/extraction_dag.py
[2026-09-17T12:56:23.389+0000] {processor.py:830} INFO - Processing file /opt/airflow/dags/extraction_dag.py for tasks to queue
[2026-09-17T12:56:23.392+0000] {logging_mixin.py:188} INFO - [2026-09-17T12:56:23.392+0000] {dagbag.py:545} INFO - Filling up the DagBag from /opt/airflow/dags/extraction_dag.py
[2026-09-17T12:56:23.472+0000] {processor.py:840} INFO - DAG(s) 'youtube_extraction' retrieved from /opt/airflow/dags/extraction_dag.py
[2026-09-17T12:56:23.501+0000] {logging_mixin.py:188} INFO - [2026-09-17T12:56:23.500+0000] {dag.py:3096} INFO - Sync 1 DAGs
[2026-09-17T12:56:23.517+0000] {logging_mixin.py:188} INFO - [2026-09-17T12:56:23.516+0000] {dag.py:3954} INFO - Setting next_dagrun for youtube_extraction to None, run_after=None
[2026-09-17T12:56:23.550+0000] {processor.py:183} INFO - Processing /opt/airflow/dags/extraction_dag.py took 0.168 seconds
[2026-09-17T12:56:54.034+0000] {processor.py:161} INFO - Started process (PID=1088) to work on /opt/airflow/dags/extraction_dag.py
[2026-09-17T12:56:54.037+0000] {processor.py:830} INFO - Processing file /opt/airflow/dags/extraction_dag.py for tasks to queue
[2026-09-17T12:56:54.040+0000] {logging_mixin.py:188} INFO - [2026-09-17T12:56:54.039+0000] {dagbag.py:545} INFO - Filling up the DagBag from /opt/airflow/dags/extraction_dag.py
[2026-09-17T12:56:54.157+0000] {processor.py:840} INFO - DAG(s) 'youtube_extraction' retrieved from /opt/airflow/dags/extraction_dag.py
[2026-09-17T12:56:54.181+0000] {logging_mixin.py:188} INFO - [2026-09-17T12:56:54.181+0000] {dag.py:3096} INFO - Sync 1 DAGs
[2026-09-17T12:56:54.198+0000] {logging_mixin.py:188} INFO - [2026-09-17T12:56:54.198+0000] {dag.py:3954} INFO - Setting next_dagrun for youtube_extraction to None, run_after=None
[2026-09-17T12:56:54.227+0000] {processor.py:183} INFO - Processing /opt/airflow/dags/extraction_dag.py took 0.198 seconds
[2026-09-17T12:57:24.805+0000] {processor.py:161} INFO - Started process (PID=1097) to work on /opt/airflow/dags/extraction_dag.py
[2026-09-17T12:57:24.807+0000] {processor.py:830} INFO - Processing file /opt/airflow/dags/extraction_dag.py for tasks to queue
[2026-09-17T12:57:24.810+0000] {logging_mixin.py:188} INFO - [2026-09-17T12:57:24.810+0000] {dagbag.py:545} INFO - Filling up the DagBag from /opt/airflow/dags/extraction_dag.py
[2026-09-17T12:57:24.911+0000] {processor.py:840} INFO - DAG(s) 'youtube_extraction' retrieved from /opt/airflow/dags/extraction_dag.py
[2026-09-17T12:57:24.932+0000] {logging_mixin.py:188} INFO - [2026-09-17T12:57:24.932+0000] {dag.py:3096} INFO - Sync 1 DAGs
[2026-09-17T12:57:24.943+0000] {logging_mixin.py:188} INFO - [2026-09-17T12:57:24.943+0000] {dag.py:3954} INFO - Setting next_dagrun for youtube_extraction to None, run_after=None
[2026-09-17T12:57:24.965+0000] {processor.py:183} INFO - Processing /opt/airflow/dags/extraction_dag.py took 0.167 seconds
[2026-09-17T13:02:07.344+0000] {processor.py:161} INFO - Started process (PID=1106) to work on /opt/airflow/dags/extraction_dag.py
[2026-09-17T13:02:07.346+0000] {processor.py:830} INFO - Processing file /opt/airflow/dags/extraction_dag.py for tasks to queue
[2026-09-17T13:02:07.350+0000] {logging_mixin.py:188} INFO - [2026-09-17T13:02:07.349+0000] {dagbag.py:545} INFO - Filling up the DagBag from /opt/airflow/dags/extraction_dag.py
[2026-09-17T13:02:07.445+0000] {processor.py:840} INFO - DAG(s) 'youtube_extraction' retrieved from /opt/airflow/dags/extraction_dag.py
[2026-09-17T13:02:07.491+0000] {logging_mixin.py:188} INFO - [2026-09-17T13:02:07.491+0000] {dag.py:3096} INFO - Sync 1 DAGs
[2026-09-17T13:02:07.508+0000] {logging_mixin.py:188} INFO - [2026-09-17T13:02:07.507+0000] {dag.py:3954} INFO - Setting next_dagrun for youtube_extraction to None, run_after=None
[2026-09-17T13:02:07.549+0000] {processor.py:183} INFO - Processing /opt/airflow/dags/extraction_dag.py took 0.212 seconds
[2026-09-17T13:02:38.113+0000] {processor.py:161} INFO - Started process (PID=1115) to work on /opt/airflow/dags/extraction_dag.py
[2026-09-17T13:02:38.116+0000] {processor.py:830} INFO - Processing file /opt/airflow/dags/extraction_dag.py for tasks to queue
[2026-09-17T13:02:38.119+0000] {logging_mixin.py:188} INFO - [2026-09-17T13:02:38.119+0000] {dagbag.py:545} INFO - Filling up the DagBag from /opt/airflow/dags/extraction_dag.py
[2026-09-17T13:02:38.210+0000] {processor.py:840} INFO - DAG(s) 'youtube_extraction' retrieved from /opt/airflow/dags/extraction_dag.py
[2026-09-17T13:02:38.239+0000] {logging_mixin.py:188} INFO - [2026-09-17T13:02:38.239+0000] {dag.py:3096} INFO - Sync 1 DAGs
[2026-09-17T13:02:38.253+0000] {logging_mixin.py:188} INFO - [2026-09-17T13:02:38.253+0000] {dag.py:3954} INFO - Setting next_dagrun for youtube_extraction to None, run_after=None
[2026-09-17T13:02:38.318+0000] {processor.py:183} INFO - Processing /opt/airflow/dags/extraction_dag.py took 0.212 seconds
[2026-09-17T13:03:08.734+0000] {processor.py:161} INFO - Started process (PID=1124) to work on /opt/airflow/dags/extraction_dag.py
[2026-09-17T13:03:08.736+0000] {processor.py:830} INFO - Processing file /opt/airflow/dags/extraction_dag.py for tasks to queue
[2026-09-17T13:03:08.738+0000] {logging_mixin.py:188} INFO - [2026-09-17T13:03:08.738+0000] {dagbag.py:545} INFO - Filling up the DagBag from /opt/airflow/dags/extraction_dag.py
[2026-09-17T13:03:08.850+0000] {processor.py:840} INFO - DAG(s) 'youtube_extraction' retrieved from /opt/airflow/dags/extraction_dag.py
[2026-09-17T13:03:08.876+0000] {logging_mixin.py:188} INFO - [2026-09-17T13:03:08.876+0000] {dag.py:3096} INFO - Sync 1 DAGs
[2026-09-17T13:03:08.888+0000] {logging_mixin.py:188} INFO - [2026-09-17T13:03:08.887+0000] {dag.py:3954} INFO - Setting next_dagrun for youtube_extraction to None, run_after=None
[2026-09-17T13:03:08.919+0000] {processor.py:183} INFO - Processing /opt/airflow/dags/extraction_dag.py took 0.191 seconds
[2026-09-17T13:03:39.338+0000] {processor.py:161} INFO - Started process (PID=1133) to work on /opt/airflow/dags/extraction_dag.py
[2026-09-17T13:03:39.340+0000] {processor.py:830} INFO - Processing file /opt/airflow/dags/extraction_dag.py for tasks to queue
[2026-09-17T13:03:39.344+0000] {logging_mixin.py:188} INFO - [2026-09-17T13:03:39.344+0000] {dagbag.py:545} INFO - Filling up the DagBag from /opt/airflow/dags/extraction_dag.py
[2026-09-17T13:03:39.458+0000] {processor.py:840} INFO - DAG(s) 'youtube_extraction' retrieved from /opt/airflow/dags/extraction_dag.py
[2026-09-17T13:03:39.500+0000] {logging_mixin.py:188} INFO - [2026-09-17T13:03:39.499+0000] {dag.py:3096} INFO - Sync 1 DAGs
[2026-09-17T13:03:39.515+0000] {logging_mixin.py:188} INFO - [2026-09-17T13:03:39.515+0000] {dag.py:3954} INFO - Setting next_dagrun for youtube_extraction to None, run_after=None
[2026-09-17T13:03:39.553+0000] {processor.py:183} INFO - Processing /opt/airflow/dags/extraction_dag.py took 0.225 seconds
[2026-09-17T13:04:09.977+0000] {processor.py:161} INFO - Started process (PID=1142) to work on /opt/airflow/dags/extraction_dag.py
[2026-09-17T13:04:09.979+0000] {processor.py:830} INFO - Processing file /opt/airflow/dags/extraction_dag.py for tasks to queue
[2026-09-17T13:04:09.982+0000] {logging_mixin.py:188} INFO - [2026-09-17T13:04:09.982+0000] {dagbag.py:545} INFO - Filling up the DagBag from /opt/airflow/dags/extraction_dag.py
[2026-09-17T13:04:10.062+0000] {processor.py:840} INFO - DAG(s) 'youtube_extraction' retrieved from /opt/airflow/dags/extraction_dag.py
[2026-09-17T13:04:10.091+0000] {logging_mixin.py:188} INFO - [2026-09-17T13:04:10.091+0000] {dag.py:3096} INFO - Sync 1 DAGs
[2026-09-17T13:04:10.122+0000] {logging_mixin.py:188} INFO - [2026-09-17T13:04:10.122+0000] {dag.py:3954} INFO - Setting next_dagrun for youtube_extraction to None, run_after=None
[2026-09-17T13:04:10.164+0000] {processor.py:183} INFO - Processing /opt/airflow/dags/extraction_dag.py took 0.192 seconds
[2026-09-17T13:04:40.610+0000] {processor.py:161} INFO - Started process (PID=1151) to work on /opt/airflow/dags/extraction_dag.py
[2026-09-17T13:04:40.616+0000] {processor.py:830} INFO - Processing file /opt/airflow/dags/extraction_dag.py for tasks to queue
[2026-09-17T13:04:40.621+0000] {logging_mixin.py:188} INFO - [2026-09-17T13:04:40.620+0000] {dagbag.py:545} INFO - Filling up the DagBag from /opt/airflow/dags/extraction_dag.py
[2026-09-17T13:04:40.740+0000] {processor.py:840} INFO - DAG(s) 'youtube_extraction' retrieved from /opt/airflow/dags/extraction_dag.py
[2026-09-17T13:04:40.788+0000] {logging_mixin.py:188} INFO - [2026-09-17T13:04:40.788+0000] {dag.py:3096} INFO - Sync 1 DAGs
[2026-09-17T13:04:40.810+0000] {logging_mixin.py:188} INFO - [2026-09-17T13:04:40.810+0000] {dag.py:3954} INFO - Setting next_dagrun for youtube_extraction to None, run_after=None
[2026-09-17T13:04:40.853+0000] {processor.py:183} INFO - Processing /opt/airflow/dags/extraction_dag.py took 0.258 seconds
[2026-09-17T13:05:11.290+0000] {processor.py:161} INFO - Started process (PID=1159) to work on /opt/airflow/dags/extraction_dag.py
[2026-09-17T13:05:11.292+0000] {processor.py:830} INFO - Processing file /opt/airflow/dags/extraction_dag.py for tasks to queue
[2026-09-17T13:05:11.296+0000] {logging_mixin.py:188} INFO - [2026-09-17T13:05:11.295+0000] {dagbag.py:545} INFO - Filling up the DagBag from /opt/airflow/dags/extraction_dag.py
[2026-09-17T13:05:11.419+0000] {processor.py:840} INFO - DAG(s) 'youtube_extraction' retrieved from /opt/airflow/dags/extraction_dag.py
[2026-09-17T13:05:11.440+0000] {logging_mixin.py:188} INFO - [2026-09-17T13:05:11.440+0000] {dag.py:3096} INFO - Sync 1 DAGs
[2026-09-17T13:05:11.451+0000] {logging_mixin.py:188} INFO - [2026-09-17T13:05:11.451+0000] {dag.py:3954} INFO - Setting next_dagrun for youtube_extraction to None, run_after=None
[2026-09-17T13:05:11.477+0000] {processor.py:183} INFO - Processing /opt/airflow/dags/extraction_dag.py took 0.192 seconds
[2026-09-17T13:05:41.893+0000] {processor.py:161} INFO - Started process (PID=1168) to work on /opt/airflow/dags/extraction_dag.py
[2026-09-17T13:05:41.896+0000] {processor.py:830} INFO - Processing file /opt/airflow/dags/extraction_dag.py for tasks to queue
[2026-09-17T13:05:41.899+0000] {logging_mixin.py:188} INFO - [2026-09-17T13:05:41.899+0000] {dagbag.py:545} INFO - Filling up the DagBag from /opt/airflow/dags/extraction_dag.py
[2026-09-17T13:05:42.003+0000] {processor.py:840} INFO - DAG(s) 'youtube_extraction' retrieved from /opt/airflow/dags/extraction_dag.py
[2026-09-17T13:05:42.025+0000] {logging_mixin.py:188} INFO - [2026-09-17T13:05:42.025+0000] {dag.py:3096} INFO - Sync 1 DAGs
[2026-09-17T13:05:42.037+0000] {logging_mixin.py:188} INFO - [2026-09-17T13:05:42.037+0000] {dag.py:3954} INFO - Setting next_dagrun for youtube_extraction to None, run_after=None
[2026-09-17T13:05:42.072+0000] {processor.py:183} INFO - Processing /opt/airflow/dags/extraction_dag.py took 0.187 seconds
[2026-09-17T13:06:12.484+0000] {processor.py:161} INFO - Started process (PID=1177) to work on /opt/airflow/dags/extraction_dag.py
[2026-09-17T13:06:12.487+0000] {processor.py:830} INFO - Processing file /opt/airflow/dags/extraction_dag.py for tasks to queue
[2026-09-17T13:06:12.490+0000] {logging_mixin.py:188} INFO - [2026-09-17T13:06:12.489+0000] {dagbag.py:545} INFO - Filling up the DagBag from /opt/airflow/dags/extraction_dag.py
[2026-09-17T13:06:12.586+0000] {processor.py:840} INFO - DAG(s) 'youtube_extraction' retrieved from /opt/airflow/dags/extraction_dag.py
[2026-09-17T13:06:12.614+0000] {logging_mixin.py:188} INFO - [2026-09-17T13:06:12.613+0000] {dag.py:3096} INFO - Sync 1 DAGs
[2026-09-17T13:06:12.626+0000] {logging_mixin.py:188} INFO - [2026-09-17T13:06:12.625+0000] {dag.py:3954} INFO - Setting next_dagrun for youtube_extraction to None, run_after=None
[2026-09-17T13:06:12.648+0000] {processor.py:183} INFO - Processing /opt/airflow/dags/extraction_dag.py took 0.169 seconds
[2026-09-17T13:06:43.137+0000] {processor.py:161} INFO - Started process (PID=1186) to work on /opt/airflow/dags/extraction_dag.py
[2026-09-17T13:06:43.140+0000] {processor.py:830} INFO - Processing file /opt/airflow/dags/extraction_dag.py for tasks to queue
[2026-09-17T13:06:43.143+0000] {logging_mixin.py:188} INFO - [2026-09-17T13:06:43.143+0000] {dagbag.py:545} INFO - Filling up the DagBag from /opt/airflow/dags/extraction_dag.py
[2026-09-17T13:06:43.250+0000] {processor.py:840} INFO - DAG(s) 'youtube_extraction' retrieved from /opt/airflow/dags/extraction_dag.py
[2026-09-17T13:06:43.278+0000] {logging_mixin.py:188} INFO - [2026-09-17T13:06:43.278+0000] {dag.py:3096} INFO - Sync 1 DAGs
[2026-09-17T13:06:43.291+0000] {logging_mixin.py:188} INFO - [2026-09-17T13:06:43.291+0000] {dag.py:3954} INFO - Setting next_dagrun for youtube_extraction to None, run_after=None
[2026-09-17T13:06:43.319+0000] {processor.py:183} INFO - Processing /opt/airflow/dags/extraction_dag.py took 0.189 seconds
[2026-09-17T13:07:13.708+0000] {processor.py:161} INFO - Started process (PID=1195) to work on /opt/airflow/dags/extraction_dag.py
[2026-09-17T13:07:13.710+0000] {processor.py:830} INFO - Processing file /opt/airflow/dags/extraction_dag.py for tasks to queue
[2026-09-17T13:07:13.712+0000] {logging_mixin.py:188} INFO - [2026-09-17T13:07:13.712+0000] {dagbag.py:545} INFO - Filling up the DagBag from /opt/airflow/dags/extraction_dag.py
[2026-09-17T13:07:13.818+0000] {processor.py:840} INFO - DAG(s) 'youtube_extraction' retrieved from /opt/airflow/dags/extraction_dag.py
[2026-09-17T13:07:13.848+0000] {logging_mixin.py:188} INFO - [2026-09-17T13:07:13.848+0000] {dag.py:3096} INFO - Sync 1 DAGs
[2026-09-17T13:07:13.861+0000] {logging_mixin.py:188} INFO - [2026-09-17T13:07:13.860+0000] {dag.py:3954} INFO - Setting next_dagrun for youtube_extraction to None, run_after=None
[2026-09-17T13:07:13.888+0000] {processor.py:183} INFO - Processing /opt/airflow/dags/extraction_dag.py took 0.186 seconds
[2026-09-17T13:07:44.411+0000] {processor.py:161} INFO - Started process (PID=1205) to work on /opt/airflow/dags/extraction_dag.py
[2026-09-17T13:07:44.413+0000] {processor.py:830} INFO - Processing file /opt/airflow/dags/extraction_dag.py for tasks to queue
[2026-09-17T13:07:44.417+0000] {logging_mixin.py:188} INFO - [2026-09-17T13:07:44.416+0000] {dagbag.py:545} INFO - Filling up the DagBag from /opt/airflow/dags/extraction_dag.py
[2026-09-17T13:07:44.496+0000] {processor.py:840} INFO - DAG(s) 'youtube_extraction' retrieved from /opt/airflow/dags/extraction_dag.py
[2026-09-17T13:07:44.542+0000] {logging_mixin.py:188} INFO - [2026-09-17T13:07:44.541+0000] {dag.py:3096} INFO - Sync 1 DAGs
[2026-09-17T13:07:44.556+0000] {logging_mixin.py:188} INFO - [2026-09-17T13:07:44.556+0000] {dag.py:3954} INFO - Setting next_dagrun for youtube_extraction to None, run_after=None
[2026-09-17T13:07:44.589+0000] {processor.py:183} INFO - Processing /opt/airflow/dags/extraction_dag.py took 0.186 seconds
[2026-09-17T13:07:56.831+0000] {processor.py:161} INFO - Started process (PID=1213) to work on /opt/airflow/dags/extraction_dag.py
[2026-09-17T13:07:56.843+0000] {processor.py:830} INFO - Processing file /opt/airflow/dags/extraction_dag.py for tasks to queue
[2026-09-17T13:07:56.850+0000] {logging_mixin.py:188} INFO - [2026-09-17T13:07:56.849+0000] {dagbag.py:545} INFO - Filling up the DagBag from /opt/airflow/dags/extraction_dag.py
[2026-09-17T13:07:57.045+0000] {processor.py:840} INFO - DAG(s) 'youtube_extraction' retrieved from /opt/airflow/dags/extraction_dag.py
[2026-09-17T13:07:57.370+0000] {logging_mixin.py:188} INFO - [2026-09-17T13:07:57.369+0000] {dag.py:3096} INFO - Sync 1 DAGs
[2026-09-17T13:07:57.508+0000] {logging_mixin.py:188} INFO - [2026-09-17T13:07:57.505+0000] {dag.py:3954} INFO - Setting next_dagrun for youtube_extraction to 2026-09-17 13:06:00+00:00, run_after=2026-09-17 13:07:00+00:00
[2026-09-17T13:07:57.563+0000] {processor.py:183} INFO - Processing /opt/airflow/dags/extraction_dag.py took 0.754 seconds
[2026-09-17T13:08:38.272+0000] {processor.py:161} INFO - Started process (PID=52) to work on /opt/airflow/dags/extraction_dag.py
[2026-09-17T13:08:38.280+0000] {processor.py:830} INFO - Processing file /opt/airflow/dags/extraction_dag.py for tasks to queue
[2026-09-17T13:08:38.294+0000] {logging_mixin.py:188} INFO - [2026-09-17T13:08:38.293+0000] {dagbag.py:545} INFO - Filling up the DagBag from /opt/airflow/dags/extraction_dag.py
[2026-09-17T13:08:38.447+0000] {processor.py:840} INFO - DAG(s) 'youtube_extraction' retrieved from /opt/airflow/dags/extraction_dag.py
[2026-09-17T13:08:38.552+0000] {logging_mixin.py:188} INFO - [2026-09-17T13:08:38.551+0000] {dag.py:3096} INFO - Sync 1 DAGs
[2026-09-17T13:08:38.598+0000] {logging_mixin.py:188} INFO - [2026-09-17T13:08:38.597+0000] {dag.py:3954} INFO - Setting next_dagrun for youtube_extraction to 2026-09-17 13:08:00+00:00, run_after=2026-09-17 13:09:00+00:00
[2026-09-17T13:08:38.620+0000] {processor.py:183} INFO - Processing /opt/airflow/dags/extraction_dag.py took 0.419 seconds
[2026-09-17T13:09:09.029+0000] {processor.py:161} INFO - Started process (PID=61) to work on /opt/airflow/dags/extraction_dag.py
[2026-09-17T13:09:09.036+0000] {processor.py:830} INFO - Processing file /opt/airflow/dags/extraction_dag.py for tasks to queue
[2026-09-17T13:09:09.040+0000] {logging_mixin.py:188} INFO - [2026-09-17T13:09:09.040+0000] {dagbag.py:545} INFO - Filling up the DagBag from /opt/airflow/dags/extraction_dag.py
[2026-09-17T13:09:09.218+0000] {processor.py:840} INFO - DAG(s) 'youtube_extraction' retrieved from /opt/airflow/dags/extraction_dag.py
[2026-09-17T13:09:09.304+0000] {logging_mixin.py:188} INFO - [2026-09-17T13:09:09.304+0000] {dag.py:3096} INFO - Sync 1 DAGs
[2026-09-17T13:09:09.350+0000] {logging_mixin.py:188} INFO - [2026-09-17T13:09:09.350+0000] {dag.py:3954} INFO - Setting next_dagrun for youtube_extraction to 2026-09-17 13:09:00+00:00, run_after=2026-09-17 13:10:00+00:00
[2026-09-17T13:09:09.397+0000] {processor.py:183} INFO - Processing /opt/airflow/dags/extraction_dag.py took 0.377 seconds
[2026-09-17T13:09:39.892+0000] {processor.py:161} INFO - Started process (PID=76) to work on /opt/airflow/dags/extraction_dag.py
[2026-09-17T13:09:39.894+0000] {processor.py:830} INFO - Processing file /opt/airflow/dags/extraction_dag.py for tasks to queue
[2026-09-17T13:09:39.897+0000] {logging_mixin.py:188} INFO - [2026-09-17T13:09:39.897+0000] {dagbag.py:545} INFO - Filling up the DagBag from /opt/airflow/dags/extraction_dag.py
[2026-09-17T13:09:39.985+0000] {processor.py:840} INFO - DAG(s) 'youtube_extraction' retrieved from /opt/airflow/dags/extraction_dag.py
[2026-09-17T13:09:40.008+0000] {logging_mixin.py:188} INFO - [2026-09-17T13:09:40.008+0000] {dag.py:3096} INFO - Sync 1 DAGs
[2026-09-17T13:09:40.031+0000] {logging_mixin.py:188} INFO - [2026-09-17T13:09:40.031+0000] {dag.py:3954} INFO - Setting next_dagrun for youtube_extraction to 2026-09-17 13:09:00+00:00, run_after=2026-09-17 13:10:00+00:00
[2026-09-17T13:09:40.075+0000] {processor.py:183} INFO - Processing /opt/airflow/dags/extraction_dag.py took 0.189 seconds
[2026-09-17T13:10:10.535+0000] {processor.py:161} INFO - Started process (PID=85) to work on /opt/airflow/dags/extraction_dag.py
[2026-09-17T13:10:10.540+0000] {processor.py:830} INFO - Processing file /opt/airflow/dags/extraction_dag.py for tasks to queue
[2026-09-17T13:10:10.547+0000] {logging_mixin.py:188} INFO - [2026-09-17T13:10:10.547+0000] {dagbag.py:545} INFO - Filling up the DagBag from /opt/airflow/dags/extraction_dag.py
[2026-09-17T13:10:10.645+0000] {processor.py:840} INFO - DAG(s) 'youtube_extraction' retrieved from /opt/airflow/dags/extraction_dag.py
[2026-09-17T13:10:10.690+0000] {logging_mixin.py:188} INFO - [2026-09-17T13:10:10.689+0000] {dag.py:3096} INFO - Sync 1 DAGs
[2026-09-17T13:10:10.760+0000] {logging_mixin.py:188} INFO - [2026-09-17T13:10:10.759+0000] {dag.py:3954} INFO - Setting next_dagrun for youtube_extraction to 2026-09-17 13:10:00+00:00, run_after=2026-09-17 13:11:00+00:00
[2026-09-17T13:10:10.820+0000] {processor.py:183} INFO - Processing /opt/airflow/dags/extraction_dag.py took 0.296 seconds
[2026-09-17T13:10:29.142+0000] {processor.py:161} INFO - Started process (PID=88) to work on /opt/airflow/dags/extraction_dag.py
[2026-09-17T13:10:29.145+0000] {processor.py:830} INFO - Processing file /opt/airflow/dags/extraction_dag.py for tasks to queue
[2026-09-17T13:10:29.150+0000] {logging_mixin.py:188} INFO - [2026-09-17T13:10:29.150+0000] {dagbag.py:545} INFO - Filling up the DagBag from /opt/airflow/dags/extraction_dag.py
[2026-09-17T13:10:29.277+0000] {processor.py:840} INFO - DAG(s) 'youtube_extraction' retrieved from /opt/airflow/dags/extraction_dag.py
[2026-09-17T13:10:29.453+0000] {logging_mixin.py:188} INFO - [2026-09-17T13:10:29.453+0000] {dag.py:3096} INFO - Sync 1 DAGs
[2026-09-17T13:10:29.476+0000] {logging_mixin.py:188} INFO - [2026-09-17T13:10:29.476+0000] {dag.py:3954} INFO - Setting next_dagrun for youtube_extraction to 2026-09-17 00:00:00+00:00, run_after=2026-09-18 00:00:00+00:00
[2026-09-17T13:10:29.514+0000] {processor.py:183} INFO - Processing /opt/airflow/dags/extraction_dag.py took 0.381 seconds
[2026-09-17T13:10:51.659+0000] {processor.py:161} INFO - Started process (PID=46) to work on /opt/airflow/dags/extraction_dag.py
[2026-09-17T13:10:51.669+0000] {processor.py:830} INFO - Processing file /opt/airflow/dags/extraction_dag.py for tasks to queue
[2026-09-17T13:10:51.679+0000] {logging_mixin.py:188} INFO - [2026-09-17T13:10:51.678+0000] {dagbag.py:545} INFO - Filling up the DagBag from /opt/airflow/dags/extraction_dag.py
[2026-09-17T13:10:51.783+0000] {processor.py:840} INFO - DAG(s) 'youtube_extraction' retrieved from /opt/airflow/dags/extraction_dag.py
[2026-09-17T13:10:51.816+0000] {logging_mixin.py:188} INFO - [2026-09-17T13:10:51.815+0000] {dag.py:3096} INFO - Sync 1 DAGs
[2026-09-17T13:10:51.840+0000] {logging_mixin.py:188} INFO - [2026-09-17T13:10:51.839+0000] {dag.py:3954} INFO - Setting next_dagrun for youtube_extraction to 2026-09-17 00:00:00+00:00, run_after=2026-09-18 00:00:00+00:00
[2026-09-17T13:10:51.882+0000] {processor.py:183} INFO - Processing /opt/airflow/dags/extraction_dag.py took 0.256 seconds
[2026-09-17T13:11:22.298+0000] {processor.py:161} INFO - Started process (PID=55) to work on /opt/airflow/dags/extraction_dag.py
[2026-09-17T13:11:22.299+0000] {processor.py:830} INFO - Processing file /opt/airflow/dags/extraction_dag.py for tasks to queue
[2026-09-17T13:11:22.302+0000] {logging_mixin.py:188} INFO - [2026-09-17T13:11:22.302+0000] {dagbag.py:545} INFO - Filling up the DagBag from /opt/airflow/dags/extraction_dag.py
[2026-09-17T13:11:22.399+0000] {processor.py:840} INFO - DAG(s) 'youtube_extraction' retrieved from /opt/airflow/dags/extraction_dag.py
[2026-09-17T13:11:22.440+0000] {logging_mixin.py:188} INFO - [2026-09-17T13:11:22.440+0000] {dag.py:3096} INFO - Sync 1 DAGs
[2026-09-17T13:11:22.466+0000] {logging_mixin.py:188} INFO - [2026-09-17T13:11:22.466+0000] {dag.py:3954} INFO - Setting next_dagrun for youtube_extraction to 2026-09-17 00:00:00+00:00, run_after=2026-09-18 00:00:00+00:00
[2026-09-17T13:11:22.508+0000] {processor.py:183} INFO - Processing /opt/airflow/dags/extraction_dag.py took 0.218 seconds
[2026-09-17T13:11:52.967+0000] {processor.py:161} INFO - Started process (PID=64) to work on /opt/airflow/dags/extraction_dag.py
[2026-09-17T13:11:52.969+0000] {processor.py:830} INFO - Processing file /opt/airflow/dags/extraction_dag.py for tasks to queue
[2026-09-17T13:11:52.972+0000] {logging_mixin.py:188} INFO - [2026-09-17T13:11:52.972+0000] {dagbag.py:545} INFO - Filling up the DagBag from /opt/airflow/dags/extraction_dag.py
[2026-09-17T13:11:53.076+0000] {processor.py:840} INFO - DAG(s) 'youtube_extraction' retrieved from /opt/airflow/dags/extraction_dag.py
[2026-09-17T13:11:53.102+0000] {logging_mixin.py:188} INFO - [2026-09-17T13:11:53.101+0000] {dag.py:3096} INFO - Sync 1 DAGs
[2026-09-17T13:11:53.124+0000] {logging_mixin.py:188} INFO - [2026-09-17T13:11:53.124+0000] {dag.py:3954} INFO - Setting next_dagrun for youtube_extraction to 2026-09-17 00:00:00+00:00, run_after=2026-09-18 00:00:00+00:00
[2026-09-17T13:11:53.164+0000] {processor.py:183} INFO - Processing /opt/airflow/dags/extraction_dag.py took 0.203 seconds
[2026-09-17T13:12:23.610+0000] {processor.py:161} INFO - Started process (PID=73) to work on /opt/airflow/dags/extraction_dag.py
[2026-09-17T13:12:23.614+0000] {processor.py:830} INFO - Processing file /opt/airflow/dags/extraction_dag.py for tasks to queue
[2026-09-17T13:12:23.623+0000] {logging_mixin.py:188} INFO - [2026-09-17T13:12:23.622+0000] {dagbag.py:545} INFO - Filling up the DagBag from /opt/airflow/dags/extraction_dag.py
[2026-09-17T13:12:23.781+0000] {processor.py:840} INFO - DAG(s) 'youtube_extraction' retrieved from /opt/airflow/dags/extraction_dag.py
[2026-09-17T13:12:23.843+0000] {logging_mixin.py:188} INFO - [2026-09-17T13:12:23.842+0000] {dag.py:3096} INFO - Sync 1 DAGs
[2026-09-17T13:12:23.908+0000] {logging_mixin.py:188} INFO - [2026-09-17T13:12:23.907+0000] {dag.py:3954} INFO - Setting next_dagrun for youtube_extraction to 2026-09-17 00:00:00+00:00, run_after=2026-09-18 00:00:00+00:00
[2026-09-17T13:12:23.959+0000] {processor.py:183} INFO - Processing /opt/airflow/dags/extraction_dag.py took 0.379 seconds
[2026-09-17T13:12:54.332+0000] {processor.py:161} INFO - Started process (PID=82) to work on /opt/airflow/dags/extraction_dag.py
[2026-09-17T13:12:54.334+0000] {processor.py:830} INFO - Processing file /opt/airflow/dags/extraction_dag.py for tasks to queue
[2026-09-17T13:12:54.337+0000] {logging_mixin.py:188} INFO - [2026-09-17T13:12:54.336+0000] {dagbag.py:545} INFO - Filling up the DagBag from /opt/airflow/dags/extraction_dag.py
[2026-09-17T13:12:54.430+0000] {processor.py:840} INFO - DAG(s) 'youtube_extraction' retrieved from /opt/airflow/dags/extraction_dag.py
[2026-09-17T13:12:54.475+0000] {logging_mixin.py:188} INFO - [2026-09-17T13:12:54.474+0000] {dag.py:3096} INFO - Sync 1 DAGs
[2026-09-17T13:12:54.505+0000] {logging_mixin.py:188} INFO - [2026-09-17T13:12:54.505+0000] {dag.py:3954} INFO - Setting next_dagrun for youtube_extraction to 2026-09-17 00:00:00+00:00, run_after=2026-09-18 00:00:00+00:00
[2026-09-17T13:12:54.564+0000] {processor.py:183} INFO - Processing /opt/airflow/dags/extraction_dag.py took 0.239 seconds
[2026-09-17T13:13:24.684+0000] {processor.py:161} INFO - Started process (PID=92) to work on /opt/airflow/dags/extraction_dag.py
[2026-09-17T13:13:24.686+0000] {processor.py:830} INFO - Processing file /opt/airflow/dags/extraction_dag.py for tasks to queue
[2026-09-17T13:13:24.689+0000] {logging_mixin.py:188} INFO - [2026-09-17T13:13:24.689+0000] {dagbag.py:545} INFO - Filling up the DagBag from /opt/airflow/dags/extraction_dag.py
[2026-09-17T13:13:24.790+0000] {processor.py:840} INFO - DAG(s) 'youtube_extraction' retrieved from /opt/airflow/dags/extraction_dag.py
[2026-09-17T13:13:24.812+0000] {logging_mixin.py:188} INFO - [2026-09-17T13:13:24.812+0000] {dag.py:3096} INFO - Sync 1 DAGs
[2026-09-17T13:13:24.839+0000] {logging_mixin.py:188} INFO - [2026-09-17T13:13:24.839+0000] {dag.py:3954} INFO - Setting next_dagrun for youtube_extraction to 2026-09-17 00:00:00+00:00, run_after=2026-09-18 00:00:00+00:00
[2026-09-17T13:13:24.890+0000] {processor.py:183} INFO - Processing /opt/airflow/dags/extraction_dag.py took 0.213 seconds
[2026-09-17T13:13:55.373+0000] {processor.py:161} INFO - Started process (PID=107) to work on /opt/airflow/dags/extraction_dag.py
[2026-09-17T13:13:55.376+0000] {processor.py:830} INFO - Processing file /opt/airflow/dags/extraction_dag.py for tasks to queue
[2026-09-17T13:13:55.379+0000] {logging_mixin.py:188} INFO - [2026-09-17T13:13:55.379+0000] {dagbag.py:545} INFO - Filling up the DagBag from /opt/airflow/dags/extraction_dag.py
[2026-09-17T13:13:55.495+0000] {processor.py:840} INFO - DAG(s) 'youtube_extraction' retrieved from /opt/airflow/dags/extraction_dag.py
[2026-09-17T13:13:55.514+0000] {logging_mixin.py:188} INFO - [2026-09-17T13:13:55.514+0000] {dag.py:3096} INFO - Sync 1 DAGs
[2026-09-17T13:13:55.531+0000] {logging_mixin.py:188} INFO - [2026-09-17T13:13:55.531+0000] {dag.py:3954} INFO - Setting next_dagrun for youtube_extraction to 2026-09-17 00:00:00+00:00, run_after=2026-09-18 00:00:00+00:00
[2026-09-17T13:13:55.573+0000] {processor.py:183} INFO - Processing /opt/airflow/dags/extraction_dag.py took 0.207 seconds
[2026-09-17T13:14:25.977+0000] {processor.py:161} INFO - Started process (PID=116) to work on /opt/airflow/dags/extraction_dag.py
[2026-09-17T13:14:25.980+0000] {processor.py:830} INFO - Processing file /opt/airflow/dags/extraction_dag.py for tasks to queue
[2026-09-17T13:14:25.984+0000] {logging_mixin.py:188} INFO - [2026-09-17T13:14:25.983+0000] {dagbag.py:545} INFO - Filling up the DagBag from /opt/airflow/dags/extraction_dag.py
[2026-09-17T13:14:26.083+0000] {processor.py:840} INFO - DAG(s) 'youtube_extraction' retrieved from /opt/airflow/dags/extraction_dag.py
[2026-09-17T13:14:26.108+0000] {logging_mixin.py:188} INFO - [2026-09-17T13:14:26.107+0000] {dag.py:3096} INFO - Sync 1 DAGs
[2026-09-17T13:14:26.131+0000] {logging_mixin.py:188} INFO - [2026-09-17T13:14:26.131+0000] {dag.py:3954} INFO - Setting next_dagrun for youtube_extraction to 2026-09-17 00:00:00+00:00, run_after=2026-09-18 00:00:00+00:00
[2026-09-17T13:14:26.186+0000] {processor.py:183} INFO - Processing /opt/airflow/dags/extraction_dag.py took 0.216 seconds
[2026-09-17T13:14:56.588+0000] {processor.py:161} INFO - Started process (PID=125) to work on /opt/airflow/dags/extraction_dag.py
[2026-09-17T13:14:56.590+0000] {processor.py:830} INFO - Processing file /opt/airflow/dags/extraction_dag.py for tasks to queue
[2026-09-17T13:14:56.601+0000] {logging_mixin.py:188} INFO - [2026-09-17T13:14:56.601+0000] {dagbag.py:545} INFO - Filling up the DagBag from /opt/airflow/dags/extraction_dag.py
[2026-09-17T13:14:56.730+0000] {processor.py:840} INFO - DAG(s) 'youtube_extraction' retrieved from /opt/airflow/dags/extraction_dag.py
[2026-09-17T13:14:56.757+0000] {logging_mixin.py:188} INFO - [2026-09-17T13:14:56.757+0000] {dag.py:3096} INFO - Sync 1 DAGs
[2026-09-17T13:14:56.779+0000] {logging_mixin.py:188} INFO - [2026-09-17T13:14:56.779+0000] {dag.py:3954} INFO - Setting next_dagrun for youtube_extraction to 2026-09-17 00:00:00+00:00, run_after=2026-09-18 00:00:00+00:00
[2026-09-17T13:14:56.806+0000] {processor.py:183} INFO - Processing /opt/airflow/dags/extraction_dag.py took 0.225 seconds
[2026-09-17T13:15:27.277+0000] {processor.py:161} INFO - Started process (PID=134) to work on /opt/airflow/dags/extraction_dag.py
[2026-09-17T13:15:27.280+0000] {processor.py:830} INFO - Processing file /opt/airflow/dags/extraction_dag.py for tasks to queue
[2026-09-17T13:15:27.284+0000] {logging_mixin.py:188} INFO - [2026-09-17T13:15:27.283+0000] {dagbag.py:545} INFO - Filling up the DagBag from /opt/airflow/dags/extraction_dag.py
[2026-09-17T13:15:27.401+0000] {processor.py:840} INFO - DAG(s) 'youtube_extraction' retrieved from /opt/airflow/dags/extraction_dag.py
[2026-09-17T13:15:27.443+0000] {logging_mixin.py:188} INFO - [2026-09-17T13:15:27.442+0000] {dag.py:3096} INFO - Sync 1 DAGs
[2026-09-17T13:15:27.462+0000] {logging_mixin.py:188} INFO - [2026-09-17T13:15:27.461+0000] {dag.py:3954} INFO - Setting next_dagrun for youtube_extraction to 2026-09-17 00:00:00+00:00, run_after=2026-09-18 00:00:00+00:00
[2026-09-17T13:15:27.509+0000] {processor.py:183} INFO - Processing /opt/airflow/dags/extraction_dag.py took 0.237 seconds
[2026-09-17T13:15:58.078+0000] {processor.py:161} INFO - Started process (PID=143) to work on /opt/airflow/dags/extraction_dag.py
[2026-09-17T13:15:58.081+0000] {processor.py:830} INFO - Processing file /opt/airflow/dags/extraction_dag.py for tasks to queue
[2026-09-17T13:15:58.085+0000] {logging_mixin.py:188} INFO - [2026-09-17T13:15:58.084+0000] {dagbag.py:545} INFO - Filling up the DagBag from /opt/airflow/dags/extraction_dag.py
[2026-09-17T13:15:58.193+0000] {processor.py:840} INFO - DAG(s) 'youtube_extraction' retrieved from /opt/airflow/dags/extraction_dag.py
[2026-09-17T13:15:58.215+0000] {logging_mixin.py:188} INFO - [2026-09-17T13:15:58.215+0000] {dag.py:3096} INFO - Sync 1 DAGs
[2026-09-17T13:15:58.236+0000] {logging_mixin.py:188} INFO - [2026-09-17T13:15:58.236+0000] {dag.py:3954} INFO - Setting next_dagrun for youtube_extraction to 2026-09-17 00:00:00+00:00, run_after=2026-09-18 00:00:00+00:00
[2026-09-17T13:15:58.261+0000] {processor.py:183} INFO - Processing /opt/airflow/dags/extraction_dag.py took 0.188 seconds
[2026-09-17T13:16:28.662+0000] {processor.py:161} INFO - Started process (PID=152) to work on /opt/airflow/dags/extraction_dag.py
[2026-09-17T13:16:28.665+0000] {processor.py:830} INFO - Processing file /opt/airflow/dags/extraction_dag.py for tasks to queue
[2026-09-17T13:16:28.682+0000] {logging_mixin.py:188} INFO - [2026-09-17T13:16:28.682+0000] {dagbag.py:545} INFO - Filling up the DagBag from /opt/airflow/dags/extraction_dag.py
[2026-09-17T13:16:28.794+0000] {processor.py:840} INFO - DAG(s) 'youtube_extraction' retrieved from /opt/airflow/dags/extraction_dag.py
[2026-09-17T13:16:28.823+0000] {logging_mixin.py:188} INFO - [2026-09-17T13:16:28.823+0000] {dag.py:3096} INFO - Sync 1 DAGs
[2026-09-17T13:16:28.867+0000] {logging_mixin.py:188} INFO - [2026-09-17T13:16:28.866+0000] {dag.py:3954} INFO - Setting next_dagrun for youtube_extraction to 2026-09-17 00:00:00+00:00, run_after=2026-09-18 00:00:00+00:00
[2026-09-17T13:16:28.935+0000] {processor.py:183} INFO - Processing /opt/airflow/dags/extraction_dag.py took 0.278 seconds
[2026-09-17T13:16:59.342+0000] {processor.py:161} INFO - Started process (PID=161) to work on /opt/airflow/dags/extraction_dag.py
[2026-09-17T13:16:59.345+0000] {processor.py:830} INFO - Processing file /opt/airflow/dags/extraction_dag.py for tasks to queue
[2026-09-17T13:16:59.348+0000] {logging_mixin.py:188} INFO - [2026-09-17T13:16:59.348+0000] {dagbag.py:545} INFO - Filling up the DagBag from /opt/airflow/dags/extraction_dag.py
[2026-09-17T13:16:59.519+0000] {processor.py:840} INFO - DAG(s) 'youtube_extraction' retrieved from /opt/airflow/dags/extraction_dag.py
[2026-09-17T13:16:59.539+0000] {logging_mixin.py:188} INFO - [2026-09-17T13:16:59.539+0000] {dag.py:3096} INFO - Sync 1 DAGs
[2026-09-17T13:16:59.556+0000] {logging_mixin.py:188} INFO - [2026-09-17T13:16:59.556+0000] {dag.py:3954} INFO - Setting next_dagrun for youtube_extraction to 2026-09-17 00:00:00+00:00, run_after=2026-09-18 00:00:00+00:00
[2026-09-17T13:16:59.602+0000] {processor.py:183} INFO - Processing /opt/airflow/dags/extraction_dag.py took 0.266 seconds
[2026-09-17T13:17:30.042+0000] {processor.py:161} INFO - Started process (PID=170) to work on /opt/airflow/dags/extraction_dag.py
[2026-09-17T13:17:30.044+0000] {processor.py:830} INFO - Processing file /opt/airflow/dags/extraction_dag.py for tasks to queue
[2026-09-17T13:17:30.048+0000] {logging_mixin.py:188} INFO - [2026-09-17T13:17:30.047+0000] {dagbag.py:545} INFO - Filling up the DagBag from /opt/airflow/dags/extraction_dag.py
[2026-09-17T13:17:30.178+0000] {processor.py:840} INFO - DAG(s) 'youtube_extraction' retrieved from /opt/airflow/dags/extraction_dag.py
[2026-09-17T13:17:30.196+0000] {logging_mixin.py:188} INFO - [2026-09-17T13:17:30.196+0000] {dag.py:3096} INFO - Sync 1 DAGs
[2026-09-17T13:17:30.214+0000] {logging_mixin.py:188} INFO - [2026-09-17T13:17:30.214+0000] {dag.py:3954} INFO - Setting next_dagrun for youtube_extraction to 2026-09-17 00:00:00+00:00, run_after=2026-09-18 00:00:00+00:00
[2026-09-17T13:17:30.251+0000] {processor.py:183} INFO - Processing /opt/airflow/dags/extraction_dag.py took 0.214 seconds
[2026-09-17T13:18:00.720+0000] {processor.py:161} INFO - Started process (PID=179) to work on /opt/airflow/dags/extraction_dag.py
[2026-09-17T13:18:00.723+0000] {processor.py:830} INFO - Processing file /opt/airflow/dags/extraction_dag.py for tasks to queue
[2026-09-17T13:18:00.726+0000] {logging_mixin.py:188} INFO - [2026-09-17T13:18:00.725+0000] {dagbag.py:545} INFO - Filling up the DagBag from /opt/airflow/dags/extraction_dag.py
[2026-09-17T13:18:00.821+0000] {processor.py:840} INFO - DAG(s) 'youtube_extraction' retrieved from /opt/airflow/dags/extraction_dag.py
[2026-09-17T13:18:00.842+0000] {logging_mixin.py:188} INFO - [2026-09-17T13:18:00.842+0000] {dag.py:3096} INFO - Sync 1 DAGs
[2026-09-17T13:18:00.859+0000] {logging_mixin.py:188} INFO - [2026-09-17T13:18:00.859+0000] {dag.py:3954} INFO - Setting next_dagrun for youtube_extraction to 2026-09-17 00:00:00+00:00, run_after=2026-09-18 00:00:00+00:00
[2026-09-17T13:18:00.896+0000] {processor.py:183} INFO - Processing /opt/airflow/dags/extraction_dag.py took 0.182 seconds
[2026-09-17T13:18:31.375+0000] {processor.py:161} INFO - Started process (PID=188) to work on /opt/airflow/dags/extraction_dag.py
[2026-09-17T13:18:31.377+0000] {processor.py:830} INFO - Processing file /opt/airflow/dags/extraction_dag.py for tasks to queue
[2026-09-17T13:18:31.380+0000] {logging_mixin.py:188} INFO - [2026-09-17T13:18:31.379+0000] {dagbag.py:545} INFO - Filling up the DagBag from /opt/airflow/dags/extraction_dag.py
[2026-09-17T13:18:31.482+0000] {processor.py:840} INFO - DAG(s) 'youtube_extraction' retrieved from /opt/airflow/dags/extraction_dag.py
[2026-09-17T13:18:31.510+0000] {logging_mixin.py:188} INFO - [2026-09-17T13:18:31.509+0000] {dag.py:3096} INFO - Sync 1 DAGs
[2026-09-17T13:18:31.532+0000] {logging_mixin.py:188} INFO - [2026-09-17T13:18:31.532+0000] {dag.py:3954} INFO - Setting next_dagrun for youtube_extraction to 2026-09-17 00:00:00+00:00, run_after=2026-09-18 00:00:00+00:00
[2026-09-17T13:18:31.569+0000] {processor.py:183} INFO - Processing /opt/airflow/dags/extraction_dag.py took 0.200 seconds
[2026-09-17T13:19:01.936+0000] {processor.py:161} INFO - Started process (PID=197) to work on /opt/airflow/dags/extraction_dag.py
[2026-09-17T13:19:01.939+0000] {processor.py:830} INFO - Processing file /opt/airflow/dags/extraction_dag.py for tasks to queue
[2026-09-17T13:19:01.943+0000] {logging_mixin.py:188} INFO - [2026-09-17T13:19:01.942+0000] {dagbag.py:545} INFO - Filling up the DagBag from /opt/airflow/dags/extraction_dag.py
[2026-09-17T13:19:02.052+0000] {processor.py:840} INFO - DAG(s) 'youtube_extraction' retrieved from /opt/airflow/dags/extraction_dag.py
[2026-09-17T13:19:02.185+0000] {logging_mixin.py:188} INFO - [2026-09-17T13:19:02.185+0000] {dag.py:3096} INFO - Sync 1 DAGs
[2026-09-17T13:19:02.209+0000] {logging_mixin.py:188} INFO - [2026-09-17T13:19:02.209+0000] {dag.py:3954} INFO - Setting next_dagrun for youtube_extraction to 2026-09-17 00:00:00+00:00, run_after=2026-09-18 00:00:00+00:00
[2026-09-17T13:19:02.241+0000] {processor.py:183} INFO - Processing /opt/airflow/dags/extraction_dag.py took 0.318 seconds
[2026-09-17T13:19:33.264+0000] {processor.py:161} INFO - Started process (PID=206) to work on /opt/airflow/dags/extraction_dag.py
[2026-09-17T13:19:33.267+0000] {processor.py:830} INFO - Processing file /opt/airflow/dags/extraction_dag.py for tasks to queue
[2026-09-17T13:19:33.291+0000] {logging_mixin.py:188} INFO - [2026-09-17T13:19:33.270+0000] {dagbag.py:545} INFO - Filling up the DagBag from /opt/airflow/dags/extraction_dag.py
[2026-09-17T13:19:33.432+0000] {processor.py:840} INFO - DAG(s) 'youtube_extraction' retrieved from /opt/airflow/dags/extraction_dag.py
[2026-09-17T13:19:33.453+0000] {logging_mixin.py:188} INFO - [2026-09-17T13:19:33.453+0000] {dag.py:3096} INFO - Sync 1 DAGs
[2026-09-17T13:19:33.475+0000] {logging_mixin.py:188} INFO - [2026-09-17T13:19:33.475+0000] {dag.py:3954} INFO - Setting next_dagrun for youtube_extraction to 2026-09-17 00:00:00+00:00, run_after=2026-09-18 00:00:00+00:00
[2026-09-17T13:19:33.517+0000] {processor.py:183} INFO - Processing /opt/airflow/dags/extraction_dag.py took 0.258 seconds
[2026-09-17T13:20:04.003+0000] {processor.py:161} INFO - Started process (PID=215) to work on /opt/airflow/dags/extraction_dag.py
[2026-09-17T13:20:04.005+0000] {processor.py:830} INFO - Processing file /opt/airflow/dags/extraction_dag.py for tasks to queue
[2026-09-17T13:20:04.008+0000] {logging_mixin.py:188} INFO - [2026-09-17T13:20:04.008+0000] {dagbag.py:545} INFO - Filling up the DagBag from /opt/airflow/dags/extraction_dag.py
[2026-09-17T13:20:04.097+0000] {processor.py:840} INFO - DAG(s) 'youtube_extraction' retrieved from /opt/airflow/dags/extraction_dag.py
[2026-09-17T13:20:04.118+0000] {logging_mixin.py:188} INFO - [2026-09-17T13:20:04.117+0000] {dag.py:3096} INFO - Sync 1 DAGs
[2026-09-17T13:20:04.136+0000] {logging_mixin.py:188} INFO - [2026-09-17T13:20:04.136+0000] {dag.py:3954} INFO - Setting next_dagrun for youtube_extraction to 2026-09-17 00:00:00+00:00, run_after=2026-09-18 00:00:00+00:00
[2026-09-17T13:20:04.181+0000] {processor.py:183} INFO - Processing /opt/airflow/dags/extraction_dag.py took 0.185 seconds
[2026-09-17T13:20:34.599+0000] {processor.py:161} INFO - Started process (PID=224) to work on /opt/airflow/dags/extraction_dag.py
[2026-09-17T13:20:34.601+0000] {processor.py:830} INFO - Processing file /opt/airflow/dags/extraction_dag.py for tasks to queue
[2026-09-17T13:20:34.604+0000] {logging_mixin.py:188} INFO - [2026-09-17T13:20:34.604+0000] {dagbag.py:545} INFO - Filling up the DagBag from /opt/airflow/dags/extraction_dag.py
[2026-09-17T13:20:34.704+0000] {processor.py:840} INFO - DAG(s) 'youtube_extraction' retrieved from /opt/airflow/dags/extraction_dag.py
[2026-09-17T13:20:34.739+0000] {logging_mixin.py:188} INFO - [2026-09-17T13:20:34.739+0000] {dag.py:3096} INFO - Sync 1 DAGs
[2026-09-17T13:20:34.760+0000] {logging_mixin.py:188} INFO - [2026-09-17T13:20:34.760+0000] {dag.py:3954} INFO - Setting next_dagrun for youtube_extraction to 2026-09-17 00:00:00+00:00, run_after=2026-09-18 00:00:00+00:00
[2026-09-17T13:20:34.797+0000] {processor.py:183} INFO - Processing /opt/airflow/dags/extraction_dag.py took 0.222 seconds
[2026-09-17T13:21:05.419+0000] {processor.py:161} INFO - Started process (PID=233) to work on /opt/airflow/dags/extraction_dag.py
[2026-09-17T13:21:05.421+0000] {processor.py:830} INFO - Processing file /opt/airflow/dags/extraction_dag.py for tasks to queue
[2026-09-17T13:21:05.423+0000] {logging_mixin.py:188} INFO - [2026-09-17T13:21:05.423+0000] {dagbag.py:545} INFO - Filling up the DagBag from /opt/airflow/dags/extraction_dag.py
[2026-09-17T13:21:05.533+0000] {processor.py:840} INFO - DAG(s) 'youtube_extraction' retrieved from /opt/airflow/dags/extraction_dag.py
[2026-09-17T13:21:05.554+0000] {logging_mixin.py:188} INFO - [2026-09-17T13:21:05.554+0000] {dag.py:3096} INFO - Sync 1 DAGs
[2026-09-17T13:21:05.574+0000] {logging_mixin.py:188} INFO - [2026-09-17T13:21:05.573+0000] {dag.py:3954} INFO - Setting next_dagrun for youtube_extraction to 2026-09-17 00:00:00+00:00, run_after=2026-09-18 00:00:00+00:00
[2026-09-17T13:21:05.607+0000] {processor.py:183} INFO - Processing /opt/airflow/dags/extraction_dag.py took 0.194 seconds
[2026-09-17T13:21:36.064+0000] {processor.py:161} INFO - Started process (PID=242) to work on /opt/airflow/dags/extraction_dag.py
[2026-09-17T13:21:36.067+0000] {processor.py:830} INFO - Processing file /opt/airflow/dags/extraction_dag.py for tasks to queue
[2026-09-17T13:21:36.071+0000] {logging_mixin.py:188} INFO - [2026-09-17T13:21:36.070+0000] {dagbag.py:545} INFO - Filling up the DagBag from /opt/airflow/dags/extraction_dag.py
[2026-09-17T13:21:36.152+0000] {processor.py:840} INFO - DAG(s) 'youtube_extraction' retrieved from /opt/airflow/dags/extraction_dag.py
[2026-09-17T13:21:36.176+0000] {logging_mixin.py:188} INFO - [2026-09-17T13:21:36.176+0000] {dag.py:3096} INFO - Sync 1 DAGs
[2026-09-17T13:21:36.197+0000] {logging_mixin.py:188} INFO - [2026-09-17T13:21:36.197+0000] {dag.py:3954} INFO - Setting next_dagrun for youtube_extraction to 2026-09-17 00:00:00+00:00, run_after=2026-09-18 00:00:00+00:00
[2026-09-17T13:21:36.249+0000] {processor.py:183} INFO - Processing /opt/airflow/dags/extraction_dag.py took 0.194 seconds
[2026-09-17T13:22:06.696+0000] {processor.py:161} INFO - Started process (PID=251) to work on /opt/airflow/dags/extraction_dag.py
[2026-09-17T13:22:06.698+0000] {processor.py:830} INFO - Processing file /opt/airflow/dags/extraction_dag.py for tasks to queue
[2026-09-17T13:22:06.701+0000] {logging_mixin.py:188} INFO - [2026-09-17T13:22:06.701+0000] {dagbag.py:545} INFO - Filling up the DagBag from /opt/airflow/dags/extraction_dag.py
[2026-09-17T13:22:06.858+0000] {processor.py:840} INFO - DAG(s) 'youtube_extraction' retrieved from /opt/airflow/dags/extraction_dag.py
[2026-09-17T13:22:06.926+0000] {logging_mixin.py:188} INFO - [2026-09-17T13:22:06.925+0000] {dag.py:3096} INFO - Sync 1 DAGs
[2026-09-17T13:22:06.964+0000] {logging_mixin.py:188} INFO - [2026-09-17T13:22:06.964+0000] {dag.py:3954} INFO - Setting next_dagrun for youtube_extraction to 2026-09-17 00:00:00+00:00, run_after=2026-09-18 00:00:00+00:00
[2026-09-17T13:22:07.018+0000] {processor.py:183} INFO - Processing /opt/airflow/dags/extraction_dag.py took 0.328 seconds
[2026-09-17T13:22:37.482+0000] {processor.py:161} INFO - Started process (PID=260) to work on /opt/airflow/dags/extraction_dag.py
[2026-09-17T13:22:37.485+0000] {processor.py:830} INFO - Processing file /opt/airflow/dags/extraction_dag.py for tasks to queue
[2026-09-17T13:22:37.488+0000] {logging_mixin.py:188} INFO - [2026-09-17T13:22:37.488+0000] {dagbag.py:545} INFO - Filling up the DagBag from /opt/airflow/dags/extraction_dag.py
[2026-09-17T13:22:37.598+0000] {processor.py:840} INFO - DAG(s) 'youtube_extraction' retrieved from /opt/airflow/dags/extraction_dag.py
[2026-09-17T13:22:37.620+0000] {logging_mixin.py:188} INFO - [2026-09-17T13:22:37.619+0000] {dag.py:3096} INFO - Sync 1 DAGs
[2026-09-17T13:22:37.640+0000] {logging_mixin.py:188} INFO - [2026-09-17T13:22:37.639+0000] {dag.py:3954} INFO - Setting next_dagrun for youtube_extraction to 2026-09-17 00:00:00+00:00, run_after=2026-09-18 00:00:00+00:00
[2026-09-17T13:22:37.690+0000] {processor.py:183} INFO - Processing /opt/airflow/dags/extraction_dag.py took 0.214 seconds
[2026-09-17T13:23:08.192+0000] {processor.py:161} INFO - Started process (PID=269) to work on /opt/airflow/dags/extraction_dag.py
[2026-09-17T13:23:08.195+0000] {processor.py:830} INFO - Processing file /opt/airflow/dags/extraction_dag.py for tasks to queue
[2026-09-17T13:23:08.198+0000] {logging_mixin.py:188} INFO - [2026-09-17T13:23:08.198+0000] {dagbag.py:545} INFO - Filling up the DagBag from /opt/airflow/dags/extraction_dag.py
[2026-09-17T13:23:08.291+0000] {processor.py:840} INFO - DAG(s) 'youtube_extraction' retrieved from /opt/airflow/dags/extraction_dag.py
[2026-09-17T13:23:08.311+0000] {logging_mixin.py:188} INFO - [2026-09-17T13:23:08.311+0000] {dag.py:3096} INFO - Sync 1 DAGs
[2026-09-17T13:23:08.329+0000] {logging_mixin.py:188} INFO - [2026-09-17T13:23:08.329+0000] {dag.py:3954} INFO - Setting next_dagrun for youtube_extraction to 2026-09-17 00:00:00+00:00, run_after=2026-09-18 00:00:00+00:00
[2026-09-17T13:23:08.360+0000] {processor.py:183} INFO - Processing /opt/airflow/dags/extraction_dag.py took 0.176 seconds
[2026-09-17T13:23:38.756+0000] {processor.py:161} INFO - Started process (PID=278) to work on /opt/airflow/dags/extraction_dag.py
[2026-09-17T13:23:38.758+0000] {processor.py:830} INFO - Processing file /opt/airflow/dags/extraction_dag.py for tasks to queue
[2026-09-17T13:23:38.762+0000] {logging_mixin.py:188} INFO - [2026-09-17T13:23:38.762+0000] {dagbag.py:545} INFO - Filling up the DagBag from /opt/airflow/dags/extraction_dag.py
[2026-09-17T13:23:38.863+0000] {processor.py:840} INFO - DAG(s) 'youtube_extraction' retrieved from /opt/airflow/dags/extraction_dag.py
[2026-09-17T13:23:38.889+0000] {logging_mixin.py:188} INFO - [2026-09-17T13:23:38.889+0000] {dag.py:3096} INFO - Sync 1 DAGs
[2026-09-17T13:23:38.942+0000] {logging_mixin.py:188} INFO - [2026-09-17T13:23:38.942+0000] {dag.py:3954} INFO - Setting next_dagrun for youtube_extraction to 2026-09-17 00:00:00+00:00, run_after=2026-09-18 00:00:00+00:00
[2026-09-17T13:23:38.984+0000] {processor.py:183} INFO - Processing /opt/airflow/dags/extraction_dag.py took 0.234 seconds
[2026-09-17T13:24:09.398+0000] {processor.py:161} INFO - Started process (PID=287) to work on /opt/airflow/dags/extraction_dag.py
[2026-09-17T13:24:09.401+0000] {processor.py:830} INFO - Processing file /opt/airflow/dags/extraction_dag.py for tasks to queue
[2026-09-17T13:24:09.404+0000] {logging_mixin.py:188} INFO - [2026-09-17T13:24:09.404+0000] {dagbag.py:545} INFO - Filling up the DagBag from /opt/airflow/dags/extraction_dag.py
[2026-09-17T13:24:09.513+0000] {processor.py:840} INFO - DAG(s) 'youtube_extraction' retrieved from /opt/airflow/dags/extraction_dag.py
[2026-09-17T13:24:09.539+0000] {logging_mixin.py:188} INFO - [2026-09-17T13:24:09.539+0000] {dag.py:3096} INFO - Sync 1 DAGs
[2026-09-17T13:24:09.565+0000] {logging_mixin.py:188} INFO - [2026-09-17T13:24:09.565+0000] {dag.py:3954} INFO - Setting next_dagrun for youtube_extraction to 2026-09-17 00:00:00+00:00, run_after=2026-09-18 00:00:00+00:00
[2026-09-17T13:24:09.608+0000] {processor.py:183} INFO - Processing /opt/airflow/dags/extraction_dag.py took 0.217 seconds
[2026-09-17T13:24:40.007+0000] {processor.py:161} INFO - Started process (PID=296) to work on /opt/airflow/dags/extraction_dag.py
[2026-09-17T13:24:40.009+0000] {processor.py:830} INFO - Processing file /opt/airflow/dags/extraction_dag.py for tasks to queue
[2026-09-17T13:24:40.012+0000] {logging_mixin.py:188} INFO - [2026-09-17T13:24:40.012+0000] {dagbag.py:545} INFO - Filling up the DagBag from /opt/airflow/dags/extraction_dag.py
[2026-09-17T13:24:40.116+0000] {processor.py:840} INFO - DAG(s) 'youtube_extraction' retrieved from /opt/airflow/dags/extraction_dag.py
[2026-09-17T13:24:40.137+0000] {logging_mixin.py:188} INFO - [2026-09-17T13:24:40.137+0000] {dag.py:3096} INFO - Sync 1 DAGs
[2026-09-17T13:24:40.157+0000] {logging_mixin.py:188} INFO - [2026-09-17T13:24:40.156+0000] {dag.py:3954} INFO - Setting next_dagrun for youtube_extraction to 2026-09-17 00:00:00+00:00, run_after=2026-09-18 00:00:00+00:00
[2026-09-17T13:24:40.201+0000] {processor.py:183} INFO - Processing /opt/airflow/dags/extraction_dag.py took 0.199 seconds
[2026-09-17T13:25:10.532+0000] {processor.py:161} INFO - Started process (PID=305) to work on /opt/airflow/dags/extraction_dag.py
[2026-09-17T13:25:10.534+0000] {processor.py:830} INFO - Processing file /opt/airflow/dags/extraction_dag.py for tasks to queue
[2026-09-17T13:25:10.538+0000] {logging_mixin.py:188} INFO - [2026-09-17T13:25:10.537+0000] {dagbag.py:545} INFO - Filling up the DagBag from /opt/airflow/dags/extraction_dag.py
[2026-09-17T13:25:10.628+0000] {processor.py:840} INFO - DAG(s) 'youtube_extraction' retrieved from /opt/airflow/dags/extraction_dag.py
[2026-09-17T13:25:10.656+0000] {logging_mixin.py:188} INFO - [2026-09-17T13:25:10.656+0000] {dag.py:3096} INFO - Sync 1 DAGs
[2026-09-17T13:25:10.683+0000] {logging_mixin.py:188} INFO - [2026-09-17T13:25:10.683+0000] {dag.py:3954} INFO - Setting next_dagrun for youtube_extraction to 2026-09-17 00:00:00+00:00, run_after=2026-09-18 00:00:00+00:00
[2026-09-17T13:25:10.718+0000] {processor.py:183} INFO - Processing /opt/airflow/dags/extraction_dag.py took 0.195 seconds
[2026-09-17T13:25:41.166+0000] {processor.py:161} INFO - Started process (PID=314) to work on /opt/airflow/dags/extraction_dag.py
[2026-09-17T13:25:41.169+0000] {processor.py:830} INFO - Processing file /opt/airflow/dags/extraction_dag.py for tasks to queue
[2026-09-17T13:25:41.171+0000] {logging_mixin.py:188} INFO - [2026-09-17T13:25:41.171+0000] {dagbag.py:545} INFO - Filling up the DagBag from /opt/airflow/dags/extraction_dag.py
[2026-09-17T13:25:41.282+0000] {processor.py:840} INFO - DAG(s) 'youtube_extraction' retrieved from /opt/airflow/dags/extraction_dag.py
[2026-09-17T13:25:41.302+0000] {logging_mixin.py:188} INFO - [2026-09-17T13:25:41.302+0000] {dag.py:3096} INFO - Sync 1 DAGs
[2026-09-17T13:25:41.321+0000] {logging_mixin.py:188} INFO - [2026-09-17T13:25:41.321+0000] {dag.py:3954} INFO - Setting next_dagrun for youtube_extraction to 2026-09-17 00:00:00+00:00, run_after=2026-09-18 00:00:00+00:00
[2026-09-17T13:25:41.339+0000] {processor.py:183} INFO - Processing /opt/airflow/dags/extraction_dag.py took 0.179 seconds
[2026-09-17T13:26:11.868+0000] {processor.py:161} INFO - Started process (PID=323) to work on /opt/airflow/dags/extraction_dag.py
[2026-09-17T13:26:11.872+0000] {processor.py:830} INFO - Processing file /opt/airflow/dags/extraction_dag.py for tasks to queue
[2026-09-17T13:26:11.880+0000] {logging_mixin.py:188} INFO - [2026-09-17T13:26:11.879+0000] {dagbag.py:545} INFO - Filling up the DagBag from /opt/airflow/dags/extraction_dag.py
[2026-09-17T13:26:11.998+0000] {processor.py:840} INFO - DAG(s) 'youtube_extraction' retrieved from /opt/airflow/dags/extraction_dag.py
[2026-09-17T13:26:12.054+0000] {logging_mixin.py:188} INFO - [2026-09-17T13:26:12.053+0000] {dag.py:3096} INFO - Sync 1 DAGs
[2026-09-17T13:26:12.082+0000] {logging_mixin.py:188} INFO - [2026-09-17T13:26:12.082+0000] {dag.py:3954} INFO - Setting next_dagrun for youtube_extraction to 2026-09-17 00:00:00+00:00, run_after=2026-09-18 00:00:00+00:00
[2026-09-17T13:26:12.133+0000] {processor.py:183} INFO - Processing /opt/airflow/dags/extraction_dag.py took 0.272 seconds
[2026-09-17T13:26:42.545+0000] {processor.py:161} INFO - Started process (PID=332) to work on /opt/airflow/dags/extraction_dag.py
[2026-09-17T13:26:42.548+0000] {processor.py:830} INFO - Processing file /opt/airflow/dags/extraction_dag.py for tasks to queue
[2026-09-17T13:26:42.555+0000] {logging_mixin.py:188} INFO - [2026-09-17T13:26:42.554+0000] {dagbag.py:545} INFO - Filling up the DagBag from /opt/airflow/dags/extraction_dag.py
[2026-09-17T13:26:42.649+0000] {processor.py:840} INFO - DAG(s) 'youtube_extraction' retrieved from /opt/airflow/dags/extraction_dag.py
[2026-09-17T13:26:42.671+0000] {logging_mixin.py:188} INFO - [2026-09-17T13:26:42.671+0000] {dag.py:3096} INFO - Sync 1 DAGs
[2026-09-17T13:26:42.690+0000] {logging_mixin.py:188} INFO - [2026-09-17T13:26:42.690+0000] {dag.py:3954} INFO - Setting next_dagrun for youtube_extraction to 2026-09-17 00:00:00+00:00, run_after=2026-09-18 00:00:00+00:00
[2026-09-17T13:26:42.724+0000] {processor.py:183} INFO - Processing /opt/airflow/dags/extraction_dag.py took 0.187 seconds
[2026-09-17T13:27:13.178+0000] {processor.py:161} INFO - Started process (PID=341) to work on /opt/airflow/dags/extraction_dag.py
[2026-09-17T13:27:13.180+0000] {processor.py:830} INFO - Processing file /opt/airflow/dags/extraction_dag.py for tasks to queue
[2026-09-17T13:27:13.184+0000] {logging_mixin.py:188} INFO - [2026-09-17T13:27:13.183+0000] {dagbag.py:545} INFO - Filling up the DagBag from /opt/airflow/dags/extraction_dag.py
[2026-09-17T13:27:13.329+0000] {processor.py:840} INFO - DAG(s) 'youtube_extraction' retrieved from /opt/airflow/dags/extraction_dag.py
[2026-09-17T13:27:13.351+0000] {logging_mixin.py:188} INFO - [2026-09-17T13:27:13.351+0000] {dag.py:3096} INFO - Sync 1 DAGs
[2026-09-17T13:27:13.371+0000] {logging_mixin.py:188} INFO - [2026-09-17T13:27:13.371+0000] {dag.py:3954} INFO - Setting next_dagrun for youtube_extraction to 2026-09-17 00:00:00+00:00, run_after=2026-09-18 00:00:00+00:00
[2026-09-17T13:27:13.406+0000] {processor.py:183} INFO - Processing /opt/airflow/dags/extraction_dag.py took 0.235 seconds
[2026-09-17T13:27:43.776+0000] {processor.py:161} INFO - Started process (PID=350) to work on /opt/airflow/dags/extraction_dag.py
[2026-09-17T13:27:43.778+0000] {processor.py:830} INFO - Processing file /opt/airflow/dags/extraction_dag.py for tasks to queue
[2026-09-17T13:27:43.781+0000] {logging_mixin.py:188} INFO - [2026-09-17T13:27:43.781+0000] {dagbag.py:545} INFO - Filling up the DagBag from /opt/airflow/dags/extraction_dag.py
[2026-09-17T13:27:43.863+0000] {processor.py:840} INFO - DAG(s) 'youtube_extraction' retrieved from /opt/airflow/dags/extraction_dag.py
[2026-09-17T13:27:43.886+0000] {logging_mixin.py:188} INFO - [2026-09-17T13:27:43.885+0000] {dag.py:3096} INFO - Sync 1 DAGs
[2026-09-17T13:27:43.907+0000] {logging_mixin.py:188} INFO - [2026-09-17T13:27:43.907+0000] {dag.py:3954} INFO - Setting next_dagrun for youtube_extraction to 2026-09-17 00:00:00+00:00, run_after=2026-09-18 00:00:00+00:00
[2026-09-17T13:27:43.928+0000] {processor.py:183} INFO - Processing /opt/airflow/dags/extraction_dag.py took 0.159 seconds
[2026-09-17T13:28:14.332+0000] {processor.py:161} INFO - Started process (PID=359) to work on /opt/airflow/dags/extraction_dag.py
[2026-09-17T13:28:14.333+0000] {processor.py:830} INFO - Processing file /opt/airflow/dags/extraction_dag.py for tasks to queue
[2026-09-17T13:28:14.336+0000] {logging_mixin.py:188} INFO - [2026-09-17T13:28:14.336+0000] {dagbag.py:545} INFO - Filling up the DagBag from /opt/airflow/dags/extraction_dag.py
[2026-09-17T13:28:14.429+0000] {processor.py:840} INFO - DAG(s) 'youtube_extraction' retrieved from /opt/airflow/dags/extraction_dag.py
[2026-09-17T13:28:14.473+0000] {logging_mixin.py:188} INFO - [2026-09-17T13:28:14.472+0000] {dag.py:3096} INFO - Sync 1 DAGs
[2026-09-17T13:28:14.491+0000] {logging_mixin.py:188} INFO - [2026-09-17T13:28:14.491+0000] {dag.py:3954} INFO - Setting next_dagrun for youtube_extraction to 2026-09-17 00:00:00+00:00, run_after=2026-09-18 00:00:00+00:00
[2026-09-17T13:28:14.534+0000] {processor.py:183} INFO - Processing /opt/airflow/dags/extraction_dag.py took 0.209 seconds
[2026-09-17T13:28:44.920+0000] {processor.py:161} INFO - Started process (PID=368) to work on /opt/airflow/dags/extraction_dag.py
[2026-09-17T13:28:44.924+0000] {processor.py:830} INFO - Processing file /opt/airflow/dags/extraction_dag.py for tasks to queue
[2026-09-17T13:28:44.929+0000] {logging_mixin.py:188} INFO - [2026-09-17T13:28:44.929+0000] {dagbag.py:545} INFO - Filling up the DagBag from /opt/airflow/dags/extraction_dag.py
[2026-09-17T13:28:45.003+0000] {processor.py:840} INFO - DAG(s) 'youtube_extraction' retrieved from /opt/airflow/dags/extraction_dag.py
[2026-09-17T13:28:45.032+0000] {logging_mixin.py:188} INFO - [2026-09-17T13:28:45.031+0000] {dag.py:3096} INFO - Sync 1 DAGs
[2026-09-17T13:28:45.060+0000] {logging_mixin.py:188} INFO - [2026-09-17T13:28:45.060+0000] {dag.py:3954} INFO - Setting next_dagrun for youtube_extraction to 2026-09-17 00:00:00+00:00, run_after=2026-09-18 00:00:00+00:00
[2026-09-17T13:28:45.087+0000] {processor.py:183} INFO - Processing /opt/airflow/dags/extraction_dag.py took 0.178 seconds
[2026-09-17T13:29:15.469+0000] {processor.py:161} INFO - Started process (PID=377) to work on /opt/airflow/dags/extraction_dag.py
[2026-09-17T13:29:15.471+0000] {processor.py:830} INFO - Processing file /opt/airflow/dags/extraction_dag.py for tasks to queue
[2026-09-17T13:29:15.475+0000] {logging_mixin.py:188} INFO - [2026-09-17T13:29:15.475+0000] {dagbag.py:545} INFO - Filling up the DagBag from /opt/airflow/dags/extraction_dag.py
[2026-09-17T13:29:15.603+0000] {processor.py:840} INFO - DAG(s) 'youtube_extraction' retrieved from /opt/airflow/dags/extraction_dag.py
[2026-09-17T13:29:15.634+0000] {logging_mixin.py:188} INFO - [2026-09-17T13:29:15.633+0000] {dag.py:3096} INFO - Sync 1 DAGs
[2026-09-17T13:29:15.665+0000] {logging_mixin.py:188} INFO - [2026-09-17T13:29:15.664+0000] {dag.py:3954} INFO - Setting next_dagrun for youtube_extraction to 2026-09-17 00:00:00+00:00, run_after=2026-09-18 00:00:00+00:00
[2026-09-17T13:29:15.713+0000] {processor.py:183} INFO - Processing /opt/airflow/dags/extraction_dag.py took 0.251 seconds
[2026-09-17T13:29:46.160+0000] {processor.py:161} INFO - Started process (PID=386) to work on /opt/airflow/dags/extraction_dag.py
[2026-09-17T13:29:46.162+0000] {processor.py:830} INFO - Processing file /opt/airflow/dags/extraction_dag.py for tasks to queue
[2026-09-17T13:29:46.165+0000] {logging_mixin.py:188} INFO - [2026-09-17T13:29:46.165+0000] {dagbag.py:545} INFO - Filling up the DagBag from /opt/airflow/dags/extraction_dag.py
[2026-09-17T13:29:46.267+0000] {processor.py:840} INFO - DAG(s) 'youtube_extraction' retrieved from /opt/airflow/dags/extraction_dag.py
[2026-09-17T13:29:46.289+0000] {logging_mixin.py:188} INFO - [2026-09-17T13:29:46.288+0000] {dag.py:3096} INFO - Sync 1 DAGs
[2026-09-17T13:29:46.333+0000] {logging_mixin.py:188} INFO - [2026-09-17T13:29:46.333+0000] {dag.py:3954} INFO - Setting next_dagrun for youtube_extraction to 2026-09-17 00:00:00+00:00, run_after=2026-09-18 00:00:00+00:00
[2026-09-17T13:29:46.376+0000] {processor.py:183} INFO - Processing /opt/airflow/dags/extraction_dag.py took 0.222 seconds
[2026-09-17T13:30:16.772+0000] {processor.py:161} INFO - Started process (PID=395) to work on /opt/airflow/dags/extraction_dag.py
[2026-09-17T13:30:16.774+0000] {processor.py:830} INFO - Processing file /opt/airflow/dags/extraction_dag.py for tasks to queue
[2026-09-17T13:30:16.777+0000] {logging_mixin.py:188} INFO - [2026-09-17T13:30:16.777+0000] {dagbag.py:545} INFO - Filling up the DagBag from /opt/airflow/dags/extraction_dag.py
[2026-09-17T13:30:16.863+0000] {processor.py:840} INFO - DAG(s) 'youtube_extraction' retrieved from /opt/airflow/dags/extraction_dag.py
[2026-09-17T13:30:16.893+0000] {logging_mixin.py:188} INFO - [2026-09-17T13:30:16.892+0000] {dag.py:3096} INFO - Sync 1 DAGs
[2026-09-17T13:30:16.918+0000] {logging_mixin.py:188} INFO - [2026-09-17T13:30:16.917+0000] {dag.py:3954} INFO - Setting next_dagrun for youtube_extraction to 2026-09-17 00:00:00+00:00, run_after=2026-09-18 00:00:00+00:00
[2026-09-17T13:30:16.956+0000] {processor.py:183} INFO - Processing /opt/airflow/dags/extraction_dag.py took 0.189 seconds
[2026-09-17T13:30:47.434+0000] {processor.py:161} INFO - Started process (PID=404) to work on /opt/airflow/dags/extraction_dag.py
[2026-09-17T13:30:47.437+0000] {processor.py:830} INFO - Processing file /opt/airflow/dags/extraction_dag.py for tasks to queue
[2026-09-17T13:30:47.441+0000] {logging_mixin.py:188} INFO - [2026-09-17T13:30:47.440+0000] {dagbag.py:545} INFO - Filling up the DagBag from /opt/airflow/dags/extraction_dag.py
[2026-09-17T13:30:47.535+0000] {processor.py:840} INFO - DAG(s) 'youtube_extraction' retrieved from /opt/airflow/dags/extraction_dag.py
[2026-09-17T13:30:47.566+0000] {logging_mixin.py:188} INFO - [2026-09-17T13:30:47.566+0000] {dag.py:3096} INFO - Sync 1 DAGs
[2026-09-17T13:30:47.594+0000] {logging_mixin.py:188} INFO - [2026-09-17T13:30:47.594+0000] {dag.py:3954} INFO - Setting next_dagrun for youtube_extraction to 2026-09-17 00:00:00+00:00, run_after=2026-09-18 00:00:00+00:00
[2026-09-17T13:30:47.630+0000] {processor.py:183} INFO - Processing /opt/airflow/dags/extraction_dag.py took 0.202 seconds
[2026-09-17T13:31:18.197+0000] {processor.py:161} INFO - Started process (PID=414) to work on /opt/airflow/dags/extraction_dag.py
[2026-09-17T13:31:18.199+0000] {processor.py:830} INFO - Processing file /opt/airflow/dags/extraction_dag.py for tasks to queue
[2026-09-17T13:31:18.204+0000] {logging_mixin.py:188} INFO - [2026-09-17T13:31:18.203+0000] {dagbag.py:545} INFO - Filling up the DagBag from /opt/airflow/dags/extraction_dag.py
[2026-09-17T13:31:18.327+0000] {processor.py:840} INFO - DAG(s) 'youtube_extraction' retrieved from /opt/airflow/dags/extraction_dag.py
[2026-09-17T13:31:18.407+0000] {logging_mixin.py:188} INFO - [2026-09-17T13:31:18.406+0000] {dag.py:3096} INFO - Sync 1 DAGs
[2026-09-17T13:31:18.461+0000] {logging_mixin.py:188} INFO - [2026-09-17T13:31:18.460+0000] {dag.py:3954} INFO - Setting next_dagrun for youtube_extraction to 2026-09-17 00:00:00+00:00, run_after=2026-09-18 00:00:00+00:00
[2026-09-17T13:31:18.512+0000] {processor.py:183} INFO - Processing /opt/airflow/dags/extraction_dag.py took 0.321 seconds
[2026-09-17T13:31:48.977+0000] {processor.py:161} INFO - Started process (PID=423) to work on /opt/airflow/dags/extraction_dag.py
[2026-09-17T13:31:48.980+0000] {processor.py:830} INFO - Processing file /opt/airflow/dags/extraction_dag.py for tasks to queue
[2026-09-17T13:31:48.984+0000] {logging_mixin.py:188} INFO - [2026-09-17T13:31:48.983+0000] {dagbag.py:545} INFO - Filling up the DagBag from /opt/airflow/dags/extraction_dag.py
[2026-09-17T13:31:49.110+0000] {processor.py:840} INFO - DAG(s) 'youtube_extraction' retrieved from /opt/airflow/dags/extraction_dag.py
[2026-09-17T13:31:49.130+0000] {logging_mixin.py:188} INFO - [2026-09-17T13:31:49.130+0000] {dag.py:3096} INFO - Sync 1 DAGs
[2026-09-17T13:31:49.149+0000] {logging_mixin.py:188} INFO - [2026-09-17T13:31:49.149+0000] {dag.py:3954} INFO - Setting next_dagrun for youtube_extraction to 2026-09-17 00:00:00+00:00, run_after=2026-09-18 00:00:00+00:00
[2026-09-17T13:31:49.176+0000] {processor.py:183} INFO - Processing /opt/airflow/dags/extraction_dag.py took 0.204 seconds
[2026-09-17T13:32:19.693+0000] {processor.py:161} INFO - Started process (PID=432) to work on /opt/airflow/dags/extraction_dag.py
[2026-09-17T13:32:19.696+0000] {processor.py:830} INFO - Processing file /opt/airflow/dags/extraction_dag.py for tasks to queue
[2026-09-17T13:32:19.700+0000] {logging_mixin.py:188} INFO - [2026-09-17T13:32:19.699+0000] {dagbag.py:545} INFO - Filling up the DagBag from /opt/airflow/dags/extraction_dag.py
[2026-09-17T13:32:19.833+0000] {processor.py:840} INFO - DAG(s) 'youtube_extraction' retrieved from /opt/airflow/dags/extraction_dag.py
[2026-09-17T13:32:19.860+0000] {logging_mixin.py:188} INFO - [2026-09-17T13:32:19.860+0000] {dag.py:3096} INFO - Sync 1 DAGs
[2026-09-17T13:32:19.880+0000] {logging_mixin.py:188} INFO - [2026-09-17T13:32:19.880+0000] {dag.py:3954} INFO - Setting next_dagrun for youtube_extraction to 2026-09-17 00:00:00+00:00, run_after=2026-09-18 00:00:00+00:00
[2026-09-17T13:32:19.906+0000] {processor.py:183} INFO - Processing /opt/airflow/dags/extraction_dag.py took 0.224 seconds
[2026-09-17T13:32:50.366+0000] {processor.py:161} INFO - Started process (PID=441) to work on /opt/airflow/dags/extraction_dag.py
[2026-09-17T13:32:50.368+0000] {processor.py:830} INFO - Processing file /opt/airflow/dags/extraction_dag.py for tasks to queue
[2026-09-17T13:32:50.372+0000] {logging_mixin.py:188} INFO - [2026-09-17T13:32:50.371+0000] {dagbag.py:545} INFO - Filling up the DagBag from /opt/airflow/dags/extraction_dag.py
[2026-09-17T13:32:50.503+0000] {processor.py:840} INFO - DAG(s) 'youtube_extraction' retrieved from /opt/airflow/dags/extraction_dag.py
[2026-09-17T13:32:50.523+0000] {logging_mixin.py:188} INFO - [2026-09-17T13:32:50.523+0000] {dag.py:3096} INFO - Sync 1 DAGs
[2026-09-17T13:32:50.544+0000] {logging_mixin.py:188} INFO - [2026-09-17T13:32:50.543+0000] {dag.py:3954} INFO - Setting next_dagrun for youtube_extraction to 2026-09-17 00:00:00+00:00, run_after=2026-09-18 00:00:00+00:00
[2026-09-17T13:32:50.571+0000] {processor.py:183} INFO - Processing /opt/airflow/dags/extraction_dag.py took 0.211 seconds
[2026-09-17T13:33:20.983+0000] {processor.py:161} INFO - Started process (PID=450) to work on /opt/airflow/dags/extraction_dag.py
[2026-09-17T13:33:20.986+0000] {processor.py:830} INFO - Processing file /opt/airflow/dags/extraction_dag.py for tasks to queue
[2026-09-17T13:33:20.989+0000] {logging_mixin.py:188} INFO - [2026-09-17T13:33:20.989+0000] {dagbag.py:545} INFO - Filling up the DagBag from /opt/airflow/dags/extraction_dag.py
[2026-09-17T13:33:21.088+0000] {processor.py:840} INFO - DAG(s) 'youtube_extraction' retrieved from /opt/airflow/dags/extraction_dag.py
[2026-09-17T13:33:21.118+0000] {logging_mixin.py:188} INFO - [2026-09-17T13:33:21.118+0000] {dag.py:3096} INFO - Sync 1 DAGs
[2026-09-17T13:33:21.149+0000] {logging_mixin.py:188} INFO - [2026-09-17T13:33:21.149+0000] {dag.py:3954} INFO - Setting next_dagrun for youtube_extraction to 2026-09-17 00:00:00+00:00, run_after=2026-09-18 00:00:00+00:00
[2026-09-17T13:33:21.194+0000] {processor.py:183} INFO - Processing /opt/airflow/dags/extraction_dag.py took 0.216 seconds
[2026-09-17T13:33:51.571+0000] {processor.py:161} INFO - Started process (PID=459) to work on /opt/airflow/dags/extraction_dag.py
[2026-09-17T13:33:51.574+0000] {processor.py:830} INFO - Processing file /opt/airflow/dags/extraction_dag.py for tasks to queue
[2026-09-17T13:33:51.578+0000] {logging_mixin.py:188} INFO - [2026-09-17T13:33:51.578+0000] {dagbag.py:545} INFO - Filling up the DagBag from /opt/airflow/dags/extraction_dag.py
[2026-09-17T13:33:51.673+0000] {processor.py:840} INFO - DAG(s) 'youtube_extraction' retrieved from /opt/airflow/dags/extraction_dag.py
[2026-09-17T13:33:51.699+0000] {logging_mixin.py:188} INFO - [2026-09-17T13:33:51.699+0000] {dag.py:3096} INFO - Sync 1 DAGs
[2026-09-17T13:33:51.725+0000] {logging_mixin.py:188} INFO - [2026-09-17T13:33:51.725+0000] {dag.py:3954} INFO - Setting next_dagrun for youtube_extraction to 2026-09-17 00:00:00+00:00, run_after=2026-09-18 00:00:00+00:00
[2026-09-17T13:33:51.756+0000] {processor.py:183} INFO - Processing /opt/airflow/dags/extraction_dag.py took 0.190 seconds
[2026-09-17T13:34:22.188+0000] {processor.py:161} INFO - Started process (PID=468) to work on /opt/airflow/dags/extraction_dag.py
[2026-09-17T13:34:22.191+0000] {processor.py:830} INFO - Processing file /opt/airflow/dags/extraction_dag.py for tasks to queue
[2026-09-17T13:34:22.196+0000] {logging_mixin.py:188} INFO - [2026-09-17T13:34:22.195+0000] {dagbag.py:545} INFO - Filling up the DagBag from /opt/airflow/dags/extraction_dag.py
[2026-09-17T13:34:22.300+0000] {processor.py:840} INFO - DAG(s) 'youtube_extraction' retrieved from /opt/airflow/dags/extraction_dag.py
[2026-09-17T13:34:22.322+0000] {logging_mixin.py:188} INFO - [2026-09-17T13:34:22.321+0000] {dag.py:3096} INFO - Sync 1 DAGs
[2026-09-17T13:34:22.342+0000] {logging_mixin.py:188} INFO - [2026-09-17T13:34:22.341+0000] {dag.py:3954} INFO - Setting next_dagrun for youtube_extraction to 2026-09-17 00:00:00+00:00, run_after=2026-09-18 00:00:00+00:00
[2026-09-17T13:34:22.366+0000] {processor.py:183} INFO - Processing /opt/airflow/dags/extraction_dag.py took 0.184 seconds
[2026-09-17T13:34:52.756+0000] {processor.py:161} INFO - Started process (PID=477) to work on /opt/airflow/dags/extraction_dag.py
[2026-09-17T13:34:52.759+0000] {processor.py:830} INFO - Processing file /opt/airflow/dags/extraction_dag.py for tasks to queue
[2026-09-17T13:34:52.766+0000] {logging_mixin.py:188} INFO - [2026-09-17T13:34:52.765+0000] {dagbag.py:545} INFO - Filling up the DagBag from /opt/airflow/dags/extraction_dag.py
[2026-09-17T13:34:52.910+0000] {processor.py:840} INFO - DAG(s) 'youtube_extraction' retrieved from /opt/airflow/dags/extraction_dag.py
[2026-09-17T13:34:52.936+0000] {logging_mixin.py:188} INFO - [2026-09-17T13:34:52.936+0000] {dag.py:3096} INFO - Sync 1 DAGs
[2026-09-17T13:34:52.956+0000] {logging_mixin.py:188} INFO - [2026-09-17T13:34:52.956+0000] {dag.py:3954} INFO - Setting next_dagrun for youtube_extraction to 2026-09-17 00:00:00+00:00, run_after=2026-09-18 00:00:00+00:00
[2026-09-17T13:34:52.990+0000] {processor.py:183} INFO - Processing /opt/airflow/dags/extraction_dag.py took 0.242 seconds
[2026-09-17T13:35:23.429+0000] {processor.py:161} INFO - Started process (PID=486) to work on /opt/airflow/dags/extraction_dag.py
[2026-09-17T13:35:23.431+0000] {processor.py:830} INFO - Processing file /opt/airflow/dags/extraction_dag.py for tasks to queue
[2026-09-17T13:35:23.435+0000] {logging_mixin.py:188} INFO - [2026-09-17T13:35:23.434+0000] {dagbag.py:545} INFO - Filling up the DagBag from /opt/airflow/dags/extraction_dag.py
[2026-09-17T13:35:23.563+0000] {processor.py:840} INFO - DAG(s) 'youtube_extraction' retrieved from /opt/airflow/dags/extraction_dag.py
[2026-09-17T13:35:23.589+0000] {logging_mixin.py:188} INFO - [2026-09-17T13:35:23.589+0000] {dag.py:3096} INFO - Sync 1 DAGs
[2026-09-17T13:35:23.614+0000] {logging_mixin.py:188} INFO - [2026-09-17T13:35:23.614+0000] {dag.py:3954} INFO - Setting next_dagrun for youtube_extraction to 2026-09-17 00:00:00+00:00, run_after=2026-09-18 00:00:00+00:00
[2026-09-17T13:35:23.652+0000] {processor.py:183} INFO - Processing /opt/airflow/dags/extraction_dag.py took 0.233 seconds
[2026-09-17T13:35:53.846+0000] {processor.py:161} INFO - Started process (PID=495) to work on /opt/airflow/dags/extraction_dag.py
[2026-09-17T13:35:53.848+0000] {processor.py:830} INFO - Processing file /opt/airflow/dags/extraction_dag.py for tasks to queue
[2026-09-17T13:35:53.850+0000] {logging_mixin.py:188} INFO - [2026-09-17T13:35:53.850+0000] {dagbag.py:545} INFO - Filling up the DagBag from /opt/airflow/dags/extraction_dag.py
[2026-09-17T13:35:53.946+0000] {processor.py:840} INFO - DAG(s) 'youtube_extraction' retrieved from /opt/airflow/dags/extraction_dag.py
[2026-09-17T13:35:54.016+0000] {logging_mixin.py:188} INFO - [2026-09-17T13:35:54.015+0000] {dag.py:3096} INFO - Sync 1 DAGs
[2026-09-17T13:35:54.107+0000] {logging_mixin.py:188} INFO - [2026-09-17T13:35:54.107+0000] {dag.py:3954} INFO - Setting next_dagrun for youtube_extraction to 2026-09-17 00:00:00+00:00, run_after=2026-09-18 00:00:00+00:00
[2026-09-17T13:35:54.156+0000] {processor.py:183} INFO - Processing /opt/airflow/dags/extraction_dag.py took 0.317 seconds
[2026-09-17T13:36:24.573+0000] {processor.py:161} INFO - Started process (PID=503) to work on /opt/airflow/dags/extraction_dag.py
[2026-09-17T13:36:24.576+0000] {processor.py:830} INFO - Processing file /opt/airflow/dags/extraction_dag.py for tasks to queue
[2026-09-17T13:36:24.579+0000] {logging_mixin.py:188} INFO - [2026-09-17T13:36:24.578+0000] {dagbag.py:545} INFO - Filling up the DagBag from /opt/airflow/dags/extraction_dag.py
[2026-09-17T13:36:24.667+0000] {processor.py:840} INFO - DAG(s) 'youtube_extraction' retrieved from /opt/airflow/dags/extraction_dag.py
[2026-09-17T13:36:24.710+0000] {logging_mixin.py:188} INFO - [2026-09-17T13:36:24.710+0000] {dag.py:3096} INFO - Sync 1 DAGs
[2026-09-17T13:36:24.728+0000] {logging_mixin.py:188} INFO - [2026-09-17T13:36:24.728+0000] {dag.py:3954} INFO - Setting next_dagrun for youtube_extraction to 2026-09-17 00:00:00+00:00, run_after=2026-09-18 00:00:00+00:00
[2026-09-17T13:36:24.753+0000] {processor.py:183} INFO - Processing /opt/airflow/dags/extraction_dag.py took 0.186 seconds
[2026-09-17T13:36:55.189+0000] {processor.py:161} INFO - Started process (PID=512) to work on /opt/airflow/dags/extraction_dag.py
[2026-09-17T13:36:55.193+0000] {processor.py:830} INFO - Processing file /opt/airflow/dags/extraction_dag.py for tasks to queue
[2026-09-17T13:36:55.200+0000] {logging_mixin.py:188} INFO - [2026-09-17T13:36:55.199+0000] {dagbag.py:545} INFO - Filling up the DagBag from /opt/airflow/dags/extraction_dag.py
[2026-09-17T13:36:55.325+0000] {processor.py:840} INFO - DAG(s) 'youtube_extraction' retrieved from /opt/airflow/dags/extraction_dag.py
[2026-09-17T13:36:55.364+0000] {logging_mixin.py:188} INFO - [2026-09-17T13:36:55.363+0000] {dag.py:3096} INFO - Sync 1 DAGs
[2026-09-17T13:36:55.401+0000] {logging_mixin.py:188} INFO - [2026-09-17T13:36:55.401+0000] {dag.py:3954} INFO - Setting next_dagrun for youtube_extraction to 2026-09-17 00:00:00+00:00, run_after=2026-09-18 00:00:00+00:00
[2026-09-17T13:36:55.442+0000] {processor.py:183} INFO - Processing /opt/airflow/dags/extraction_dag.py took 0.261 seconds
[2026-09-17T13:37:25.787+0000] {processor.py:161} INFO - Started process (PID=521) to work on /opt/airflow/dags/extraction_dag.py
[2026-09-17T13:37:25.794+0000] {processor.py:830} INFO - Processing file /opt/airflow/dags/extraction_dag.py for tasks to queue
[2026-09-17T13:37:25.811+0000] {logging_mixin.py:188} INFO - [2026-09-17T13:37:25.808+0000] {dagbag.py:545} INFO - Filling up the DagBag from /opt/airflow/dags/extraction_dag.py
[2026-09-17T13:37:26.156+0000] {processor.py:840} INFO - DAG(s) 'youtube_extraction' retrieved from /opt/airflow/dags/extraction_dag.py
[2026-09-17T13:37:26.416+0000] {logging_mixin.py:188} INFO - [2026-09-17T13:37:26.414+0000] {dag.py:3096} INFO - Sync 1 DAGs
[2026-09-17T13:37:26.476+0000] {logging_mixin.py:188} INFO - [2026-09-17T13:37:26.475+0000] {dag.py:3954} INFO - Setting next_dagrun for youtube_extraction to 2026-09-17 00:00:00+00:00, run_after=2026-09-18 00:00:00+00:00
[2026-09-17T13:37:26.525+0000] {processor.py:183} INFO - Processing /opt/airflow/dags/extraction_dag.py took 0.769 seconds
[2026-09-17T13:37:56.710+0000] {processor.py:161} INFO - Started process (PID=530) to work on /opt/airflow/dags/extraction_dag.py
[2026-09-17T13:37:56.735+0000] {processor.py:830} INFO - Processing file /opt/airflow/dags/extraction_dag.py for tasks to queue
[2026-09-17T13:37:56.742+0000] {logging_mixin.py:188} INFO - [2026-09-17T13:37:56.741+0000] {dagbag.py:545} INFO - Filling up the DagBag from /opt/airflow/dags/extraction_dag.py
[2026-09-17T13:37:56.877+0000] {processor.py:840} INFO - DAG(s) 'youtube_extraction' retrieved from /opt/airflow/dags/extraction_dag.py
[2026-09-17T13:37:56.906+0000] {logging_mixin.py:188} INFO - [2026-09-17T13:37:56.905+0000] {dag.py:3096} INFO - Sync 1 DAGs
[2026-09-17T13:37:56.936+0000] {logging_mixin.py:188} INFO - [2026-09-17T13:37:56.935+0000] {dag.py:3954} INFO - Setting next_dagrun for youtube_extraction to 2026-09-17 00:00:00+00:00, run_after=2026-09-18 00:00:00+00:00
[2026-09-17T13:37:56.964+0000] {processor.py:183} INFO - Processing /opt/airflow/dags/extraction_dag.py took 0.265 seconds
[2026-09-17T13:38:27.397+0000] {processor.py:161} INFO - Started process (PID=539) to work on /opt/airflow/dags/extraction_dag.py
[2026-09-17T13:38:27.399+0000] {processor.py:830} INFO - Processing file /opt/airflow/dags/extraction_dag.py for tasks to queue
[2026-09-17T13:38:27.406+0000] {logging_mixin.py:188} INFO - [2026-09-17T13:38:27.405+0000] {dagbag.py:545} INFO - Filling up the DagBag from /opt/airflow/dags/extraction_dag.py
[2026-09-17T13:38:27.490+0000] {processor.py:840} INFO - DAG(s) 'youtube_extraction' retrieved from /opt/airflow/dags/extraction_dag.py
[2026-09-17T13:38:27.509+0000] {logging_mixin.py:188} INFO - [2026-09-17T13:38:27.509+0000] {dag.py:3096} INFO - Sync 1 DAGs
[2026-09-17T13:38:27.528+0000] {logging_mixin.py:188} INFO - [2026-09-17T13:38:27.528+0000] {dag.py:3954} INFO - Setting next_dagrun for youtube_extraction to 2026-09-17 00:00:00+00:00, run_after=2026-09-18 00:00:00+00:00
[2026-09-17T13:38:27.548+0000] {processor.py:183} INFO - Processing /opt/airflow/dags/extraction_dag.py took 0.157 seconds
[2026-09-17T13:38:57.986+0000] {processor.py:161} INFO - Started process (PID=548) to work on /opt/airflow/dags/extraction_dag.py
[2026-09-17T13:38:58.001+0000] {processor.py:830} INFO - Processing file /opt/airflow/dags/extraction_dag.py for tasks to queue
[2026-09-17T13:38:58.004+0000] {logging_mixin.py:188} INFO - [2026-09-17T13:38:58.004+0000] {dagbag.py:545} INFO - Filling up the DagBag from /opt/airflow/dags/extraction_dag.py
[2026-09-17T13:38:58.141+0000] {processor.py:840} INFO - DAG(s) 'youtube_extraction' retrieved from /opt/airflow/dags/extraction_dag.py
[2026-09-17T13:38:58.179+0000] {logging_mixin.py:188} INFO - [2026-09-17T13:38:58.178+0000] {dag.py:3096} INFO - Sync 1 DAGs
[2026-09-17T13:38:58.205+0000] {logging_mixin.py:188} INFO - [2026-09-17T13:38:58.205+0000] {dag.py:3954} INFO - Setting next_dagrun for youtube_extraction to 2026-09-17 00:00:00+00:00, run_after=2026-09-18 00:00:00+00:00
[2026-09-17T13:38:58.256+0000] {processor.py:183} INFO - Processing /opt/airflow/dags/extraction_dag.py took 0.278 seconds
[2026-09-17T13:39:28.584+0000] {processor.py:161} INFO - Started process (PID=557) to work on /opt/airflow/dags/extraction_dag.py
[2026-09-17T13:39:28.586+0000] {processor.py:830} INFO - Processing file /opt/airflow/dags/extraction_dag.py for tasks to queue
[2026-09-17T13:39:28.589+0000] {logging_mixin.py:188} INFO - [2026-09-17T13:39:28.589+0000] {dagbag.py:545} INFO - Filling up the DagBag from /opt/airflow/dags/extraction_dag.py
[2026-09-17T13:39:28.678+0000] {processor.py:840} INFO - DAG(s) 'youtube_extraction' retrieved from /opt/airflow/dags/extraction_dag.py
[2026-09-17T13:39:28.721+0000] {logging_mixin.py:188} INFO - [2026-09-17T13:39:28.721+0000] {dag.py:3096} INFO - Sync 1 DAGs
[2026-09-17T13:39:28.743+0000] {logging_mixin.py:188} INFO - [2026-09-17T13:39:28.743+0000] {dag.py:3954} INFO - Setting next_dagrun for youtube_extraction to 2026-09-17 00:00:00+00:00, run_after=2026-09-18 00:00:00+00:00
[2026-09-17T13:39:28.787+0000] {processor.py:183} INFO - Processing /opt/airflow/dags/extraction_dag.py took 0.210 seconds
[2026-09-17T13:39:59.254+0000] {processor.py:161} INFO - Started process (PID=572) to work on /opt/airflow/dags/extraction_dag.py
[2026-09-17T13:39:59.259+0000] {processor.py:830} INFO - Processing file /opt/airflow/dags/extraction_dag.py for tasks to queue
[2026-09-17T13:39:59.265+0000] {logging_mixin.py:188} INFO - [2026-09-17T13:39:59.263+0000] {dagbag.py:545} INFO - Filling up the DagBag from /opt/airflow/dags/extraction_dag.py
[2026-09-17T13:39:59.400+0000] {processor.py:840} INFO - DAG(s) 'youtube_extraction' retrieved from /opt/airflow/dags/extraction_dag.py
[2026-09-17T13:39:59.460+0000] {logging_mixin.py:188} INFO - [2026-09-17T13:39:59.459+0000] {dag.py:3096} INFO - Sync 1 DAGs
[2026-09-17T13:39:59.483+0000] {logging_mixin.py:188} INFO - [2026-09-17T13:39:59.482+0000] {dag.py:3954} INFO - Setting next_dagrun for youtube_extraction to 2026-09-17 00:00:00+00:00, run_after=2026-09-18 00:00:00+00:00
[2026-09-17T13:39:59.522+0000] {processor.py:183} INFO - Processing /opt/airflow/dags/extraction_dag.py took 0.294 seconds
[2026-09-17T13:40:29.853+0000] {processor.py:161} INFO - Started process (PID=581) to work on /opt/airflow/dags/extraction_dag.py
[2026-09-17T13:40:29.859+0000] {processor.py:830} INFO - Processing file /opt/airflow/dags/extraction_dag.py for tasks to queue
[2026-09-17T13:40:29.865+0000] {logging_mixin.py:188} INFO - [2026-09-17T13:40:29.864+0000] {dagbag.py:545} INFO - Filling up the DagBag from /opt/airflow/dags/extraction_dag.py
[2026-09-17T13:40:29.984+0000] {processor.py:840} INFO - DAG(s) 'youtube_extraction' retrieved from /opt/airflow/dags/extraction_dag.py
[2026-09-17T13:40:30.018+0000] {logging_mixin.py:188} INFO - [2026-09-17T13:40:30.017+0000] {dag.py:3096} INFO - Sync 1 DAGs
[2026-09-17T13:40:30.041+0000] {logging_mixin.py:188} INFO - [2026-09-17T13:40:30.041+0000] {dag.py:3954} INFO - Setting next_dagrun for youtube_extraction to 2026-09-17 00:00:00+00:00, run_after=2026-09-18 00:00:00+00:00
[2026-09-17T13:40:30.069+0000] {processor.py:183} INFO - Processing /opt/airflow/dags/extraction_dag.py took 0.231 seconds
[2026-09-17T13:41:00.575+0000] {processor.py:161} INFO - Started process (PID=590) to work on /opt/airflow/dags/extraction_dag.py
[2026-09-17T13:41:00.578+0000] {processor.py:830} INFO - Processing file /opt/airflow/dags/extraction_dag.py for tasks to queue
[2026-09-17T13:41:00.581+0000] {logging_mixin.py:188} INFO - [2026-09-17T13:41:00.580+0000] {dagbag.py:545} INFO - Filling up the DagBag from /opt/airflow/dags/extraction_dag.py
[2026-09-17T13:41:00.693+0000] {processor.py:840} INFO - DAG(s) 'youtube_extraction' retrieved from /opt/airflow/dags/extraction_dag.py
[2026-09-17T13:41:00.717+0000] {logging_mixin.py:188} INFO - [2026-09-17T13:41:00.717+0000] {dag.py:3096} INFO - Sync 1 DAGs
[2026-09-17T13:41:00.739+0000] {logging_mixin.py:188} INFO - [2026-09-17T13:41:00.738+0000] {dag.py:3954} INFO - Setting next_dagrun for youtube_extraction to 2026-09-17 00:00:00+00:00, run_after=2026-09-18 00:00:00+00:00
[2026-09-17T13:41:00.765+0000] {processor.py:183} INFO - Processing /opt/airflow/dags/extraction_dag.py took 0.198 seconds
[2026-09-17T13:41:31.198+0000] {processor.py:161} INFO - Started process (PID=599) to work on /opt/airflow/dags/extraction_dag.py
[2026-09-17T13:41:31.201+0000] {processor.py:830} INFO - Processing file /opt/airflow/dags/extraction_dag.py for tasks to queue
[2026-09-17T13:41:31.205+0000] {logging_mixin.py:188} INFO - [2026-09-17T13:41:31.204+0000] {dagbag.py:545} INFO - Filling up the DagBag from /opt/airflow/dags/extraction_dag.py
[2026-09-17T13:41:31.343+0000] {processor.py:840} INFO - DAG(s) 'youtube_extraction' retrieved from /opt/airflow/dags/extraction_dag.py
[2026-09-17T13:41:31.363+0000] {logging_mixin.py:188} INFO - [2026-09-17T13:41:31.363+0000] {dag.py:3096} INFO - Sync 1 DAGs
[2026-09-17T13:41:31.382+0000] {logging_mixin.py:188} INFO - [2026-09-17T13:41:31.382+0000] {dag.py:3954} INFO - Setting next_dagrun for youtube_extraction to 2026-09-17 00:00:00+00:00, run_after=2026-09-18 00:00:00+00:00
[2026-09-17T13:41:31.419+0000] {processor.py:183} INFO - Processing /opt/airflow/dags/extraction_dag.py took 0.227 seconds
[2026-09-17T13:42:01.831+0000] {processor.py:161} INFO - Started process (PID=608) to work on /opt/airflow/dags/extraction_dag.py
[2026-09-17T13:42:01.834+0000] {processor.py:830} INFO - Processing file /opt/airflow/dags/extraction_dag.py for tasks to queue
[2026-09-17T13:42:01.838+0000] {logging_mixin.py:188} INFO - [2026-09-17T13:42:01.837+0000] {dagbag.py:545} INFO - Filling up the DagBag from /opt/airflow/dags/extraction_dag.py
[2026-09-17T13:42:01.999+0000] {processor.py:840} INFO - DAG(s) 'youtube_extraction' retrieved from /opt/airflow/dags/extraction_dag.py
[2026-09-17T13:42:02.022+0000] {logging_mixin.py:188} INFO - [2026-09-17T13:42:02.022+0000] {dag.py:3096} INFO - Sync 1 DAGs
[2026-09-17T13:42:02.041+0000] {logging_mixin.py:188} INFO - [2026-09-17T13:42:02.040+0000] {dag.py:3954} INFO - Setting next_dagrun for youtube_extraction to 2026-09-17 00:00:00+00:00, run_after=2026-09-18 00:00:00+00:00
[2026-09-17T13:42:02.076+0000] {processor.py:183} INFO - Processing /opt/airflow/dags/extraction_dag.py took 0.250 seconds
[2026-09-17T13:42:32.478+0000] {processor.py:161} INFO - Started process (PID=617) to work on /opt/airflow/dags/extraction_dag.py
[2026-09-17T13:42:32.481+0000] {processor.py:830} INFO - Processing file /opt/airflow/dags/extraction_dag.py for tasks to queue
[2026-09-17T13:42:32.485+0000] {logging_mixin.py:188} INFO - [2026-09-17T13:42:32.484+0000] {dagbag.py:545} INFO - Filling up the DagBag from /opt/airflow/dags/extraction_dag.py
[2026-09-17T13:42:32.575+0000] {processor.py:840} INFO - DAG(s) 'youtube_extraction' retrieved from /opt/airflow/dags/extraction_dag.py
[2026-09-17T13:42:32.597+0000] {logging_mixin.py:188} INFO - [2026-09-17T13:42:32.597+0000] {dag.py:3096} INFO - Sync 1 DAGs
[2026-09-17T13:42:32.619+0000] {logging_mixin.py:188} INFO - [2026-09-17T13:42:32.619+0000] {dag.py:3954} INFO - Setting next_dagrun for youtube_extraction to 2026-09-17 00:00:00+00:00, run_after=2026-09-18 00:00:00+00:00
[2026-09-17T13:42:32.644+0000] {processor.py:183} INFO - Processing /opt/airflow/dags/extraction_dag.py took 0.171 seconds
[2026-09-17T13:43:03.056+0000] {processor.py:161} INFO - Started process (PID=627) to work on /opt/airflow/dags/extraction_dag.py
[2026-09-17T13:43:03.059+0000] {processor.py:830} INFO - Processing file /opt/airflow/dags/extraction_dag.py for tasks to queue
[2026-09-17T13:43:03.063+0000] {logging_mixin.py:188} INFO - [2026-09-17T13:43:03.062+0000] {dagbag.py:545} INFO - Filling up the DagBag from /opt/airflow/dags/extraction_dag.py
[2026-09-17T13:43:03.160+0000] {processor.py:840} INFO - DAG(s) 'youtube_extraction' retrieved from /opt/airflow/dags/extraction_dag.py
[2026-09-17T13:43:03.182+0000] {logging_mixin.py:188} INFO - [2026-09-17T13:43:03.181+0000] {dag.py:3096} INFO - Sync 1 DAGs
[2026-09-17T13:43:03.204+0000] {logging_mixin.py:188} INFO - [2026-09-17T13:43:03.204+0000] {dag.py:3954} INFO - Setting next_dagrun for youtube_extraction to 2026-09-17 00:00:00+00:00, run_after=2026-09-18 00:00:00+00:00
[2026-09-17T13:43:03.247+0000] {processor.py:183} INFO - Processing /opt/airflow/dags/extraction_dag.py took 0.204 seconds
[2026-09-17T13:43:33.639+0000] {processor.py:161} INFO - Started process (PID=636) to work on /opt/airflow/dags/extraction_dag.py
[2026-09-17T13:43:33.641+0000] {processor.py:830} INFO - Processing file /opt/airflow/dags/extraction_dag.py for tasks to queue
[2026-09-17T13:43:33.644+0000] {logging_mixin.py:188} INFO - [2026-09-17T13:43:33.644+0000] {dagbag.py:545} INFO - Filling up the DagBag from /opt/airflow/dags/extraction_dag.py
[2026-09-17T13:43:33.752+0000] {processor.py:840} INFO - DAG(s) 'youtube_extraction' retrieved from /opt/airflow/dags/extraction_dag.py
[2026-09-17T13:43:33.775+0000] {logging_mixin.py:188} INFO - [2026-09-17T13:43:33.774+0000] {dag.py:3096} INFO - Sync 1 DAGs
[2026-09-17T13:43:33.798+0000] {logging_mixin.py:188} INFO - [2026-09-17T13:43:33.798+0000] {dag.py:3954} INFO - Setting next_dagrun for youtube_extraction to 2026-09-17 00:00:00+00:00, run_after=2026-09-18 00:00:00+00:00
[2026-09-17T13:43:33.829+0000] {processor.py:183} INFO - Processing /opt/airflow/dags/extraction_dag.py took 0.197 seconds
[2026-09-17T13:44:03.953+0000] {processor.py:161} INFO - Started process (PID=645) to work on /opt/airflow/dags/extraction_dag.py
[2026-09-17T13:44:03.954+0000] {processor.py:830} INFO - Processing file /opt/airflow/dags/extraction_dag.py for tasks to queue
[2026-09-17T13:44:03.957+0000] {logging_mixin.py:188} INFO - [2026-09-17T13:44:03.957+0000] {dagbag.py:545} INFO - Filling up the DagBag from /opt/airflow/dags/extraction_dag.py
[2026-09-17T13:44:04.077+0000] {processor.py:840} INFO - DAG(s) 'youtube_extraction' retrieved from /opt/airflow/dags/extraction_dag.py
[2026-09-17T13:44:04.125+0000] {logging_mixin.py:188} INFO - [2026-09-17T13:44:04.125+0000] {dag.py:3096} INFO - Sync 1 DAGs
[2026-09-17T13:44:04.144+0000] {logging_mixin.py:188} INFO - [2026-09-17T13:44:04.144+0000] {dag.py:3954} INFO - Setting next_dagrun for youtube_extraction to 2026-09-17 00:00:00+00:00, run_after=2026-09-18 00:00:00+00:00
[2026-09-17T13:44:04.192+0000] {processor.py:183} INFO - Processing /opt/airflow/dags/extraction_dag.py took 0.244 seconds
[2026-09-17T13:44:34.595+0000] {processor.py:161} INFO - Started process (PID=654) to work on /opt/airflow/dags/extraction_dag.py
[2026-09-17T13:44:34.597+0000] {processor.py:830} INFO - Processing file /opt/airflow/dags/extraction_dag.py for tasks to queue
[2026-09-17T13:44:34.600+0000] {logging_mixin.py:188} INFO - [2026-09-17T13:44:34.599+0000] {dagbag.py:545} INFO - Filling up the DagBag from /opt/airflow/dags/extraction_dag.py
[2026-09-17T13:44:34.731+0000] {processor.py:840} INFO - DAG(s) 'youtube_extraction' retrieved from /opt/airflow/dags/extraction_dag.py
[2026-09-17T13:44:34.750+0000] {logging_mixin.py:188} INFO - [2026-09-17T13:44:34.750+0000] {dag.py:3096} INFO - Sync 1 DAGs
[2026-09-17T13:44:34.769+0000] {logging_mixin.py:188} INFO - [2026-09-17T13:44:34.769+0000] {dag.py:3954} INFO - Setting next_dagrun for youtube_extraction to 2026-09-17 00:00:00+00:00, run_after=2026-09-18 00:00:00+00:00
[2026-09-17T13:44:34.808+0000] {processor.py:183} INFO - Processing /opt/airflow/dags/extraction_dag.py took 0.219 seconds
[2026-09-17T13:45:05.208+0000] {processor.py:161} INFO - Started process (PID=663) to work on /opt/airflow/dags/extraction_dag.py
[2026-09-17T13:45:05.210+0000] {processor.py:830} INFO - Processing file /opt/airflow/dags/extraction_dag.py for tasks to queue
[2026-09-17T13:45:05.212+0000] {logging_mixin.py:188} INFO - [2026-09-17T13:45:05.212+0000] {dagbag.py:545} INFO - Filling up the DagBag from /opt/airflow/dags/extraction_dag.py
[2026-09-17T13:45:05.303+0000] {processor.py:840} INFO - DAG(s) 'youtube_extraction' retrieved from /opt/airflow/dags/extraction_dag.py
[2026-09-17T13:45:05.326+0000] {logging_mixin.py:188} INFO - [2026-09-17T13:45:05.325+0000] {dag.py:3096} INFO - Sync 1 DAGs
[2026-09-17T13:45:05.346+0000] {logging_mixin.py:188} INFO - [2026-09-17T13:45:05.345+0000] {dag.py:3954} INFO - Setting next_dagrun for youtube_extraction to 2026-09-17 00:00:00+00:00, run_after=2026-09-18 00:00:00+00:00
[2026-09-17T13:45:05.381+0000] {processor.py:183} INFO - Processing /opt/airflow/dags/extraction_dag.py took 0.180 seconds
[2026-09-17T13:45:35.826+0000] {processor.py:161} INFO - Started process (PID=672) to work on /opt/airflow/dags/extraction_dag.py
[2026-09-17T13:45:35.828+0000] {processor.py:830} INFO - Processing file /opt/airflow/dags/extraction_dag.py for tasks to queue
[2026-09-17T13:45:35.831+0000] {logging_mixin.py:188} INFO - [2026-09-17T13:45:35.831+0000] {dagbag.py:545} INFO - Filling up the DagBag from /opt/airflow/dags/extraction_dag.py
[2026-09-17T13:45:35.921+0000] {processor.py:840} INFO - DAG(s) 'youtube_extraction' retrieved from /opt/airflow/dags/extraction_dag.py
[2026-09-17T13:45:35.941+0000] {logging_mixin.py:188} INFO - [2026-09-17T13:45:35.941+0000] {dag.py:3096} INFO - Sync 1 DAGs
[2026-09-17T13:45:35.959+0000] {logging_mixin.py:188} INFO - [2026-09-17T13:45:35.959+0000] {dag.py:3954} INFO - Setting next_dagrun for youtube_extraction to 2026-09-17 00:00:00+00:00, run_after=2026-09-18 00:00:00+00:00
[2026-09-17T13:45:35.991+0000] {processor.py:183} INFO - Processing /opt/airflow/dags/extraction_dag.py took 0.172 seconds
[2026-09-17T13:46:06.395+0000] {processor.py:161} INFO - Started process (PID=681) to work on /opt/airflow/dags/extraction_dag.py
[2026-09-17T13:46:06.398+0000] {processor.py:830} INFO - Processing file /opt/airflow/dags/extraction_dag.py for tasks to queue
[2026-09-17T13:46:06.402+0000] {logging_mixin.py:188} INFO - [2026-09-17T13:46:06.401+0000] {dagbag.py:545} INFO - Filling up the DagBag from /opt/airflow/dags/extraction_dag.py
[2026-09-17T13:46:06.505+0000] {processor.py:840} INFO - DAG(s) 'youtube_extraction' retrieved from /opt/airflow/dags/extraction_dag.py
[2026-09-17T13:46:06.529+0000] {logging_mixin.py:188} INFO - [2026-09-17T13:46:06.529+0000] {dag.py:3096} INFO - Sync 1 DAGs
[2026-09-17T13:46:06.551+0000] {logging_mixin.py:188} INFO - [2026-09-17T13:46:06.551+0000] {dag.py:3954} INFO - Setting next_dagrun for youtube_extraction to 2026-09-17 00:00:00+00:00, run_after=2026-09-18 00:00:00+00:00
[2026-09-17T13:46:06.577+0000] {processor.py:183} INFO - Processing /opt/airflow/dags/extraction_dag.py took 0.189 seconds
[2026-09-17T13:46:36.983+0000] {processor.py:161} INFO - Started process (PID=690) to work on /opt/airflow/dags/extraction_dag.py
[2026-09-17T13:46:36.987+0000] {processor.py:830} INFO - Processing file /opt/airflow/dags/extraction_dag.py for tasks to queue
[2026-09-17T13:46:36.992+0000] {logging_mixin.py:188} INFO - [2026-09-17T13:46:36.991+0000] {dagbag.py:545} INFO - Filling up the DagBag from /opt/airflow/dags/extraction_dag.py
[2026-09-17T13:46:37.140+0000] {processor.py:840} INFO - DAG(s) 'youtube_extraction' retrieved from /opt/airflow/dags/extraction_dag.py
[2026-09-17T13:46:37.170+0000] {logging_mixin.py:188} INFO - [2026-09-17T13:46:37.170+0000] {dag.py:3096} INFO - Sync 1 DAGs
[2026-09-17T13:46:37.197+0000] {logging_mixin.py:188} INFO - [2026-09-17T13:46:37.197+0000] {dag.py:3954} INFO - Setting next_dagrun for youtube_extraction to 2026-09-17 00:00:00+00:00, run_after=2026-09-18 00:00:00+00:00
[2026-09-17T13:46:37.266+0000] {processor.py:183} INFO - Processing /opt/airflow/dags/extraction_dag.py took 0.291 seconds
[2026-09-17T13:47:07.685+0000] {processor.py:161} INFO - Started process (PID=699) to work on /opt/airflow/dags/extraction_dag.py
[2026-09-17T13:47:07.687+0000] {processor.py:830} INFO - Processing file /opt/airflow/dags/extraction_dag.py for tasks to queue
[2026-09-17T13:47:07.690+0000] {logging_mixin.py:188} INFO - [2026-09-17T13:47:07.690+0000] {dagbag.py:545} INFO - Filling up the DagBag from /opt/airflow/dags/extraction_dag.py
[2026-09-17T13:47:07.816+0000] {processor.py:840} INFO - DAG(s) 'youtube_extraction' retrieved from /opt/airflow/dags/extraction_dag.py
[2026-09-17T13:47:07.838+0000] {logging_mixin.py:188} INFO - [2026-09-17T13:47:07.837+0000] {dag.py:3096} INFO - Sync 1 DAGs
[2026-09-17T13:47:07.858+0000] {logging_mixin.py:188} INFO - [2026-09-17T13:47:07.858+0000] {dag.py:3954} INFO - Setting next_dagrun for youtube_extraction to 2026-09-17 00:00:00+00:00, run_after=2026-09-18 00:00:00+00:00
[2026-09-17T13:47:07.886+0000] {processor.py:183} INFO - Processing /opt/airflow/dags/extraction_dag.py took 0.208 seconds
[2026-09-17T13:47:38.280+0000] {processor.py:161} INFO - Started process (PID=708) to work on /opt/airflow/dags/extraction_dag.py
[2026-09-17T13:47:38.282+0000] {processor.py:830} INFO - Processing file /opt/airflow/dags/extraction_dag.py for tasks to queue
[2026-09-17T13:47:38.286+0000] {logging_mixin.py:188} INFO - [2026-09-17T13:47:38.286+0000] {dagbag.py:545} INFO - Filling up the DagBag from /opt/airflow/dags/extraction_dag.py
[2026-09-17T13:47:38.385+0000] {processor.py:840} INFO - DAG(s) 'youtube_extraction' retrieved from /opt/airflow/dags/extraction_dag.py
[2026-09-17T13:47:38.416+0000] {logging_mixin.py:188} INFO - [2026-09-17T13:47:38.416+0000] {dag.py:3096} INFO - Sync 1 DAGs
[2026-09-17T13:47:38.445+0000] {logging_mixin.py:188} INFO - [2026-09-17T13:47:38.444+0000] {dag.py:3954} INFO - Setting next_dagrun for youtube_extraction to 2026-09-17 00:00:00+00:00, run_after=2026-09-18 00:00:00+00:00
[2026-09-17T13:47:38.504+0000] {processor.py:183} INFO - Processing /opt/airflow/dags/extraction_dag.py took 0.233 seconds
[2026-09-17T13:48:08.903+0000] {processor.py:161} INFO - Started process (PID=717) to work on /opt/airflow/dags/extraction_dag.py
[2026-09-17T13:48:08.905+0000] {processor.py:830} INFO - Processing file /opt/airflow/dags/extraction_dag.py for tasks to queue
[2026-09-17T13:48:08.910+0000] {logging_mixin.py:188} INFO - [2026-09-17T13:48:08.909+0000] {dagbag.py:545} INFO - Filling up the DagBag from /opt/airflow/dags/extraction_dag.py
[2026-09-17T13:48:09.025+0000] {processor.py:840} INFO - DAG(s) 'youtube_extraction' retrieved from /opt/airflow/dags/extraction_dag.py
[2026-09-17T13:48:09.080+0000] {logging_mixin.py:188} INFO - [2026-09-17T13:48:09.079+0000] {dag.py:3096} INFO - Sync 1 DAGs
[2026-09-17T13:48:09.104+0000] {logging_mixin.py:188} INFO - [2026-09-17T13:48:09.104+0000] {dag.py:3954} INFO - Setting next_dagrun for youtube_extraction to 2026-09-17 00:00:00+00:00, run_after=2026-09-18 00:00:00+00:00
[2026-09-17T13:48:09.153+0000] {processor.py:183} INFO - Processing /opt/airflow/dags/extraction_dag.py took 0.262 seconds
[2026-09-17T13:48:39.339+0000] {processor.py:161} INFO - Started process (PID=726) to work on /opt/airflow/dags/extraction_dag.py
[2026-09-17T13:48:39.342+0000] {processor.py:830} INFO - Processing file /opt/airflow/dags/extraction_dag.py for tasks to queue
[2026-09-17T13:48:39.348+0000] {logging_mixin.py:188} INFO - [2026-09-17T13:48:39.347+0000] {dagbag.py:545} INFO - Filling up the DagBag from /opt/airflow/dags/extraction_dag.py
[2026-09-17T13:48:39.464+0000] {processor.py:840} INFO - DAG(s) 'youtube_extraction' retrieved from /opt/airflow/dags/extraction_dag.py
[2026-09-17T13:48:39.495+0000] {logging_mixin.py:188} INFO - [2026-09-17T13:48:39.494+0000] {dag.py:3096} INFO - Sync 1 DAGs
[2026-09-17T13:48:39.516+0000] {logging_mixin.py:188} INFO - [2026-09-17T13:48:39.516+0000] {dag.py:3954} INFO - Setting next_dagrun for youtube_extraction to 2026-09-17 00:00:00+00:00, run_after=2026-09-18 00:00:00+00:00
[2026-09-17T13:48:39.539+0000] {processor.py:183} INFO - Processing /opt/airflow/dags/extraction_dag.py took 0.213 seconds
[2026-09-17T13:49:09.944+0000] {processor.py:161} INFO - Started process (PID=736) to work on /opt/airflow/dags/extraction_dag.py
[2026-09-17T13:49:09.946+0000] {processor.py:830} INFO - Processing file /opt/airflow/dags/extraction_dag.py for tasks to queue
[2026-09-17T13:49:09.949+0000] {logging_mixin.py:188} INFO - [2026-09-17T13:49:09.949+0000] {dagbag.py:545} INFO - Filling up the DagBag from /opt/airflow/dags/extraction_dag.py
[2026-09-17T13:49:10.114+0000] {processor.py:840} INFO - DAG(s) 'youtube_extraction' retrieved from /opt/airflow/dags/extraction_dag.py
[2026-09-17T13:49:10.137+0000] {logging_mixin.py:188} INFO - [2026-09-17T13:49:10.137+0000] {dag.py:3096} INFO - Sync 1 DAGs
[2026-09-17T13:49:10.159+0000] {logging_mixin.py:188} INFO - [2026-09-17T13:49:10.158+0000] {dag.py:3954} INFO - Setting next_dagrun for youtube_extraction to 2026-09-17 00:00:00+00:00, run_after=2026-09-18 00:00:00+00:00
[2026-09-17T13:49:10.203+0000] {processor.py:183} INFO - Processing /opt/airflow/dags/extraction_dag.py took 0.265 seconds
[2026-09-17T13:49:40.654+0000] {processor.py:161} INFO - Started process (PID=745) to work on /opt/airflow/dags/extraction_dag.py
[2026-09-17T13:49:40.657+0000] {processor.py:830} INFO - Processing file /opt/airflow/dags/extraction_dag.py for tasks to queue
[2026-09-17T13:49:40.661+0000] {logging_mixin.py:188} INFO - [2026-09-17T13:49:40.660+0000] {dagbag.py:545} INFO - Filling up the DagBag from /opt/airflow/dags/extraction_dag.py
[2026-09-17T13:49:40.879+0000] {processor.py:840} INFO - DAG(s) 'youtube_extraction' retrieved from /opt/airflow/dags/extraction_dag.py
[2026-09-17T13:49:40.941+0000] {logging_mixin.py:188} INFO - [2026-09-17T13:49:40.941+0000] {dag.py:3096} INFO - Sync 1 DAGs
[2026-09-17T13:49:40.980+0000] {logging_mixin.py:188} INFO - [2026-09-17T13:49:40.979+0000] {dag.py:3954} INFO - Setting next_dagrun for youtube_extraction to 2026-09-17 00:00:00+00:00, run_after=2026-09-18 00:00:00+00:00
[2026-09-17T13:49:41.043+0000] {processor.py:183} INFO - Processing /opt/airflow/dags/extraction_dag.py took 0.403 seconds
[2026-09-17T13:50:11.483+0000] {processor.py:161} INFO - Started process (PID=754) to work on /opt/airflow/dags/extraction_dag.py
[2026-09-17T13:50:11.486+0000] {processor.py:830} INFO - Processing file /opt/airflow/dags/extraction_dag.py for tasks to queue
[2026-09-17T13:50:11.489+0000] {logging_mixin.py:188} INFO - [2026-09-17T13:50:11.489+0000] {dagbag.py:545} INFO - Filling up the DagBag from /opt/airflow/dags/extraction_dag.py
[2026-09-17T13:50:11.656+0000] {processor.py:840} INFO - DAG(s) 'youtube_extraction' retrieved from /opt/airflow/dags/extraction_dag.py
[2026-09-17T13:50:11.691+0000] {logging_mixin.py:188} INFO - [2026-09-17T13:50:11.691+0000] {dag.py:3096} INFO - Sync 1 DAGs
[2026-09-17T13:50:11.723+0000] {logging_mixin.py:188} INFO - [2026-09-17T13:50:11.723+0000] {dag.py:3954} INFO - Setting next_dagrun for youtube_extraction to 2026-09-17 00:00:00+00:00, run_after=2026-09-18 00:00:00+00:00
[2026-09-17T13:50:11.775+0000] {processor.py:183} INFO - Processing /opt/airflow/dags/extraction_dag.py took 0.304 seconds
[2026-09-17T13:50:42.227+0000] {processor.py:161} INFO - Started process (PID=763) to work on /opt/airflow/dags/extraction_dag.py
[2026-09-17T13:50:42.230+0000] {processor.py:830} INFO - Processing file /opt/airflow/dags/extraction_dag.py for tasks to queue
[2026-09-17T13:50:42.233+0000] {logging_mixin.py:188} INFO - [2026-09-17T13:50:42.233+0000] {dagbag.py:545} INFO - Filling up the DagBag from /opt/airflow/dags/extraction_dag.py
[2026-09-17T13:50:42.342+0000] {processor.py:840} INFO - DAG(s) 'youtube_extraction' retrieved from /opt/airflow/dags/extraction_dag.py
[2026-09-17T13:50:42.372+0000] {logging_mixin.py:188} INFO - [2026-09-17T13:50:42.372+0000] {dag.py:3096} INFO - Sync 1 DAGs
[2026-09-17T13:50:42.398+0000] {logging_mixin.py:188} INFO - [2026-09-17T13:50:42.397+0000] {dag.py:3954} INFO - Setting next_dagrun for youtube_extraction to 2026-09-17 00:00:00+00:00, run_after=2026-09-18 00:00:00+00:00
[2026-09-17T13:50:42.439+0000] {processor.py:183} INFO - Processing /opt/airflow/dags/extraction_dag.py took 0.221 seconds
[2026-09-17T13:51:12.811+0000] {processor.py:161} INFO - Started process (PID=772) to work on /opt/airflow/dags/extraction_dag.py
[2026-09-17T13:51:12.813+0000] {processor.py:830} INFO - Processing file /opt/airflow/dags/extraction_dag.py for tasks to queue
[2026-09-17T13:51:12.817+0000] {logging_mixin.py:188} INFO - [2026-09-17T13:51:12.816+0000] {dagbag.py:545} INFO - Filling up the DagBag from /opt/airflow/dags/extraction_dag.py
[2026-09-17T13:51:12.917+0000] {processor.py:840} INFO - DAG(s) 'youtube_extraction' retrieved from /opt/airflow/dags/extraction_dag.py
[2026-09-17T13:51:12.939+0000] {logging_mixin.py:188} INFO - [2026-09-17T13:51:12.938+0000] {dag.py:3096} INFO - Sync 1 DAGs
[2026-09-17T13:51:12.959+0000] {logging_mixin.py:188} INFO - [2026-09-17T13:51:12.958+0000] {dag.py:3954} INFO - Setting next_dagrun for youtube_extraction to 2026-09-17 00:00:00+00:00, run_after=2026-09-18 00:00:00+00:00
[2026-09-17T13:51:13.004+0000] {processor.py:183} INFO - Processing /opt/airflow/dags/extraction_dag.py took 0.199 seconds
[2026-09-17T13:51:43.351+0000] {processor.py:161} INFO - Started process (PID=781) to work on /opt/airflow/dags/extraction_dag.py
[2026-09-17T13:51:43.353+0000] {processor.py:830} INFO - Processing file /opt/airflow/dags/extraction_dag.py for tasks to queue
[2026-09-17T13:51:43.357+0000] {logging_mixin.py:188} INFO - [2026-09-17T13:51:43.356+0000] {dagbag.py:545} INFO - Filling up the DagBag from /opt/airflow/dags/extraction_dag.py
[2026-09-17T13:51:43.447+0000] {processor.py:840} INFO - DAG(s) 'youtube_extraction' retrieved from /opt/airflow/dags/extraction_dag.py
[2026-09-17T13:51:43.474+0000] {logging_mixin.py:188} INFO - [2026-09-17T13:51:43.474+0000] {dag.py:3096} INFO - Sync 1 DAGs
[2026-09-17T13:51:43.497+0000] {logging_mixin.py:188} INFO - [2026-09-17T13:51:43.497+0000] {dag.py:3954} INFO - Setting next_dagrun for youtube_extraction to 2026-09-17 00:00:00+00:00, run_after=2026-09-18 00:00:00+00:00
[2026-09-17T13:51:43.541+0000] {processor.py:183} INFO - Processing /opt/airflow/dags/extraction_dag.py took 0.197 seconds
[2026-09-17T13:52:13.894+0000] {processor.py:161} INFO - Started process (PID=790) to work on /opt/airflow/dags/extraction_dag.py
[2026-09-17T13:52:13.897+0000] {processor.py:830} INFO - Processing file /opt/airflow/dags/extraction_dag.py for tasks to queue
[2026-09-17T13:52:13.901+0000] {logging_mixin.py:188} INFO - [2026-09-17T13:52:13.901+0000] {dagbag.py:545} INFO - Filling up the DagBag from /opt/airflow/dags/extraction_dag.py
[2026-09-17T13:52:14.048+0000] {processor.py:840} INFO - DAG(s) 'youtube_extraction' retrieved from /opt/airflow/dags/extraction_dag.py
[2026-09-17T13:52:14.071+0000] {logging_mixin.py:188} INFO - [2026-09-17T13:52:14.071+0000] {dag.py:3096} INFO - Sync 1 DAGs
[2026-09-17T13:52:14.091+0000] {logging_mixin.py:188} INFO - [2026-09-17T13:52:14.091+0000] {dag.py:3954} INFO - Setting next_dagrun for youtube_extraction to 2026-09-17 00:00:00+00:00, run_after=2026-09-18 00:00:00+00:00
[2026-09-17T13:52:14.129+0000] {processor.py:183} INFO - Processing /opt/airflow/dags/extraction_dag.py took 0.240 seconds
[2026-09-17T13:52:44.509+0000] {processor.py:161} INFO - Started process (PID=799) to work on /opt/airflow/dags/extraction_dag.py
[2026-09-17T13:52:44.511+0000] {processor.py:830} INFO - Processing file /opt/airflow/dags/extraction_dag.py for tasks to queue
[2026-09-17T13:52:44.514+0000] {logging_mixin.py:188} INFO - [2026-09-17T13:52:44.514+0000] {dagbag.py:545} INFO - Filling up the DagBag from /opt/airflow/dags/extraction_dag.py
[2026-09-17T13:52:44.635+0000] {processor.py:840} INFO - DAG(s) 'youtube_extraction' retrieved from /opt/airflow/dags/extraction_dag.py
[2026-09-17T13:52:44.751+0000] {logging_mixin.py:188} INFO - [2026-09-17T13:52:44.751+0000] {dag.py:3096} INFO - Sync 1 DAGs
[2026-09-17T13:52:44.843+0000] {logging_mixin.py:188} INFO - [2026-09-17T13:52:44.843+0000] {dag.py:3954} INFO - Setting next_dagrun for youtube_extraction to 2026-09-17 00:00:00+00:00, run_after=2026-09-18 00:00:00+00:00
[2026-09-17T13:52:44.881+0000] {processor.py:183} INFO - Processing /opt/airflow/dags/extraction_dag.py took 0.378 seconds
[2026-09-17T13:53:15.252+0000] {processor.py:161} INFO - Started process (PID=808) to work on /opt/airflow/dags/extraction_dag.py
[2026-09-17T13:53:15.254+0000] {processor.py:830} INFO - Processing file /opt/airflow/dags/extraction_dag.py for tasks to queue
[2026-09-17T13:53:15.257+0000] {logging_mixin.py:188} INFO - [2026-09-17T13:53:15.256+0000] {dagbag.py:545} INFO - Filling up the DagBag from /opt/airflow/dags/extraction_dag.py
[2026-09-17T13:53:15.351+0000] {processor.py:840} INFO - DAG(s) 'youtube_extraction' retrieved from /opt/airflow/dags/extraction_dag.py
[2026-09-17T13:53:15.370+0000] {logging_mixin.py:188} INFO - [2026-09-17T13:53:15.370+0000] {dag.py:3096} INFO - Sync 1 DAGs
[2026-09-17T13:53:15.389+0000] {logging_mixin.py:188} INFO - [2026-09-17T13:53:15.388+0000] {dag.py:3954} INFO - Setting next_dagrun for youtube_extraction to 2026-09-17 00:00:00+00:00, run_after=2026-09-18 00:00:00+00:00
[2026-09-17T13:53:15.427+0000] {processor.py:183} INFO - Processing /opt/airflow/dags/extraction_dag.py took 0.182 seconds
[2026-09-17T13:53:45.915+0000] {processor.py:161} INFO - Started process (PID=817) to work on /opt/airflow/dags/extraction_dag.py
[2026-09-17T13:53:45.917+0000] {processor.py:830} INFO - Processing file /opt/airflow/dags/extraction_dag.py for tasks to queue
[2026-09-17T13:53:45.921+0000] {logging_mixin.py:188} INFO - [2026-09-17T13:53:45.921+0000] {dagbag.py:545} INFO - Filling up the DagBag from /opt/airflow/dags/extraction_dag.py
[2026-09-17T13:53:46.062+0000] {processor.py:840} INFO - DAG(s) 'youtube_extraction' retrieved from /opt/airflow/dags/extraction_dag.py
[2026-09-17T13:53:46.084+0000] {logging_mixin.py:188} INFO - [2026-09-17T13:53:46.084+0000] {dag.py:3096} INFO - Sync 1 DAGs
[2026-09-17T13:53:46.104+0000] {logging_mixin.py:188} INFO - [2026-09-17T13:53:46.103+0000] {dag.py:3954} INFO - Setting next_dagrun for youtube_extraction to 2026-09-17 00:00:00+00:00, run_after=2026-09-18 00:00:00+00:00
[2026-09-17T13:53:46.161+0000] {processor.py:183} INFO - Processing /opt/airflow/dags/extraction_dag.py took 0.253 seconds
[2026-09-17T13:54:16.576+0000] {processor.py:161} INFO - Started process (PID=826) to work on /opt/airflow/dags/extraction_dag.py
[2026-09-17T13:54:16.579+0000] {processor.py:830} INFO - Processing file /opt/airflow/dags/extraction_dag.py for tasks to queue
[2026-09-17T13:54:16.583+0000] {logging_mixin.py:188} INFO - [2026-09-17T13:54:16.582+0000] {dagbag.py:545} INFO - Filling up the DagBag from /opt/airflow/dags/extraction_dag.py
[2026-09-17T13:54:16.688+0000] {processor.py:840} INFO - DAG(s) 'youtube_extraction' retrieved from /opt/airflow/dags/extraction_dag.py
[2026-09-17T13:54:16.710+0000] {logging_mixin.py:188} INFO - [2026-09-17T13:54:16.710+0000] {dag.py:3096} INFO - Sync 1 DAGs
[2026-09-17T13:54:16.730+0000] {logging_mixin.py:188} INFO - [2026-09-17T13:54:16.729+0000] {dag.py:3954} INFO - Setting next_dagrun for youtube_extraction to 2026-09-17 00:00:00+00:00, run_after=2026-09-18 00:00:00+00:00
[2026-09-17T13:54:16.772+0000] {processor.py:183} INFO - Processing /opt/airflow/dags/extraction_dag.py took 0.202 seconds
[2026-09-17T13:54:47.182+0000] {processor.py:161} INFO - Started process (PID=835) to work on /opt/airflow/dags/extraction_dag.py
[2026-09-17T13:54:47.184+0000] {processor.py:830} INFO - Processing file /opt/airflow/dags/extraction_dag.py for tasks to queue
[2026-09-17T13:54:47.189+0000] {logging_mixin.py:188} INFO - [2026-09-17T13:54:47.189+0000] {dagbag.py:545} INFO - Filling up the DagBag from /opt/airflow/dags/extraction_dag.py
[2026-09-17T13:54:47.288+0000] {processor.py:840} INFO - DAG(s) 'youtube_extraction' retrieved from /opt/airflow/dags/extraction_dag.py
[2026-09-17T13:54:47.320+0000] {logging_mixin.py:188} INFO - [2026-09-17T13:54:47.320+0000] {dag.py:3096} INFO - Sync 1 DAGs
[2026-09-17T13:54:47.347+0000] {logging_mixin.py:188} INFO - [2026-09-17T13:54:47.346+0000] {dag.py:3954} INFO - Setting next_dagrun for youtube_extraction to 2026-09-17 00:00:00+00:00, run_after=2026-09-18 00:00:00+00:00
[2026-09-17T13:54:47.392+0000] {processor.py:183} INFO - Processing /opt/airflow/dags/extraction_dag.py took 0.219 seconds
[2026-09-17T13:55:17.763+0000] {processor.py:161} INFO - Started process (PID=844) to work on /opt/airflow/dags/extraction_dag.py
[2026-09-17T13:55:17.765+0000] {processor.py:830} INFO - Processing file /opt/airflow/dags/extraction_dag.py for tasks to queue
[2026-09-17T13:55:17.769+0000] {logging_mixin.py:188} INFO - [2026-09-17T13:55:17.769+0000] {dagbag.py:545} INFO - Filling up the DagBag from /opt/airflow/dags/extraction_dag.py
[2026-09-17T13:55:17.855+0000] {processor.py:840} INFO - DAG(s) 'youtube_extraction' retrieved from /opt/airflow/dags/extraction_dag.py
[2026-09-17T13:55:17.876+0000] {logging_mixin.py:188} INFO - [2026-09-17T13:55:17.876+0000] {dag.py:3096} INFO - Sync 1 DAGs
[2026-09-17T13:55:17.901+0000] {logging_mixin.py:188} INFO - [2026-09-17T13:55:17.901+0000] {dag.py:3954} INFO - Setting next_dagrun for youtube_extraction to 2026-09-17 00:00:00+00:00, run_after=2026-09-18 00:00:00+00:00
[2026-09-17T13:55:17.943+0000] {processor.py:183} INFO - Processing /opt/airflow/dags/extraction_dag.py took 0.185 seconds
[2026-09-17T13:55:48.361+0000] {processor.py:161} INFO - Started process (PID=853) to work on /opt/airflow/dags/extraction_dag.py
[2026-09-17T13:55:48.364+0000] {processor.py:830} INFO - Processing file /opt/airflow/dags/extraction_dag.py for tasks to queue
[2026-09-17T13:55:48.368+0000] {logging_mixin.py:188} INFO - [2026-09-17T13:55:48.367+0000] {dagbag.py:545} INFO - Filling up the DagBag from /opt/airflow/dags/extraction_dag.py
[2026-09-17T13:55:48.477+0000] {processor.py:840} INFO - DAG(s) 'youtube_extraction' retrieved from /opt/airflow/dags/extraction_dag.py
[2026-09-17T13:55:48.516+0000] {logging_mixin.py:188} INFO - [2026-09-17T13:55:48.515+0000] {dag.py:3096} INFO - Sync 1 DAGs
[2026-09-17T13:55:48.536+0000] {logging_mixin.py:188} INFO - [2026-09-17T13:55:48.535+0000] {dag.py:3954} INFO - Setting next_dagrun for youtube_extraction to 2026-09-17 00:00:00+00:00, run_after=2026-09-18 00:00:00+00:00
[2026-09-17T13:55:48.558+0000] {processor.py:183} INFO - Processing /opt/airflow/dags/extraction_dag.py took 0.205 seconds
[2026-09-17T13:56:18.970+0000] {processor.py:161} INFO - Started process (PID=862) to work on /opt/airflow/dags/extraction_dag.py
[2026-09-17T13:56:18.972+0000] {processor.py:830} INFO - Processing file /opt/airflow/dags/extraction_dag.py for tasks to queue
[2026-09-17T13:56:18.976+0000] {logging_mixin.py:188} INFO - [2026-09-17T13:56:18.975+0000] {dagbag.py:545} INFO - Filling up the DagBag from /opt/airflow/dags/extraction_dag.py
[2026-09-17T13:56:19.098+0000] {processor.py:840} INFO - DAG(s) 'youtube_extraction' retrieved from /opt/airflow/dags/extraction_dag.py
[2026-09-17T13:56:19.142+0000] {logging_mixin.py:188} INFO - [2026-09-17T13:56:19.142+0000] {dag.py:3096} INFO - Sync 1 DAGs
[2026-09-17T13:56:19.162+0000] {logging_mixin.py:188} INFO - [2026-09-17T13:56:19.162+0000] {dag.py:3954} INFO - Setting next_dagrun for youtube_extraction to 2026-09-17 00:00:00+00:00, run_after=2026-09-18 00:00:00+00:00
[2026-09-17T13:56:19.199+0000] {processor.py:183} INFO - Processing /opt/airflow/dags/extraction_dag.py took 0.236 seconds
[2026-09-17T13:56:49.611+0000] {processor.py:161} INFO - Started process (PID=871) to work on /opt/airflow/dags/extraction_dag.py
[2026-09-17T13:56:49.615+0000] {processor.py:830} INFO - Processing file /opt/airflow/dags/extraction_dag.py for tasks to queue
[2026-09-17T13:56:49.618+0000] {logging_mixin.py:188} INFO - [2026-09-17T13:56:49.618+0000] {dagbag.py:545} INFO - Filling up the DagBag from /opt/airflow/dags/extraction_dag.py
[2026-09-17T13:56:49.720+0000] {processor.py:840} INFO - DAG(s) 'youtube_extraction' retrieved from /opt/airflow/dags/extraction_dag.py
[2026-09-17T13:56:49.748+0000] {logging_mixin.py:188} INFO - [2026-09-17T13:56:49.748+0000] {dag.py:3096} INFO - Sync 1 DAGs
[2026-09-17T13:56:49.774+0000] {logging_mixin.py:188} INFO - [2026-09-17T13:56:49.773+0000] {dag.py:3954} INFO - Setting next_dagrun for youtube_extraction to 2026-09-17 00:00:00+00:00, run_after=2026-09-18 00:00:00+00:00
[2026-09-17T13:56:49.827+0000] {processor.py:183} INFO - Processing /opt/airflow/dags/extraction_dag.py took 0.226 seconds
[2026-09-17T13:57:20.264+0000] {processor.py:161} INFO - Started process (PID=880) to work on /opt/airflow/dags/extraction_dag.py
[2026-09-17T13:57:20.267+0000] {processor.py:830} INFO - Processing file /opt/airflow/dags/extraction_dag.py for tasks to queue
[2026-09-17T13:57:20.269+0000] {logging_mixin.py:188} INFO - [2026-09-17T13:57:20.269+0000] {dagbag.py:545} INFO - Filling up the DagBag from /opt/airflow/dags/extraction_dag.py
[2026-09-17T13:57:20.384+0000] {processor.py:840} INFO - DAG(s) 'youtube_extraction' retrieved from /opt/airflow/dags/extraction_dag.py
[2026-09-17T13:57:20.410+0000] {logging_mixin.py:188} INFO - [2026-09-17T13:57:20.410+0000] {dag.py:3096} INFO - Sync 1 DAGs
[2026-09-17T13:57:20.431+0000] {logging_mixin.py:188} INFO - [2026-09-17T13:57:20.431+0000] {dag.py:3954} INFO - Setting next_dagrun for youtube_extraction to 2026-09-17 00:00:00+00:00, run_after=2026-09-18 00:00:00+00:00
[2026-09-17T13:57:20.467+0000] {processor.py:183} INFO - Processing /opt/airflow/dags/extraction_dag.py took 0.210 seconds
[2026-09-17T13:57:50.852+0000] {processor.py:161} INFO - Started process (PID=889) to work on /opt/airflow/dags/extraction_dag.py
[2026-09-17T13:57:50.857+0000] {processor.py:830} INFO - Processing file /opt/airflow/dags/extraction_dag.py for tasks to queue
[2026-09-17T13:57:50.863+0000] {logging_mixin.py:188} INFO - [2026-09-17T13:57:50.862+0000] {dagbag.py:545} INFO - Filling up the DagBag from /opt/airflow/dags/extraction_dag.py
[2026-09-17T13:57:51.011+0000] {processor.py:840} INFO - DAG(s) 'youtube_extraction' retrieved from /opt/airflow/dags/extraction_dag.py
[2026-09-17T13:57:51.048+0000] {logging_mixin.py:188} INFO - [2026-09-17T13:57:51.048+0000] {dag.py:3096} INFO - Sync 1 DAGs
[2026-09-17T13:57:51.075+0000] {logging_mixin.py:188} INFO - [2026-09-17T13:57:51.074+0000] {dag.py:3954} INFO - Setting next_dagrun for youtube_extraction to 2026-09-17 00:00:00+00:00, run_after=2026-09-18 00:00:00+00:00
[2026-09-17T13:57:51.110+0000] {processor.py:183} INFO - Processing /opt/airflow/dags/extraction_dag.py took 0.272 seconds
[2026-09-17T13:58:21.279+0000] {processor.py:161} INFO - Started process (PID=898) to work on /opt/airflow/dags/extraction_dag.py
[2026-09-17T13:58:21.283+0000] {processor.py:830} INFO - Processing file /opt/airflow/dags/extraction_dag.py for tasks to queue
[2026-09-17T13:58:21.286+0000] {logging_mixin.py:188} INFO - [2026-09-17T13:58:21.286+0000] {dagbag.py:545} INFO - Filling up the DagBag from /opt/airflow/dags/extraction_dag.py
[2026-09-17T13:58:21.443+0000] {processor.py:840} INFO - DAG(s) 'youtube_extraction' retrieved from /opt/airflow/dags/extraction_dag.py
[2026-09-17T13:58:21.471+0000] {logging_mixin.py:188} INFO - [2026-09-17T13:58:21.470+0000] {dag.py:3096} INFO - Sync 1 DAGs
[2026-09-17T13:58:21.496+0000] {logging_mixin.py:188} INFO - [2026-09-17T13:58:21.496+0000] {dag.py:3954} INFO - Setting next_dagrun for youtube_extraction to 2026-09-17 00:00:00+00:00, run_after=2026-09-18 00:00:00+00:00
[2026-09-17T13:58:21.531+0000] {processor.py:183} INFO - Processing /opt/airflow/dags/extraction_dag.py took 0.260 seconds
[2026-09-17T13:58:51.939+0000] {processor.py:161} INFO - Started process (PID=907) to work on /opt/airflow/dags/extraction_dag.py
[2026-09-17T13:58:51.941+0000] {processor.py:830} INFO - Processing file /opt/airflow/dags/extraction_dag.py for tasks to queue
[2026-09-17T13:58:51.944+0000] {logging_mixin.py:188} INFO - [2026-09-17T13:58:51.944+0000] {dagbag.py:545} INFO - Filling up the DagBag from /opt/airflow/dags/extraction_dag.py
[2026-09-17T13:58:52.072+0000] {processor.py:840} INFO - DAG(s) 'youtube_extraction' retrieved from /opt/airflow/dags/extraction_dag.py
[2026-09-17T13:58:52.092+0000] {logging_mixin.py:188} INFO - [2026-09-17T13:58:52.092+0000] {dag.py:3096} INFO - Sync 1 DAGs
[2026-09-17T13:58:52.114+0000] {logging_mixin.py:188} INFO - [2026-09-17T13:58:52.114+0000] {dag.py:3954} INFO - Setting next_dagrun for youtube_extraction to 2026-09-17 00:00:00+00:00, run_after=2026-09-18 00:00:00+00:00
[2026-09-17T13:58:52.150+0000] {processor.py:183} INFO - Processing /opt/airflow/dags/extraction_dag.py took 0.217 seconds
[2026-09-17T13:59:22.555+0000] {processor.py:161} INFO - Started process (PID=916) to work on /opt/airflow/dags/extraction_dag.py
[2026-09-17T13:59:22.557+0000] {processor.py:830} INFO - Processing file /opt/airflow/dags/extraction_dag.py for tasks to queue
[2026-09-17T13:59:22.561+0000] {logging_mixin.py:188} INFO - [2026-09-17T13:59:22.560+0000] {dagbag.py:545} INFO - Filling up the DagBag from /opt/airflow/dags/extraction_dag.py
[2026-09-17T13:59:22.638+0000] {processor.py:840} INFO - DAG(s) 'youtube_extraction' retrieved from /opt/airflow/dags/extraction_dag.py
[2026-09-17T13:59:22.659+0000] {logging_mixin.py:188} INFO - [2026-09-17T13:59:22.659+0000] {dag.py:3096} INFO - Sync 1 DAGs
[2026-09-17T13:59:22.677+0000] {logging_mixin.py:188} INFO - [2026-09-17T13:59:22.676+0000] {dag.py:3954} INFO - Setting next_dagrun for youtube_extraction to 2026-09-17 00:00:00+00:00, run_after=2026-09-18 00:00:00+00:00
[2026-09-17T13:59:22.726+0000] {processor.py:183} INFO - Processing /opt/airflow/dags/extraction_dag.py took 0.176 seconds
[2026-09-17T13:59:53.112+0000] {processor.py:161} INFO - Started process (PID=925) to work on /opt/airflow/dags/extraction_dag.py
[2026-09-17T13:59:53.114+0000] {processor.py:830} INFO - Processing file /opt/airflow/dags/extraction_dag.py for tasks to queue
[2026-09-17T13:59:53.118+0000] {logging_mixin.py:188} INFO - [2026-09-17T13:59:53.118+0000] {dagbag.py:545} INFO - Filling up the DagBag from /opt/airflow/dags/extraction_dag.py
[2026-09-17T13:59:53.234+0000] {processor.py:840} INFO - DAG(s) 'youtube_extraction' retrieved from /opt/airflow/dags/extraction_dag.py
[2026-09-17T13:59:53.295+0000] {logging_mixin.py:188} INFO - [2026-09-17T13:59:53.295+0000] {dag.py:3096} INFO - Sync 1 DAGs
[2026-09-17T13:59:53.317+0000] {logging_mixin.py:188} INFO - [2026-09-17T13:59:53.317+0000] {dag.py:3954} INFO - Setting next_dagrun for youtube_extraction to 2026-09-17 00:00:00+00:00, run_after=2026-09-18 00:00:00+00:00
[2026-09-17T13:59:53.344+0000] {processor.py:183} INFO - Processing /opt/airflow/dags/extraction_dag.py took 0.240 seconds
[2026-09-17T14:00:23.746+0000] {processor.py:161} INFO - Started process (PID=934) to work on /opt/airflow/dags/extraction_dag.py
[2026-09-17T14:00:23.749+0000] {processor.py:830} INFO - Processing file /opt/airflow/dags/extraction_dag.py for tasks to queue
[2026-09-17T14:00:23.752+0000] {logging_mixin.py:188} INFO - [2026-09-17T14:00:23.751+0000] {dagbag.py:545} INFO - Filling up the DagBag from /opt/airflow/dags/extraction_dag.py
[2026-09-17T14:00:23.869+0000] {processor.py:840} INFO - DAG(s) 'youtube_extraction' retrieved from /opt/airflow/dags/extraction_dag.py
[2026-09-17T14:00:23.892+0000] {logging_mixin.py:188} INFO - [2026-09-17T14:00:23.891+0000] {dag.py:3096} INFO - Sync 1 DAGs
[2026-09-17T14:00:23.910+0000] {logging_mixin.py:188} INFO - [2026-09-17T14:00:23.910+0000] {dag.py:3954} INFO - Setting next_dagrun for youtube_extraction to 2026-09-17 00:00:00+00:00, run_after=2026-09-18 00:00:00+00:00
[2026-09-17T14:00:23.933+0000] {processor.py:183} INFO - Processing /opt/airflow/dags/extraction_dag.py took 0.193 seconds
[2026-09-17T14:00:54.462+0000] {processor.py:161} INFO - Started process (PID=943) to work on /opt/airflow/dags/extraction_dag.py
[2026-09-17T14:00:54.465+0000] {processor.py:830} INFO - Processing file /opt/airflow/dags/extraction_dag.py for tasks to queue
[2026-09-17T14:00:54.468+0000] {logging_mixin.py:188} INFO - [2026-09-17T14:00:54.468+0000] {dagbag.py:545} INFO - Filling up the DagBag from /opt/airflow/dags/extraction_dag.py
[2026-09-17T14:00:54.609+0000] {processor.py:840} INFO - DAG(s) 'youtube_extraction' retrieved from /opt/airflow/dags/extraction_dag.py
[2026-09-17T14:00:54.653+0000] {logging_mixin.py:188} INFO - [2026-09-17T14:00:54.653+0000] {dag.py:3096} INFO - Sync 1 DAGs
[2026-09-17T14:00:54.675+0000] {logging_mixin.py:188} INFO - [2026-09-17T14:00:54.675+0000] {dag.py:3954} INFO - Setting next_dagrun for youtube_extraction to 2026-09-17 00:00:00+00:00, run_after=2026-09-18 00:00:00+00:00
[2026-09-17T14:00:54.696+0000] {processor.py:183} INFO - Processing /opt/airflow/dags/extraction_dag.py took 0.241 seconds
[2026-09-17T14:01:25.249+0000] {processor.py:161} INFO - Started process (PID=952) to work on /opt/airflow/dags/extraction_dag.py
[2026-09-17T14:01:25.252+0000] {processor.py:830} INFO - Processing file /opt/airflow/dags/extraction_dag.py for tasks to queue
[2026-09-17T14:01:25.255+0000] {logging_mixin.py:188} INFO - [2026-09-17T14:01:25.255+0000] {dagbag.py:545} INFO - Filling up the DagBag from /opt/airflow/dags/extraction_dag.py
[2026-09-17T14:01:25.391+0000] {processor.py:840} INFO - DAG(s) 'youtube_extraction' retrieved from /opt/airflow/dags/extraction_dag.py
[2026-09-17T14:01:25.443+0000] {logging_mixin.py:188} INFO - [2026-09-17T14:01:25.442+0000] {dag.py:3096} INFO - Sync 1 DAGs
[2026-09-17T14:01:25.504+0000] {logging_mixin.py:188} INFO - [2026-09-17T14:01:25.503+0000] {dag.py:3954} INFO - Setting next_dagrun for youtube_extraction to 2026-09-17 00:00:00+00:00, run_after=2026-09-18 00:00:00+00:00
[2026-09-17T14:01:25.561+0000] {processor.py:183} INFO - Processing /opt/airflow/dags/extraction_dag.py took 0.324 seconds
[2026-09-17T14:01:55.966+0000] {processor.py:161} INFO - Started process (PID=961) to work on /opt/airflow/dags/extraction_dag.py
[2026-09-17T14:01:55.983+0000] {processor.py:830} INFO - Processing file /opt/airflow/dags/extraction_dag.py for tasks to queue
[2026-09-17T14:01:55.987+0000] {logging_mixin.py:188} INFO - [2026-09-17T14:01:55.987+0000] {dagbag.py:545} INFO - Filling up the DagBag from /opt/airflow/dags/extraction_dag.py
[2026-09-17T14:01:56.096+0000] {processor.py:840} INFO - DAG(s) 'youtube_extraction' retrieved from /opt/airflow/dags/extraction_dag.py
[2026-09-17T14:01:56.121+0000] {logging_mixin.py:188} INFO - [2026-09-17T14:01:56.121+0000] {dag.py:3096} INFO - Sync 1 DAGs
[2026-09-17T14:01:56.142+0000] {logging_mixin.py:188} INFO - [2026-09-17T14:01:56.142+0000] {dag.py:3954} INFO - Setting next_dagrun for youtube_extraction to 2026-09-17 00:00:00+00:00, run_after=2026-09-18 00:00:00+00:00
[2026-09-17T14:01:56.168+0000] {processor.py:183} INFO - Processing /opt/airflow/dags/extraction_dag.py took 0.208 seconds
[2026-09-17T14:02:26.630+0000] {processor.py:161} INFO - Started process (PID=970) to work on /opt/airflow/dags/extraction_dag.py
[2026-09-17T14:02:26.633+0000] {processor.py:830} INFO - Processing file /opt/airflow/dags/extraction_dag.py for tasks to queue
[2026-09-17T14:02:26.638+0000] {logging_mixin.py:188} INFO - [2026-09-17T14:02:26.638+0000] {dagbag.py:545} INFO - Filling up the DagBag from /opt/airflow/dags/extraction_dag.py
[2026-09-17T14:02:26.714+0000] {processor.py:840} INFO - DAG(s) 'youtube_extraction' retrieved from /opt/airflow/dags/extraction_dag.py
[2026-09-17T14:02:26.757+0000] {logging_mixin.py:188} INFO - [2026-09-17T14:02:26.757+0000] {dag.py:3096} INFO - Sync 1 DAGs
[2026-09-17T14:02:26.774+0000] {logging_mixin.py:188} INFO - [2026-09-17T14:02:26.774+0000] {dag.py:3954} INFO - Setting next_dagrun for youtube_extraction to 2026-09-17 00:00:00+00:00, run_after=2026-09-18 00:00:00+00:00
[2026-09-17T14:02:26.816+0000] {processor.py:183} INFO - Processing /opt/airflow/dags/extraction_dag.py took 0.194 seconds
[2026-09-17T14:02:57.240+0000] {processor.py:161} INFO - Started process (PID=979) to work on /opt/airflow/dags/extraction_dag.py
[2026-09-17T14:02:57.242+0000] {processor.py:830} INFO - Processing file /opt/airflow/dags/extraction_dag.py for tasks to queue
[2026-09-17T14:02:57.247+0000] {logging_mixin.py:188} INFO - [2026-09-17T14:02:57.247+0000] {dagbag.py:545} INFO - Filling up the DagBag from /opt/airflow/dags/extraction_dag.py
[2026-09-17T14:02:57.370+0000] {processor.py:840} INFO - DAG(s) 'youtube_extraction' retrieved from /opt/airflow/dags/extraction_dag.py
[2026-09-17T14:02:57.391+0000] {logging_mixin.py:188} INFO - [2026-09-17T14:02:57.390+0000] {dag.py:3096} INFO - Sync 1 DAGs
[2026-09-17T14:02:57.424+0000] {logging_mixin.py:188} INFO - [2026-09-17T14:02:57.424+0000] {dag.py:3954} INFO - Setting next_dagrun for youtube_extraction to 2026-09-17 00:00:00+00:00, run_after=2026-09-18 00:00:00+00:00
[2026-09-17T14:02:57.473+0000] {processor.py:183} INFO - Processing /opt/airflow/dags/extraction_dag.py took 0.238 seconds
[2026-09-17T14:03:27.882+0000] {processor.py:161} INFO - Started process (PID=988) to work on /opt/airflow/dags/extraction_dag.py
[2026-09-17T14:03:27.884+0000] {processor.py:830} INFO - Processing file /opt/airflow/dags/extraction_dag.py for tasks to queue
[2026-09-17T14:03:27.887+0000] {logging_mixin.py:188} INFO - [2026-09-17T14:03:27.887+0000] {dagbag.py:545} INFO - Filling up the DagBag from /opt/airflow/dags/extraction_dag.py
[2026-09-17T14:03:27.989+0000] {processor.py:840} INFO - DAG(s) 'youtube_extraction' retrieved from /opt/airflow/dags/extraction_dag.py
[2026-09-17T14:03:28.033+0000] {logging_mixin.py:188} INFO - [2026-09-17T14:03:28.032+0000] {dag.py:3096} INFO - Sync 1 DAGs
[2026-09-17T14:03:28.072+0000] {logging_mixin.py:188} INFO - [2026-09-17T14:03:28.072+0000] {dag.py:3954} INFO - Setting next_dagrun for youtube_extraction to 2026-09-17 00:00:00+00:00, run_after=2026-09-18 00:00:00+00:00
[2026-09-17T14:03:28.108+0000] {processor.py:183} INFO - Processing /opt/airflow/dags/extraction_dag.py took 0.232 seconds
[2026-09-17T14:03:58.522+0000] {processor.py:161} INFO - Started process (PID=997) to work on /opt/airflow/dags/extraction_dag.py
[2026-09-17T14:03:58.523+0000] {processor.py:830} INFO - Processing file /opt/airflow/dags/extraction_dag.py for tasks to queue
[2026-09-17T14:03:58.526+0000] {logging_mixin.py:188} INFO - [2026-09-17T14:03:58.526+0000] {dagbag.py:545} INFO - Filling up the DagBag from /opt/airflow/dags/extraction_dag.py
[2026-09-17T14:03:58.625+0000] {processor.py:840} INFO - DAG(s) 'youtube_extraction' retrieved from /opt/airflow/dags/extraction_dag.py
[2026-09-17T14:03:58.649+0000] {logging_mixin.py:188} INFO - [2026-09-17T14:03:58.649+0000] {dag.py:3096} INFO - Sync 1 DAGs
[2026-09-17T14:03:58.683+0000] {logging_mixin.py:188} INFO - [2026-09-17T14:03:58.683+0000] {dag.py:3954} INFO - Setting next_dagrun for youtube_extraction to 2026-09-17 00:00:00+00:00, run_after=2026-09-18 00:00:00+00:00
[2026-09-17T14:03:58.726+0000] {processor.py:183} INFO - Processing /opt/airflow/dags/extraction_dag.py took 0.209 seconds
[2026-09-17T14:04:29.104+0000] {processor.py:161} INFO - Started process (PID=1006) to work on /opt/airflow/dags/extraction_dag.py
[2026-09-17T14:04:29.107+0000] {processor.py:830} INFO - Processing file /opt/airflow/dags/extraction_dag.py for tasks to queue
[2026-09-17T14:04:29.110+0000] {logging_mixin.py:188} INFO - [2026-09-17T14:04:29.110+0000] {dagbag.py:545} INFO - Filling up the DagBag from /opt/airflow/dags/extraction_dag.py
[2026-09-17T14:04:29.254+0000] {processor.py:840} INFO - DAG(s) 'youtube_extraction' retrieved from /opt/airflow/dags/extraction_dag.py
[2026-09-17T14:04:29.290+0000] {logging_mixin.py:188} INFO - [2026-09-17T14:04:29.289+0000] {dag.py:3096} INFO - Sync 1 DAGs
[2026-09-17T14:04:29.307+0000] {logging_mixin.py:188} INFO - [2026-09-17T14:04:29.307+0000] {dag.py:3954} INFO - Setting next_dagrun for youtube_extraction to 2026-09-17 00:00:00+00:00, run_after=2026-09-18 00:00:00+00:00
[2026-09-17T14:04:29.342+0000] {processor.py:183} INFO - Processing /opt/airflow/dags/extraction_dag.py took 0.247 seconds
[2026-09-17T14:04:59.734+0000] {processor.py:161} INFO - Started process (PID=1016) to work on /opt/airflow/dags/extraction_dag.py
[2026-09-17T14:04:59.736+0000] {processor.py:830} INFO - Processing file /opt/airflow/dags/extraction_dag.py for tasks to queue
[2026-09-17T14:04:59.739+0000] {logging_mixin.py:188} INFO - [2026-09-17T14:04:59.739+0000] {dagbag.py:545} INFO - Filling up the DagBag from /opt/airflow/dags/extraction_dag.py
[2026-09-17T14:04:59.847+0000] {processor.py:840} INFO - DAG(s) 'youtube_extraction' retrieved from /opt/airflow/dags/extraction_dag.py
[2026-09-17T14:04:59.869+0000] {logging_mixin.py:188} INFO - [2026-09-17T14:04:59.869+0000] {dag.py:3096} INFO - Sync 1 DAGs
[2026-09-17T14:04:59.911+0000] {logging_mixin.py:188} INFO - [2026-09-17T14:04:59.911+0000] {dag.py:3954} INFO - Setting next_dagrun for youtube_extraction to 2026-09-17 00:00:00+00:00, run_after=2026-09-18 00:00:00+00:00
[2026-09-17T14:04:59.939+0000] {processor.py:183} INFO - Processing /opt/airflow/dags/extraction_dag.py took 0.213 seconds
[2026-09-17T14:05:30.328+0000] {processor.py:161} INFO - Started process (PID=1025) to work on /opt/airflow/dags/extraction_dag.py
[2026-09-17T14:05:30.330+0000] {processor.py:830} INFO - Processing file /opt/airflow/dags/extraction_dag.py for tasks to queue
[2026-09-17T14:05:30.333+0000] {logging_mixin.py:188} INFO - [2026-09-17T14:05:30.333+0000] {dagbag.py:545} INFO - Filling up the DagBag from /opt/airflow/dags/extraction_dag.py
[2026-09-17T14:05:30.420+0000] {processor.py:840} INFO - DAG(s) 'youtube_extraction' retrieved from /opt/airflow/dags/extraction_dag.py
[2026-09-17T14:05:30.441+0000] {logging_mixin.py:188} INFO - [2026-09-17T14:05:30.441+0000] {dag.py:3096} INFO - Sync 1 DAGs
[2026-09-17T14:05:30.460+0000] {logging_mixin.py:188} INFO - [2026-09-17T14:05:30.460+0000] {dag.py:3954} INFO - Setting next_dagrun for youtube_extraction to 2026-09-17 00:00:00+00:00, run_after=2026-09-18 00:00:00+00:00
[2026-09-17T14:05:30.500+0000] {processor.py:183} INFO - Processing /opt/airflow/dags/extraction_dag.py took 0.178 seconds
[2026-09-17T14:06:01.025+0000] {processor.py:161} INFO - Started process (PID=1035) to work on /opt/airflow/dags/extraction_dag.py
[2026-09-17T14:06:01.028+0000] {processor.py:830} INFO - Processing file /opt/airflow/dags/extraction_dag.py for tasks to queue
[2026-09-17T14:06:01.031+0000] {logging_mixin.py:188} INFO - [2026-09-17T14:06:01.031+0000] {dagbag.py:545} INFO - Filling up the DagBag from /opt/airflow/dags/extraction_dag.py
[2026-09-17T14:06:01.141+0000] {processor.py:840} INFO - DAG(s) 'youtube_extraction' retrieved from /opt/airflow/dags/extraction_dag.py
[2026-09-17T14:06:01.166+0000] {logging_mixin.py:188} INFO - [2026-09-17T14:06:01.166+0000] {dag.py:3096} INFO - Sync 1 DAGs
[2026-09-17T14:06:01.204+0000] {logging_mixin.py:188} INFO - [2026-09-17T14:06:01.204+0000] {dag.py:3954} INFO - Setting next_dagrun for youtube_extraction to 2026-09-17 00:00:00+00:00, run_after=2026-09-18 00:00:00+00:00
[2026-09-17T14:06:01.244+0000] {processor.py:183} INFO - Processing /opt/airflow/dags/extraction_dag.py took 0.226 seconds
[2026-09-17T14:06:31.674+0000] {processor.py:161} INFO - Started process (PID=1044) to work on /opt/airflow/dags/extraction_dag.py
[2026-09-17T14:06:31.677+0000] {processor.py:830} INFO - Processing file /opt/airflow/dags/extraction_dag.py for tasks to queue
[2026-09-17T14:06:31.680+0000] {logging_mixin.py:188} INFO - [2026-09-17T14:06:31.680+0000] {dagbag.py:545} INFO - Filling up the DagBag from /opt/airflow/dags/extraction_dag.py
[2026-09-17T14:06:31.796+0000] {processor.py:840} INFO - DAG(s) 'youtube_extraction' retrieved from /opt/airflow/dags/extraction_dag.py
[2026-09-17T14:06:31.825+0000] {logging_mixin.py:188} INFO - [2026-09-17T14:06:31.825+0000] {dag.py:3096} INFO - Sync 1 DAGs
[2026-09-17T14:06:31.848+0000] {logging_mixin.py:188} INFO - [2026-09-17T14:06:31.848+0000] {dag.py:3954} INFO - Setting next_dagrun for youtube_extraction to 2026-09-17 00:00:00+00:00, run_after=2026-09-18 00:00:00+00:00
[2026-09-17T14:06:31.897+0000] {processor.py:183} INFO - Processing /opt/airflow/dags/extraction_dag.py took 0.232 seconds
[2026-09-17T14:07:02.371+0000] {processor.py:161} INFO - Started process (PID=1053) to work on /opt/airflow/dags/extraction_dag.py
[2026-09-17T14:07:02.374+0000] {processor.py:830} INFO - Processing file /opt/airflow/dags/extraction_dag.py for tasks to queue
[2026-09-17T14:07:02.377+0000] {logging_mixin.py:188} INFO - [2026-09-17T14:07:02.377+0000] {dagbag.py:545} INFO - Filling up the DagBag from /opt/airflow/dags/extraction_dag.py
[2026-09-17T14:07:02.481+0000] {processor.py:840} INFO - DAG(s) 'youtube_extraction' retrieved from /opt/airflow/dags/extraction_dag.py
[2026-09-17T14:07:02.511+0000] {logging_mixin.py:188} INFO - [2026-09-17T14:07:02.511+0000] {dag.py:3096} INFO - Sync 1 DAGs
[2026-09-17T14:07:02.531+0000] {logging_mixin.py:188} INFO - [2026-09-17T14:07:02.531+0000] {dag.py:3954} INFO - Setting next_dagrun for youtube_extraction to 2026-09-17 00:00:00+00:00, run_after=2026-09-18 00:00:00+00:00
[2026-09-17T14:07:02.574+0000] {processor.py:183} INFO - Processing /opt/airflow/dags/extraction_dag.py took 0.208 seconds
[2026-09-17T14:07:33.049+0000] {processor.py:161} INFO - Started process (PID=1062) to work on /opt/airflow/dags/extraction_dag.py
[2026-09-17T14:07:33.051+0000] {processor.py:830} INFO - Processing file /opt/airflow/dags/extraction_dag.py for tasks to queue
[2026-09-17T14:07:33.055+0000] {logging_mixin.py:188} INFO - [2026-09-17T14:07:33.054+0000] {dagbag.py:545} INFO - Filling up the DagBag from /opt/airflow/dags/extraction_dag.py
[2026-09-17T14:07:33.175+0000] {processor.py:840} INFO - DAG(s) 'youtube_extraction' retrieved from /opt/airflow/dags/extraction_dag.py
[2026-09-17T14:07:33.205+0000] {logging_mixin.py:188} INFO - [2026-09-17T14:07:33.204+0000] {dag.py:3096} INFO - Sync 1 DAGs
[2026-09-17T14:07:33.230+0000] {logging_mixin.py:188} INFO - [2026-09-17T14:07:33.230+0000] {dag.py:3954} INFO - Setting next_dagrun for youtube_extraction to 2026-09-17 00:00:00+00:00, run_after=2026-09-18 00:00:00+00:00
[2026-09-17T14:07:33.271+0000] {processor.py:183} INFO - Processing /opt/airflow/dags/extraction_dag.py took 0.232 seconds
[2026-09-17T14:08:03.696+0000] {processor.py:161} INFO - Started process (PID=1071) to work on /opt/airflow/dags/extraction_dag.py
[2026-09-17T14:08:03.699+0000] {processor.py:830} INFO - Processing file /opt/airflow/dags/extraction_dag.py for tasks to queue
[2026-09-17T14:08:03.702+0000] {logging_mixin.py:188} INFO - [2026-09-17T14:08:03.702+0000] {dagbag.py:545} INFO - Filling up the DagBag from /opt/airflow/dags/extraction_dag.py
[2026-09-17T14:08:03.796+0000] {processor.py:840} INFO - DAG(s) 'youtube_extraction' retrieved from /opt/airflow/dags/extraction_dag.py
[2026-09-17T14:08:03.819+0000] {logging_mixin.py:188} INFO - [2026-09-17T14:08:03.819+0000] {dag.py:3096} INFO - Sync 1 DAGs
[2026-09-17T14:08:03.841+0000] {logging_mixin.py:188} INFO - [2026-09-17T14:08:03.841+0000] {dag.py:3954} INFO - Setting next_dagrun for youtube_extraction to 2026-09-17 00:00:00+00:00, run_after=2026-09-18 00:00:00+00:00
[2026-09-17T14:08:03.868+0000] {processor.py:183} INFO - Processing /opt/airflow/dags/extraction_dag.py took 0.177 seconds
[2026-09-17T14:08:34.357+0000] {processor.py:161} INFO - Started process (PID=1086) to work on /opt/airflow/dags/extraction_dag.py
[2026-09-17T14:08:34.359+0000] {processor.py:830} INFO - Processing file /opt/airflow/dags/extraction_dag.py for tasks to queue
[2026-09-17T14:08:34.362+0000] {logging_mixin.py:188} INFO - [2026-09-17T14:08:34.362+0000] {dagbag.py:545} INFO - Filling up the DagBag from /opt/airflow/dags/extraction_dag.py
[2026-09-17T14:08:34.449+0000] {processor.py:840} INFO - DAG(s) 'youtube_extraction' retrieved from /opt/airflow/dags/extraction_dag.py
[2026-09-17T14:08:34.472+0000] {logging_mixin.py:188} INFO - [2026-09-17T14:08:34.472+0000] {dag.py:3096} INFO - Sync 1 DAGs
[2026-09-17T14:08:34.491+0000] {logging_mixin.py:188} INFO - [2026-09-17T14:08:34.490+0000] {dag.py:3954} INFO - Setting next_dagrun for youtube_extraction to 2026-09-17 00:00:00+00:00, run_after=2026-09-18 00:00:00+00:00
[2026-09-17T14:08:34.529+0000] {processor.py:183} INFO - Processing /opt/airflow/dags/extraction_dag.py took 0.178 seconds
[2026-09-17T14:09:04.967+0000] {processor.py:161} INFO - Started process (PID=1096) to work on /opt/airflow/dags/extraction_dag.py
[2026-09-17T14:09:04.969+0000] {processor.py:830} INFO - Processing file /opt/airflow/dags/extraction_dag.py for tasks to queue
[2026-09-17T14:09:04.972+0000] {logging_mixin.py:188} INFO - [2026-09-17T14:09:04.972+0000] {dagbag.py:545} INFO - Filling up the DagBag from /opt/airflow/dags/extraction_dag.py
[2026-09-17T14:09:05.082+0000] {processor.py:840} INFO - DAG(s) 'youtube_extraction' retrieved from /opt/airflow/dags/extraction_dag.py
[2026-09-17T14:09:05.101+0000] {logging_mixin.py:188} INFO - [2026-09-17T14:09:05.101+0000] {dag.py:3096} INFO - Sync 1 DAGs
[2026-09-17T14:09:05.119+0000] {logging_mixin.py:188} INFO - [2026-09-17T14:09:05.119+0000] {dag.py:3954} INFO - Setting next_dagrun for youtube_extraction to 2026-09-17 00:00:00+00:00, run_after=2026-09-18 00:00:00+00:00
[2026-09-17T14:09:05.157+0000] {processor.py:183} INFO - Processing /opt/airflow/dags/extraction_dag.py took 0.196 seconds
[2026-09-17T14:09:35.704+0000] {processor.py:161} INFO - Started process (PID=1105) to work on /opt/airflow/dags/extraction_dag.py
[2026-09-17T14:09:35.707+0000] {processor.py:830} INFO - Processing file /opt/airflow/dags/extraction_dag.py for tasks to queue
[2026-09-17T14:09:35.711+0000] {logging_mixin.py:188} INFO - [2026-09-17T14:09:35.710+0000] {dagbag.py:545} INFO - Filling up the DagBag from /opt/airflow/dags/extraction_dag.py
[2026-09-17T14:09:35.868+0000] {processor.py:840} INFO - DAG(s) 'youtube_extraction' retrieved from /opt/airflow/dags/extraction_dag.py
[2026-09-17T14:09:35.891+0000] {logging_mixin.py:188} INFO - [2026-09-17T14:09:35.891+0000] {dag.py:3096} INFO - Sync 1 DAGs
[2026-09-17T14:09:35.914+0000] {logging_mixin.py:188} INFO - [2026-09-17T14:09:35.914+0000] {dag.py:3954} INFO - Setting next_dagrun for youtube_extraction to 2026-09-17 00:00:00+00:00, run_after=2026-09-18 00:00:00+00:00
[2026-09-17T14:09:35.965+0000] {processor.py:183} INFO - Processing /opt/airflow/dags/extraction_dag.py took 0.270 seconds
[2026-09-17T14:10:06.485+0000] {processor.py:161} INFO - Started process (PID=1114) to work on /opt/airflow/dags/extraction_dag.py
[2026-09-17T14:10:06.488+0000] {processor.py:830} INFO - Processing file /opt/airflow/dags/extraction_dag.py for tasks to queue
[2026-09-17T14:10:06.491+0000] {logging_mixin.py:188} INFO - [2026-09-17T14:10:06.491+0000] {dagbag.py:545} INFO - Filling up the DagBag from /opt/airflow/dags/extraction_dag.py
[2026-09-17T14:10:06.621+0000] {processor.py:840} INFO - DAG(s) 'youtube_extraction' retrieved from /opt/airflow/dags/extraction_dag.py
[2026-09-17T14:10:06.642+0000] {logging_mixin.py:188} INFO - [2026-09-17T14:10:06.642+0000] {dag.py:3096} INFO - Sync 1 DAGs
[2026-09-17T14:10:06.662+0000] {logging_mixin.py:188} INFO - [2026-09-17T14:10:06.662+0000] {dag.py:3954} INFO - Setting next_dagrun for youtube_extraction to 2026-09-17 00:00:00+00:00, run_after=2026-09-18 00:00:00+00:00
[2026-09-17T14:10:06.684+0000] {processor.py:183} INFO - Processing /opt/airflow/dags/extraction_dag.py took 0.206 seconds
[2026-09-17T14:10:37.112+0000] {processor.py:161} INFO - Started process (PID=1123) to work on /opt/airflow/dags/extraction_dag.py
[2026-09-17T14:10:37.114+0000] {processor.py:830} INFO - Processing file /opt/airflow/dags/extraction_dag.py for tasks to queue
[2026-09-17T14:10:37.118+0000] {logging_mixin.py:188} INFO - [2026-09-17T14:10:37.117+0000] {dagbag.py:545} INFO - Filling up the DagBag from /opt/airflow/dags/extraction_dag.py
[2026-09-17T14:10:37.185+0000] {processor.py:840} INFO - DAG(s) 'youtube_extraction' retrieved from /opt/airflow/dags/extraction_dag.py
[2026-09-17T14:10:37.210+0000] {logging_mixin.py:188} INFO - [2026-09-17T14:10:37.209+0000] {dag.py:3096} INFO - Sync 1 DAGs
[2026-09-17T14:10:37.228+0000] {logging_mixin.py:188} INFO - [2026-09-17T14:10:37.228+0000] {dag.py:3954} INFO - Setting next_dagrun for youtube_extraction to 2026-09-17 00:00:00+00:00, run_after=2026-09-18 00:00:00+00:00
[2026-09-17T14:10:37.249+0000] {processor.py:183} INFO - Processing /opt/airflow/dags/extraction_dag.py took 0.143 seconds
[2026-09-17T14:11:07.702+0000] {processor.py:161} INFO - Started process (PID=1132) to work on /opt/airflow/dags/extraction_dag.py
[2026-09-17T14:11:07.705+0000] {processor.py:830} INFO - Processing file /opt/airflow/dags/extraction_dag.py for tasks to queue
[2026-09-17T14:11:07.709+0000] {logging_mixin.py:188} INFO - [2026-09-17T14:11:07.708+0000] {dagbag.py:545} INFO - Filling up the DagBag from /opt/airflow/dags/extraction_dag.py
[2026-09-17T14:11:07.849+0000] {processor.py:840} INFO - DAG(s) 'youtube_extraction' retrieved from /opt/airflow/dags/extraction_dag.py
[2026-09-17T14:11:07.887+0000] {logging_mixin.py:188} INFO - [2026-09-17T14:11:07.887+0000] {dag.py:3096} INFO - Sync 1 DAGs
[2026-09-17T14:11:07.913+0000] {logging_mixin.py:188} INFO - [2026-09-17T14:11:07.912+0000] {dag.py:3954} INFO - Setting next_dagrun for youtube_extraction to 2026-09-17 00:00:00+00:00, run_after=2026-09-18 00:00:00+00:00
[2026-09-17T14:11:07.934+0000] {processor.py:183} INFO - Processing /opt/airflow/dags/extraction_dag.py took 0.240 seconds
[2026-09-17T14:11:38.385+0000] {processor.py:161} INFO - Started process (PID=1141) to work on /opt/airflow/dags/extraction_dag.py
[2026-09-17T14:11:38.387+0000] {processor.py:830} INFO - Processing file /opt/airflow/dags/extraction_dag.py for tasks to queue
[2026-09-17T14:11:38.390+0000] {logging_mixin.py:188} INFO - [2026-09-17T14:11:38.390+0000] {dagbag.py:545} INFO - Filling up the DagBag from /opt/airflow/dags/extraction_dag.py
[2026-09-17T14:11:38.492+0000] {processor.py:840} INFO - DAG(s) 'youtube_extraction' retrieved from /opt/airflow/dags/extraction_dag.py
[2026-09-17T14:11:38.511+0000] {logging_mixin.py:188} INFO - [2026-09-17T14:11:38.510+0000] {dag.py:3096} INFO - Sync 1 DAGs
[2026-09-17T14:11:38.528+0000] {logging_mixin.py:188} INFO - [2026-09-17T14:11:38.528+0000] {dag.py:3954} INFO - Setting next_dagrun for youtube_extraction to 2026-09-17 00:00:00+00:00, run_after=2026-09-18 00:00:00+00:00
[2026-09-17T14:11:38.569+0000] {processor.py:183} INFO - Processing /opt/airflow/dags/extraction_dag.py took 0.189 seconds
[2026-09-17T14:12:08.966+0000] {processor.py:161} INFO - Started process (PID=1150) to work on /opt/airflow/dags/extraction_dag.py
[2026-09-17T14:12:08.968+0000] {processor.py:830} INFO - Processing file /opt/airflow/dags/extraction_dag.py for tasks to queue
[2026-09-17T14:12:08.971+0000] {logging_mixin.py:188} INFO - [2026-09-17T14:12:08.971+0000] {dagbag.py:545} INFO - Filling up the DagBag from /opt/airflow/dags/extraction_dag.py
[2026-09-17T14:12:09.042+0000] {processor.py:840} INFO - DAG(s) 'youtube_extraction' retrieved from /opt/airflow/dags/extraction_dag.py
[2026-09-17T14:12:09.065+0000] {logging_mixin.py:188} INFO - [2026-09-17T14:12:09.065+0000] {dag.py:3096} INFO - Sync 1 DAGs
[2026-09-17T14:12:09.084+0000] {logging_mixin.py:188} INFO - [2026-09-17T14:12:09.084+0000] {dag.py:3954} INFO - Setting next_dagrun for youtube_extraction to 2026-09-17 00:00:00+00:00, run_after=2026-09-18 00:00:00+00:00
[2026-09-17T14:12:09.122+0000] {processor.py:183} INFO - Processing /opt/airflow/dags/extraction_dag.py took 0.162 seconds
[2026-09-17T14:12:39.566+0000] {processor.py:161} INFO - Started process (PID=1159) to work on /opt/airflow/dags/extraction_dag.py
[2026-09-17T14:12:39.568+0000] {processor.py:830} INFO - Processing file /opt/airflow/dags/extraction_dag.py for tasks to queue
[2026-09-17T14:12:39.570+0000] {logging_mixin.py:188} INFO - [2026-09-17T14:12:39.570+0000] {dagbag.py:545} INFO - Filling up the DagBag from /opt/airflow/dags/extraction_dag.py
[2026-09-17T14:12:39.637+0000] {processor.py:840} INFO - DAG(s) 'youtube_extraction' retrieved from /opt/airflow/dags/extraction_dag.py
[2026-09-17T14:12:39.663+0000] {logging_mixin.py:188} INFO - [2026-09-17T14:12:39.663+0000] {dag.py:3096} INFO - Sync 1 DAGs
[2026-09-17T14:12:39.685+0000] {logging_mixin.py:188} INFO - [2026-09-17T14:12:39.685+0000] {dag.py:3954} INFO - Setting next_dagrun for youtube_extraction to 2026-09-17 00:00:00+00:00, run_after=2026-09-18 00:00:00+00:00
[2026-09-17T14:12:39.712+0000] {processor.py:183} INFO - Processing /opt/airflow/dags/extraction_dag.py took 0.152 seconds
[2026-09-17T14:13:10.163+0000] {processor.py:161} INFO - Started process (PID=1168) to work on /opt/airflow/dags/extraction_dag.py
[2026-09-17T14:13:10.165+0000] {processor.py:830} INFO - Processing file /opt/airflow/dags/extraction_dag.py for tasks to queue
[2026-09-17T14:13:10.167+0000] {logging_mixin.py:188} INFO - [2026-09-17T14:13:10.167+0000] {dagbag.py:545} INFO - Filling up the DagBag from /opt/airflow/dags/extraction_dag.py
[2026-09-17T14:13:10.277+0000] {processor.py:840} INFO - DAG(s) 'youtube_extraction' retrieved from /opt/airflow/dags/extraction_dag.py
[2026-09-17T14:13:10.295+0000] {logging_mixin.py:188} INFO - [2026-09-17T14:13:10.295+0000] {dag.py:3096} INFO - Sync 1 DAGs
[2026-09-17T14:13:10.313+0000] {logging_mixin.py:188} INFO - [2026-09-17T14:13:10.313+0000] {dag.py:3954} INFO - Setting next_dagrun for youtube_extraction to 2026-09-17 00:00:00+00:00, run_after=2026-09-18 00:00:00+00:00
[2026-09-17T14:13:10.336+0000] {processor.py:183} INFO - Processing /opt/airflow/dags/extraction_dag.py took 0.179 seconds
[2026-09-17T14:13:40.758+0000] {processor.py:161} INFO - Started process (PID=1178) to work on /opt/airflow/dags/extraction_dag.py
[2026-09-17T14:13:40.760+0000] {processor.py:830} INFO - Processing file /opt/airflow/dags/extraction_dag.py for tasks to queue
[2026-09-17T14:13:40.763+0000] {logging_mixin.py:188} INFO - [2026-09-17T14:13:40.763+0000] {dagbag.py:545} INFO - Filling up the DagBag from /opt/airflow/dags/extraction_dag.py
[2026-09-17T14:13:40.866+0000] {processor.py:840} INFO - DAG(s) 'youtube_extraction' retrieved from /opt/airflow/dags/extraction_dag.py
[2026-09-17T14:13:40.891+0000] {logging_mixin.py:188} INFO - [2026-09-17T14:13:40.890+0000] {dag.py:3096} INFO - Sync 1 DAGs
[2026-09-17T14:13:40.906+0000] {logging_mixin.py:188} INFO - [2026-09-17T14:13:40.906+0000] {dag.py:3954} INFO - Setting next_dagrun for youtube_extraction to 2026-09-17 00:00:00+00:00, run_after=2026-09-18 00:00:00+00:00
[2026-09-17T14:13:40.927+0000] {processor.py:183} INFO - Processing /opt/airflow/dags/extraction_dag.py took 0.178 seconds
[2026-09-17T14:14:11.350+0000] {processor.py:161} INFO - Started process (PID=1187) to work on /opt/airflow/dags/extraction_dag.py
[2026-09-17T14:14:11.353+0000] {processor.py:830} INFO - Processing file /opt/airflow/dags/extraction_dag.py for tasks to queue
[2026-09-17T14:14:11.356+0000] {logging_mixin.py:188} INFO - [2026-09-17T14:14:11.356+0000] {dagbag.py:545} INFO - Filling up the DagBag from /opt/airflow/dags/extraction_dag.py
[2026-09-17T14:14:11.456+0000] {processor.py:840} INFO - DAG(s) 'youtube_extraction' retrieved from /opt/airflow/dags/extraction_dag.py
[2026-09-17T14:14:11.475+0000] {logging_mixin.py:188} INFO - [2026-09-17T14:14:11.475+0000] {dag.py:3096} INFO - Sync 1 DAGs
[2026-09-17T14:14:11.492+0000] {logging_mixin.py:188} INFO - [2026-09-17T14:14:11.492+0000] {dag.py:3954} INFO - Setting next_dagrun for youtube_extraction to 2026-09-17 00:00:00+00:00, run_after=2026-09-18 00:00:00+00:00
[2026-09-17T14:14:11.515+0000] {processor.py:183} INFO - Processing /opt/airflow/dags/extraction_dag.py took 0.171 seconds
[2026-09-17T14:14:41.960+0000] {processor.py:161} INFO - Started process (PID=1196) to work on /opt/airflow/dags/extraction_dag.py
[2026-09-17T14:14:41.963+0000] {processor.py:830} INFO - Processing file /opt/airflow/dags/extraction_dag.py for tasks to queue
[2026-09-17T14:14:41.967+0000] {logging_mixin.py:188} INFO - [2026-09-17T14:14:41.966+0000] {dagbag.py:545} INFO - Filling up the DagBag from /opt/airflow/dags/extraction_dag.py
[2026-09-17T14:14:42.045+0000] {processor.py:840} INFO - DAG(s) 'youtube_extraction' retrieved from /opt/airflow/dags/extraction_dag.py
[2026-09-17T14:14:42.066+0000] {logging_mixin.py:188} INFO - [2026-09-17T14:14:42.066+0000] {dag.py:3096} INFO - Sync 1 DAGs
[2026-09-17T14:14:42.086+0000] {logging_mixin.py:188} INFO - [2026-09-17T14:14:42.086+0000] {dag.py:3954} INFO - Setting next_dagrun for youtube_extraction to 2026-09-17 00:00:00+00:00, run_after=2026-09-18 00:00:00+00:00
[2026-09-17T14:14:42.114+0000] {processor.py:183} INFO - Processing /opt/airflow/dags/extraction_dag.py took 0.159 seconds
[2026-09-17T14:15:12.583+0000] {processor.py:161} INFO - Started process (PID=1205) to work on /opt/airflow/dags/extraction_dag.py
[2026-09-17T14:15:12.586+0000] {processor.py:830} INFO - Processing file /opt/airflow/dags/extraction_dag.py for tasks to queue
[2026-09-17T14:15:12.589+0000] {logging_mixin.py:188} INFO - [2026-09-17T14:15:12.589+0000] {dagbag.py:545} INFO - Filling up the DagBag from /opt/airflow/dags/extraction_dag.py
[2026-09-17T14:15:12.703+0000] {processor.py:840} INFO - DAG(s) 'youtube_extraction' retrieved from /opt/airflow/dags/extraction_dag.py
[2026-09-17T14:15:12.727+0000] {logging_mixin.py:188} INFO - [2026-09-17T14:15:12.727+0000] {dag.py:3096} INFO - Sync 1 DAGs
[2026-09-17T14:15:12.748+0000] {logging_mixin.py:188} INFO - [2026-09-17T14:15:12.748+0000] {dag.py:3954} INFO - Setting next_dagrun for youtube_extraction to 2026-09-17 00:00:00+00:00, run_after=2026-09-18 00:00:00+00:00
[2026-09-17T14:15:12.770+0000] {processor.py:183} INFO - Processing /opt/airflow/dags/extraction_dag.py took 0.193 seconds
[2026-09-17T14:15:43.251+0000] {processor.py:161} INFO - Started process (PID=1214) to work on /opt/airflow/dags/extraction_dag.py
[2026-09-17T14:15:43.253+0000] {processor.py:830} INFO - Processing file /opt/airflow/dags/extraction_dag.py for tasks to queue
[2026-09-17T14:15:43.255+0000] {logging_mixin.py:188} INFO - [2026-09-17T14:15:43.255+0000] {dagbag.py:545} INFO - Filling up the DagBag from /opt/airflow/dags/extraction_dag.py
[2026-09-17T14:15:43.354+0000] {processor.py:840} INFO - DAG(s) 'youtube_extraction' retrieved from /opt/airflow/dags/extraction_dag.py
[2026-09-17T14:15:43.376+0000] {logging_mixin.py:188} INFO - [2026-09-17T14:15:43.376+0000] {dag.py:3096} INFO - Sync 1 DAGs
[2026-09-17T14:15:43.395+0000] {logging_mixin.py:188} INFO - [2026-09-17T14:15:43.395+0000] {dag.py:3954} INFO - Setting next_dagrun for youtube_extraction to 2026-09-17 00:00:00+00:00, run_after=2026-09-18 00:00:00+00:00
[2026-09-17T14:15:43.443+0000] {processor.py:183} INFO - Processing /opt/airflow/dags/extraction_dag.py took 0.198 seconds
[2026-09-17T14:16:13.890+0000] {processor.py:161} INFO - Started process (PID=1223) to work on /opt/airflow/dags/extraction_dag.py
[2026-09-17T14:16:13.893+0000] {processor.py:830} INFO - Processing file /opt/airflow/dags/extraction_dag.py for tasks to queue
[2026-09-17T14:16:13.897+0000] {logging_mixin.py:188} INFO - [2026-09-17T14:16:13.896+0000] {dagbag.py:545} INFO - Filling up the DagBag from /opt/airflow/dags/extraction_dag.py
[2026-09-17T14:16:13.995+0000] {processor.py:840} INFO - DAG(s) 'youtube_extraction' retrieved from /opt/airflow/dags/extraction_dag.py
[2026-09-17T14:16:14.017+0000] {logging_mixin.py:188} INFO - [2026-09-17T14:16:14.016+0000] {dag.py:3096} INFO - Sync 1 DAGs
[2026-09-17T14:16:14.035+0000] {logging_mixin.py:188} INFO - [2026-09-17T14:16:14.035+0000] {dag.py:3954} INFO - Setting next_dagrun for youtube_extraction to 2026-09-17 00:00:00+00:00, run_after=2026-09-18 00:00:00+00:00
[2026-09-17T14:16:14.073+0000] {processor.py:183} INFO - Processing /opt/airflow/dags/extraction_dag.py took 0.191 seconds
[2026-09-17T14:16:44.482+0000] {processor.py:161} INFO - Started process (PID=1232) to work on /opt/airflow/dags/extraction_dag.py
[2026-09-17T14:16:44.484+0000] {processor.py:830} INFO - Processing file /opt/airflow/dags/extraction_dag.py for tasks to queue
[2026-09-17T14:16:44.488+0000] {logging_mixin.py:188} INFO - [2026-09-17T14:16:44.487+0000] {dagbag.py:545} INFO - Filling up the DagBag from /opt/airflow/dags/extraction_dag.py
[2026-09-17T14:16:44.611+0000] {processor.py:840} INFO - DAG(s) 'youtube_extraction' retrieved from /opt/airflow/dags/extraction_dag.py
[2026-09-17T14:16:44.632+0000] {logging_mixin.py:188} INFO - [2026-09-17T14:16:44.631+0000] {dag.py:3096} INFO - Sync 1 DAGs
[2026-09-17T14:16:44.649+0000] {logging_mixin.py:188} INFO - [2026-09-17T14:16:44.649+0000] {dag.py:3954} INFO - Setting next_dagrun for youtube_extraction to 2026-09-17 00:00:00+00:00, run_after=2026-09-18 00:00:00+00:00
[2026-09-17T14:16:44.682+0000] {processor.py:183} INFO - Processing /opt/airflow/dags/extraction_dag.py took 0.206 seconds
[2026-09-17T14:17:15.115+0000] {processor.py:161} INFO - Started process (PID=1241) to work on /opt/airflow/dags/extraction_dag.py
[2026-09-17T14:17:15.117+0000] {processor.py:830} INFO - Processing file /opt/airflow/dags/extraction_dag.py for tasks to queue
[2026-09-17T14:17:15.120+0000] {logging_mixin.py:188} INFO - [2026-09-17T14:17:15.120+0000] {dagbag.py:545} INFO - Filling up the DagBag from /opt/airflow/dags/extraction_dag.py
[2026-09-17T14:17:15.215+0000] {processor.py:840} INFO - DAG(s) 'youtube_extraction' retrieved from /opt/airflow/dags/extraction_dag.py
[2026-09-17T14:17:15.234+0000] {logging_mixin.py:188} INFO - [2026-09-17T14:17:15.234+0000] {dag.py:3096} INFO - Sync 1 DAGs
[2026-09-17T14:17:15.251+0000] {logging_mixin.py:188} INFO - [2026-09-17T14:17:15.251+0000] {dag.py:3954} INFO - Setting next_dagrun for youtube_extraction to 2026-09-17 00:00:00+00:00, run_after=2026-09-18 00:00:00+00:00
[2026-09-17T14:17:15.275+0000] {processor.py:183} INFO - Processing /opt/airflow/dags/extraction_dag.py took 0.166 seconds
[2026-09-17T14:17:45.676+0000] {processor.py:161} INFO - Started process (PID=1250) to work on /opt/airflow/dags/extraction_dag.py
[2026-09-17T14:17:45.680+0000] {processor.py:830} INFO - Processing file /opt/airflow/dags/extraction_dag.py for tasks to queue
[2026-09-17T14:17:45.687+0000] {logging_mixin.py:188} INFO - [2026-09-17T14:17:45.686+0000] {dagbag.py:545} INFO - Filling up the DagBag from /opt/airflow/dags/extraction_dag.py
[2026-09-17T14:17:45.789+0000] {processor.py:840} INFO - DAG(s) 'youtube_extraction' retrieved from /opt/airflow/dags/extraction_dag.py
[2026-09-17T14:17:45.819+0000] {logging_mixin.py:188} INFO - [2026-09-17T14:17:45.819+0000] {dag.py:3096} INFO - Sync 1 DAGs
[2026-09-17T14:17:45.848+0000] {logging_mixin.py:188} INFO - [2026-09-17T14:17:45.848+0000] {dag.py:3954} INFO - Setting next_dagrun for youtube_extraction to 2026-09-17 00:00:00+00:00, run_after=2026-09-18 00:00:00+00:00
[2026-09-17T14:17:45.882+0000] {processor.py:183} INFO - Processing /opt/airflow/dags/extraction_dag.py took 0.223 seconds
[2026-09-17T14:18:16.290+0000] {processor.py:161} INFO - Started process (PID=1259) to work on /opt/airflow/dags/extraction_dag.py
[2026-09-17T14:18:16.294+0000] {processor.py:830} INFO - Processing file /opt/airflow/dags/extraction_dag.py for tasks to queue
[2026-09-17T14:18:16.297+0000] {logging_mixin.py:188} INFO - [2026-09-17T14:18:16.297+0000] {dagbag.py:545} INFO - Filling up the DagBag from /opt/airflow/dags/extraction_dag.py
[2026-09-17T14:18:16.422+0000] {processor.py:840} INFO - DAG(s) 'youtube_extraction' retrieved from /opt/airflow/dags/extraction_dag.py
[2026-09-17T14:18:16.442+0000] {logging_mixin.py:188} INFO - [2026-09-17T14:18:16.442+0000] {dag.py:3096} INFO - Sync 1 DAGs
[2026-09-17T14:18:16.461+0000] {logging_mixin.py:188} INFO - [2026-09-17T14:18:16.461+0000] {dag.py:3954} INFO - Setting next_dagrun for youtube_extraction to 2026-09-17 00:00:00+00:00, run_after=2026-09-18 00:00:00+00:00
[2026-09-17T14:18:16.494+0000] {processor.py:183} INFO - Processing /opt/airflow/dags/extraction_dag.py took 0.210 seconds
[2026-09-17T14:18:46.989+0000] {processor.py:161} INFO - Started process (PID=1268) to work on /opt/airflow/dags/extraction_dag.py
[2026-09-17T14:18:46.991+0000] {processor.py:830} INFO - Processing file /opt/airflow/dags/extraction_dag.py for tasks to queue
[2026-09-17T14:18:46.995+0000] {logging_mixin.py:188} INFO - [2026-09-17T14:18:46.995+0000] {dagbag.py:545} INFO - Filling up the DagBag from /opt/airflow/dags/extraction_dag.py
[2026-09-17T14:18:47.107+0000] {processor.py:840} INFO - DAG(s) 'youtube_extraction' retrieved from /opt/airflow/dags/extraction_dag.py
[2026-09-17T14:18:47.129+0000] {logging_mixin.py:188} INFO - [2026-09-17T14:18:47.128+0000] {dag.py:3096} INFO - Sync 1 DAGs
[2026-09-17T14:18:47.149+0000] {logging_mixin.py:188} INFO - [2026-09-17T14:18:47.149+0000] {dag.py:3954} INFO - Setting next_dagrun for youtube_extraction to 2026-09-17 00:00:00+00:00, run_after=2026-09-18 00:00:00+00:00
[2026-09-17T14:18:47.175+0000] {processor.py:183} INFO - Processing /opt/airflow/dags/extraction_dag.py took 0.192 seconds
[2026-09-17T14:19:17.615+0000] {processor.py:161} INFO - Started process (PID=1277) to work on /opt/airflow/dags/extraction_dag.py
[2026-09-17T14:19:17.618+0000] {processor.py:830} INFO - Processing file /opt/airflow/dags/extraction_dag.py for tasks to queue
[2026-09-17T14:19:17.621+0000] {logging_mixin.py:188} INFO - [2026-09-17T14:19:17.621+0000] {dagbag.py:545} INFO - Filling up the DagBag from /opt/airflow/dags/extraction_dag.py
[2026-09-17T14:19:17.719+0000] {processor.py:840} INFO - DAG(s) 'youtube_extraction' retrieved from /opt/airflow/dags/extraction_dag.py
[2026-09-17T14:19:17.740+0000] {logging_mixin.py:188} INFO - [2026-09-17T14:19:17.740+0000] {dag.py:3096} INFO - Sync 1 DAGs
[2026-09-17T14:19:17.759+0000] {logging_mixin.py:188} INFO - [2026-09-17T14:19:17.759+0000] {dag.py:3954} INFO - Setting next_dagrun for youtube_extraction to 2026-09-17 00:00:00+00:00, run_after=2026-09-18 00:00:00+00:00
[2026-09-17T14:19:17.786+0000] {processor.py:183} INFO - Processing /opt/airflow/dags/extraction_dag.py took 0.177 seconds
[2026-09-17T14:19:48.254+0000] {processor.py:161} INFO - Started process (PID=1286) to work on /opt/airflow/dags/extraction_dag.py
[2026-09-17T14:19:48.257+0000] {processor.py:830} INFO - Processing file /opt/airflow/dags/extraction_dag.py for tasks to queue
[2026-09-17T14:19:48.260+0000] {logging_mixin.py:188} INFO - [2026-09-17T14:19:48.260+0000] {dagbag.py:545} INFO - Filling up the DagBag from /opt/airflow/dags/extraction_dag.py
[2026-09-17T14:19:48.352+0000] {processor.py:840} INFO - DAG(s) 'youtube_extraction' retrieved from /opt/airflow/dags/extraction_dag.py
[2026-09-17T14:19:48.374+0000] {logging_mixin.py:188} INFO - [2026-09-17T14:19:48.374+0000] {dag.py:3096} INFO - Sync 1 DAGs
[2026-09-17T14:19:48.396+0000] {logging_mixin.py:188} INFO - [2026-09-17T14:19:48.396+0000] {dag.py:3954} INFO - Setting next_dagrun for youtube_extraction to 2026-09-17 00:00:00+00:00, run_after=2026-09-18 00:00:00+00:00
[2026-09-17T14:19:48.425+0000] {processor.py:183} INFO - Processing /opt/airflow/dags/extraction_dag.py took 0.182 seconds
[2026-09-17T14:20:18.923+0000] {processor.py:161} INFO - Started process (PID=1295) to work on /opt/airflow/dags/extraction_dag.py
[2026-09-17T14:20:18.925+0000] {processor.py:830} INFO - Processing file /opt/airflow/dags/extraction_dag.py for tasks to queue
[2026-09-17T14:20:18.928+0000] {logging_mixin.py:188} INFO - [2026-09-17T14:20:18.928+0000] {dagbag.py:545} INFO - Filling up the DagBag from /opt/airflow/dags/extraction_dag.py
[2026-09-17T14:20:19.020+0000] {processor.py:840} INFO - DAG(s) 'youtube_extraction' retrieved from /opt/airflow/dags/extraction_dag.py
[2026-09-17T14:20:19.042+0000] {logging_mixin.py:188} INFO - [2026-09-17T14:20:19.042+0000] {dag.py:3096} INFO - Sync 1 DAGs
[2026-09-17T14:20:19.065+0000] {logging_mixin.py:188} INFO - [2026-09-17T14:20:19.065+0000] {dag.py:3954} INFO - Setting next_dagrun for youtube_extraction to 2026-09-17 00:00:00+00:00, run_after=2026-09-18 00:00:00+00:00
[2026-09-17T14:20:19.095+0000] {processor.py:183} INFO - Processing /opt/airflow/dags/extraction_dag.py took 0.181 seconds
[2026-09-17T14:20:49.546+0000] {processor.py:161} INFO - Started process (PID=1304) to work on /opt/airflow/dags/extraction_dag.py
[2026-09-17T14:20:49.549+0000] {processor.py:830} INFO - Processing file /opt/airflow/dags/extraction_dag.py for tasks to queue
[2026-09-17T14:20:49.552+0000] {logging_mixin.py:188} INFO - [2026-09-17T14:20:49.552+0000] {dagbag.py:545} INFO - Filling up the DagBag from /opt/airflow/dags/extraction_dag.py
[2026-09-17T14:20:49.657+0000] {processor.py:840} INFO - DAG(s) 'youtube_extraction' retrieved from /opt/airflow/dags/extraction_dag.py
[2026-09-17T14:20:49.676+0000] {logging_mixin.py:188} INFO - [2026-09-17T14:20:49.676+0000] {dag.py:3096} INFO - Sync 1 DAGs
[2026-09-17T14:20:49.694+0000] {logging_mixin.py:188} INFO - [2026-09-17T14:20:49.694+0000] {dag.py:3954} INFO - Setting next_dagrun for youtube_extraction to 2026-09-17 00:00:00+00:00, run_after=2026-09-18 00:00:00+00:00
[2026-09-17T14:20:49.717+0000] {processor.py:183} INFO - Processing /opt/airflow/dags/extraction_dag.py took 0.176 seconds
[2026-09-17T14:21:20.165+0000] {processor.py:161} INFO - Started process (PID=1313) to work on /opt/airflow/dags/extraction_dag.py
[2026-09-17T14:21:20.167+0000] {processor.py:830} INFO - Processing file /opt/airflow/dags/extraction_dag.py for tasks to queue
[2026-09-17T14:21:20.170+0000] {logging_mixin.py:188} INFO - [2026-09-17T14:21:20.170+0000] {dagbag.py:545} INFO - Filling up the DagBag from /opt/airflow/dags/extraction_dag.py
[2026-09-17T14:21:20.275+0000] {processor.py:840} INFO - DAG(s) 'youtube_extraction' retrieved from /opt/airflow/dags/extraction_dag.py
[2026-09-17T14:21:20.295+0000] {logging_mixin.py:188} INFO - [2026-09-17T14:21:20.295+0000] {dag.py:3096} INFO - Sync 1 DAGs
[2026-09-17T14:21:20.315+0000] {logging_mixin.py:188} INFO - [2026-09-17T14:21:20.315+0000] {dag.py:3954} INFO - Setting next_dagrun for youtube_extraction to 2026-09-17 00:00:00+00:00, run_after=2026-09-18 00:00:00+00:00
[2026-09-17T14:21:20.345+0000] {processor.py:183} INFO - Processing /opt/airflow/dags/extraction_dag.py took 0.186 seconds
[2026-09-17T14:21:50.760+0000] {processor.py:161} INFO - Started process (PID=1322) to work on /opt/airflow/dags/extraction_dag.py
[2026-09-17T14:21:50.762+0000] {processor.py:830} INFO - Processing file /opt/airflow/dags/extraction_dag.py for tasks to queue
[2026-09-17T14:21:50.766+0000] {logging_mixin.py:188} INFO - [2026-09-17T14:21:50.765+0000] {dagbag.py:545} INFO - Filling up the DagBag from /opt/airflow/dags/extraction_dag.py
[2026-09-17T14:21:50.866+0000] {processor.py:840} INFO - DAG(s) 'youtube_extraction' retrieved from /opt/airflow/dags/extraction_dag.py
[2026-09-17T14:21:50.886+0000] {logging_mixin.py:188} INFO - [2026-09-17T14:21:50.885+0000] {dag.py:3096} INFO - Sync 1 DAGs
[2026-09-17T14:21:50.904+0000] {logging_mixin.py:188} INFO - [2026-09-17T14:21:50.904+0000] {dag.py:3954} INFO - Setting next_dagrun for youtube_extraction to 2026-09-17 00:00:00+00:00, run_after=2026-09-18 00:00:00+00:00
[2026-09-17T14:21:50.924+0000] {processor.py:183} INFO - Processing /opt/airflow/dags/extraction_dag.py took 0.169 seconds
[2026-09-17T14:22:21.309+0000] {processor.py:161} INFO - Started process (PID=1331) to work on /opt/airflow/dags/extraction_dag.py
[2026-09-17T14:22:21.313+0000] {processor.py:830} INFO - Processing file /opt/airflow/dags/extraction_dag.py for tasks to queue
[2026-09-17T14:22:21.316+0000] {logging_mixin.py:188} INFO - [2026-09-17T14:22:21.316+0000] {dagbag.py:545} INFO - Filling up the DagBag from /opt/airflow/dags/extraction_dag.py
[2026-09-17T14:22:21.421+0000] {processor.py:840} INFO - DAG(s) 'youtube_extraction' retrieved from /opt/airflow/dags/extraction_dag.py
[2026-09-17T14:22:21.444+0000] {logging_mixin.py:188} INFO - [2026-09-17T14:22:21.444+0000] {dag.py:3096} INFO - Sync 1 DAGs
[2026-09-17T14:22:21.464+0000] {logging_mixin.py:188} INFO - [2026-09-17T14:22:21.464+0000] {dag.py:3954} INFO - Setting next_dagrun for youtube_extraction to 2026-09-17 00:00:00+00:00, run_after=2026-09-18 00:00:00+00:00
[2026-09-17T14:22:21.495+0000] {processor.py:183} INFO - Processing /opt/airflow/dags/extraction_dag.py took 0.194 seconds
[2026-09-17T14:22:51.951+0000] {processor.py:161} INFO - Started process (PID=1340) to work on /opt/airflow/dags/extraction_dag.py
[2026-09-17T14:22:51.953+0000] {processor.py:830} INFO - Processing file /opt/airflow/dags/extraction_dag.py for tasks to queue
[2026-09-17T14:22:51.956+0000] {logging_mixin.py:188} INFO - [2026-09-17T14:22:51.956+0000] {dagbag.py:545} INFO - Filling up the DagBag from /opt/airflow/dags/extraction_dag.py
[2026-09-17T14:22:52.050+0000] {processor.py:840} INFO - DAG(s) 'youtube_extraction' retrieved from /opt/airflow/dags/extraction_dag.py
[2026-09-17T14:22:52.071+0000] {logging_mixin.py:188} INFO - [2026-09-17T14:22:52.071+0000] {dag.py:3096} INFO - Sync 1 DAGs
[2026-09-17T14:22:52.089+0000] {logging_mixin.py:188} INFO - [2026-09-17T14:22:52.089+0000] {dag.py:3954} INFO - Setting next_dagrun for youtube_extraction to 2026-09-17 00:00:00+00:00, run_after=2026-09-18 00:00:00+00:00
[2026-09-17T14:22:52.117+0000] {processor.py:183} INFO - Processing /opt/airflow/dags/extraction_dag.py took 0.172 seconds
[2026-09-17T14:23:22.606+0000] {processor.py:161} INFO - Started process (PID=1349) to work on /opt/airflow/dags/extraction_dag.py
[2026-09-17T14:23:22.609+0000] {processor.py:830} INFO - Processing file /opt/airflow/dags/extraction_dag.py for tasks to queue
[2026-09-17T14:23:22.612+0000] {logging_mixin.py:188} INFO - [2026-09-17T14:23:22.611+0000] {dagbag.py:545} INFO - Filling up the DagBag from /opt/airflow/dags/extraction_dag.py
[2026-09-17T14:23:22.738+0000] {processor.py:840} INFO - DAG(s) 'youtube_extraction' retrieved from /opt/airflow/dags/extraction_dag.py
[2026-09-17T14:23:22.759+0000] {logging_mixin.py:188} INFO - [2026-09-17T14:23:22.758+0000] {dag.py:3096} INFO - Sync 1 DAGs
[2026-09-17T14:23:22.777+0000] {logging_mixin.py:188} INFO - [2026-09-17T14:23:22.777+0000] {dag.py:3954} INFO - Setting next_dagrun for youtube_extraction to 2026-09-17 00:00:00+00:00, run_after=2026-09-18 00:00:00+00:00
[2026-09-17T14:23:22.804+0000] {processor.py:183} INFO - Processing /opt/airflow/dags/extraction_dag.py took 0.204 seconds
[2026-09-17T14:23:53.281+0000] {processor.py:161} INFO - Started process (PID=1358) to work on /opt/airflow/dags/extraction_dag.py
[2026-09-17T14:23:53.283+0000] {processor.py:830} INFO - Processing file /opt/airflow/dags/extraction_dag.py for tasks to queue
[2026-09-17T14:23:53.286+0000] {logging_mixin.py:188} INFO - [2026-09-17T14:23:53.286+0000] {dagbag.py:545} INFO - Filling up the DagBag from /opt/airflow/dags/extraction_dag.py
[2026-09-17T14:23:53.390+0000] {processor.py:840} INFO - DAG(s) 'youtube_extraction' retrieved from /opt/airflow/dags/extraction_dag.py
[2026-09-17T14:23:53.409+0000] {logging_mixin.py:188} INFO - [2026-09-17T14:23:53.408+0000] {dag.py:3096} INFO - Sync 1 DAGs
[2026-09-17T14:23:53.427+0000] {logging_mixin.py:188} INFO - [2026-09-17T14:23:53.427+0000] {dag.py:3954} INFO - Setting next_dagrun for youtube_extraction to 2026-09-17 00:00:00+00:00, run_after=2026-09-18 00:00:00+00:00
[2026-09-17T14:23:53.448+0000] {processor.py:183} INFO - Processing /opt/airflow/dags/extraction_dag.py took 0.172 seconds
[2026-09-17T14:24:23.911+0000] {processor.py:161} INFO - Started process (PID=1367) to work on /opt/airflow/dags/extraction_dag.py
[2026-09-17T14:24:23.913+0000] {processor.py:830} INFO - Processing file /opt/airflow/dags/extraction_dag.py for tasks to queue
[2026-09-17T14:24:23.920+0000] {logging_mixin.py:188} INFO - [2026-09-17T14:24:23.920+0000] {dagbag.py:545} INFO - Filling up the DagBag from /opt/airflow/dags/extraction_dag.py
[2026-09-17T14:24:23.995+0000] {processor.py:840} INFO - DAG(s) 'youtube_extraction' retrieved from /opt/airflow/dags/extraction_dag.py
[2026-09-17T14:24:24.018+0000] {logging_mixin.py:188} INFO - [2026-09-17T14:24:24.018+0000] {dag.py:3096} INFO - Sync 1 DAGs
[2026-09-17T14:24:24.039+0000] {logging_mixin.py:188} INFO - [2026-09-17T14:24:24.039+0000] {dag.py:3954} INFO - Setting next_dagrun for youtube_extraction to 2026-09-17 00:00:00+00:00, run_after=2026-09-18 00:00:00+00:00
[2026-09-17T14:24:24.065+0000] {processor.py:183} INFO - Processing /opt/airflow/dags/extraction_dag.py took 0.160 seconds
[2026-09-17T14:24:54.518+0000] {processor.py:161} INFO - Started process (PID=1376) to work on /opt/airflow/dags/extraction_dag.py
[2026-09-17T14:24:54.521+0000] {processor.py:830} INFO - Processing file /opt/airflow/dags/extraction_dag.py for tasks to queue
[2026-09-17T14:24:54.524+0000] {logging_mixin.py:188} INFO - [2026-09-17T14:24:54.524+0000] {dagbag.py:545} INFO - Filling up the DagBag from /opt/airflow/dags/extraction_dag.py
[2026-09-17T14:24:54.629+0000] {processor.py:840} INFO - DAG(s) 'youtube_extraction' retrieved from /opt/airflow/dags/extraction_dag.py
[2026-09-17T14:24:54.650+0000] {logging_mixin.py:188} INFO - [2026-09-17T14:24:54.650+0000] {dag.py:3096} INFO - Sync 1 DAGs
[2026-09-17T14:24:54.668+0000] {logging_mixin.py:188} INFO - [2026-09-17T14:24:54.668+0000] {dag.py:3954} INFO - Setting next_dagrun for youtube_extraction to 2026-09-17 00:00:00+00:00, run_after=2026-09-18 00:00:00+00:00
[2026-09-17T14:24:54.692+0000] {processor.py:183} INFO - Processing /opt/airflow/dags/extraction_dag.py took 0.179 seconds
[2026-09-17T14:25:25.164+0000] {processor.py:161} INFO - Started process (PID=1386) to work on /opt/airflow/dags/extraction_dag.py
[2026-09-17T14:25:25.167+0000] {processor.py:830} INFO - Processing file /opt/airflow/dags/extraction_dag.py for tasks to queue
[2026-09-17T14:25:25.171+0000] {logging_mixin.py:188} INFO - [2026-09-17T14:25:25.171+0000] {dagbag.py:545} INFO - Filling up the DagBag from /opt/airflow/dags/extraction_dag.py
[2026-09-17T14:25:25.302+0000] {processor.py:840} INFO - DAG(s) 'youtube_extraction' retrieved from /opt/airflow/dags/extraction_dag.py
[2026-09-17T14:25:25.327+0000] {logging_mixin.py:188} INFO - [2026-09-17T14:25:25.327+0000] {dag.py:3096} INFO - Sync 1 DAGs
[2026-09-17T14:25:25.349+0000] {logging_mixin.py:188} INFO - [2026-09-17T14:25:25.348+0000] {dag.py:3954} INFO - Setting next_dagrun for youtube_extraction to 2026-09-17 00:00:00+00:00, run_after=2026-09-18 00:00:00+00:00
[2026-09-17T14:25:25.373+0000] {processor.py:183} INFO - Processing /opt/airflow/dags/extraction_dag.py took 0.218 seconds
[2026-09-17T14:25:55.787+0000] {processor.py:161} INFO - Started process (PID=1395) to work on /opt/airflow/dags/extraction_dag.py
[2026-09-17T14:25:55.790+0000] {processor.py:830} INFO - Processing file /opt/airflow/dags/extraction_dag.py for tasks to queue
[2026-09-17T14:25:55.793+0000] {logging_mixin.py:188} INFO - [2026-09-17T14:25:55.793+0000] {dagbag.py:545} INFO - Filling up the DagBag from /opt/airflow/dags/extraction_dag.py
[2026-09-17T14:25:55.898+0000] {processor.py:840} INFO - DAG(s) 'youtube_extraction' retrieved from /opt/airflow/dags/extraction_dag.py
[2026-09-17T14:25:55.922+0000] {logging_mixin.py:188} INFO - [2026-09-17T14:25:55.922+0000] {dag.py:3096} INFO - Sync 1 DAGs
[2026-09-17T14:25:55.942+0000] {logging_mixin.py:188} INFO - [2026-09-17T14:25:55.941+0000] {dag.py:3954} INFO - Setting next_dagrun for youtube_extraction to 2026-09-17 00:00:00+00:00, run_after=2026-09-18 00:00:00+00:00
[2026-09-17T14:25:55.985+0000] {processor.py:183} INFO - Processing /opt/airflow/dags/extraction_dag.py took 0.203 seconds
[2026-09-17T14:26:26.364+0000] {processor.py:161} INFO - Started process (PID=1404) to work on /opt/airflow/dags/extraction_dag.py
[2026-09-17T14:26:26.366+0000] {processor.py:830} INFO - Processing file /opt/airflow/dags/extraction_dag.py for tasks to queue
[2026-09-17T14:26:26.369+0000] {logging_mixin.py:188} INFO - [2026-09-17T14:26:26.368+0000] {dagbag.py:545} INFO - Filling up the DagBag from /opt/airflow/dags/extraction_dag.py
[2026-09-17T14:26:26.471+0000] {processor.py:840} INFO - DAG(s) 'youtube_extraction' retrieved from /opt/airflow/dags/extraction_dag.py
[2026-09-17T14:26:26.498+0000] {logging_mixin.py:188} INFO - [2026-09-17T14:26:26.498+0000] {dag.py:3096} INFO - Sync 1 DAGs
[2026-09-17T14:26:26.520+0000] {logging_mixin.py:188} INFO - [2026-09-17T14:26:26.520+0000] {dag.py:3954} INFO - Setting next_dagrun for youtube_extraction to 2026-09-17 00:00:00+00:00, run_after=2026-09-18 00:00:00+00:00
[2026-09-17T14:26:26.579+0000] {processor.py:183} INFO - Processing /opt/airflow/dags/extraction_dag.py took 0.223 seconds
[2026-09-17T14:26:56.732+0000] {processor.py:161} INFO - Started process (PID=1413) to work on /opt/airflow/dags/extraction_dag.py
[2026-09-17T14:26:56.736+0000] {processor.py:830} INFO - Processing file /opt/airflow/dags/extraction_dag.py for tasks to queue
[2026-09-17T14:26:56.739+0000] {logging_mixin.py:188} INFO - [2026-09-17T14:26:56.739+0000] {dagbag.py:545} INFO - Filling up the DagBag from /opt/airflow/dags/extraction_dag.py
[2026-09-17T14:26:56.855+0000] {processor.py:840} INFO - DAG(s) 'youtube_extraction' retrieved from /opt/airflow/dags/extraction_dag.py
[2026-09-17T14:26:56.887+0000] {logging_mixin.py:188} INFO - [2026-09-17T14:26:56.886+0000] {dag.py:3096} INFO - Sync 1 DAGs
[2026-09-17T14:26:56.930+0000] {logging_mixin.py:188} INFO - [2026-09-17T14:26:56.930+0000] {dag.py:3954} INFO - Setting next_dagrun for youtube_extraction to 2026-09-17 00:00:00+00:00, run_after=2026-09-18 00:00:00+00:00
[2026-09-17T14:26:56.959+0000] {processor.py:183} INFO - Processing /opt/airflow/dags/extraction_dag.py took 0.237 seconds
[2026-09-17T14:27:27.409+0000] {processor.py:161} INFO - Started process (PID=1422) to work on /opt/airflow/dags/extraction_dag.py
[2026-09-17T14:27:27.413+0000] {processor.py:830} INFO - Processing file /opt/airflow/dags/extraction_dag.py for tasks to queue
[2026-09-17T14:27:27.417+0000] {logging_mixin.py:188} INFO - [2026-09-17T14:27:27.417+0000] {dagbag.py:545} INFO - Filling up the DagBag from /opt/airflow/dags/extraction_dag.py
[2026-09-17T14:27:27.569+0000] {processor.py:840} INFO - DAG(s) 'youtube_extraction' retrieved from /opt/airflow/dags/extraction_dag.py
[2026-09-17T14:27:27.633+0000] {logging_mixin.py:188} INFO - [2026-09-17T14:27:27.633+0000] {dag.py:3096} INFO - Sync 1 DAGs
[2026-09-17T14:27:27.671+0000] {logging_mixin.py:188} INFO - [2026-09-17T14:27:27.670+0000] {dag.py:3954} INFO - Setting next_dagrun for youtube_extraction to 2026-09-17 00:00:00+00:00, run_after=2026-09-18 00:00:00+00:00
[2026-09-17T14:27:27.719+0000] {processor.py:183} INFO - Processing /opt/airflow/dags/extraction_dag.py took 0.321 seconds
[2026-09-17T14:27:58.136+0000] {processor.py:161} INFO - Started process (PID=1431) to work on /opt/airflow/dags/extraction_dag.py
[2026-09-17T14:27:58.139+0000] {processor.py:830} INFO - Processing file /opt/airflow/dags/extraction_dag.py for tasks to queue
[2026-09-17T14:27:58.143+0000] {logging_mixin.py:188} INFO - [2026-09-17T14:27:58.143+0000] {dagbag.py:545} INFO - Filling up the DagBag from /opt/airflow/dags/extraction_dag.py
[2026-09-17T14:27:58.240+0000] {processor.py:840} INFO - DAG(s) 'youtube_extraction' retrieved from /opt/airflow/dags/extraction_dag.py
[2026-09-17T14:27:58.268+0000] {logging_mixin.py:188} INFO - [2026-09-17T14:27:58.268+0000] {dag.py:3096} INFO - Sync 1 DAGs
[2026-09-17T14:27:58.292+0000] {logging_mixin.py:188} INFO - [2026-09-17T14:27:58.292+0000] {dag.py:3954} INFO - Setting next_dagrun for youtube_extraction to 2026-09-17 00:00:00+00:00, run_after=2026-09-18 00:00:00+00:00
[2026-09-17T14:27:58.332+0000] {processor.py:183} INFO - Processing /opt/airflow/dags/extraction_dag.py took 0.204 seconds
[2026-09-17T14:28:28.737+0000] {processor.py:161} INFO - Started process (PID=1440) to work on /opt/airflow/dags/extraction_dag.py
[2026-09-17T14:28:28.740+0000] {processor.py:830} INFO - Processing file /opt/airflow/dags/extraction_dag.py for tasks to queue
[2026-09-17T14:28:28.743+0000] {logging_mixin.py:188} INFO - [2026-09-17T14:28:28.742+0000] {dagbag.py:545} INFO - Filling up the DagBag from /opt/airflow/dags/extraction_dag.py
[2026-09-17T14:28:28.855+0000] {processor.py:840} INFO - DAG(s) 'youtube_extraction' retrieved from /opt/airflow/dags/extraction_dag.py
[2026-09-17T14:28:28.884+0000] {logging_mixin.py:188} INFO - [2026-09-17T14:28:28.883+0000] {dag.py:3096} INFO - Sync 1 DAGs
[2026-09-17T14:28:28.909+0000] {logging_mixin.py:188} INFO - [2026-09-17T14:28:28.909+0000] {dag.py:3954} INFO - Setting next_dagrun for youtube_extraction to 2026-09-17 00:00:00+00:00, run_after=2026-09-18 00:00:00+00:00
[2026-09-17T14:28:28.949+0000] {processor.py:183} INFO - Processing /opt/airflow/dags/extraction_dag.py took 0.221 seconds
[2026-09-17T14:28:59.358+0000] {processor.py:161} INFO - Started process (PID=1449) to work on /opt/airflow/dags/extraction_dag.py
[2026-09-17T14:28:59.361+0000] {processor.py:830} INFO - Processing file /opt/airflow/dags/extraction_dag.py for tasks to queue
[2026-09-17T14:28:59.364+0000] {logging_mixin.py:188} INFO - [2026-09-17T14:28:59.364+0000] {dagbag.py:545} INFO - Filling up the DagBag from /opt/airflow/dags/extraction_dag.py
[2026-09-17T14:28:59.488+0000] {processor.py:840} INFO - DAG(s) 'youtube_extraction' retrieved from /opt/airflow/dags/extraction_dag.py
[2026-09-17T14:28:59.523+0000] {logging_mixin.py:188} INFO - [2026-09-17T14:28:59.523+0000] {dag.py:3096} INFO - Sync 1 DAGs
[2026-09-17T14:28:59.548+0000] {logging_mixin.py:188} INFO - [2026-09-17T14:28:59.548+0000] {dag.py:3954} INFO - Setting next_dagrun for youtube_extraction to 2026-09-17 00:00:00+00:00, run_after=2026-09-18 00:00:00+00:00
[2026-09-17T14:28:59.574+0000] {processor.py:183} INFO - Processing /opt/airflow/dags/extraction_dag.py took 0.221 seconds
[2026-09-17T14:29:29.938+0000] {processor.py:161} INFO - Started process (PID=1458) to work on /opt/airflow/dags/extraction_dag.py
[2026-09-17T14:29:29.941+0000] {processor.py:830} INFO - Processing file /opt/airflow/dags/extraction_dag.py for tasks to queue
[2026-09-17T14:29:29.958+0000] {logging_mixin.py:188} INFO - [2026-09-17T14:29:29.957+0000] {dagbag.py:545} INFO - Filling up the DagBag from /opt/airflow/dags/extraction_dag.py
[2026-09-17T14:29:30.071+0000] {processor.py:840} INFO - DAG(s) 'youtube_extraction' retrieved from /opt/airflow/dags/extraction_dag.py
[2026-09-17T14:29:30.096+0000] {logging_mixin.py:188} INFO - [2026-09-17T14:29:30.096+0000] {dag.py:3096} INFO - Sync 1 DAGs
[2026-09-17T14:29:30.132+0000] {logging_mixin.py:188} INFO - [2026-09-17T14:29:30.132+0000] {dag.py:3954} INFO - Setting next_dagrun for youtube_extraction to 2026-09-17 00:00:00+00:00, run_after=2026-09-18 00:00:00+00:00
[2026-09-17T14:29:30.186+0000] {processor.py:183} INFO - Processing /opt/airflow/dags/extraction_dag.py took 0.256 seconds
[2026-09-17T14:30:00.316+0000] {processor.py:161} INFO - Started process (PID=1467) to work on /opt/airflow/dags/extraction_dag.py
[2026-09-17T14:30:00.318+0000] {processor.py:830} INFO - Processing file /opt/airflow/dags/extraction_dag.py for tasks to queue
[2026-09-17T14:30:00.321+0000] {logging_mixin.py:188} INFO - [2026-09-17T14:30:00.321+0000] {dagbag.py:545} INFO - Filling up the DagBag from /opt/airflow/dags/extraction_dag.py
[2026-09-17T14:30:00.447+0000] {processor.py:840} INFO - DAG(s) 'youtube_extraction' retrieved from /opt/airflow/dags/extraction_dag.py
[2026-09-17T14:30:00.496+0000] {logging_mixin.py:188} INFO - [2026-09-17T14:30:00.496+0000] {dag.py:3096} INFO - Sync 1 DAGs
[2026-09-17T14:30:00.517+0000] {logging_mixin.py:188} INFO - [2026-09-17T14:30:00.517+0000] {dag.py:3954} INFO - Setting next_dagrun for youtube_extraction to 2026-09-17 00:00:00+00:00, run_after=2026-09-18 00:00:00+00:00
[2026-09-17T14:30:00.539+0000] {processor.py:183} INFO - Processing /opt/airflow/dags/extraction_dag.py took 0.229 seconds
[2026-09-17T14:30:30.907+0000] {processor.py:161} INFO - Started process (PID=1476) to work on /opt/airflow/dags/extraction_dag.py
[2026-09-17T14:30:30.910+0000] {processor.py:830} INFO - Processing file /opt/airflow/dags/extraction_dag.py for tasks to queue
[2026-09-17T14:30:30.913+0000] {logging_mixin.py:188} INFO - [2026-09-17T14:30:30.913+0000] {dagbag.py:545} INFO - Filling up the DagBag from /opt/airflow/dags/extraction_dag.py
[2026-09-17T14:30:31.026+0000] {processor.py:840} INFO - DAG(s) 'youtube_extraction' retrieved from /opt/airflow/dags/extraction_dag.py
[2026-09-17T14:30:31.052+0000] {logging_mixin.py:188} INFO - [2026-09-17T14:30:31.052+0000] {dag.py:3096} INFO - Sync 1 DAGs
[2026-09-17T14:30:31.074+0000] {logging_mixin.py:188} INFO - [2026-09-17T14:30:31.073+0000] {dag.py:3954} INFO - Setting next_dagrun for youtube_extraction to 2026-09-17 00:00:00+00:00, run_after=2026-09-18 00:00:00+00:00
[2026-09-17T14:30:31.112+0000] {processor.py:183} INFO - Processing /opt/airflow/dags/extraction_dag.py took 0.214 seconds
[2026-09-17T14:31:01.512+0000] {processor.py:161} INFO - Started process (PID=1486) to work on /opt/airflow/dags/extraction_dag.py
[2026-09-17T14:31:01.514+0000] {processor.py:830} INFO - Processing file /opt/airflow/dags/extraction_dag.py for tasks to queue
[2026-09-17T14:31:01.518+0000] {logging_mixin.py:188} INFO - [2026-09-17T14:31:01.517+0000] {dagbag.py:545} INFO - Filling up the DagBag from /opt/airflow/dags/extraction_dag.py
[2026-09-17T14:31:01.609+0000] {processor.py:840} INFO - DAG(s) 'youtube_extraction' retrieved from /opt/airflow/dags/extraction_dag.py
[2026-09-17T14:31:01.631+0000] {logging_mixin.py:188} INFO - [2026-09-17T14:31:01.630+0000] {dag.py:3096} INFO - Sync 1 DAGs
[2026-09-17T14:31:01.650+0000] {logging_mixin.py:188} INFO - [2026-09-17T14:31:01.650+0000] {dag.py:3954} INFO - Setting next_dagrun for youtube_extraction to 2026-09-17 00:00:00+00:00, run_after=2026-09-18 00:00:00+00:00
[2026-09-17T14:31:01.686+0000] {processor.py:183} INFO - Processing /opt/airflow/dags/extraction_dag.py took 0.180 seconds
[2026-09-17T14:31:32.128+0000] {processor.py:161} INFO - Started process (PID=1494) to work on /opt/airflow/dags/extraction_dag.py
[2026-09-17T14:31:32.130+0000] {processor.py:830} INFO - Processing file /opt/airflow/dags/extraction_dag.py for tasks to queue
[2026-09-17T14:31:32.134+0000] {logging_mixin.py:188} INFO - [2026-09-17T14:31:32.133+0000] {dagbag.py:545} INFO - Filling up the DagBag from /opt/airflow/dags/extraction_dag.py
[2026-09-17T14:31:32.232+0000] {processor.py:840} INFO - DAG(s) 'youtube_extraction' retrieved from /opt/airflow/dags/extraction_dag.py
[2026-09-17T14:31:32.255+0000] {logging_mixin.py:188} INFO - [2026-09-17T14:31:32.254+0000] {dag.py:3096} INFO - Sync 1 DAGs
[2026-09-17T14:31:32.272+0000] {logging_mixin.py:188} INFO - [2026-09-17T14:31:32.272+0000] {dag.py:3954} INFO - Setting next_dagrun for youtube_extraction to 2026-09-17 00:00:00+00:00, run_after=2026-09-18 00:00:00+00:00
[2026-09-17T14:31:32.306+0000] {processor.py:183} INFO - Processing /opt/airflow/dags/extraction_dag.py took 0.185 seconds
[2026-09-17T14:32:02.723+0000] {processor.py:161} INFO - Started process (PID=1503) to work on /opt/airflow/dags/extraction_dag.py
[2026-09-17T14:32:02.724+0000] {processor.py:830} INFO - Processing file /opt/airflow/dags/extraction_dag.py for tasks to queue
[2026-09-17T14:32:02.727+0000] {logging_mixin.py:188} INFO - [2026-09-17T14:32:02.726+0000] {dagbag.py:545} INFO - Filling up the DagBag from /opt/airflow/dags/extraction_dag.py
[2026-09-17T14:32:02.829+0000] {processor.py:840} INFO - DAG(s) 'youtube_extraction' retrieved from /opt/airflow/dags/extraction_dag.py
[2026-09-17T14:32:02.857+0000] {logging_mixin.py:188} INFO - [2026-09-17T14:32:02.857+0000] {dag.py:3096} INFO - Sync 1 DAGs
[2026-09-17T14:32:02.883+0000] {logging_mixin.py:188} INFO - [2026-09-17T14:32:02.883+0000] {dag.py:3954} INFO - Setting next_dagrun for youtube_extraction to 2026-09-17 00:00:00+00:00, run_after=2026-09-18 00:00:00+00:00
[2026-09-17T14:32:02.908+0000] {processor.py:183} INFO - Processing /opt/airflow/dags/extraction_dag.py took 0.190 seconds
[2026-09-17T14:32:33.298+0000] {processor.py:161} INFO - Started process (PID=1513) to work on /opt/airflow/dags/extraction_dag.py
[2026-09-17T14:32:33.300+0000] {processor.py:830} INFO - Processing file /opt/airflow/dags/extraction_dag.py for tasks to queue
[2026-09-17T14:32:33.304+0000] {logging_mixin.py:188} INFO - [2026-09-17T14:32:33.303+0000] {dagbag.py:545} INFO - Filling up the DagBag from /opt/airflow/dags/extraction_dag.py
[2026-09-17T14:32:33.479+0000] {processor.py:840} INFO - DAG(s) 'youtube_extraction' retrieved from /opt/airflow/dags/extraction_dag.py
[2026-09-17T14:32:33.501+0000] {logging_mixin.py:188} INFO - [2026-09-17T14:32:33.500+0000] {dag.py:3096} INFO - Sync 1 DAGs
[2026-09-17T14:32:33.520+0000] {logging_mixin.py:188} INFO - [2026-09-17T14:32:33.520+0000] {dag.py:3954} INFO - Setting next_dagrun for youtube_extraction to 2026-09-17 00:00:00+00:00, run_after=2026-09-18 00:00:00+00:00
[2026-09-17T14:32:33.560+0000] {processor.py:183} INFO - Processing /opt/airflow/dags/extraction_dag.py took 0.268 seconds
[2026-09-17T14:33:04.050+0000] {processor.py:161} INFO - Started process (PID=1522) to work on /opt/airflow/dags/extraction_dag.py
[2026-09-17T14:33:04.053+0000] {processor.py:830} INFO - Processing file /opt/airflow/dags/extraction_dag.py for tasks to queue
[2026-09-17T14:33:04.057+0000] {logging_mixin.py:188} INFO - [2026-09-17T14:33:04.056+0000] {dagbag.py:545} INFO - Filling up the DagBag from /opt/airflow/dags/extraction_dag.py
[2026-09-17T14:33:04.133+0000] {processor.py:840} INFO - DAG(s) 'youtube_extraction' retrieved from /opt/airflow/dags/extraction_dag.py
[2026-09-17T14:33:04.157+0000] {logging_mixin.py:188} INFO - [2026-09-17T14:33:04.156+0000] {dag.py:3096} INFO - Sync 1 DAGs
[2026-09-17T14:33:04.177+0000] {logging_mixin.py:188} INFO - [2026-09-17T14:33:04.177+0000] {dag.py:3954} INFO - Setting next_dagrun for youtube_extraction to 2026-09-17 00:00:00+00:00, run_after=2026-09-18 00:00:00+00:00
[2026-09-17T14:33:04.198+0000] {processor.py:183} INFO - Processing /opt/airflow/dags/extraction_dag.py took 0.158 seconds
[2026-09-17T14:33:34.677+0000] {processor.py:161} INFO - Started process (PID=1531) to work on /opt/airflow/dags/extraction_dag.py
[2026-09-17T14:33:34.680+0000] {processor.py:830} INFO - Processing file /opt/airflow/dags/extraction_dag.py for tasks to queue
[2026-09-17T14:33:34.684+0000] {logging_mixin.py:188} INFO - [2026-09-17T14:33:34.684+0000] {dagbag.py:545} INFO - Filling up the DagBag from /opt/airflow/dags/extraction_dag.py
[2026-09-17T14:33:34.836+0000] {processor.py:840} INFO - DAG(s) 'youtube_extraction' retrieved from /opt/airflow/dags/extraction_dag.py
[2026-09-17T14:33:34.860+0000] {logging_mixin.py:188} INFO - [2026-09-17T14:33:34.860+0000] {dag.py:3096} INFO - Sync 1 DAGs
[2026-09-17T14:33:34.882+0000] {logging_mixin.py:188} INFO - [2026-09-17T14:33:34.882+0000] {dag.py:3954} INFO - Setting next_dagrun for youtube_extraction to 2026-09-17 00:00:00+00:00, run_after=2026-09-18 00:00:00+00:00
[2026-09-17T14:33:34.936+0000] {processor.py:183} INFO - Processing /opt/airflow/dags/extraction_dag.py took 0.266 seconds
[2026-09-17T14:34:05.406+0000] {processor.py:161} INFO - Started process (PID=1540) to work on /opt/airflow/dags/extraction_dag.py
[2026-09-17T14:34:05.409+0000] {processor.py:830} INFO - Processing file /opt/airflow/dags/extraction_dag.py for tasks to queue
[2026-09-17T14:34:05.412+0000] {logging_mixin.py:188} INFO - [2026-09-17T14:34:05.412+0000] {dagbag.py:545} INFO - Filling up the DagBag from /opt/airflow/dags/extraction_dag.py
[2026-09-17T14:34:05.524+0000] {processor.py:840} INFO - DAG(s) 'youtube_extraction' retrieved from /opt/airflow/dags/extraction_dag.py
[2026-09-17T14:34:05.546+0000] {logging_mixin.py:188} INFO - [2026-09-17T14:34:05.546+0000] {dag.py:3096} INFO - Sync 1 DAGs
[2026-09-17T14:34:05.565+0000] {logging_mixin.py:188} INFO - [2026-09-17T14:34:05.565+0000] {dag.py:3954} INFO - Setting next_dagrun for youtube_extraction to 2026-09-17 00:00:00+00:00, run_after=2026-09-18 00:00:00+00:00
[2026-09-17T14:34:05.590+0000] {processor.py:183} INFO - Processing /opt/airflow/dags/extraction_dag.py took 0.192 seconds
[2026-09-17T14:34:36.093+0000] {processor.py:161} INFO - Started process (PID=1549) to work on /opt/airflow/dags/extraction_dag.py
[2026-09-17T14:34:36.096+0000] {processor.py:830} INFO - Processing file /opt/airflow/dags/extraction_dag.py for tasks to queue
[2026-09-17T14:34:36.099+0000] {logging_mixin.py:188} INFO - [2026-09-17T14:34:36.099+0000] {dagbag.py:545} INFO - Filling up the DagBag from /opt/airflow/dags/extraction_dag.py
[2026-09-17T14:34:36.273+0000] {processor.py:840} INFO - DAG(s) 'youtube_extraction' retrieved from /opt/airflow/dags/extraction_dag.py
[2026-09-17T14:34:36.292+0000] {logging_mixin.py:188} INFO - [2026-09-17T14:34:36.292+0000] {dag.py:3096} INFO - Sync 1 DAGs
[2026-09-17T14:34:36.310+0000] {logging_mixin.py:188} INFO - [2026-09-17T14:34:36.310+0000] {dag.py:3954} INFO - Setting next_dagrun for youtube_extraction to 2026-09-17 00:00:00+00:00, run_after=2026-09-18 00:00:00+00:00
[2026-09-17T14:34:36.349+0000] {processor.py:183} INFO - Processing /opt/airflow/dags/extraction_dag.py took 0.262 seconds
[2026-09-17T14:35:06.879+0000] {processor.py:161} INFO - Started process (PID=1559) to work on /opt/airflow/dags/extraction_dag.py
[2026-09-17T14:35:06.881+0000] {processor.py:830} INFO - Processing file /opt/airflow/dags/extraction_dag.py for tasks to queue
[2026-09-17T14:35:06.885+0000] {logging_mixin.py:188} INFO - [2026-09-17T14:35:06.884+0000] {dagbag.py:545} INFO - Filling up the DagBag from /opt/airflow/dags/extraction_dag.py
[2026-09-17T14:35:06.994+0000] {processor.py:840} INFO - DAG(s) 'youtube_extraction' retrieved from /opt/airflow/dags/extraction_dag.py
[2026-09-17T14:35:07.015+0000] {logging_mixin.py:188} INFO - [2026-09-17T14:35:07.014+0000] {dag.py:3096} INFO - Sync 1 DAGs
[2026-09-17T14:35:07.034+0000] {logging_mixin.py:188} INFO - [2026-09-17T14:35:07.033+0000] {dag.py:3954} INFO - Setting next_dagrun for youtube_extraction to 2026-09-17 00:00:00+00:00, run_after=2026-09-18 00:00:00+00:00
[2026-09-17T14:35:07.064+0000] {processor.py:183} INFO - Processing /opt/airflow/dags/extraction_dag.py took 0.191 seconds
[2026-09-17T14:35:37.524+0000] {processor.py:161} INFO - Started process (PID=1574) to work on /opt/airflow/dags/extraction_dag.py
[2026-09-17T14:35:37.527+0000] {processor.py:830} INFO - Processing file /opt/airflow/dags/extraction_dag.py for tasks to queue
[2026-09-17T14:35:37.531+0000] {logging_mixin.py:188} INFO - [2026-09-17T14:35:37.531+0000] {dagbag.py:545} INFO - Filling up the DagBag from /opt/airflow/dags/extraction_dag.py
[2026-09-17T14:35:37.646+0000] {processor.py:840} INFO - DAG(s) 'youtube_extraction' retrieved from /opt/airflow/dags/extraction_dag.py
[2026-09-17T14:35:37.669+0000] {logging_mixin.py:188} INFO - [2026-09-17T14:35:37.669+0000] {dag.py:3096} INFO - Sync 1 DAGs
[2026-09-17T14:35:37.691+0000] {logging_mixin.py:188} INFO - [2026-09-17T14:35:37.691+0000] {dag.py:3954} INFO - Setting next_dagrun for youtube_extraction to 2026-09-17 00:00:00+00:00, run_after=2026-09-18 00:00:00+00:00
[2026-09-17T14:35:37.732+0000] {processor.py:183} INFO - Processing /opt/airflow/dags/extraction_dag.py took 0.215 seconds
[2026-09-17T14:36:08.256+0000] {processor.py:161} INFO - Started process (PID=1583) to work on /opt/airflow/dags/extraction_dag.py
[2026-09-17T14:36:08.258+0000] {processor.py:830} INFO - Processing file /opt/airflow/dags/extraction_dag.py for tasks to queue
[2026-09-17T14:36:08.261+0000] {logging_mixin.py:188} INFO - [2026-09-17T14:36:08.260+0000] {dagbag.py:545} INFO - Filling up the DagBag from /opt/airflow/dags/extraction_dag.py
[2026-09-17T14:36:08.379+0000] {processor.py:840} INFO - DAG(s) 'youtube_extraction' retrieved from /opt/airflow/dags/extraction_dag.py
[2026-09-17T14:36:08.410+0000] {logging_mixin.py:188} INFO - [2026-09-17T14:36:08.410+0000] {dag.py:3096} INFO - Sync 1 DAGs
[2026-09-17T14:36:08.434+0000] {logging_mixin.py:188} INFO - [2026-09-17T14:36:08.434+0000] {dag.py:3954} INFO - Setting next_dagrun for youtube_extraction to 2026-09-17 00:00:00+00:00, run_after=2026-09-18 00:00:00+00:00
[2026-09-17T14:36:08.459+0000] {processor.py:183} INFO - Processing /opt/airflow/dags/extraction_dag.py took 0.210 seconds
[2026-09-17T14:36:38.846+0000] {processor.py:161} INFO - Started process (PID=1592) to work on /opt/airflow/dags/extraction_dag.py
[2026-09-17T14:36:38.848+0000] {processor.py:830} INFO - Processing file /opt/airflow/dags/extraction_dag.py for tasks to queue
[2026-09-17T14:36:38.852+0000] {logging_mixin.py:188} INFO - [2026-09-17T14:36:38.852+0000] {dagbag.py:545} INFO - Filling up the DagBag from /opt/airflow/dags/extraction_dag.py
[2026-09-17T14:36:38.931+0000] {processor.py:840} INFO - DAG(s) 'youtube_extraction' retrieved from /opt/airflow/dags/extraction_dag.py
[2026-09-17T14:36:38.956+0000] {logging_mixin.py:188} INFO - [2026-09-17T14:36:38.955+0000] {dag.py:3096} INFO - Sync 1 DAGs
[2026-09-17T14:36:38.975+0000] {logging_mixin.py:188} INFO - [2026-09-17T14:36:38.974+0000] {dag.py:3954} INFO - Setting next_dagrun for youtube_extraction to 2026-09-17 00:00:00+00:00, run_after=2026-09-18 00:00:00+00:00
[2026-09-17T14:36:39.009+0000] {processor.py:183} INFO - Processing /opt/airflow/dags/extraction_dag.py took 0.174 seconds
[2026-09-17T14:37:09.504+0000] {processor.py:161} INFO - Started process (PID=1601) to work on /opt/airflow/dags/extraction_dag.py
[2026-09-17T14:37:09.507+0000] {processor.py:830} INFO - Processing file /opt/airflow/dags/extraction_dag.py for tasks to queue
[2026-09-17T14:37:09.510+0000] {logging_mixin.py:188} INFO - [2026-09-17T14:37:09.509+0000] {dagbag.py:545} INFO - Filling up the DagBag from /opt/airflow/dags/extraction_dag.py
[2026-09-17T14:37:09.624+0000] {processor.py:840} INFO - DAG(s) 'youtube_extraction' retrieved from /opt/airflow/dags/extraction_dag.py
[2026-09-17T14:37:09.658+0000] {logging_mixin.py:188} INFO - [2026-09-17T14:37:09.658+0000] {dag.py:3096} INFO - Sync 1 DAGs
[2026-09-17T14:37:09.677+0000] {logging_mixin.py:188} INFO - [2026-09-17T14:37:09.677+0000] {dag.py:3954} INFO - Setting next_dagrun for youtube_extraction to 2026-09-17 00:00:00+00:00, run_after=2026-09-18 00:00:00+00:00
[2026-09-17T14:37:09.722+0000] {processor.py:183} INFO - Processing /opt/airflow/dags/extraction_dag.py took 0.223 seconds
[2026-09-17T14:37:40.169+0000] {processor.py:161} INFO - Started process (PID=1611) to work on /opt/airflow/dags/extraction_dag.py
[2026-09-17T14:37:40.172+0000] {processor.py:830} INFO - Processing file /opt/airflow/dags/extraction_dag.py for tasks to queue
[2026-09-17T14:37:40.175+0000] {logging_mixin.py:188} INFO - [2026-09-17T14:37:40.175+0000] {dagbag.py:545} INFO - Filling up the DagBag from /opt/airflow/dags/extraction_dag.py
[2026-09-17T14:37:40.282+0000] {processor.py:840} INFO - DAG(s) 'youtube_extraction' retrieved from /opt/airflow/dags/extraction_dag.py
[2026-09-17T14:37:40.303+0000] {logging_mixin.py:188} INFO - [2026-09-17T14:37:40.303+0000] {dag.py:3096} INFO - Sync 1 DAGs
[2026-09-17T14:37:40.321+0000] {logging_mixin.py:188} INFO - [2026-09-17T14:37:40.321+0000] {dag.py:3954} INFO - Setting next_dagrun for youtube_extraction to 2026-09-17 00:00:00+00:00, run_after=2026-09-18 00:00:00+00:00
[2026-09-17T14:37:40.362+0000] {processor.py:183} INFO - Processing /opt/airflow/dags/extraction_dag.py took 0.201 seconds
[2026-09-17T14:38:10.781+0000] {processor.py:161} INFO - Started process (PID=1620) to work on /opt/airflow/dags/extraction_dag.py
[2026-09-17T14:38:10.783+0000] {processor.py:830} INFO - Processing file /opt/airflow/dags/extraction_dag.py for tasks to queue
[2026-09-17T14:38:10.786+0000] {logging_mixin.py:188} INFO - [2026-09-17T14:38:10.786+0000] {dagbag.py:545} INFO - Filling up the DagBag from /opt/airflow/dags/extraction_dag.py
[2026-09-17T14:38:10.889+0000] {processor.py:840} INFO - DAG(s) 'youtube_extraction' retrieved from /opt/airflow/dags/extraction_dag.py
[2026-09-17T14:38:10.917+0000] {logging_mixin.py:188} INFO - [2026-09-17T14:38:10.916+0000] {dag.py:3096} INFO - Sync 1 DAGs
[2026-09-17T14:38:10.938+0000] {logging_mixin.py:188} INFO - [2026-09-17T14:38:10.938+0000] {dag.py:3954} INFO - Setting next_dagrun for youtube_extraction to 2026-09-17 00:00:00+00:00, run_after=2026-09-18 00:00:00+00:00
[2026-09-17T14:38:10.958+0000] {processor.py:183} INFO - Processing /opt/airflow/dags/extraction_dag.py took 0.183 seconds
[2026-09-17T14:38:41.402+0000] {processor.py:161} INFO - Started process (PID=1629) to work on /opt/airflow/dags/extraction_dag.py
[2026-09-17T14:38:41.404+0000] {processor.py:830} INFO - Processing file /opt/airflow/dags/extraction_dag.py for tasks to queue
[2026-09-17T14:38:41.407+0000] {logging_mixin.py:188} INFO - [2026-09-17T14:38:41.407+0000] {dagbag.py:545} INFO - Filling up the DagBag from /opt/airflow/dags/extraction_dag.py
[2026-09-17T14:38:41.513+0000] {processor.py:840} INFO - DAG(s) 'youtube_extraction' retrieved from /opt/airflow/dags/extraction_dag.py
[2026-09-17T14:38:41.533+0000] {logging_mixin.py:188} INFO - [2026-09-17T14:38:41.533+0000] {dag.py:3096} INFO - Sync 1 DAGs
[2026-09-17T14:38:41.550+0000] {logging_mixin.py:188} INFO - [2026-09-17T14:38:41.550+0000] {dag.py:3954} INFO - Setting next_dagrun for youtube_extraction to 2026-09-17 00:00:00+00:00, run_after=2026-09-18 00:00:00+00:00
[2026-09-17T14:38:41.580+0000] {processor.py:183} INFO - Processing /opt/airflow/dags/extraction_dag.py took 0.184 seconds
[2026-09-17T14:39:12.065+0000] {processor.py:161} INFO - Started process (PID=1638) to work on /opt/airflow/dags/extraction_dag.py
[2026-09-17T14:39:12.067+0000] {processor.py:830} INFO - Processing file /opt/airflow/dags/extraction_dag.py for tasks to queue
[2026-09-17T14:39:12.071+0000] {logging_mixin.py:188} INFO - [2026-09-17T14:39:12.070+0000] {dagbag.py:545} INFO - Filling up the DagBag from /opt/airflow/dags/extraction_dag.py
[2026-09-17T14:39:12.166+0000] {processor.py:840} INFO - DAG(s) 'youtube_extraction' retrieved from /opt/airflow/dags/extraction_dag.py
[2026-09-17T14:39:12.186+0000] {logging_mixin.py:188} INFO - [2026-09-17T14:39:12.186+0000] {dag.py:3096} INFO - Sync 1 DAGs
[2026-09-17T14:39:12.205+0000] {logging_mixin.py:188} INFO - [2026-09-17T14:39:12.205+0000] {dag.py:3954} INFO - Setting next_dagrun for youtube_extraction to 2026-09-17 00:00:00+00:00, run_after=2026-09-18 00:00:00+00:00
[2026-09-17T14:39:12.248+0000] {processor.py:183} INFO - Processing /opt/airflow/dags/extraction_dag.py took 0.188 seconds
[2026-09-17T14:39:42.667+0000] {processor.py:161} INFO - Started process (PID=1647) to work on /opt/airflow/dags/extraction_dag.py
[2026-09-17T14:39:42.670+0000] {processor.py:830} INFO - Processing file /opt/airflow/dags/extraction_dag.py for tasks to queue
[2026-09-17T14:39:42.673+0000] {logging_mixin.py:188} INFO - [2026-09-17T14:39:42.672+0000] {dagbag.py:545} INFO - Filling up the DagBag from /opt/airflow/dags/extraction_dag.py
[2026-09-17T14:39:42.782+0000] {processor.py:840} INFO - DAG(s) 'youtube_extraction' retrieved from /opt/airflow/dags/extraction_dag.py
[2026-09-17T14:39:42.804+0000] {logging_mixin.py:188} INFO - [2026-09-17T14:39:42.804+0000] {dag.py:3096} INFO - Sync 1 DAGs
[2026-09-17T14:39:42.823+0000] {logging_mixin.py:188} INFO - [2026-09-17T14:39:42.823+0000] {dag.py:3954} INFO - Setting next_dagrun for youtube_extraction to 2026-09-17 00:00:00+00:00, run_after=2026-09-18 00:00:00+00:00
[2026-09-17T14:39:42.866+0000] {processor.py:183} INFO - Processing /opt/airflow/dags/extraction_dag.py took 0.204 seconds
[2026-09-17T14:40:13.208+0000] {processor.py:161} INFO - Started process (PID=1656) to work on /opt/airflow/dags/extraction_dag.py
[2026-09-17T14:40:13.211+0000] {processor.py:830} INFO - Processing file /opt/airflow/dags/extraction_dag.py for tasks to queue
[2026-09-17T14:40:13.215+0000] {logging_mixin.py:188} INFO - [2026-09-17T14:40:13.214+0000] {dagbag.py:545} INFO - Filling up the DagBag from /opt/airflow/dags/extraction_dag.py
[2026-09-17T14:40:13.318+0000] {processor.py:840} INFO - DAG(s) 'youtube_extraction' retrieved from /opt/airflow/dags/extraction_dag.py
[2026-09-17T14:40:13.347+0000] {logging_mixin.py:188} INFO - [2026-09-17T14:40:13.347+0000] {dag.py:3096} INFO - Sync 1 DAGs
[2026-09-17T14:40:13.369+0000] {logging_mixin.py:188} INFO - [2026-09-17T14:40:13.369+0000] {dag.py:3954} INFO - Setting next_dagrun for youtube_extraction to 2026-09-17 00:00:00+00:00, run_after=2026-09-18 00:00:00+00:00
[2026-09-17T14:40:13.415+0000] {processor.py:183} INFO - Processing /opt/airflow/dags/extraction_dag.py took 0.213 seconds
[2026-09-17T14:40:43.823+0000] {processor.py:161} INFO - Started process (PID=1665) to work on /opt/airflow/dags/extraction_dag.py
[2026-09-17T14:40:43.826+0000] {processor.py:830} INFO - Processing file /opt/airflow/dags/extraction_dag.py for tasks to queue
[2026-09-17T14:40:43.829+0000] {logging_mixin.py:188} INFO - [2026-09-17T14:40:43.829+0000] {dagbag.py:545} INFO - Filling up the DagBag from /opt/airflow/dags/extraction_dag.py
[2026-09-17T14:40:43.931+0000] {processor.py:840} INFO - DAG(s) 'youtube_extraction' retrieved from /opt/airflow/dags/extraction_dag.py
[2026-09-17T14:40:43.949+0000] {logging_mixin.py:188} INFO - [2026-09-17T14:40:43.948+0000] {dag.py:3096} INFO - Sync 1 DAGs
[2026-09-17T14:40:43.979+0000] {logging_mixin.py:188} INFO - [2026-09-17T14:40:43.979+0000] {dag.py:3954} INFO - Setting next_dagrun for youtube_extraction to 2026-09-17 00:00:00+00:00, run_after=2026-09-18 00:00:00+00:00
[2026-09-17T14:40:44.014+0000] {processor.py:183} INFO - Processing /opt/airflow/dags/extraction_dag.py took 0.196 seconds
[2026-09-17T14:41:14.605+0000] {processor.py:161} INFO - Started process (PID=1674) to work on /opt/airflow/dags/extraction_dag.py
[2026-09-17T14:41:14.607+0000] {processor.py:830} INFO - Processing file /opt/airflow/dags/extraction_dag.py for tasks to queue
[2026-09-17T14:41:14.610+0000] {logging_mixin.py:188} INFO - [2026-09-17T14:41:14.610+0000] {dagbag.py:545} INFO - Filling up the DagBag from /opt/airflow/dags/extraction_dag.py
[2026-09-17T14:41:14.728+0000] {processor.py:840} INFO - DAG(s) 'youtube_extraction' retrieved from /opt/airflow/dags/extraction_dag.py
[2026-09-17T14:41:14.766+0000] {logging_mixin.py:188} INFO - [2026-09-17T14:41:14.766+0000] {dag.py:3096} INFO - Sync 1 DAGs
[2026-09-17T14:41:14.784+0000] {logging_mixin.py:188} INFO - [2026-09-17T14:41:14.784+0000] {dag.py:3954} INFO - Setting next_dagrun for youtube_extraction to 2026-09-17 00:00:00+00:00, run_after=2026-09-18 00:00:00+00:00
[2026-09-17T14:41:14.817+0000] {processor.py:183} INFO - Processing /opt/airflow/dags/extraction_dag.py took 0.220 seconds
[2026-09-17T14:41:45.262+0000] {processor.py:161} INFO - Started process (PID=1683) to work on /opt/airflow/dags/extraction_dag.py
[2026-09-17T14:41:45.263+0000] {processor.py:830} INFO - Processing file /opt/airflow/dags/extraction_dag.py for tasks to queue
[2026-09-17T14:41:45.266+0000] {logging_mixin.py:188} INFO - [2026-09-17T14:41:45.266+0000] {dagbag.py:545} INFO - Filling up the DagBag from /opt/airflow/dags/extraction_dag.py
[2026-09-17T14:41:45.340+0000] {processor.py:840} INFO - DAG(s) 'youtube_extraction' retrieved from /opt/airflow/dags/extraction_dag.py
[2026-09-17T14:41:45.362+0000] {logging_mixin.py:188} INFO - [2026-09-17T14:41:45.362+0000] {dag.py:3096} INFO - Sync 1 DAGs
[2026-09-17T14:41:45.382+0000] {logging_mixin.py:188} INFO - [2026-09-17T14:41:45.382+0000] {dag.py:3954} INFO - Setting next_dagrun for youtube_extraction to 2026-09-17 00:00:00+00:00, run_after=2026-09-18 00:00:00+00:00
[2026-09-17T14:41:45.403+0000] {processor.py:183} INFO - Processing /opt/airflow/dags/extraction_dag.py took 0.149 seconds
[2026-09-17T14:42:15.861+0000] {processor.py:161} INFO - Started process (PID=1692) to work on /opt/airflow/dags/extraction_dag.py
[2026-09-17T14:42:15.863+0000] {processor.py:830} INFO - Processing file /opt/airflow/dags/extraction_dag.py for tasks to queue
[2026-09-17T14:42:15.867+0000] {logging_mixin.py:188} INFO - [2026-09-17T14:42:15.866+0000] {dagbag.py:545} INFO - Filling up the DagBag from /opt/airflow/dags/extraction_dag.py
[2026-09-17T14:42:15.990+0000] {processor.py:840} INFO - DAG(s) 'youtube_extraction' retrieved from /opt/airflow/dags/extraction_dag.py
[2026-09-17T14:42:16.014+0000] {logging_mixin.py:188} INFO - [2026-09-17T14:42:16.014+0000] {dag.py:3096} INFO - Sync 1 DAGs
[2026-09-17T14:42:16.032+0000] {logging_mixin.py:188} INFO - [2026-09-17T14:42:16.032+0000] {dag.py:3954} INFO - Setting next_dagrun for youtube_extraction to 2026-09-17 00:00:00+00:00, run_after=2026-09-18 00:00:00+00:00
[2026-09-17T14:42:16.056+0000] {processor.py:183} INFO - Processing /opt/airflow/dags/extraction_dag.py took 0.201 seconds
[2026-09-17T14:42:46.511+0000] {processor.py:161} INFO - Started process (PID=1701) to work on /opt/airflow/dags/extraction_dag.py
[2026-09-17T14:42:46.514+0000] {processor.py:830} INFO - Processing file /opt/airflow/dags/extraction_dag.py for tasks to queue
[2026-09-17T14:42:46.517+0000] {logging_mixin.py:188} INFO - [2026-09-17T14:42:46.517+0000] {dagbag.py:545} INFO - Filling up the DagBag from /opt/airflow/dags/extraction_dag.py
[2026-09-17T14:42:46.639+0000] {processor.py:840} INFO - DAG(s) 'youtube_extraction' retrieved from /opt/airflow/dags/extraction_dag.py
[2026-09-17T14:42:46.659+0000] {logging_mixin.py:188} INFO - [2026-09-17T14:42:46.659+0000] {dag.py:3096} INFO - Sync 1 DAGs
[2026-09-17T14:42:46.676+0000] {logging_mixin.py:188} INFO - [2026-09-17T14:42:46.676+0000] {dag.py:3954} INFO - Setting next_dagrun for youtube_extraction to 2026-09-17 00:00:00+00:00, run_after=2026-09-18 00:00:00+00:00
[2026-09-17T14:42:46.731+0000] {processor.py:183} INFO - Processing /opt/airflow/dags/extraction_dag.py took 0.226 seconds
[2026-09-17T14:43:17.200+0000] {processor.py:161} INFO - Started process (PID=1710) to work on /opt/airflow/dags/extraction_dag.py
[2026-09-17T14:43:17.202+0000] {processor.py:830} INFO - Processing file /opt/airflow/dags/extraction_dag.py for tasks to queue
[2026-09-17T14:43:17.205+0000] {logging_mixin.py:188} INFO - [2026-09-17T14:43:17.205+0000] {dagbag.py:545} INFO - Filling up the DagBag from /opt/airflow/dags/extraction_dag.py
[2026-09-17T14:43:17.300+0000] {processor.py:840} INFO - DAG(s) 'youtube_extraction' retrieved from /opt/airflow/dags/extraction_dag.py
[2026-09-17T14:43:17.319+0000] {logging_mixin.py:188} INFO - [2026-09-17T14:43:17.319+0000] {dag.py:3096} INFO - Sync 1 DAGs
[2026-09-17T14:43:17.337+0000] {logging_mixin.py:188} INFO - [2026-09-17T14:43:17.337+0000] {dag.py:3954} INFO - Setting next_dagrun for youtube_extraction to 2026-09-17 00:00:00+00:00, run_after=2026-09-18 00:00:00+00:00
[2026-09-17T14:43:17.359+0000] {processor.py:183} INFO - Processing /opt/airflow/dags/extraction_dag.py took 0.165 seconds
[2026-09-17T14:43:47.807+0000] {processor.py:161} INFO - Started process (PID=1719) to work on /opt/airflow/dags/extraction_dag.py
[2026-09-17T14:43:47.809+0000] {processor.py:830} INFO - Processing file /opt/airflow/dags/extraction_dag.py for tasks to queue
[2026-09-17T14:43:47.812+0000] {logging_mixin.py:188} INFO - [2026-09-17T14:43:47.812+0000] {dagbag.py:545} INFO - Filling up the DagBag from /opt/airflow/dags/extraction_dag.py
[2026-09-17T14:43:47.927+0000] {processor.py:840} INFO - DAG(s) 'youtube_extraction' retrieved from /opt/airflow/dags/extraction_dag.py
[2026-09-17T14:43:47.948+0000] {logging_mixin.py:188} INFO - [2026-09-17T14:43:47.948+0000] {dag.py:3096} INFO - Sync 1 DAGs
[2026-09-17T14:43:47.967+0000] {logging_mixin.py:188} INFO - [2026-09-17T14:43:47.967+0000] {dag.py:3954} INFO - Setting next_dagrun for youtube_extraction to 2026-09-17 00:00:00+00:00, run_after=2026-09-18 00:00:00+00:00
[2026-09-17T14:43:47.994+0000] {processor.py:183} INFO - Processing /opt/airflow/dags/extraction_dag.py took 0.194 seconds
[2026-09-17T14:44:18.428+0000] {processor.py:161} INFO - Started process (PID=1728) to work on /opt/airflow/dags/extraction_dag.py
[2026-09-17T14:44:18.431+0000] {processor.py:830} INFO - Processing file /opt/airflow/dags/extraction_dag.py for tasks to queue
[2026-09-17T14:44:18.434+0000] {logging_mixin.py:188} INFO - [2026-09-17T14:44:18.433+0000] {dagbag.py:545} INFO - Filling up the DagBag from /opt/airflow/dags/extraction_dag.py
[2026-09-17T14:44:18.532+0000] {processor.py:840} INFO - DAG(s) 'youtube_extraction' retrieved from /opt/airflow/dags/extraction_dag.py
[2026-09-17T14:44:18.552+0000] {logging_mixin.py:188} INFO - [2026-09-17T14:44:18.552+0000] {dag.py:3096} INFO - Sync 1 DAGs
[2026-09-17T14:44:18.572+0000] {logging_mixin.py:188} INFO - [2026-09-17T14:44:18.571+0000] {dag.py:3954} INFO - Setting next_dagrun for youtube_extraction to 2026-09-17 00:00:00+00:00, run_after=2026-09-18 00:00:00+00:00
[2026-09-17T14:44:18.597+0000] {processor.py:183} INFO - Processing /opt/airflow/dags/extraction_dag.py took 0.174 seconds
[2026-09-17T14:44:49.033+0000] {processor.py:161} INFO - Started process (PID=1737) to work on /opt/airflow/dags/extraction_dag.py
[2026-09-17T14:44:49.035+0000] {processor.py:830} INFO - Processing file /opt/airflow/dags/extraction_dag.py for tasks to queue
[2026-09-17T14:44:49.038+0000] {logging_mixin.py:188} INFO - [2026-09-17T14:44:49.038+0000] {dagbag.py:545} INFO - Filling up the DagBag from /opt/airflow/dags/extraction_dag.py
[2026-09-17T14:44:49.130+0000] {processor.py:840} INFO - DAG(s) 'youtube_extraction' retrieved from /opt/airflow/dags/extraction_dag.py
[2026-09-17T14:44:49.154+0000] {logging_mixin.py:188} INFO - [2026-09-17T14:44:49.153+0000] {dag.py:3096} INFO - Sync 1 DAGs
[2026-09-17T14:44:49.174+0000] {logging_mixin.py:188} INFO - [2026-09-17T14:44:49.174+0000] {dag.py:3954} INFO - Setting next_dagrun for youtube_extraction to 2026-09-17 00:00:00+00:00, run_after=2026-09-18 00:00:00+00:00
[2026-09-17T14:44:49.198+0000] {processor.py:183} INFO - Processing /opt/airflow/dags/extraction_dag.py took 0.171 seconds
[2026-09-17T14:45:19.664+0000] {processor.py:161} INFO - Started process (PID=1746) to work on /opt/airflow/dags/extraction_dag.py
[2026-09-17T14:45:19.666+0000] {processor.py:830} INFO - Processing file /opt/airflow/dags/extraction_dag.py for tasks to queue
[2026-09-17T14:45:19.669+0000] {logging_mixin.py:188} INFO - [2026-09-17T14:45:19.669+0000] {dagbag.py:545} INFO - Filling up the DagBag from /opt/airflow/dags/extraction_dag.py
[2026-09-17T14:45:19.777+0000] {processor.py:840} INFO - DAG(s) 'youtube_extraction' retrieved from /opt/airflow/dags/extraction_dag.py
[2026-09-17T14:45:19.798+0000] {logging_mixin.py:188} INFO - [2026-09-17T14:45:19.798+0000] {dag.py:3096} INFO - Sync 1 DAGs
[2026-09-17T14:45:19.819+0000] {logging_mixin.py:188} INFO - [2026-09-17T14:45:19.819+0000] {dag.py:3954} INFO - Setting next_dagrun for youtube_extraction to 2026-09-17 00:00:00+00:00, run_after=2026-09-18 00:00:00+00:00
[2026-09-17T14:45:19.839+0000] {processor.py:183} INFO - Processing /opt/airflow/dags/extraction_dag.py took 0.181 seconds
[2026-09-17T14:45:50.275+0000] {processor.py:161} INFO - Started process (PID=1755) to work on /opt/airflow/dags/extraction_dag.py
[2026-09-17T14:45:50.277+0000] {processor.py:830} INFO - Processing file /opt/airflow/dags/extraction_dag.py for tasks to queue
[2026-09-17T14:45:50.280+0000] {logging_mixin.py:188} INFO - [2026-09-17T14:45:50.280+0000] {dagbag.py:545} INFO - Filling up the DagBag from /opt/airflow/dags/extraction_dag.py
[2026-09-17T14:45:50.384+0000] {processor.py:840} INFO - DAG(s) 'youtube_extraction' retrieved from /opt/airflow/dags/extraction_dag.py
[2026-09-17T14:45:50.404+0000] {logging_mixin.py:188} INFO - [2026-09-17T14:45:50.403+0000] {dag.py:3096} INFO - Sync 1 DAGs
[2026-09-17T14:45:50.424+0000] {logging_mixin.py:188} INFO - [2026-09-17T14:45:50.424+0000] {dag.py:3954} INFO - Setting next_dagrun for youtube_extraction to 2026-09-17 00:00:00+00:00, run_after=2026-09-18 00:00:00+00:00
[2026-09-17T14:45:50.444+0000] {processor.py:183} INFO - Processing /opt/airflow/dags/extraction_dag.py took 0.175 seconds
[2026-09-17T14:46:20.883+0000] {processor.py:161} INFO - Started process (PID=1764) to work on /opt/airflow/dags/extraction_dag.py
[2026-09-17T14:46:20.886+0000] {processor.py:830} INFO - Processing file /opt/airflow/dags/extraction_dag.py for tasks to queue
[2026-09-17T14:46:20.894+0000] {logging_mixin.py:188} INFO - [2026-09-17T14:46:20.893+0000] {dagbag.py:545} INFO - Filling up the DagBag from /opt/airflow/dags/extraction_dag.py
[2026-09-17T14:46:20.990+0000] {processor.py:840} INFO - DAG(s) 'youtube_extraction' retrieved from /opt/airflow/dags/extraction_dag.py
[2026-09-17T14:46:21.009+0000] {logging_mixin.py:188} INFO - [2026-09-17T14:46:21.009+0000] {dag.py:3096} INFO - Sync 1 DAGs
[2026-09-17T14:46:21.026+0000] {logging_mixin.py:188} INFO - [2026-09-17T14:46:21.026+0000] {dag.py:3954} INFO - Setting next_dagrun for youtube_extraction to 2026-09-17 00:00:00+00:00, run_after=2026-09-18 00:00:00+00:00
[2026-09-17T14:46:21.054+0000] {processor.py:183} INFO - Processing /opt/airflow/dags/extraction_dag.py took 0.176 seconds
[2026-09-17T14:46:51.462+0000] {processor.py:161} INFO - Started process (PID=1773) to work on /opt/airflow/dags/extraction_dag.py
[2026-09-17T14:46:51.465+0000] {processor.py:830} INFO - Processing file /opt/airflow/dags/extraction_dag.py for tasks to queue
[2026-09-17T14:46:51.468+0000] {logging_mixin.py:188} INFO - [2026-09-17T14:46:51.468+0000] {dagbag.py:545} INFO - Filling up the DagBag from /opt/airflow/dags/extraction_dag.py
[2026-09-17T14:46:51.614+0000] {processor.py:840} INFO - DAG(s) 'youtube_extraction' retrieved from /opt/airflow/dags/extraction_dag.py
[2026-09-17T14:46:51.632+0000] {logging_mixin.py:188} INFO - [2026-09-17T14:46:51.632+0000] {dag.py:3096} INFO - Sync 1 DAGs
[2026-09-17T14:46:51.651+0000] {logging_mixin.py:188} INFO - [2026-09-17T14:46:51.651+0000] {dag.py:3954} INFO - Setting next_dagrun for youtube_extraction to 2026-09-17 00:00:00+00:00, run_after=2026-09-18 00:00:00+00:00
[2026-09-17T14:46:51.676+0000] {processor.py:183} INFO - Processing /opt/airflow/dags/extraction_dag.py took 0.219 seconds
[2026-09-17T14:47:22.141+0000] {processor.py:161} INFO - Started process (PID=1782) to work on /opt/airflow/dags/extraction_dag.py
[2026-09-17T14:47:22.144+0000] {processor.py:830} INFO - Processing file /opt/airflow/dags/extraction_dag.py for tasks to queue
[2026-09-17T14:47:22.147+0000] {logging_mixin.py:188} INFO - [2026-09-17T14:47:22.147+0000] {dagbag.py:545} INFO - Filling up the DagBag from /opt/airflow/dags/extraction_dag.py
[2026-09-17T14:47:22.255+0000] {processor.py:840} INFO - DAG(s) 'youtube_extraction' retrieved from /opt/airflow/dags/extraction_dag.py
[2026-09-17T14:47:22.274+0000] {logging_mixin.py:188} INFO - [2026-09-17T14:47:22.274+0000] {dag.py:3096} INFO - Sync 1 DAGs
[2026-09-17T14:47:22.293+0000] {logging_mixin.py:188} INFO - [2026-09-17T14:47:22.292+0000] {dag.py:3954} INFO - Setting next_dagrun for youtube_extraction to 2026-09-17 00:00:00+00:00, run_after=2026-09-18 00:00:00+00:00
[2026-09-17T14:47:22.316+0000] {processor.py:183} INFO - Processing /opt/airflow/dags/extraction_dag.py took 0.181 seconds
[2026-09-17T14:47:52.731+0000] {processor.py:161} INFO - Started process (PID=1791) to work on /opt/airflow/dags/extraction_dag.py
[2026-09-17T14:47:52.734+0000] {processor.py:830} INFO - Processing file /opt/airflow/dags/extraction_dag.py for tasks to queue
[2026-09-17T14:47:52.737+0000] {logging_mixin.py:188} INFO - [2026-09-17T14:47:52.737+0000] {dagbag.py:545} INFO - Filling up the DagBag from /opt/airflow/dags/extraction_dag.py
[2026-09-17T14:47:52.836+0000] {processor.py:840} INFO - DAG(s) 'youtube_extraction' retrieved from /opt/airflow/dags/extraction_dag.py
[2026-09-17T14:47:52.857+0000] {logging_mixin.py:188} INFO - [2026-09-17T14:47:52.856+0000] {dag.py:3096} INFO - Sync 1 DAGs
[2026-09-17T14:47:52.874+0000] {logging_mixin.py:188} INFO - [2026-09-17T14:47:52.874+0000] {dag.py:3954} INFO - Setting next_dagrun for youtube_extraction to 2026-09-17 00:00:00+00:00, run_after=2026-09-18 00:00:00+00:00
[2026-09-17T14:47:52.900+0000] {processor.py:183} INFO - Processing /opt/airflow/dags/extraction_dag.py took 0.173 seconds
[2026-09-17T14:49:16.395+0000] {processor.py:161} INFO - Started process (PID=1800) to work on /opt/airflow/dags/extraction_dag.py
[2026-09-17T14:49:16.397+0000] {processor.py:830} INFO - Processing file /opt/airflow/dags/extraction_dag.py for tasks to queue
[2026-09-17T14:49:16.401+0000] {logging_mixin.py:188} INFO - [2026-09-17T14:49:16.400+0000] {dagbag.py:545} INFO - Filling up the DagBag from /opt/airflow/dags/extraction_dag.py
[2026-09-17T14:49:16.518+0000] {processor.py:840} INFO - DAG(s) 'youtube_extraction' retrieved from /opt/airflow/dags/extraction_dag.py
[2026-09-17T14:49:16.566+0000] {logging_mixin.py:188} INFO - [2026-09-17T14:49:16.565+0000] {dag.py:3096} INFO - Sync 1 DAGs
[2026-09-17T14:49:16.621+0000] {logging_mixin.py:188} INFO - [2026-09-17T14:49:16.620+0000] {dag.py:3954} INFO - Setting next_dagrun for youtube_extraction to 2026-09-17 00:00:00+00:00, run_after=2026-09-18 00:00:00+00:00
[2026-09-17T14:49:16.679+0000] {processor.py:183} INFO - Processing /opt/airflow/dags/extraction_dag.py took 0.294 seconds
[2026-09-17T14:49:47.108+0000] {processor.py:161} INFO - Started process (PID=1809) to work on /opt/airflow/dags/extraction_dag.py
[2026-09-17T14:49:47.110+0000] {processor.py:830} INFO - Processing file /opt/airflow/dags/extraction_dag.py for tasks to queue
[2026-09-17T14:49:47.113+0000] {logging_mixin.py:188} INFO - [2026-09-17T14:49:47.112+0000] {dagbag.py:545} INFO - Filling up the DagBag from /opt/airflow/dags/extraction_dag.py
[2026-09-17T14:49:47.199+0000] {processor.py:840} INFO - DAG(s) 'youtube_extraction' retrieved from /opt/airflow/dags/extraction_dag.py
[2026-09-17T14:49:47.220+0000] {logging_mixin.py:188} INFO - [2026-09-17T14:49:47.220+0000] {dag.py:3096} INFO - Sync 1 DAGs
[2026-09-17T14:49:47.259+0000] {logging_mixin.py:188} INFO - [2026-09-17T14:49:47.259+0000] {dag.py:3954} INFO - Setting next_dagrun for youtube_extraction to 2026-09-17 00:00:00+00:00, run_after=2026-09-18 00:00:00+00:00
[2026-09-17T14:49:47.294+0000] {processor.py:183} INFO - Processing /opt/airflow/dags/extraction_dag.py took 0.192 seconds
[2026-09-17T14:50:17.710+0000] {processor.py:161} INFO - Started process (PID=1818) to work on /opt/airflow/dags/extraction_dag.py
[2026-09-17T14:50:17.713+0000] {processor.py:830} INFO - Processing file /opt/airflow/dags/extraction_dag.py for tasks to queue
[2026-09-17T14:50:17.715+0000] {logging_mixin.py:188} INFO - [2026-09-17T14:50:17.715+0000] {dagbag.py:545} INFO - Filling up the DagBag from /opt/airflow/dags/extraction_dag.py
[2026-09-17T14:50:17.818+0000] {processor.py:840} INFO - DAG(s) 'youtube_extraction' retrieved from /opt/airflow/dags/extraction_dag.py
[2026-09-17T14:50:17.862+0000] {logging_mixin.py:188} INFO - [2026-09-17T14:50:17.861+0000] {dag.py:3096} INFO - Sync 1 DAGs
[2026-09-17T14:50:17.901+0000] {logging_mixin.py:188} INFO - [2026-09-17T14:50:17.900+0000] {dag.py:3954} INFO - Setting next_dagrun for youtube_extraction to 2026-09-17 00:00:00+00:00, run_after=2026-09-18 00:00:00+00:00
[2026-09-17T14:50:17.931+0000] {processor.py:183} INFO - Processing /opt/airflow/dags/extraction_dag.py took 0.225 seconds
[2026-09-17T14:50:48.378+0000] {processor.py:161} INFO - Started process (PID=1827) to work on /opt/airflow/dags/extraction_dag.py
[2026-09-17T14:50:48.380+0000] {processor.py:830} INFO - Processing file /opt/airflow/dags/extraction_dag.py for tasks to queue
[2026-09-17T14:50:48.384+0000] {logging_mixin.py:188} INFO - [2026-09-17T14:50:48.384+0000] {dagbag.py:545} INFO - Filling up the DagBag from /opt/airflow/dags/extraction_dag.py
[2026-09-17T14:50:48.510+0000] {processor.py:840} INFO - DAG(s) 'youtube_extraction' retrieved from /opt/airflow/dags/extraction_dag.py
[2026-09-17T14:50:48.533+0000] {logging_mixin.py:188} INFO - [2026-09-17T14:50:48.532+0000] {dag.py:3096} INFO - Sync 1 DAGs
[2026-09-17T14:50:48.550+0000] {logging_mixin.py:188} INFO - [2026-09-17T14:50:48.550+0000] {dag.py:3954} INFO - Setting next_dagrun for youtube_extraction to 2026-09-17 00:00:00+00:00, run_after=2026-09-18 00:00:00+00:00
[2026-09-17T14:50:48.594+0000] {processor.py:183} INFO - Processing /opt/airflow/dags/extraction_dag.py took 0.222 seconds
[2026-09-17T14:51:19.151+0000] {processor.py:161} INFO - Started process (PID=1836) to work on /opt/airflow/dags/extraction_dag.py
[2026-09-17T14:51:19.153+0000] {processor.py:830} INFO - Processing file /opt/airflow/dags/extraction_dag.py for tasks to queue
[2026-09-17T14:51:19.156+0000] {logging_mixin.py:188} INFO - [2026-09-17T14:51:19.156+0000] {dagbag.py:545} INFO - Filling up the DagBag from /opt/airflow/dags/extraction_dag.py
[2026-09-17T14:51:19.310+0000] {processor.py:840} INFO - DAG(s) 'youtube_extraction' retrieved from /opt/airflow/dags/extraction_dag.py
[2026-09-17T14:51:19.330+0000] {logging_mixin.py:188} INFO - [2026-09-17T14:51:19.330+0000] {dag.py:3096} INFO - Sync 1 DAGs
[2026-09-17T14:51:19.348+0000] {logging_mixin.py:188} INFO - [2026-09-17T14:51:19.348+0000] {dag.py:3954} INFO - Setting next_dagrun for youtube_extraction to 2026-09-17 00:00:00+00:00, run_after=2026-09-18 00:00:00+00:00
[2026-09-17T14:51:19.390+0000] {processor.py:183} INFO - Processing /opt/airflow/dags/extraction_dag.py took 0.244 seconds
[2026-09-17T14:51:49.859+0000] {processor.py:161} INFO - Started process (PID=1845) to work on /opt/airflow/dags/extraction_dag.py
[2026-09-17T14:51:49.861+0000] {processor.py:830} INFO - Processing file /opt/airflow/dags/extraction_dag.py for tasks to queue
[2026-09-17T14:51:49.865+0000] {logging_mixin.py:188} INFO - [2026-09-17T14:51:49.865+0000] {dagbag.py:545} INFO - Filling up the DagBag from /opt/airflow/dags/extraction_dag.py
[2026-09-17T14:51:49.999+0000] {processor.py:840} INFO - DAG(s) 'youtube_extraction' retrieved from /opt/airflow/dags/extraction_dag.py
[2026-09-17T14:51:50.021+0000] {logging_mixin.py:188} INFO - [2026-09-17T14:51:50.020+0000] {dag.py:3096} INFO - Sync 1 DAGs
[2026-09-17T14:51:50.039+0000] {logging_mixin.py:188} INFO - [2026-09-17T14:51:50.039+0000] {dag.py:3954} INFO - Setting next_dagrun for youtube_extraction to 2026-09-17 00:00:00+00:00, run_after=2026-09-18 00:00:00+00:00
[2026-09-17T14:51:50.078+0000] {processor.py:183} INFO - Processing /opt/airflow/dags/extraction_dag.py took 0.229 seconds
[2026-09-17T14:52:20.579+0000] {processor.py:161} INFO - Started process (PID=1854) to work on /opt/airflow/dags/extraction_dag.py
[2026-09-17T14:52:20.583+0000] {processor.py:830} INFO - Processing file /opt/airflow/dags/extraction_dag.py for tasks to queue
[2026-09-17T14:52:20.586+0000] {logging_mixin.py:188} INFO - [2026-09-17T14:52:20.585+0000] {dagbag.py:545} INFO - Filling up the DagBag from /opt/airflow/dags/extraction_dag.py
[2026-09-17T14:52:20.714+0000] {processor.py:840} INFO - DAG(s) 'youtube_extraction' retrieved from /opt/airflow/dags/extraction_dag.py
[2026-09-17T14:52:20.735+0000] {logging_mixin.py:188} INFO - [2026-09-17T14:52:20.735+0000] {dag.py:3096} INFO - Sync 1 DAGs
[2026-09-17T14:52:20.756+0000] {logging_mixin.py:188} INFO - [2026-09-17T14:52:20.755+0000] {dag.py:3954} INFO - Setting next_dagrun for youtube_extraction to 2026-09-17 00:00:00+00:00, run_after=2026-09-18 00:00:00+00:00
[2026-09-17T14:52:20.802+0000] {processor.py:183} INFO - Processing /opt/airflow/dags/extraction_dag.py took 0.233 seconds
[2026-09-17T14:52:51.232+0000] {processor.py:161} INFO - Started process (PID=1863) to work on /opt/airflow/dags/extraction_dag.py
[2026-09-17T14:52:51.235+0000] {processor.py:830} INFO - Processing file /opt/airflow/dags/extraction_dag.py for tasks to queue
[2026-09-17T14:52:51.237+0000] {logging_mixin.py:188} INFO - [2026-09-17T14:52:51.237+0000] {dagbag.py:545} INFO - Filling up the DagBag from /opt/airflow/dags/extraction_dag.py
[2026-09-17T14:52:51.344+0000] {processor.py:840} INFO - DAG(s) 'youtube_extraction' retrieved from /opt/airflow/dags/extraction_dag.py
[2026-09-17T14:52:51.364+0000] {logging_mixin.py:188} INFO - [2026-09-17T14:52:51.364+0000] {dag.py:3096} INFO - Sync 1 DAGs
[2026-09-17T14:52:51.381+0000] {logging_mixin.py:188} INFO - [2026-09-17T14:52:51.381+0000] {dag.py:3954} INFO - Setting next_dagrun for youtube_extraction to 2026-09-17 00:00:00+00:00, run_after=2026-09-18 00:00:00+00:00
[2026-09-17T14:52:51.417+0000] {processor.py:183} INFO - Processing /opt/airflow/dags/extraction_dag.py took 0.191 seconds
[2026-09-17T14:53:21.873+0000] {processor.py:161} INFO - Started process (PID=1872) to work on /opt/airflow/dags/extraction_dag.py
[2026-09-17T14:53:21.875+0000] {processor.py:830} INFO - Processing file /opt/airflow/dags/extraction_dag.py for tasks to queue
[2026-09-17T14:53:21.877+0000] {logging_mixin.py:188} INFO - [2026-09-17T14:53:21.877+0000] {dagbag.py:545} INFO - Filling up the DagBag from /opt/airflow/dags/extraction_dag.py
[2026-09-17T14:53:21.965+0000] {processor.py:840} INFO - DAG(s) 'youtube_extraction' retrieved from /opt/airflow/dags/extraction_dag.py
[2026-09-17T14:53:21.984+0000] {logging_mixin.py:188} INFO - [2026-09-17T14:53:21.984+0000] {dag.py:3096} INFO - Sync 1 DAGs
[2026-09-17T14:53:22.002+0000] {logging_mixin.py:188} INFO - [2026-09-17T14:53:22.002+0000] {dag.py:3954} INFO - Setting next_dagrun for youtube_extraction to 2026-09-17 00:00:00+00:00, run_after=2026-09-18 00:00:00+00:00
[2026-09-17T14:53:22.042+0000] {processor.py:183} INFO - Processing /opt/airflow/dags/extraction_dag.py took 0.175 seconds
[2026-09-17T14:53:52.496+0000] {processor.py:161} INFO - Started process (PID=1881) to work on /opt/airflow/dags/extraction_dag.py
[2026-09-17T14:53:52.498+0000] {processor.py:830} INFO - Processing file /opt/airflow/dags/extraction_dag.py for tasks to queue
[2026-09-17T14:53:52.501+0000] {logging_mixin.py:188} INFO - [2026-09-17T14:53:52.501+0000] {dagbag.py:545} INFO - Filling up the DagBag from /opt/airflow/dags/extraction_dag.py
[2026-09-17T14:53:52.625+0000] {processor.py:840} INFO - DAG(s) 'youtube_extraction' retrieved from /opt/airflow/dags/extraction_dag.py
[2026-09-17T14:53:52.648+0000] {logging_mixin.py:188} INFO - [2026-09-17T14:53:52.648+0000] {dag.py:3096} INFO - Sync 1 DAGs
[2026-09-17T14:53:52.668+0000] {logging_mixin.py:188} INFO - [2026-09-17T14:53:52.668+0000] {dag.py:3954} INFO - Setting next_dagrun for youtube_extraction to 2026-09-17 00:00:00+00:00, run_after=2026-09-18 00:00:00+00:00
[2026-09-17T14:53:52.694+0000] {processor.py:183} INFO - Processing /opt/airflow/dags/extraction_dag.py took 0.205 seconds
[2026-09-17T14:54:23.128+0000] {processor.py:161} INFO - Started process (PID=1890) to work on /opt/airflow/dags/extraction_dag.py
[2026-09-17T14:54:23.131+0000] {processor.py:830} INFO - Processing file /opt/airflow/dags/extraction_dag.py for tasks to queue
[2026-09-17T14:54:23.134+0000] {logging_mixin.py:188} INFO - [2026-09-17T14:54:23.134+0000] {dagbag.py:545} INFO - Filling up the DagBag from /opt/airflow/dags/extraction_dag.py
[2026-09-17T14:54:23.258+0000] {processor.py:840} INFO - DAG(s) 'youtube_extraction' retrieved from /opt/airflow/dags/extraction_dag.py
[2026-09-17T14:54:23.277+0000] {logging_mixin.py:188} INFO - [2026-09-17T14:54:23.277+0000] {dag.py:3096} INFO - Sync 1 DAGs
[2026-09-17T14:54:23.295+0000] {logging_mixin.py:188} INFO - [2026-09-17T14:54:23.295+0000] {dag.py:3954} INFO - Setting next_dagrun for youtube_extraction to 2026-09-17 00:00:00+00:00, run_after=2026-09-18 00:00:00+00:00
[2026-09-17T14:54:23.320+0000] {processor.py:183} INFO - Processing /opt/airflow/dags/extraction_dag.py took 0.198 seconds
[2026-09-17T14:54:53.795+0000] {processor.py:161} INFO - Started process (PID=1899) to work on /opt/airflow/dags/extraction_dag.py
[2026-09-17T14:54:53.797+0000] {processor.py:830} INFO - Processing file /opt/airflow/dags/extraction_dag.py for tasks to queue
[2026-09-17T14:54:53.800+0000] {logging_mixin.py:188} INFO - [2026-09-17T14:54:53.799+0000] {dagbag.py:545} INFO - Filling up the DagBag from /opt/airflow/dags/extraction_dag.py
[2026-09-17T14:54:53.879+0000] {processor.py:840} INFO - DAG(s) 'youtube_extraction' retrieved from /opt/airflow/dags/extraction_dag.py
[2026-09-17T14:54:53.903+0000] {logging_mixin.py:188} INFO - [2026-09-17T14:54:53.903+0000] {dag.py:3096} INFO - Sync 1 DAGs
[2026-09-17T14:54:53.928+0000] {logging_mixin.py:188} INFO - [2026-09-17T14:54:53.927+0000] {dag.py:3954} INFO - Setting next_dagrun for youtube_extraction to 2026-09-17 00:00:00+00:00, run_after=2026-09-18 00:00:00+00:00
[2026-09-17T14:54:53.951+0000] {processor.py:183} INFO - Processing /opt/airflow/dags/extraction_dag.py took 0.163 seconds
[2026-09-17T14:55:24.395+0000] {processor.py:161} INFO - Started process (PID=1908) to work on /opt/airflow/dags/extraction_dag.py
[2026-09-17T14:55:24.398+0000] {processor.py:830} INFO - Processing file /opt/airflow/dags/extraction_dag.py for tasks to queue
[2026-09-17T14:55:24.401+0000] {logging_mixin.py:188} INFO - [2026-09-17T14:55:24.401+0000] {dagbag.py:545} INFO - Filling up the DagBag from /opt/airflow/dags/extraction_dag.py
[2026-09-17T14:55:24.501+0000] {processor.py:840} INFO - DAG(s) 'youtube_extraction' retrieved from /opt/airflow/dags/extraction_dag.py
[2026-09-17T14:55:24.519+0000] {logging_mixin.py:188} INFO - [2026-09-17T14:55:24.519+0000] {dag.py:3096} INFO - Sync 1 DAGs
[2026-09-17T14:55:24.536+0000] {logging_mixin.py:188} INFO - [2026-09-17T14:55:24.536+0000] {dag.py:3954} INFO - Setting next_dagrun for youtube_extraction to 2026-09-17 00:00:00+00:00, run_after=2026-09-18 00:00:00+00:00
[2026-09-17T14:55:24.561+0000] {processor.py:183} INFO - Processing /opt/airflow/dags/extraction_dag.py took 0.172 seconds
[2026-09-17T14:55:55.011+0000] {processor.py:161} INFO - Started process (PID=1917) to work on /opt/airflow/dags/extraction_dag.py
[2026-09-17T14:55:55.014+0000] {processor.py:830} INFO - Processing file /opt/airflow/dags/extraction_dag.py for tasks to queue
[2026-09-17T14:55:55.018+0000] {logging_mixin.py:188} INFO - [2026-09-17T14:55:55.017+0000] {dagbag.py:545} INFO - Filling up the DagBag from /opt/airflow/dags/extraction_dag.py
[2026-09-17T14:55:55.134+0000] {processor.py:840} INFO - DAG(s) 'youtube_extraction' retrieved from /opt/airflow/dags/extraction_dag.py
[2026-09-17T14:55:55.156+0000] {logging_mixin.py:188} INFO - [2026-09-17T14:55:55.156+0000] {dag.py:3096} INFO - Sync 1 DAGs
[2026-09-17T14:55:55.176+0000] {logging_mixin.py:188} INFO - [2026-09-17T14:55:55.175+0000] {dag.py:3954} INFO - Setting next_dagrun for youtube_extraction to 2026-09-17 00:00:00+00:00, run_after=2026-09-18 00:00:00+00:00
[2026-09-17T14:55:55.206+0000] {processor.py:183} INFO - Processing /opt/airflow/dags/extraction_dag.py took 0.202 seconds
[2026-09-17T14:56:25.789+0000] {processor.py:161} INFO - Started process (PID=1926) to work on /opt/airflow/dags/extraction_dag.py
[2026-09-17T14:56:25.795+0000] {processor.py:830} INFO - Processing file /opt/airflow/dags/extraction_dag.py for tasks to queue
[2026-09-17T14:56:25.805+0000] {logging_mixin.py:188} INFO - [2026-09-17T14:56:25.804+0000] {dagbag.py:545} INFO - Filling up the DagBag from /opt/airflow/dags/extraction_dag.py
[2026-09-17T14:56:25.920+0000] {processor.py:840} INFO - DAG(s) 'youtube_extraction' retrieved from /opt/airflow/dags/extraction_dag.py
[2026-09-17T14:56:25.947+0000] {logging_mixin.py:188} INFO - [2026-09-17T14:56:25.946+0000] {dag.py:3096} INFO - Sync 1 DAGs
[2026-09-17T14:56:25.971+0000] {logging_mixin.py:188} INFO - [2026-09-17T14:56:25.970+0000] {dag.py:3954} INFO - Setting next_dagrun for youtube_extraction to 2026-09-17 00:00:00+00:00, run_after=2026-09-18 00:00:00+00:00
[2026-09-17T14:56:26.018+0000] {processor.py:183} INFO - Processing /opt/airflow/dags/extraction_dag.py took 0.240 seconds
[2026-09-17T14:56:56.407+0000] {processor.py:161} INFO - Started process (PID=1935) to work on /opt/airflow/dags/extraction_dag.py
[2026-09-17T14:56:56.413+0000] {processor.py:830} INFO - Processing file /opt/airflow/dags/extraction_dag.py for tasks to queue
[2026-09-17T14:56:56.419+0000] {logging_mixin.py:188} INFO - [2026-09-17T14:56:56.418+0000] {dagbag.py:545} INFO - Filling up the DagBag from /opt/airflow/dags/extraction_dag.py
[2026-09-17T14:56:56.519+0000] {processor.py:840} INFO - DAG(s) 'youtube_extraction' retrieved from /opt/airflow/dags/extraction_dag.py
[2026-09-17T14:56:56.545+0000] {logging_mixin.py:188} INFO - [2026-09-17T14:56:56.544+0000] {dag.py:3096} INFO - Sync 1 DAGs
[2026-09-17T14:56:56.569+0000] {logging_mixin.py:188} INFO - [2026-09-17T14:56:56.568+0000] {dag.py:3954} INFO - Setting next_dagrun for youtube_extraction to 2026-09-17 00:00:00+00:00, run_after=2026-09-18 00:00:00+00:00
[2026-09-17T14:56:56.622+0000] {processor.py:183} INFO - Processing /opt/airflow/dags/extraction_dag.py took 0.231 seconds
[2026-09-17T14:57:27.055+0000] {processor.py:161} INFO - Started process (PID=1944) to work on /opt/airflow/dags/extraction_dag.py
[2026-09-17T14:57:27.058+0000] {processor.py:830} INFO - Processing file /opt/airflow/dags/extraction_dag.py for tasks to queue
[2026-09-17T14:57:27.062+0000] {logging_mixin.py:188} INFO - [2026-09-17T14:57:27.061+0000] {dagbag.py:545} INFO - Filling up the DagBag from /opt/airflow/dags/extraction_dag.py
[2026-09-17T14:57:27.170+0000] {processor.py:840} INFO - DAG(s) 'youtube_extraction' retrieved from /opt/airflow/dags/extraction_dag.py
[2026-09-17T14:57:27.192+0000] {logging_mixin.py:188} INFO - [2026-09-17T14:57:27.192+0000] {dag.py:3096} INFO - Sync 1 DAGs
[2026-09-17T14:57:27.213+0000] {logging_mixin.py:188} INFO - [2026-09-17T14:57:27.213+0000] {dag.py:3954} INFO - Setting next_dagrun for youtube_extraction to 2026-09-17 00:00:00+00:00, run_after=2026-09-18 00:00:00+00:00
[2026-09-17T14:57:27.280+0000] {processor.py:183} INFO - Processing /opt/airflow/dags/extraction_dag.py took 0.230 seconds
[2026-09-17T14:57:57.674+0000] {processor.py:161} INFO - Started process (PID=1953) to work on /opt/airflow/dags/extraction_dag.py
[2026-09-17T14:57:57.676+0000] {processor.py:830} INFO - Processing file /opt/airflow/dags/extraction_dag.py for tasks to queue
[2026-09-17T14:57:57.680+0000] {logging_mixin.py:188} INFO - [2026-09-17T14:57:57.680+0000] {dagbag.py:545} INFO - Filling up the DagBag from /opt/airflow/dags/extraction_dag.py
[2026-09-17T14:57:57.815+0000] {processor.py:840} INFO - DAG(s) 'youtube_extraction' retrieved from /opt/airflow/dags/extraction_dag.py
[2026-09-17T14:57:57.852+0000] {logging_mixin.py:188} INFO - [2026-09-17T14:57:57.851+0000] {dag.py:3096} INFO - Sync 1 DAGs
[2026-09-17T14:57:57.902+0000] {logging_mixin.py:188} INFO - [2026-09-17T14:57:57.902+0000] {dag.py:3954} INFO - Setting next_dagrun for youtube_extraction to 2026-09-17 00:00:00+00:00, run_after=2026-09-18 00:00:00+00:00
[2026-09-17T14:57:57.950+0000] {processor.py:183} INFO - Processing /opt/airflow/dags/extraction_dag.py took 0.285 seconds
[2026-09-17T14:58:28.386+0000] {processor.py:161} INFO - Started process (PID=1962) to work on /opt/airflow/dags/extraction_dag.py
[2026-09-17T14:58:28.388+0000] {processor.py:830} INFO - Processing file /opt/airflow/dags/extraction_dag.py for tasks to queue
[2026-09-17T14:58:28.391+0000] {logging_mixin.py:188} INFO - [2026-09-17T14:58:28.391+0000] {dagbag.py:545} INFO - Filling up the DagBag from /opt/airflow/dags/extraction_dag.py
[2026-09-17T14:58:28.492+0000] {processor.py:840} INFO - DAG(s) 'youtube_extraction' retrieved from /opt/airflow/dags/extraction_dag.py
[2026-09-17T14:58:28.513+0000] {logging_mixin.py:188} INFO - [2026-09-17T14:58:28.513+0000] {dag.py:3096} INFO - Sync 1 DAGs
[2026-09-17T14:58:28.534+0000] {logging_mixin.py:188} INFO - [2026-09-17T14:58:28.534+0000] {dag.py:3954} INFO - Setting next_dagrun for youtube_extraction to 2026-09-17 00:00:00+00:00, run_after=2026-09-18 00:00:00+00:00
[2026-09-17T14:58:28.580+0000] {processor.py:183} INFO - Processing /opt/airflow/dags/extraction_dag.py took 0.200 seconds
[2026-09-17T14:58:58.995+0000] {processor.py:161} INFO - Started process (PID=1971) to work on /opt/airflow/dags/extraction_dag.py
[2026-09-17T14:58:58.999+0000] {processor.py:830} INFO - Processing file /opt/airflow/dags/extraction_dag.py for tasks to queue
[2026-09-17T14:58:59.004+0000] {logging_mixin.py:188} INFO - [2026-09-17T14:58:59.003+0000] {dagbag.py:545} INFO - Filling up the DagBag from /opt/airflow/dags/extraction_dag.py
[2026-09-17T14:58:59.134+0000] {processor.py:840} INFO - DAG(s) 'youtube_extraction' retrieved from /opt/airflow/dags/extraction_dag.py
[2026-09-17T14:58:59.287+0000] {logging_mixin.py:188} INFO - [2026-09-17T14:58:59.286+0000] {dag.py:3096} INFO - Sync 1 DAGs
[2026-09-17T14:58:59.360+0000] {logging_mixin.py:188} INFO - [2026-09-17T14:58:59.359+0000] {dag.py:3954} INFO - Setting next_dagrun for youtube_extraction to 2026-09-17 00:00:00+00:00, run_after=2026-09-18 00:00:00+00:00
[2026-09-17T14:58:59.428+0000] {processor.py:183} INFO - Processing /opt/airflow/dags/extraction_dag.py took 0.446 seconds
[2026-09-17T14:59:29.845+0000] {processor.py:161} INFO - Started process (PID=1980) to work on /opt/airflow/dags/extraction_dag.py
[2026-09-17T14:59:29.848+0000] {processor.py:830} INFO - Processing file /opt/airflow/dags/extraction_dag.py for tasks to queue
[2026-09-17T14:59:29.852+0000] {logging_mixin.py:188} INFO - [2026-09-17T14:59:29.852+0000] {dagbag.py:545} INFO - Filling up the DagBag from /opt/airflow/dags/extraction_dag.py
[2026-09-17T14:59:29.961+0000] {processor.py:840} INFO - DAG(s) 'youtube_extraction' retrieved from /opt/airflow/dags/extraction_dag.py
[2026-09-17T14:59:29.991+0000] {logging_mixin.py:188} INFO - [2026-09-17T14:59:29.991+0000] {dag.py:3096} INFO - Sync 1 DAGs
[2026-09-17T14:59:30.019+0000] {logging_mixin.py:188} INFO - [2026-09-17T14:59:30.019+0000] {dag.py:3954} INFO - Setting next_dagrun for youtube_extraction to 2026-09-17 00:00:00+00:00, run_after=2026-09-18 00:00:00+00:00
[2026-09-17T14:59:30.045+0000] {processor.py:183} INFO - Processing /opt/airflow/dags/extraction_dag.py took 0.212 seconds
[2026-09-17T15:00:00.542+0000] {processor.py:161} INFO - Started process (PID=1989) to work on /opt/airflow/dags/extraction_dag.py
[2026-09-17T15:00:00.546+0000] {processor.py:830} INFO - Processing file /opt/airflow/dags/extraction_dag.py for tasks to queue
[2026-09-17T15:00:00.550+0000] {logging_mixin.py:188} INFO - [2026-09-17T15:00:00.550+0000] {dagbag.py:545} INFO - Filling up the DagBag from /opt/airflow/dags/extraction_dag.py
[2026-09-17T15:00:00.649+0000] {processor.py:840} INFO - DAG(s) 'youtube_extraction' retrieved from /opt/airflow/dags/extraction_dag.py
[2026-09-17T15:00:00.690+0000] {logging_mixin.py:188} INFO - [2026-09-17T15:00:00.690+0000] {dag.py:3096} INFO - Sync 1 DAGs
[2026-09-17T15:00:00.710+0000] {logging_mixin.py:188} INFO - [2026-09-17T15:00:00.710+0000] {dag.py:3954} INFO - Setting next_dagrun for youtube_extraction to 2026-09-17 00:00:00+00:00, run_after=2026-09-18 00:00:00+00:00
[2026-09-17T15:00:00.758+0000] {processor.py:183} INFO - Processing /opt/airflow/dags/extraction_dag.py took 0.223 seconds
[2026-09-17T15:00:31.135+0000] {processor.py:161} INFO - Started process (PID=1998) to work on /opt/airflow/dags/extraction_dag.py
[2026-09-17T15:00:31.138+0000] {processor.py:830} INFO - Processing file /opt/airflow/dags/extraction_dag.py for tasks to queue
[2026-09-17T15:00:31.142+0000] {logging_mixin.py:188} INFO - [2026-09-17T15:00:31.141+0000] {dagbag.py:545} INFO - Filling up the DagBag from /opt/airflow/dags/extraction_dag.py
[2026-09-17T15:00:31.259+0000] {processor.py:840} INFO - DAG(s) 'youtube_extraction' retrieved from /opt/airflow/dags/extraction_dag.py
[2026-09-17T15:00:31.291+0000] {logging_mixin.py:188} INFO - [2026-09-17T15:00:31.291+0000] {dag.py:3096} INFO - Sync 1 DAGs
[2026-09-17T15:00:31.325+0000] {logging_mixin.py:188} INFO - [2026-09-17T15:00:31.325+0000] {dag.py:3954} INFO - Setting next_dagrun for youtube_extraction to 2026-09-17 00:00:00+00:00, run_after=2026-09-18 00:00:00+00:00
[2026-09-17T15:00:31.393+0000] {processor.py:183} INFO - Processing /opt/airflow/dags/extraction_dag.py took 0.266 seconds
[2026-09-17T15:01:01.927+0000] {processor.py:161} INFO - Started process (PID=2007) to work on /opt/airflow/dags/extraction_dag.py
[2026-09-17T15:01:01.930+0000] {processor.py:830} INFO - Processing file /opt/airflow/dags/extraction_dag.py for tasks to queue
[2026-09-17T15:01:01.932+0000] {logging_mixin.py:188} INFO - [2026-09-17T15:01:01.932+0000] {dagbag.py:545} INFO - Filling up the DagBag from /opt/airflow/dags/extraction_dag.py
[2026-09-17T15:01:02.068+0000] {processor.py:840} INFO - DAG(s) 'youtube_extraction' retrieved from /opt/airflow/dags/extraction_dag.py
[2026-09-17T15:01:02.113+0000] {logging_mixin.py:188} INFO - [2026-09-17T15:01:02.113+0000] {dag.py:3096} INFO - Sync 1 DAGs
[2026-09-17T15:01:02.158+0000] {logging_mixin.py:188} INFO - [2026-09-17T15:01:02.158+0000] {dag.py:3954} INFO - Setting next_dagrun for youtube_extraction to 2026-09-17 00:00:00+00:00, run_after=2026-09-18 00:00:00+00:00
[2026-09-17T15:01:02.204+0000] {processor.py:183} INFO - Processing /opt/airflow/dags/extraction_dag.py took 0.282 seconds
[2026-09-17T15:01:32.641+0000] {processor.py:161} INFO - Started process (PID=2016) to work on /opt/airflow/dags/extraction_dag.py
[2026-09-17T15:01:32.643+0000] {processor.py:830} INFO - Processing file /opt/airflow/dags/extraction_dag.py for tasks to queue
[2026-09-17T15:01:32.648+0000] {logging_mixin.py:188} INFO - [2026-09-17T15:01:32.647+0000] {dagbag.py:545} INFO - Filling up the DagBag from /opt/airflow/dags/extraction_dag.py
[2026-09-17T15:01:32.748+0000] {processor.py:840} INFO - DAG(s) 'youtube_extraction' retrieved from /opt/airflow/dags/extraction_dag.py
[2026-09-17T15:01:32.779+0000] {logging_mixin.py:188} INFO - [2026-09-17T15:01:32.778+0000] {dag.py:3096} INFO - Sync 1 DAGs
[2026-09-17T15:01:32.803+0000] {logging_mixin.py:188} INFO - [2026-09-17T15:01:32.803+0000] {dag.py:3954} INFO - Setting next_dagrun for youtube_extraction to 2026-09-17 00:00:00+00:00, run_after=2026-09-18 00:00:00+00:00
[2026-09-17T15:01:32.852+0000] {processor.py:183} INFO - Processing /opt/airflow/dags/extraction_dag.py took 0.219 seconds
[2026-09-17T15:02:03.255+0000] {processor.py:161} INFO - Started process (PID=2025) to work on /opt/airflow/dags/extraction_dag.py
[2026-09-17T15:02:03.257+0000] {processor.py:830} INFO - Processing file /opt/airflow/dags/extraction_dag.py for tasks to queue
[2026-09-17T15:02:03.260+0000] {logging_mixin.py:188} INFO - [2026-09-17T15:02:03.259+0000] {dagbag.py:545} INFO - Filling up the DagBag from /opt/airflow/dags/extraction_dag.py
[2026-09-17T15:02:03.389+0000] {processor.py:840} INFO - DAG(s) 'youtube_extraction' retrieved from /opt/airflow/dags/extraction_dag.py
[2026-09-17T15:02:03.414+0000] {logging_mixin.py:188} INFO - [2026-09-17T15:02:03.414+0000] {dag.py:3096} INFO - Sync 1 DAGs
[2026-09-17T15:02:03.440+0000] {logging_mixin.py:188} INFO - [2026-09-17T15:02:03.440+0000] {dag.py:3954} INFO - Setting next_dagrun for youtube_extraction to 2026-09-17 00:00:00+00:00, run_after=2026-09-18 00:00:00+00:00
[2026-09-17T15:02:03.482+0000] {processor.py:183} INFO - Processing /opt/airflow/dags/extraction_dag.py took 0.233 seconds
[2026-09-17T15:02:33.879+0000] {processor.py:161} INFO - Started process (PID=2040) to work on /opt/airflow/dags/extraction_dag.py
[2026-09-17T15:02:33.881+0000] {processor.py:830} INFO - Processing file /opt/airflow/dags/extraction_dag.py for tasks to queue
[2026-09-17T15:02:33.885+0000] {logging_mixin.py:188} INFO - [2026-09-17T15:02:33.884+0000] {dagbag.py:545} INFO - Filling up the DagBag from /opt/airflow/dags/extraction_dag.py
[2026-09-17T15:02:33.980+0000] {processor.py:840} INFO - DAG(s) 'youtube_extraction' retrieved from /opt/airflow/dags/extraction_dag.py
[2026-09-17T15:02:34.006+0000] {logging_mixin.py:188} INFO - [2026-09-17T15:02:34.006+0000] {dag.py:3096} INFO - Sync 1 DAGs
[2026-09-17T15:02:34.031+0000] {logging_mixin.py:188} INFO - [2026-09-17T15:02:34.030+0000] {dag.py:3954} INFO - Setting next_dagrun for youtube_extraction to 2026-09-17 00:00:00+00:00, run_after=2026-09-18 00:00:00+00:00
[2026-09-17T15:02:34.072+0000] {processor.py:183} INFO - Processing /opt/airflow/dags/extraction_dag.py took 0.199 seconds
[2026-09-17T15:03:04.532+0000] {processor.py:161} INFO - Started process (PID=2049) to work on /opt/airflow/dags/extraction_dag.py
[2026-09-17T15:03:04.535+0000] {processor.py:830} INFO - Processing file /opt/airflow/dags/extraction_dag.py for tasks to queue
[2026-09-17T15:03:04.539+0000] {logging_mixin.py:188} INFO - [2026-09-17T15:03:04.538+0000] {dagbag.py:545} INFO - Filling up the DagBag from /opt/airflow/dags/extraction_dag.py
[2026-09-17T15:03:04.690+0000] {processor.py:840} INFO - DAG(s) 'youtube_extraction' retrieved from /opt/airflow/dags/extraction_dag.py
[2026-09-17T15:03:04.714+0000] {logging_mixin.py:188} INFO - [2026-09-17T15:03:04.714+0000] {dag.py:3096} INFO - Sync 1 DAGs
[2026-09-17T15:03:04.737+0000] {logging_mixin.py:188} INFO - [2026-09-17T15:03:04.736+0000] {dag.py:3954} INFO - Setting next_dagrun for youtube_extraction to 2026-09-17 00:00:00+00:00, run_after=2026-09-18 00:00:00+00:00
[2026-09-17T15:03:04.782+0000] {processor.py:183} INFO - Processing /opt/airflow/dags/extraction_dag.py took 0.256 seconds
[2026-09-17T15:03:35.170+0000] {processor.py:161} INFO - Started process (PID=2058) to work on /opt/airflow/dags/extraction_dag.py
[2026-09-17T15:03:35.172+0000] {processor.py:830} INFO - Processing file /opt/airflow/dags/extraction_dag.py for tasks to queue
[2026-09-17T15:03:35.175+0000] {logging_mixin.py:188} INFO - [2026-09-17T15:03:35.175+0000] {dagbag.py:545} INFO - Filling up the DagBag from /opt/airflow/dags/extraction_dag.py
[2026-09-17T15:03:35.276+0000] {processor.py:840} INFO - DAG(s) 'youtube_extraction' retrieved from /opt/airflow/dags/extraction_dag.py
[2026-09-17T15:03:35.299+0000] {logging_mixin.py:188} INFO - [2026-09-17T15:03:35.299+0000] {dag.py:3096} INFO - Sync 1 DAGs
[2026-09-17T15:03:35.323+0000] {logging_mixin.py:188} INFO - [2026-09-17T15:03:35.323+0000] {dag.py:3954} INFO - Setting next_dagrun for youtube_extraction to 2026-09-17 00:00:00+00:00, run_after=2026-09-18 00:00:00+00:00
[2026-09-17T15:03:35.354+0000] {processor.py:183} INFO - Processing /opt/airflow/dags/extraction_dag.py took 0.190 seconds
[2026-09-17T15:04:05.752+0000] {processor.py:161} INFO - Started process (PID=2067) to work on /opt/airflow/dags/extraction_dag.py
[2026-09-17T15:04:05.755+0000] {processor.py:830} INFO - Processing file /opt/airflow/dags/extraction_dag.py for tasks to queue
[2026-09-17T15:04:05.758+0000] {logging_mixin.py:188} INFO - [2026-09-17T15:04:05.757+0000] {dagbag.py:545} INFO - Filling up the DagBag from /opt/airflow/dags/extraction_dag.py
[2026-09-17T15:04:05.862+0000] {processor.py:840} INFO - DAG(s) 'youtube_extraction' retrieved from /opt/airflow/dags/extraction_dag.py
[2026-09-17T15:04:05.888+0000] {logging_mixin.py:188} INFO - [2026-09-17T15:04:05.887+0000] {dag.py:3096} INFO - Sync 1 DAGs
[2026-09-17T15:04:05.911+0000] {logging_mixin.py:188} INFO - [2026-09-17T15:04:05.911+0000] {dag.py:3954} INFO - Setting next_dagrun for youtube_extraction to 2026-09-17 00:00:00+00:00, run_after=2026-09-18 00:00:00+00:00
[2026-09-17T15:04:05.932+0000] {processor.py:183} INFO - Processing /opt/airflow/dags/extraction_dag.py took 0.185 seconds
[2026-09-17T15:04:36.312+0000] {processor.py:161} INFO - Started process (PID=2076) to work on /opt/airflow/dags/extraction_dag.py
[2026-09-17T15:04:36.314+0000] {processor.py:830} INFO - Processing file /opt/airflow/dags/extraction_dag.py for tasks to queue
[2026-09-17T15:04:36.317+0000] {logging_mixin.py:188} INFO - [2026-09-17T15:04:36.317+0000] {dagbag.py:545} INFO - Filling up the DagBag from /opt/airflow/dags/extraction_dag.py
[2026-09-17T15:04:36.423+0000] {processor.py:840} INFO - DAG(s) 'youtube_extraction' retrieved from /opt/airflow/dags/extraction_dag.py
[2026-09-17T15:04:36.447+0000] {logging_mixin.py:188} INFO - [2026-09-17T15:04:36.447+0000] {dag.py:3096} INFO - Sync 1 DAGs
[2026-09-17T15:04:36.467+0000] {logging_mixin.py:188} INFO - [2026-09-17T15:04:36.467+0000] {dag.py:3954} INFO - Setting next_dagrun for youtube_extraction to 2026-09-17 00:00:00+00:00, run_after=2026-09-18 00:00:00+00:00
[2026-09-17T15:04:36.498+0000] {processor.py:183} INFO - Processing /opt/airflow/dags/extraction_dag.py took 0.192 seconds
[2026-09-17T15:05:06.912+0000] {processor.py:161} INFO - Started process (PID=2085) to work on /opt/airflow/dags/extraction_dag.py
[2026-09-17T15:05:06.914+0000] {processor.py:830} INFO - Processing file /opt/airflow/dags/extraction_dag.py for tasks to queue
[2026-09-17T15:05:06.917+0000] {logging_mixin.py:188} INFO - [2026-09-17T15:05:06.916+0000] {dagbag.py:545} INFO - Filling up the DagBag from /opt/airflow/dags/extraction_dag.py
[2026-09-17T15:05:07.013+0000] {processor.py:840} INFO - DAG(s) 'youtube_extraction' retrieved from /opt/airflow/dags/extraction_dag.py
[2026-09-17T15:05:07.040+0000] {logging_mixin.py:188} INFO - [2026-09-17T15:05:07.040+0000] {dag.py:3096} INFO - Sync 1 DAGs
[2026-09-17T15:05:07.064+0000] {logging_mixin.py:188} INFO - [2026-09-17T15:05:07.064+0000] {dag.py:3954} INFO - Setting next_dagrun for youtube_extraction to 2026-09-17 00:00:00+00:00, run_after=2026-09-18 00:00:00+00:00
[2026-09-17T15:05:07.108+0000] {processor.py:183} INFO - Processing /opt/airflow/dags/extraction_dag.py took 0.203 seconds
[2026-09-17T15:05:37.547+0000] {processor.py:161} INFO - Started process (PID=2094) to work on /opt/airflow/dags/extraction_dag.py
[2026-09-17T15:05:37.550+0000] {processor.py:830} INFO - Processing file /opt/airflow/dags/extraction_dag.py for tasks to queue
[2026-09-17T15:05:37.554+0000] {logging_mixin.py:188} INFO - [2026-09-17T15:05:37.553+0000] {dagbag.py:545} INFO - Filling up the DagBag from /opt/airflow/dags/extraction_dag.py
[2026-09-17T15:05:37.668+0000] {processor.py:840} INFO - DAG(s) 'youtube_extraction' retrieved from /opt/airflow/dags/extraction_dag.py
[2026-09-17T15:05:37.689+0000] {logging_mixin.py:188} INFO - [2026-09-17T15:05:37.689+0000] {dag.py:3096} INFO - Sync 1 DAGs
[2026-09-17T15:05:37.735+0000] {logging_mixin.py:188} INFO - [2026-09-17T15:05:37.734+0000] {dag.py:3954} INFO - Setting next_dagrun for youtube_extraction to 2026-09-17 00:00:00+00:00, run_after=2026-09-18 00:00:00+00:00
[2026-09-17T15:05:37.757+0000] {processor.py:183} INFO - Processing /opt/airflow/dags/extraction_dag.py took 0.217 seconds
[2026-09-17T15:06:08.242+0000] {processor.py:161} INFO - Started process (PID=2103) to work on /opt/airflow/dags/extraction_dag.py
[2026-09-17T15:06:08.244+0000] {processor.py:830} INFO - Processing file /opt/airflow/dags/extraction_dag.py for tasks to queue
[2026-09-17T15:06:08.248+0000] {logging_mixin.py:188} INFO - [2026-09-17T15:06:08.247+0000] {dagbag.py:545} INFO - Filling up the DagBag from /opt/airflow/dags/extraction_dag.py
[2026-09-17T15:06:08.343+0000] {processor.py:840} INFO - DAG(s) 'youtube_extraction' retrieved from /opt/airflow/dags/extraction_dag.py
[2026-09-17T15:06:08.365+0000] {logging_mixin.py:188} INFO - [2026-09-17T15:06:08.365+0000] {dag.py:3096} INFO - Sync 1 DAGs
[2026-09-17T15:06:08.385+0000] {logging_mixin.py:188} INFO - [2026-09-17T15:06:08.384+0000] {dag.py:3954} INFO - Setting next_dagrun for youtube_extraction to 2026-09-17 00:00:00+00:00, run_after=2026-09-18 00:00:00+00:00
[2026-09-17T15:06:08.415+0000] {processor.py:183} INFO - Processing /opt/airflow/dags/extraction_dag.py took 0.179 seconds
[2026-09-17T15:06:38.827+0000] {processor.py:161} INFO - Started process (PID=2112) to work on /opt/airflow/dags/extraction_dag.py
[2026-09-17T15:06:38.830+0000] {processor.py:830} INFO - Processing file /opt/airflow/dags/extraction_dag.py for tasks to queue
[2026-09-17T15:06:38.837+0000] {logging_mixin.py:188} INFO - [2026-09-17T15:06:38.836+0000] {dagbag.py:545} INFO - Filling up the DagBag from /opt/airflow/dags/extraction_dag.py
[2026-09-17T15:06:38.937+0000] {processor.py:840} INFO - DAG(s) 'youtube_extraction' retrieved from /opt/airflow/dags/extraction_dag.py
[2026-09-17T15:06:38.963+0000] {logging_mixin.py:188} INFO - [2026-09-17T15:06:38.963+0000] {dag.py:3096} INFO - Sync 1 DAGs
[2026-09-17T15:06:38.984+0000] {logging_mixin.py:188} INFO - [2026-09-17T15:06:38.984+0000] {dag.py:3954} INFO - Setting next_dagrun for youtube_extraction to 2026-09-17 00:00:00+00:00, run_after=2026-09-18 00:00:00+00:00
[2026-09-17T15:06:39.028+0000] {processor.py:183} INFO - Processing /opt/airflow/dags/extraction_dag.py took 0.212 seconds
[2026-09-17T15:07:09.418+0000] {processor.py:161} INFO - Started process (PID=2121) to work on /opt/airflow/dags/extraction_dag.py
[2026-09-17T15:07:09.421+0000] {processor.py:830} INFO - Processing file /opt/airflow/dags/extraction_dag.py for tasks to queue
[2026-09-17T15:07:09.424+0000] {logging_mixin.py:188} INFO - [2026-09-17T15:07:09.424+0000] {dagbag.py:545} INFO - Filling up the DagBag from /opt/airflow/dags/extraction_dag.py
[2026-09-17T15:07:09.523+0000] {processor.py:840} INFO - DAG(s) 'youtube_extraction' retrieved from /opt/airflow/dags/extraction_dag.py
[2026-09-17T15:07:09.550+0000] {logging_mixin.py:188} INFO - [2026-09-17T15:07:09.549+0000] {dag.py:3096} INFO - Sync 1 DAGs
[2026-09-17T15:07:09.570+0000] {logging_mixin.py:188} INFO - [2026-09-17T15:07:09.569+0000] {dag.py:3954} INFO - Setting next_dagrun for youtube_extraction to 2026-09-17 00:00:00+00:00, run_after=2026-09-18 00:00:00+00:00
[2026-09-17T15:07:09.600+0000] {processor.py:183} INFO - Processing /opt/airflow/dags/extraction_dag.py took 0.189 seconds
[2026-09-17T15:07:40.029+0000] {processor.py:161} INFO - Started process (PID=2130) to work on /opt/airflow/dags/extraction_dag.py
[2026-09-17T15:07:40.032+0000] {processor.py:830} INFO - Processing file /opt/airflow/dags/extraction_dag.py for tasks to queue
[2026-09-17T15:07:40.035+0000] {logging_mixin.py:188} INFO - [2026-09-17T15:07:40.035+0000] {dagbag.py:545} INFO - Filling up the DagBag from /opt/airflow/dags/extraction_dag.py
[2026-09-17T15:07:40.131+0000] {processor.py:840} INFO - DAG(s) 'youtube_extraction' retrieved from /opt/airflow/dags/extraction_dag.py
[2026-09-17T15:07:40.155+0000] {logging_mixin.py:188} INFO - [2026-09-17T15:07:40.155+0000] {dag.py:3096} INFO - Sync 1 DAGs
[2026-09-17T15:07:40.176+0000] {logging_mixin.py:188} INFO - [2026-09-17T15:07:40.175+0000] {dag.py:3954} INFO - Setting next_dagrun for youtube_extraction to 2026-09-17 00:00:00+00:00, run_after=2026-09-18 00:00:00+00:00
[2026-09-17T15:07:40.206+0000] {processor.py:183} INFO - Processing /opt/airflow/dags/extraction_dag.py took 0.182 seconds
[2026-09-17T15:08:10.600+0000] {processor.py:161} INFO - Started process (PID=2139) to work on /opt/airflow/dags/extraction_dag.py
[2026-09-17T15:08:10.602+0000] {processor.py:830} INFO - Processing file /opt/airflow/dags/extraction_dag.py for tasks to queue
[2026-09-17T15:08:10.605+0000] {logging_mixin.py:188} INFO - [2026-09-17T15:08:10.604+0000] {dagbag.py:545} INFO - Filling up the DagBag from /opt/airflow/dags/extraction_dag.py
[2026-09-17T15:08:10.672+0000] {processor.py:840} INFO - DAG(s) 'youtube_extraction' retrieved from /opt/airflow/dags/extraction_dag.py
[2026-09-17T15:08:10.700+0000] {logging_mixin.py:188} INFO - [2026-09-17T15:08:10.700+0000] {dag.py:3096} INFO - Sync 1 DAGs
[2026-09-17T15:08:10.723+0000] {logging_mixin.py:188} INFO - [2026-09-17T15:08:10.723+0000] {dag.py:3954} INFO - Setting next_dagrun for youtube_extraction to 2026-09-17 00:00:00+00:00, run_after=2026-09-18 00:00:00+00:00
[2026-09-17T15:08:10.750+0000] {processor.py:183} INFO - Processing /opt/airflow/dags/extraction_dag.py took 0.158 seconds
[2026-09-17T15:08:41.172+0000] {processor.py:161} INFO - Started process (PID=2148) to work on /opt/airflow/dags/extraction_dag.py
[2026-09-17T15:08:41.175+0000] {processor.py:830} INFO - Processing file /opt/airflow/dags/extraction_dag.py for tasks to queue
[2026-09-17T15:08:41.185+0000] {logging_mixin.py:188} INFO - [2026-09-17T15:08:41.184+0000] {dagbag.py:545} INFO - Filling up the DagBag from /opt/airflow/dags/extraction_dag.py
[2026-09-17T15:08:41.350+0000] {processor.py:840} INFO - DAG(s) 'youtube_extraction' retrieved from /opt/airflow/dags/extraction_dag.py
[2026-09-17T15:08:41.434+0000] {logging_mixin.py:188} INFO - [2026-09-17T15:08:41.434+0000] {dag.py:3096} INFO - Sync 1 DAGs
[2026-09-17T15:08:41.475+0000] {logging_mixin.py:188} INFO - [2026-09-17T15:08:41.475+0000] {dag.py:3954} INFO - Setting next_dagrun for youtube_extraction to 2026-09-17 00:00:00+00:00, run_after=2026-09-18 00:00:00+00:00
[2026-09-17T15:08:41.522+0000] {processor.py:183} INFO - Processing /opt/airflow/dags/extraction_dag.py took 0.362 seconds
[2026-09-17T15:09:11.934+0000] {processor.py:161} INFO - Started process (PID=2157) to work on /opt/airflow/dags/extraction_dag.py
[2026-09-17T15:09:11.936+0000] {processor.py:830} INFO - Processing file /opt/airflow/dags/extraction_dag.py for tasks to queue
[2026-09-17T15:09:11.939+0000] {logging_mixin.py:188} INFO - [2026-09-17T15:09:11.938+0000] {dagbag.py:545} INFO - Filling up the DagBag from /opt/airflow/dags/extraction_dag.py
[2026-09-17T15:09:12.007+0000] {processor.py:840} INFO - DAG(s) 'youtube_extraction' retrieved from /opt/airflow/dags/extraction_dag.py
[2026-09-17T15:09:12.034+0000] {logging_mixin.py:188} INFO - [2026-09-17T15:09:12.034+0000] {dag.py:3096} INFO - Sync 1 DAGs
[2026-09-17T15:09:12.066+0000] {logging_mixin.py:188} INFO - [2026-09-17T15:09:12.065+0000] {dag.py:3954} INFO - Setting next_dagrun for youtube_extraction to 2026-09-17 00:00:00+00:00, run_after=2026-09-18 00:00:00+00:00
[2026-09-17T15:09:12.096+0000] {processor.py:183} INFO - Processing /opt/airflow/dags/extraction_dag.py took 0.168 seconds
[2026-09-17T15:09:42.497+0000] {processor.py:161} INFO - Started process (PID=2166) to work on /opt/airflow/dags/extraction_dag.py
[2026-09-17T15:09:42.500+0000] {processor.py:830} INFO - Processing file /opt/airflow/dags/extraction_dag.py for tasks to queue
[2026-09-17T15:09:42.504+0000] {logging_mixin.py:188} INFO - [2026-09-17T15:09:42.503+0000] {dagbag.py:545} INFO - Filling up the DagBag from /opt/airflow/dags/extraction_dag.py
[2026-09-17T15:09:42.595+0000] {processor.py:840} INFO - DAG(s) 'youtube_extraction' retrieved from /opt/airflow/dags/extraction_dag.py
[2026-09-17T15:09:42.618+0000] {logging_mixin.py:188} INFO - [2026-09-17T15:09:42.618+0000] {dag.py:3096} INFO - Sync 1 DAGs
[2026-09-17T15:09:42.640+0000] {logging_mixin.py:188} INFO - [2026-09-17T15:09:42.640+0000] {dag.py:3954} INFO - Setting next_dagrun for youtube_extraction to 2026-09-17 00:00:00+00:00, run_after=2026-09-18 00:00:00+00:00
[2026-09-17T15:09:42.664+0000] {processor.py:183} INFO - Processing /opt/airflow/dags/extraction_dag.py took 0.172 seconds
[2026-09-17T15:10:13.036+0000] {processor.py:161} INFO - Started process (PID=2175) to work on /opt/airflow/dags/extraction_dag.py
[2026-09-17T15:10:13.039+0000] {processor.py:830} INFO - Processing file /opt/airflow/dags/extraction_dag.py for tasks to queue
[2026-09-17T15:10:13.043+0000] {logging_mixin.py:188} INFO - [2026-09-17T15:10:13.043+0000] {dagbag.py:545} INFO - Filling up the DagBag from /opt/airflow/dags/extraction_dag.py
[2026-09-17T15:10:13.163+0000] {processor.py:840} INFO - DAG(s) 'youtube_extraction' retrieved from /opt/airflow/dags/extraction_dag.py
[2026-09-17T15:10:13.186+0000] {logging_mixin.py:188} INFO - [2026-09-17T15:10:13.186+0000] {dag.py:3096} INFO - Sync 1 DAGs
[2026-09-17T15:10:13.205+0000] {logging_mixin.py:188} INFO - [2026-09-17T15:10:13.205+0000] {dag.py:3954} INFO - Setting next_dagrun for youtube_extraction to 2026-09-17 00:00:00+00:00, run_after=2026-09-18 00:00:00+00:00
[2026-09-17T15:10:13.252+0000] {processor.py:183} INFO - Processing /opt/airflow/dags/extraction_dag.py took 0.224 seconds
[2026-09-17T15:10:43.693+0000] {processor.py:161} INFO - Started process (PID=2184) to work on /opt/airflow/dags/extraction_dag.py
[2026-09-17T15:10:43.699+0000] {processor.py:830} INFO - Processing file /opt/airflow/dags/extraction_dag.py for tasks to queue
[2026-09-17T15:10:43.703+0000] {logging_mixin.py:188} INFO - [2026-09-17T15:10:43.702+0000] {dagbag.py:545} INFO - Filling up the DagBag from /opt/airflow/dags/extraction_dag.py
[2026-09-17T15:10:43.789+0000] {processor.py:840} INFO - DAG(s) 'youtube_extraction' retrieved from /opt/airflow/dags/extraction_dag.py
[2026-09-17T15:10:43.825+0000] {logging_mixin.py:188} INFO - [2026-09-17T15:10:43.825+0000] {dag.py:3096} INFO - Sync 1 DAGs
[2026-09-17T15:10:43.868+0000] {logging_mixin.py:188} INFO - [2026-09-17T15:10:43.867+0000] {dag.py:3954} INFO - Setting next_dagrun for youtube_extraction to 2026-09-17 00:00:00+00:00, run_after=2026-09-18 00:00:00+00:00
[2026-09-17T15:10:43.912+0000] {processor.py:183} INFO - Processing /opt/airflow/dags/extraction_dag.py took 0.228 seconds
[2026-09-17T15:11:14.487+0000] {processor.py:161} INFO - Started process (PID=2194) to work on /opt/airflow/dags/extraction_dag.py
[2026-09-17T15:11:14.493+0000] {processor.py:830} INFO - Processing file /opt/airflow/dags/extraction_dag.py for tasks to queue
[2026-09-17T15:11:14.502+0000] {logging_mixin.py:188} INFO - [2026-09-17T15:11:14.501+0000] {dagbag.py:545} INFO - Filling up the DagBag from /opt/airflow/dags/extraction_dag.py
[2026-09-17T15:11:14.630+0000] {processor.py:840} INFO - DAG(s) 'youtube_extraction' retrieved from /opt/airflow/dags/extraction_dag.py
[2026-09-17T15:11:14.673+0000] {logging_mixin.py:188} INFO - [2026-09-17T15:11:14.673+0000] {dag.py:3096} INFO - Sync 1 DAGs
[2026-09-17T15:11:14.694+0000] {logging_mixin.py:188} INFO - [2026-09-17T15:11:14.694+0000] {dag.py:3954} INFO - Setting next_dagrun for youtube_extraction to 2026-09-17 00:00:00+00:00, run_after=2026-09-18 00:00:00+00:00
[2026-09-17T15:11:14.734+0000] {processor.py:183} INFO - Processing /opt/airflow/dags/extraction_dag.py took 0.257 seconds
[2026-09-17T15:11:45.124+0000] {processor.py:161} INFO - Started process (PID=2203) to work on /opt/airflow/dags/extraction_dag.py
[2026-09-17T15:11:45.127+0000] {processor.py:830} INFO - Processing file /opt/airflow/dags/extraction_dag.py for tasks to queue
[2026-09-17T15:11:45.131+0000] {logging_mixin.py:188} INFO - [2026-09-17T15:11:45.130+0000] {dagbag.py:545} INFO - Filling up the DagBag from /opt/airflow/dags/extraction_dag.py
[2026-09-17T15:11:45.234+0000] {processor.py:840} INFO - DAG(s) 'youtube_extraction' retrieved from /opt/airflow/dags/extraction_dag.py
[2026-09-17T15:11:45.267+0000] {logging_mixin.py:188} INFO - [2026-09-17T15:11:45.267+0000] {dag.py:3096} INFO - Sync 1 DAGs
[2026-09-17T15:11:45.287+0000] {logging_mixin.py:188} INFO - [2026-09-17T15:11:45.287+0000] {dag.py:3954} INFO - Setting next_dagrun for youtube_extraction to 2026-09-17 00:00:00+00:00, run_after=2026-09-18 00:00:00+00:00
[2026-09-17T15:11:45.321+0000] {processor.py:183} INFO - Processing /opt/airflow/dags/extraction_dag.py took 0.202 seconds
[2026-09-17T15:12:15.425+0000] {processor.py:161} INFO - Started process (PID=2212) to work on /opt/airflow/dags/extraction_dag.py
[2026-09-17T15:12:15.428+0000] {processor.py:830} INFO - Processing file /opt/airflow/dags/extraction_dag.py for tasks to queue
[2026-09-17T15:12:15.432+0000] {logging_mixin.py:188} INFO - [2026-09-17T15:12:15.431+0000] {dagbag.py:545} INFO - Filling up the DagBag from /opt/airflow/dags/extraction_dag.py
[2026-09-17T15:12:15.520+0000] {processor.py:840} INFO - DAG(s) 'youtube_extraction' retrieved from /opt/airflow/dags/extraction_dag.py
[2026-09-17T15:12:15.541+0000] {logging_mixin.py:188} INFO - [2026-09-17T15:12:15.541+0000] {dag.py:3096} INFO - Sync 1 DAGs
[2026-09-17T15:12:15.562+0000] {logging_mixin.py:188} INFO - [2026-09-17T15:12:15.562+0000] {dag.py:3954} INFO - Setting next_dagrun for youtube_extraction to 2026-09-17 00:00:00+00:00, run_after=2026-09-18 00:00:00+00:00
[2026-09-17T15:12:15.601+0000] {processor.py:183} INFO - Processing /opt/airflow/dags/extraction_dag.py took 0.183 seconds
[2026-09-17T15:12:45.720+0000] {processor.py:161} INFO - Started process (PID=2221) to work on /opt/airflow/dags/extraction_dag.py
[2026-09-17T15:12:45.723+0000] {processor.py:830} INFO - Processing file /opt/airflow/dags/extraction_dag.py for tasks to queue
[2026-09-17T15:12:45.727+0000] {logging_mixin.py:188} INFO - [2026-09-17T15:12:45.726+0000] {dagbag.py:545} INFO - Filling up the DagBag from /opt/airflow/dags/extraction_dag.py
[2026-09-17T15:12:45.871+0000] {processor.py:840} INFO - DAG(s) 'youtube_extraction' retrieved from /opt/airflow/dags/extraction_dag.py
[2026-09-17T15:12:45.899+0000] {logging_mixin.py:188} INFO - [2026-09-17T15:12:45.898+0000] {dag.py:3096} INFO - Sync 1 DAGs
[2026-09-17T15:12:45.919+0000] {logging_mixin.py:188} INFO - [2026-09-17T15:12:45.919+0000] {dag.py:3954} INFO - Setting next_dagrun for youtube_extraction to 2026-09-17 00:00:00+00:00, run_after=2026-09-18 00:00:00+00:00
[2026-09-17T15:12:45.957+0000] {processor.py:183} INFO - Processing /opt/airflow/dags/extraction_dag.py took 0.245 seconds
[2026-09-17T15:13:16.343+0000] {processor.py:161} INFO - Started process (PID=2230) to work on /opt/airflow/dags/extraction_dag.py
[2026-09-17T15:13:16.346+0000] {processor.py:830} INFO - Processing file /opt/airflow/dags/extraction_dag.py for tasks to queue
[2026-09-17T15:13:16.349+0000] {logging_mixin.py:188} INFO - [2026-09-17T15:13:16.349+0000] {dagbag.py:545} INFO - Filling up the DagBag from /opt/airflow/dags/extraction_dag.py
[2026-09-17T15:13:16.451+0000] {processor.py:840} INFO - DAG(s) 'youtube_extraction' retrieved from /opt/airflow/dags/extraction_dag.py
[2026-09-17T15:13:16.474+0000] {logging_mixin.py:188} INFO - [2026-09-17T15:13:16.473+0000] {dag.py:3096} INFO - Sync 1 DAGs
[2026-09-17T15:13:16.493+0000] {logging_mixin.py:188} INFO - [2026-09-17T15:13:16.493+0000] {dag.py:3954} INFO - Setting next_dagrun for youtube_extraction to 2026-09-17 00:00:00+00:00, run_after=2026-09-18 00:00:00+00:00
[2026-09-17T15:13:16.540+0000] {processor.py:183} INFO - Processing /opt/airflow/dags/extraction_dag.py took 0.203 seconds
[2026-09-17T15:13:46.695+0000] {processor.py:161} INFO - Started process (PID=2239) to work on /opt/airflow/dags/extraction_dag.py
[2026-09-17T15:13:46.697+0000] {processor.py:830} INFO - Processing file /opt/airflow/dags/extraction_dag.py for tasks to queue
[2026-09-17T15:13:46.701+0000] {logging_mixin.py:188} INFO - [2026-09-17T15:13:46.700+0000] {dagbag.py:545} INFO - Filling up the DagBag from /opt/airflow/dags/extraction_dag.py
[2026-09-17T15:13:46.804+0000] {processor.py:840} INFO - DAG(s) 'youtube_extraction' retrieved from /opt/airflow/dags/extraction_dag.py
[2026-09-17T15:13:46.829+0000] {logging_mixin.py:188} INFO - [2026-09-17T15:13:46.828+0000] {dag.py:3096} INFO - Sync 1 DAGs
[2026-09-17T15:13:46.850+0000] {logging_mixin.py:188} INFO - [2026-09-17T15:13:46.849+0000] {dag.py:3954} INFO - Setting next_dagrun for youtube_extraction to 2026-09-17 00:00:00+00:00, run_after=2026-09-18 00:00:00+00:00
[2026-09-17T15:13:46.905+0000] {processor.py:183} INFO - Processing /opt/airflow/dags/extraction_dag.py took 0.220 seconds
[2026-09-17T15:14:17.303+0000] {processor.py:161} INFO - Started process (PID=2248) to work on /opt/airflow/dags/extraction_dag.py
[2026-09-17T15:14:17.306+0000] {processor.py:830} INFO - Processing file /opt/airflow/dags/extraction_dag.py for tasks to queue
[2026-09-17T15:14:17.312+0000] {logging_mixin.py:188} INFO - [2026-09-17T15:14:17.312+0000] {dagbag.py:545} INFO - Filling up the DagBag from /opt/airflow/dags/extraction_dag.py
[2026-09-17T15:14:17.411+0000] {processor.py:840} INFO - DAG(s) 'youtube_extraction' retrieved from /opt/airflow/dags/extraction_dag.py
[2026-09-17T15:14:17.437+0000] {logging_mixin.py:188} INFO - [2026-09-17T15:14:17.437+0000] {dag.py:3096} INFO - Sync 1 DAGs
[2026-09-17T15:14:17.461+0000] {logging_mixin.py:188} INFO - [2026-09-17T15:14:17.461+0000] {dag.py:3954} INFO - Setting next_dagrun for youtube_extraction to 2026-09-17 00:00:00+00:00, run_after=2026-09-18 00:00:00+00:00
[2026-09-17T15:14:17.496+0000] {processor.py:183} INFO - Processing /opt/airflow/dags/extraction_dag.py took 0.201 seconds
[2026-09-17T15:14:47.843+0000] {processor.py:161} INFO - Started process (PID=2257) to work on /opt/airflow/dags/extraction_dag.py
[2026-09-17T15:14:47.845+0000] {processor.py:830} INFO - Processing file /opt/airflow/dags/extraction_dag.py for tasks to queue
[2026-09-17T15:14:47.849+0000] {logging_mixin.py:188} INFO - [2026-09-17T15:14:47.849+0000] {dagbag.py:545} INFO - Filling up the DagBag from /opt/airflow/dags/extraction_dag.py
[2026-09-17T15:14:47.950+0000] {processor.py:840} INFO - DAG(s) 'youtube_extraction' retrieved from /opt/airflow/dags/extraction_dag.py
[2026-09-17T15:14:47.970+0000] {logging_mixin.py:188} INFO - [2026-09-17T15:14:47.969+0000] {dag.py:3096} INFO - Sync 1 DAGs
[2026-09-17T15:14:47.998+0000] {logging_mixin.py:188} INFO - [2026-09-17T15:14:47.998+0000] {dag.py:3954} INFO - Setting next_dagrun for youtube_extraction to 2026-09-17 00:00:00+00:00, run_after=2026-09-18 00:00:00+00:00
[2026-09-17T15:14:48.037+0000] {processor.py:183} INFO - Processing /opt/airflow/dags/extraction_dag.py took 0.200 seconds
[2026-09-17T15:15:18.441+0000] {processor.py:161} INFO - Started process (PID=2266) to work on /opt/airflow/dags/extraction_dag.py
[2026-09-17T15:15:18.444+0000] {processor.py:830} INFO - Processing file /opt/airflow/dags/extraction_dag.py for tasks to queue
[2026-09-17T15:15:18.449+0000] {logging_mixin.py:188} INFO - [2026-09-17T15:15:18.449+0000] {dagbag.py:545} INFO - Filling up the DagBag from /opt/airflow/dags/extraction_dag.py
[2026-09-17T15:15:18.567+0000] {processor.py:840} INFO - DAG(s) 'youtube_extraction' retrieved from /opt/airflow/dags/extraction_dag.py
[2026-09-17T15:15:18.603+0000] {logging_mixin.py:188} INFO - [2026-09-17T15:15:18.603+0000] {dag.py:3096} INFO - Sync 1 DAGs
[2026-09-17T15:15:18.623+0000] {logging_mixin.py:188} INFO - [2026-09-17T15:15:18.623+0000] {dag.py:3954} INFO - Setting next_dagrun for youtube_extraction to 2026-09-17 00:00:00+00:00, run_after=2026-09-18 00:00:00+00:00
[2026-09-17T15:15:18.648+0000] {processor.py:183} INFO - Processing /opt/airflow/dags/extraction_dag.py took 0.216 seconds
[2026-09-17T15:15:49.050+0000] {processor.py:161} INFO - Started process (PID=2275) to work on /opt/airflow/dags/extraction_dag.py
[2026-09-17T15:15:49.054+0000] {processor.py:830} INFO - Processing file /opt/airflow/dags/extraction_dag.py for tasks to queue
[2026-09-17T15:15:49.059+0000] {logging_mixin.py:188} INFO - [2026-09-17T15:15:49.059+0000] {dagbag.py:545} INFO - Filling up the DagBag from /opt/airflow/dags/extraction_dag.py
[2026-09-17T15:15:49.178+0000] {processor.py:840} INFO - DAG(s) 'youtube_extraction' retrieved from /opt/airflow/dags/extraction_dag.py
[2026-09-17T15:15:49.225+0000] {logging_mixin.py:188} INFO - [2026-09-17T15:15:49.225+0000] {dag.py:3096} INFO - Sync 1 DAGs
[2026-09-17T15:15:49.262+0000] {logging_mixin.py:188} INFO - [2026-09-17T15:15:49.262+0000] {dag.py:3954} INFO - Setting next_dagrun for youtube_extraction to 2026-09-17 00:00:00+00:00, run_after=2026-09-18 00:00:00+00:00
[2026-09-17T15:15:49.315+0000] {processor.py:183} INFO - Processing /opt/airflow/dags/extraction_dag.py took 0.274 seconds
[2026-09-17T15:16:19.761+0000] {processor.py:161} INFO - Started process (PID=2284) to work on /opt/airflow/dags/extraction_dag.py
[2026-09-17T15:16:19.764+0000] {processor.py:830} INFO - Processing file /opt/airflow/dags/extraction_dag.py for tasks to queue
[2026-09-17T15:16:19.770+0000] {logging_mixin.py:188} INFO - [2026-09-17T15:16:19.770+0000] {dagbag.py:545} INFO - Filling up the DagBag from /opt/airflow/dags/extraction_dag.py
[2026-09-17T15:16:19.875+0000] {processor.py:840} INFO - DAG(s) 'youtube_extraction' retrieved from /opt/airflow/dags/extraction_dag.py
[2026-09-17T15:16:19.898+0000] {logging_mixin.py:188} INFO - [2026-09-17T15:16:19.898+0000] {dag.py:3096} INFO - Sync 1 DAGs
[2026-09-17T15:16:19.925+0000] {logging_mixin.py:188} INFO - [2026-09-17T15:16:19.925+0000] {dag.py:3954} INFO - Setting next_dagrun for youtube_extraction to 2026-09-17 00:00:00+00:00, run_after=2026-09-18 00:00:00+00:00
[2026-09-17T15:16:19.951+0000] {processor.py:183} INFO - Processing /opt/airflow/dags/extraction_dag.py took 0.206 seconds
[2026-09-17T15:16:50.307+0000] {processor.py:161} INFO - Started process (PID=2293) to work on /opt/airflow/dags/extraction_dag.py
[2026-09-17T15:16:50.310+0000] {processor.py:830} INFO - Processing file /opt/airflow/dags/extraction_dag.py for tasks to queue
[2026-09-17T15:16:50.313+0000] {logging_mixin.py:188} INFO - [2026-09-17T15:16:50.313+0000] {dagbag.py:545} INFO - Filling up the DagBag from /opt/airflow/dags/extraction_dag.py
[2026-09-17T15:16:50.475+0000] {processor.py:840} INFO - DAG(s) 'youtube_extraction' retrieved from /opt/airflow/dags/extraction_dag.py
[2026-09-17T15:16:50.518+0000] {logging_mixin.py:188} INFO - [2026-09-17T15:16:50.518+0000] {dag.py:3096} INFO - Sync 1 DAGs
[2026-09-17T15:16:50.538+0000] {logging_mixin.py:188} INFO - [2026-09-17T15:16:50.538+0000] {dag.py:3954} INFO - Setting next_dagrun for youtube_extraction to 2026-09-17 00:00:00+00:00, run_after=2026-09-18 00:00:00+00:00
[2026-09-17T15:16:50.579+0000] {processor.py:183} INFO - Processing /opt/airflow/dags/extraction_dag.py took 0.281 seconds
[2026-09-17T15:17:20.953+0000] {processor.py:161} INFO - Started process (PID=2302) to work on /opt/airflow/dags/extraction_dag.py
[2026-09-17T15:17:20.975+0000] {processor.py:830} INFO - Processing file /opt/airflow/dags/extraction_dag.py for tasks to queue
[2026-09-17T15:17:20.979+0000] {logging_mixin.py:188} INFO - [2026-09-17T15:17:20.978+0000] {dagbag.py:545} INFO - Filling up the DagBag from /opt/airflow/dags/extraction_dag.py
[2026-09-17T15:17:21.073+0000] {processor.py:840} INFO - DAG(s) 'youtube_extraction' retrieved from /opt/airflow/dags/extraction_dag.py
[2026-09-17T15:17:21.113+0000] {logging_mixin.py:188} INFO - [2026-09-17T15:17:21.113+0000] {dag.py:3096} INFO - Sync 1 DAGs
[2026-09-17T15:17:21.148+0000] {logging_mixin.py:188} INFO - [2026-09-17T15:17:21.148+0000] {dag.py:3954} INFO - Setting next_dagrun for youtube_extraction to 2026-09-17 00:00:00+00:00, run_after=2026-09-18 00:00:00+00:00
[2026-09-17T15:17:21.188+0000] {processor.py:183} INFO - Processing /opt/airflow/dags/extraction_dag.py took 0.241 seconds
[2026-09-17T15:17:51.615+0000] {processor.py:161} INFO - Started process (PID=2311) to work on /opt/airflow/dags/extraction_dag.py
[2026-09-17T15:17:51.617+0000] {processor.py:830} INFO - Processing file /opt/airflow/dags/extraction_dag.py for tasks to queue
[2026-09-17T15:17:51.622+0000] {logging_mixin.py:188} INFO - [2026-09-17T15:17:51.621+0000] {dagbag.py:545} INFO - Filling up the DagBag from /opt/airflow/dags/extraction_dag.py
[2026-09-17T15:17:51.732+0000] {processor.py:840} INFO - DAG(s) 'youtube_extraction' retrieved from /opt/airflow/dags/extraction_dag.py
[2026-09-17T15:17:51.754+0000] {logging_mixin.py:188} INFO - [2026-09-17T15:17:51.754+0000] {dag.py:3096} INFO - Sync 1 DAGs
[2026-09-17T15:17:51.775+0000] {logging_mixin.py:188} INFO - [2026-09-17T15:17:51.775+0000] {dag.py:3954} INFO - Setting next_dagrun for youtube_extraction to 2026-09-17 00:00:00+00:00, run_after=2026-09-18 00:00:00+00:00
[2026-09-17T15:17:51.798+0000] {processor.py:183} INFO - Processing /opt/airflow/dags/extraction_dag.py took 0.189 seconds
[2026-09-17T15:18:22.193+0000] {processor.py:161} INFO - Started process (PID=2320) to work on /opt/airflow/dags/extraction_dag.py
[2026-09-17T15:18:22.195+0000] {processor.py:830} INFO - Processing file /opt/airflow/dags/extraction_dag.py for tasks to queue
[2026-09-17T15:18:22.198+0000] {logging_mixin.py:188} INFO - [2026-09-17T15:18:22.198+0000] {dagbag.py:545} INFO - Filling up the DagBag from /opt/airflow/dags/extraction_dag.py
[2026-09-17T15:18:22.326+0000] {processor.py:840} INFO - DAG(s) 'youtube_extraction' retrieved from /opt/airflow/dags/extraction_dag.py
[2026-09-17T15:18:22.351+0000] {logging_mixin.py:188} INFO - [2026-09-17T15:18:22.351+0000] {dag.py:3096} INFO - Sync 1 DAGs
[2026-09-17T15:18:22.398+0000] {logging_mixin.py:188} INFO - [2026-09-17T15:18:22.398+0000] {dag.py:3954} INFO - Setting next_dagrun for youtube_extraction to 2026-09-17 00:00:00+00:00, run_after=2026-09-18 00:00:00+00:00
[2026-09-17T15:18:22.443+0000] {processor.py:183} INFO - Processing /opt/airflow/dags/extraction_dag.py took 0.257 seconds
[2026-09-17T15:18:52.830+0000] {processor.py:161} INFO - Started process (PID=2329) to work on /opt/airflow/dags/extraction_dag.py
[2026-09-17T15:18:52.836+0000] {processor.py:830} INFO - Processing file /opt/airflow/dags/extraction_dag.py for tasks to queue
[2026-09-17T15:18:52.840+0000] {logging_mixin.py:188} INFO - [2026-09-17T15:18:52.839+0000] {dagbag.py:545} INFO - Filling up the DagBag from /opt/airflow/dags/extraction_dag.py
[2026-09-17T15:18:52.941+0000] {processor.py:840} INFO - DAG(s) 'youtube_extraction' retrieved from /opt/airflow/dags/extraction_dag.py
[2026-09-17T15:18:52.961+0000] {logging_mixin.py:188} INFO - [2026-09-17T15:18:52.960+0000] {dag.py:3096} INFO - Sync 1 DAGs
[2026-09-17T15:18:52.979+0000] {logging_mixin.py:188} INFO - [2026-09-17T15:18:52.979+0000] {dag.py:3954} INFO - Setting next_dagrun for youtube_extraction to 2026-09-17 00:00:00+00:00, run_after=2026-09-18 00:00:00+00:00
[2026-09-17T15:18:53.009+0000] {processor.py:183} INFO - Processing /opt/airflow/dags/extraction_dag.py took 0.184 seconds
[2026-09-17T15:19:23.426+0000] {processor.py:161} INFO - Started process (PID=2339) to work on /opt/airflow/dags/extraction_dag.py
[2026-09-17T15:19:23.433+0000] {processor.py:830} INFO - Processing file /opt/airflow/dags/extraction_dag.py for tasks to queue
[2026-09-17T15:19:23.438+0000] {logging_mixin.py:188} INFO - [2026-09-17T15:19:23.437+0000] {dagbag.py:545} INFO - Filling up the DagBag from /opt/airflow/dags/extraction_dag.py
[2026-09-17T15:19:23.620+0000] {processor.py:840} INFO - DAG(s) 'youtube_extraction' retrieved from /opt/airflow/dags/extraction_dag.py
[2026-09-17T15:19:23.652+0000] {logging_mixin.py:188} INFO - [2026-09-17T15:19:23.652+0000] {dag.py:3096} INFO - Sync 1 DAGs
[2026-09-17T15:19:23.689+0000] {logging_mixin.py:188} INFO - [2026-09-17T15:19:23.689+0000] {dag.py:3954} INFO - Setting next_dagrun for youtube_extraction to 2026-09-17 00:00:00+00:00, run_after=2026-09-18 00:00:00+00:00
[2026-09-17T15:19:23.732+0000] {processor.py:183} INFO - Processing /opt/airflow/dags/extraction_dag.py took 0.318 seconds
[2026-09-17T15:19:54.155+0000] {processor.py:161} INFO - Started process (PID=2348) to work on /opt/airflow/dags/extraction_dag.py
[2026-09-17T15:19:54.171+0000] {processor.py:830} INFO - Processing file /opt/airflow/dags/extraction_dag.py for tasks to queue
[2026-09-17T15:19:54.174+0000] {logging_mixin.py:188} INFO - [2026-09-17T15:19:54.174+0000] {dagbag.py:545} INFO - Filling up the DagBag from /opt/airflow/dags/extraction_dag.py
[2026-09-17T15:19:54.313+0000] {processor.py:840} INFO - DAG(s) 'youtube_extraction' retrieved from /opt/airflow/dags/extraction_dag.py
[2026-09-17T15:19:54.333+0000] {logging_mixin.py:188} INFO - [2026-09-17T15:19:54.333+0000] {dag.py:3096} INFO - Sync 1 DAGs
[2026-09-17T15:19:54.351+0000] {logging_mixin.py:188} INFO - [2026-09-17T15:19:54.351+0000] {dag.py:3954} INFO - Setting next_dagrun for youtube_extraction to 2026-09-17 00:00:00+00:00, run_after=2026-09-18 00:00:00+00:00
[2026-09-17T15:19:54.389+0000] {processor.py:183} INFO - Processing /opt/airflow/dags/extraction_dag.py took 0.240 seconds
[2026-09-17T15:20:24.762+0000] {processor.py:161} INFO - Started process (PID=2357) to work on /opt/airflow/dags/extraction_dag.py
[2026-09-17T15:20:24.764+0000] {processor.py:830} INFO - Processing file /opt/airflow/dags/extraction_dag.py for tasks to queue
[2026-09-17T15:20:24.767+0000] {logging_mixin.py:188} INFO - [2026-09-17T15:20:24.767+0000] {dagbag.py:545} INFO - Filling up the DagBag from /opt/airflow/dags/extraction_dag.py
[2026-09-17T15:20:24.856+0000] {processor.py:840} INFO - DAG(s) 'youtube_extraction' retrieved from /opt/airflow/dags/extraction_dag.py
[2026-09-17T15:20:24.878+0000] {logging_mixin.py:188} INFO - [2026-09-17T15:20:24.878+0000] {dag.py:3096} INFO - Sync 1 DAGs
[2026-09-17T15:20:24.898+0000] {logging_mixin.py:188} INFO - [2026-09-17T15:20:24.898+0000] {dag.py:3954} INFO - Setting next_dagrun for youtube_extraction to 2026-09-17 00:00:00+00:00, run_after=2026-09-18 00:00:00+00:00
[2026-09-17T15:20:24.935+0000] {processor.py:183} INFO - Processing /opt/airflow/dags/extraction_dag.py took 0.181 seconds
[2026-09-17T15:20:55.445+0000] {processor.py:161} INFO - Started process (PID=2366) to work on /opt/airflow/dags/extraction_dag.py
[2026-09-17T15:20:55.448+0000] {processor.py:830} INFO - Processing file /opt/airflow/dags/extraction_dag.py for tasks to queue
[2026-09-17T15:20:55.452+0000] {logging_mixin.py:188} INFO - [2026-09-17T15:20:55.452+0000] {dagbag.py:545} INFO - Filling up the DagBag from /opt/airflow/dags/extraction_dag.py
[2026-09-17T15:20:55.594+0000] {processor.py:840} INFO - DAG(s) 'youtube_extraction' retrieved from /opt/airflow/dags/extraction_dag.py
[2026-09-17T15:20:55.631+0000] {logging_mixin.py:188} INFO - [2026-09-17T15:20:55.631+0000] {dag.py:3096} INFO - Sync 1 DAGs
[2026-09-17T15:20:55.650+0000] {logging_mixin.py:188} INFO - [2026-09-17T15:20:55.650+0000] {dag.py:3954} INFO - Setting next_dagrun for youtube_extraction to 2026-09-17 00:00:00+00:00, run_after=2026-09-18 00:00:00+00:00
[2026-09-17T15:20:55.697+0000] {processor.py:183} INFO - Processing /opt/airflow/dags/extraction_dag.py took 0.262 seconds
[2026-09-17T15:21:26.094+0000] {processor.py:161} INFO - Started process (PID=2375) to work on /opt/airflow/dags/extraction_dag.py
[2026-09-17T15:21:26.096+0000] {processor.py:830} INFO - Processing file /opt/airflow/dags/extraction_dag.py for tasks to queue
[2026-09-17T15:21:26.100+0000] {logging_mixin.py:188} INFO - [2026-09-17T15:21:26.099+0000] {dagbag.py:545} INFO - Filling up the DagBag from /opt/airflow/dags/extraction_dag.py
[2026-09-17T15:21:26.195+0000] {processor.py:840} INFO - DAG(s) 'youtube_extraction' retrieved from /opt/airflow/dags/extraction_dag.py
[2026-09-17T15:21:26.217+0000] {logging_mixin.py:188} INFO - [2026-09-17T15:21:26.217+0000] {dag.py:3096} INFO - Sync 1 DAGs
[2026-09-17T15:21:26.236+0000] {logging_mixin.py:188} INFO - [2026-09-17T15:21:26.235+0000] {dag.py:3954} INFO - Setting next_dagrun for youtube_extraction to 2026-09-17 00:00:00+00:00, run_after=2026-09-18 00:00:00+00:00
[2026-09-17T15:21:26.277+0000] {processor.py:183} INFO - Processing /opt/airflow/dags/extraction_dag.py took 0.190 seconds
[2026-09-17T15:21:56.689+0000] {processor.py:161} INFO - Started process (PID=2384) to work on /opt/airflow/dags/extraction_dag.py
[2026-09-17T15:21:56.692+0000] {processor.py:830} INFO - Processing file /opt/airflow/dags/extraction_dag.py for tasks to queue
[2026-09-17T15:21:56.696+0000] {logging_mixin.py:188} INFO - [2026-09-17T15:21:56.695+0000] {dagbag.py:545} INFO - Filling up the DagBag from /opt/airflow/dags/extraction_dag.py
[2026-09-17T15:21:56.780+0000] {processor.py:840} INFO - DAG(s) 'youtube_extraction' retrieved from /opt/airflow/dags/extraction_dag.py
[2026-09-17T15:21:56.804+0000] {logging_mixin.py:188} INFO - [2026-09-17T15:21:56.804+0000] {dag.py:3096} INFO - Sync 1 DAGs
[2026-09-17T15:21:56.824+0000] {logging_mixin.py:188} INFO - [2026-09-17T15:21:56.824+0000] {dag.py:3954} INFO - Setting next_dagrun for youtube_extraction to 2026-09-17 00:00:00+00:00, run_after=2026-09-18 00:00:00+00:00
[2026-09-17T15:21:56.889+0000] {processor.py:183} INFO - Processing /opt/airflow/dags/extraction_dag.py took 0.206 seconds
[2026-09-17T15:22:27.335+0000] {processor.py:161} INFO - Started process (PID=2393) to work on /opt/airflow/dags/extraction_dag.py
[2026-09-17T15:22:27.341+0000] {processor.py:830} INFO - Processing file /opt/airflow/dags/extraction_dag.py for tasks to queue
[2026-09-17T15:22:27.350+0000] {logging_mixin.py:188} INFO - [2026-09-17T15:22:27.347+0000] {dagbag.py:545} INFO - Filling up the DagBag from /opt/airflow/dags/extraction_dag.py
[2026-09-17T15:22:27.451+0000] {processor.py:840} INFO - DAG(s) 'youtube_extraction' retrieved from /opt/airflow/dags/extraction_dag.py
[2026-09-17T15:22:27.478+0000] {logging_mixin.py:188} INFO - [2026-09-17T15:22:27.478+0000] {dag.py:3096} INFO - Sync 1 DAGs
[2026-09-17T15:22:27.502+0000] {logging_mixin.py:188} INFO - [2026-09-17T15:22:27.502+0000] {dag.py:3954} INFO - Setting next_dagrun for youtube_extraction to 2026-09-17 00:00:00+00:00, run_after=2026-09-18 00:00:00+00:00
[2026-09-17T15:22:27.548+0000] {processor.py:183} INFO - Processing /opt/airflow/dags/extraction_dag.py took 0.234 seconds
[2026-09-17T15:22:57.942+0000] {processor.py:161} INFO - Started process (PID=2402) to work on /opt/airflow/dags/extraction_dag.py
[2026-09-17T15:22:57.945+0000] {processor.py:830} INFO - Processing file /opt/airflow/dags/extraction_dag.py for tasks to queue
[2026-09-17T15:22:57.949+0000] {logging_mixin.py:188} INFO - [2026-09-17T15:22:57.948+0000] {dagbag.py:545} INFO - Filling up the DagBag from /opt/airflow/dags/extraction_dag.py
[2026-09-17T15:22:58.082+0000] {processor.py:840} INFO - DAG(s) 'youtube_extraction' retrieved from /opt/airflow/dags/extraction_dag.py
[2026-09-17T15:22:58.153+0000] {logging_mixin.py:188} INFO - [2026-09-17T15:22:58.153+0000] {dag.py:3096} INFO - Sync 1 DAGs
[2026-09-17T15:22:58.221+0000] {logging_mixin.py:188} INFO - [2026-09-17T15:22:58.220+0000] {dag.py:3954} INFO - Setting next_dagrun for youtube_extraction to 2026-09-17 00:00:00+00:00, run_after=2026-09-18 00:00:00+00:00
[2026-09-17T15:22:58.274+0000] {processor.py:183} INFO - Processing /opt/airflow/dags/extraction_dag.py took 0.339 seconds
[2026-09-17T15:23:28.492+0000] {processor.py:161} INFO - Started process (PID=2411) to work on /opt/airflow/dags/extraction_dag.py
[2026-09-17T15:23:28.494+0000] {processor.py:830} INFO - Processing file /opt/airflow/dags/extraction_dag.py for tasks to queue
[2026-09-17T15:23:28.499+0000] {logging_mixin.py:188} INFO - [2026-09-17T15:23:28.499+0000] {dagbag.py:545} INFO - Filling up the DagBag from /opt/airflow/dags/extraction_dag.py
[2026-09-17T15:23:28.609+0000] {processor.py:840} INFO - DAG(s) 'youtube_extraction' retrieved from /opt/airflow/dags/extraction_dag.py
[2026-09-17T15:23:28.666+0000] {logging_mixin.py:188} INFO - [2026-09-17T15:23:28.665+0000] {dag.py:3096} INFO - Sync 1 DAGs
[2026-09-17T15:23:28.698+0000] {logging_mixin.py:188} INFO - [2026-09-17T15:23:28.697+0000] {dag.py:3954} INFO - Setting next_dagrun for youtube_extraction to 2026-09-17 00:00:00+00:00, run_after=2026-09-18 00:00:00+00:00
[2026-09-17T15:23:28.757+0000] {processor.py:183} INFO - Processing /opt/airflow/dags/extraction_dag.py took 0.271 seconds
[2026-09-17T15:23:59.150+0000] {processor.py:161} INFO - Started process (PID=2420) to work on /opt/airflow/dags/extraction_dag.py
[2026-09-17T15:23:59.152+0000] {processor.py:830} INFO - Processing file /opt/airflow/dags/extraction_dag.py for tasks to queue
[2026-09-17T15:23:59.155+0000] {logging_mixin.py:188} INFO - [2026-09-17T15:23:59.155+0000] {dagbag.py:545} INFO - Filling up the DagBag from /opt/airflow/dags/extraction_dag.py
[2026-09-17T15:23:59.253+0000] {processor.py:840} INFO - DAG(s) 'youtube_extraction' retrieved from /opt/airflow/dags/extraction_dag.py
[2026-09-17T15:23:59.287+0000] {logging_mixin.py:188} INFO - [2026-09-17T15:23:59.286+0000] {dag.py:3096} INFO - Sync 1 DAGs
[2026-09-17T15:23:59.344+0000] {logging_mixin.py:188} INFO - [2026-09-17T15:23:59.343+0000] {dag.py:3954} INFO - Setting next_dagrun for youtube_extraction to 2026-09-17 00:00:00+00:00, run_after=2026-09-18 00:00:00+00:00
[2026-09-17T15:23:59.404+0000] {processor.py:183} INFO - Processing /opt/airflow/dags/extraction_dag.py took 0.262 seconds
[2026-09-17T15:24:29.800+0000] {processor.py:161} INFO - Started process (PID=2429) to work on /opt/airflow/dags/extraction_dag.py
[2026-09-17T15:24:29.803+0000] {processor.py:830} INFO - Processing file /opt/airflow/dags/extraction_dag.py for tasks to queue
[2026-09-17T15:24:29.806+0000] {logging_mixin.py:188} INFO - [2026-09-17T15:24:29.806+0000] {dagbag.py:545} INFO - Filling up the DagBag from /opt/airflow/dags/extraction_dag.py
[2026-09-17T15:24:29.924+0000] {processor.py:840} INFO - DAG(s) 'youtube_extraction' retrieved from /opt/airflow/dags/extraction_dag.py
[2026-09-17T15:24:29.947+0000] {logging_mixin.py:188} INFO - [2026-09-17T15:24:29.947+0000] {dag.py:3096} INFO - Sync 1 DAGs
[2026-09-17T15:24:29.968+0000] {logging_mixin.py:188} INFO - [2026-09-17T15:24:29.968+0000] {dag.py:3954} INFO - Setting next_dagrun for youtube_extraction to 2026-09-17 00:00:00+00:00, run_after=2026-09-18 00:00:00+00:00
[2026-09-17T15:24:30.007+0000] {processor.py:183} INFO - Processing /opt/airflow/dags/extraction_dag.py took 0.216 seconds
[2026-09-17T15:25:00.402+0000] {processor.py:161} INFO - Started process (PID=2438) to work on /opt/airflow/dags/extraction_dag.py
[2026-09-17T15:25:00.405+0000] {processor.py:830} INFO - Processing file /opt/airflow/dags/extraction_dag.py for tasks to queue
[2026-09-17T15:25:00.408+0000] {logging_mixin.py:188} INFO - [2026-09-17T15:25:00.408+0000] {dagbag.py:545} INFO - Filling up the DagBag from /opt/airflow/dags/extraction_dag.py
[2026-09-17T15:25:00.548+0000] {processor.py:840} INFO - DAG(s) 'youtube_extraction' retrieved from /opt/airflow/dags/extraction_dag.py
[2026-09-17T15:25:00.617+0000] {logging_mixin.py:188} INFO - [2026-09-17T15:25:00.616+0000] {dag.py:3096} INFO - Sync 1 DAGs
[2026-09-17T15:25:00.656+0000] {logging_mixin.py:188} INFO - [2026-09-17T15:25:00.655+0000] {dag.py:3954} INFO - Setting next_dagrun for youtube_extraction to 2026-09-17 00:00:00+00:00, run_after=2026-09-18 00:00:00+00:00
[2026-09-17T15:25:00.712+0000] {processor.py:183} INFO - Processing /opt/airflow/dags/extraction_dag.py took 0.316 seconds
[2026-09-17T15:25:30.995+0000] {processor.py:161} INFO - Started process (PID=2447) to work on /opt/airflow/dags/extraction_dag.py
[2026-09-17T15:25:30.998+0000] {processor.py:830} INFO - Processing file /opt/airflow/dags/extraction_dag.py for tasks to queue
[2026-09-17T15:25:31.003+0000] {logging_mixin.py:188} INFO - [2026-09-17T15:25:31.003+0000] {dagbag.py:545} INFO - Filling up the DagBag from /opt/airflow/dags/extraction_dag.py
[2026-09-17T15:25:31.142+0000] {processor.py:840} INFO - DAG(s) 'youtube_extraction' retrieved from /opt/airflow/dags/extraction_dag.py
[2026-09-17T15:25:31.175+0000] {logging_mixin.py:188} INFO - [2026-09-17T15:25:31.175+0000] {dag.py:3096} INFO - Sync 1 DAGs
[2026-09-17T15:25:31.202+0000] {logging_mixin.py:188} INFO - [2026-09-17T15:25:31.202+0000] {dag.py:3954} INFO - Setting next_dagrun for youtube_extraction to 2026-09-17 00:00:00+00:00, run_after=2026-09-18 00:00:00+00:00
[2026-09-17T15:25:31.225+0000] {processor.py:183} INFO - Processing /opt/airflow/dags/extraction_dag.py took 0.237 seconds
[2026-09-17T15:26:01.651+0000] {processor.py:161} INFO - Started process (PID=2456) to work on /opt/airflow/dags/extraction_dag.py
[2026-09-17T15:26:01.655+0000] {processor.py:830} INFO - Processing file /opt/airflow/dags/extraction_dag.py for tasks to queue
[2026-09-17T15:26:01.660+0000] {logging_mixin.py:188} INFO - [2026-09-17T15:26:01.659+0000] {dagbag.py:545} INFO - Filling up the DagBag from /opt/airflow/dags/extraction_dag.py
[2026-09-17T15:26:01.886+0000] {processor.py:840} INFO - DAG(s) 'youtube_extraction' retrieved from /opt/airflow/dags/extraction_dag.py
[2026-09-17T15:26:01.979+0000] {logging_mixin.py:188} INFO - [2026-09-17T15:26:01.978+0000] {dag.py:3096} INFO - Sync 1 DAGs
[2026-09-17T15:26:02.059+0000] {logging_mixin.py:188} INFO - [2026-09-17T15:26:02.059+0000] {dag.py:3954} INFO - Setting next_dagrun for youtube_extraction to 2026-09-17 00:00:00+00:00, run_after=2026-09-18 00:00:00+00:00
[2026-09-17T15:26:02.096+0000] {processor.py:183} INFO - Processing /opt/airflow/dags/extraction_dag.py took 0.457 seconds
[2026-09-17T15:26:32.315+0000] {processor.py:161} INFO - Started process (PID=2465) to work on /opt/airflow/dags/extraction_dag.py
[2026-09-17T15:26:32.328+0000] {processor.py:830} INFO - Processing file /opt/airflow/dags/extraction_dag.py for tasks to queue
[2026-09-17T15:26:32.344+0000] {logging_mixin.py:188} INFO - [2026-09-17T15:26:32.343+0000] {dagbag.py:545} INFO - Filling up the DagBag from /opt/airflow/dags/extraction_dag.py
[2026-09-17T15:26:32.521+0000] {processor.py:840} INFO - DAG(s) 'youtube_extraction' retrieved from /opt/airflow/dags/extraction_dag.py
[2026-09-17T15:26:32.578+0000] {logging_mixin.py:188} INFO - [2026-09-17T15:26:32.577+0000] {dag.py:3096} INFO - Sync 1 DAGs
[2026-09-17T15:26:32.615+0000] {logging_mixin.py:188} INFO - [2026-09-17T15:26:32.615+0000] {dag.py:3954} INFO - Setting next_dagrun for youtube_extraction to 2026-09-17 00:00:00+00:00, run_after=2026-09-18 00:00:00+00:00
[2026-09-17T15:26:32.655+0000] {processor.py:183} INFO - Processing /opt/airflow/dags/extraction_dag.py took 0.379 seconds
[2026-09-17T15:27:03.071+0000] {processor.py:161} INFO - Started process (PID=2474) to work on /opt/airflow/dags/extraction_dag.py
[2026-09-17T15:27:03.074+0000] {processor.py:830} INFO - Processing file /opt/airflow/dags/extraction_dag.py for tasks to queue
[2026-09-17T15:27:03.077+0000] {logging_mixin.py:188} INFO - [2026-09-17T15:27:03.077+0000] {dagbag.py:545} INFO - Filling up the DagBag from /opt/airflow/dags/extraction_dag.py
[2026-09-17T15:27:03.254+0000] {processor.py:840} INFO - DAG(s) 'youtube_extraction' retrieved from /opt/airflow/dags/extraction_dag.py
[2026-09-17T15:27:03.281+0000] {logging_mixin.py:188} INFO - [2026-09-17T15:27:03.281+0000] {dag.py:3096} INFO - Sync 1 DAGs
[2026-09-17T15:27:03.307+0000] {logging_mixin.py:188} INFO - [2026-09-17T15:27:03.307+0000] {dag.py:3954} INFO - Setting next_dagrun for youtube_extraction to 2026-09-17 00:00:00+00:00, run_after=2026-09-18 00:00:00+00:00
[2026-09-17T15:27:03.364+0000] {processor.py:183} INFO - Processing /opt/airflow/dags/extraction_dag.py took 0.300 seconds
[2026-09-17T15:27:33.610+0000] {processor.py:161} INFO - Started process (PID=2483) to work on /opt/airflow/dags/extraction_dag.py
[2026-09-17T15:27:33.612+0000] {processor.py:830} INFO - Processing file /opt/airflow/dags/extraction_dag.py for tasks to queue
[2026-09-17T15:27:33.615+0000] {logging_mixin.py:188} INFO - [2026-09-17T15:27:33.615+0000] {dagbag.py:545} INFO - Filling up the DagBag from /opt/airflow/dags/extraction_dag.py
[2026-09-17T15:27:33.707+0000] {processor.py:840} INFO - DAG(s) 'youtube_extraction' retrieved from /opt/airflow/dags/extraction_dag.py
[2026-09-17T15:27:33.727+0000] {logging_mixin.py:188} INFO - [2026-09-17T15:27:33.726+0000] {dag.py:3096} INFO - Sync 1 DAGs
[2026-09-17T15:27:33.747+0000] {logging_mixin.py:188} INFO - [2026-09-17T15:27:33.746+0000] {dag.py:3954} INFO - Setting next_dagrun for youtube_extraction to 2026-09-17 00:00:00+00:00, run_after=2026-09-18 00:00:00+00:00
[2026-09-17T15:27:33.792+0000] {processor.py:183} INFO - Processing /opt/airflow/dags/extraction_dag.py took 0.187 seconds
[2026-09-17T15:28:04.159+0000] {processor.py:161} INFO - Started process (PID=2492) to work on /opt/airflow/dags/extraction_dag.py
[2026-09-17T15:28:04.162+0000] {processor.py:830} INFO - Processing file /opt/airflow/dags/extraction_dag.py for tasks to queue
[2026-09-17T15:28:04.165+0000] {logging_mixin.py:188} INFO - [2026-09-17T15:28:04.165+0000] {dagbag.py:545} INFO - Filling up the DagBag from /opt/airflow/dags/extraction_dag.py
[2026-09-17T15:28:04.251+0000] {processor.py:840} INFO - DAG(s) 'youtube_extraction' retrieved from /opt/airflow/dags/extraction_dag.py
[2026-09-17T15:28:04.275+0000] {logging_mixin.py:188} INFO - [2026-09-17T15:28:04.275+0000] {dag.py:3096} INFO - Sync 1 DAGs
[2026-09-17T15:28:04.296+0000] {logging_mixin.py:188} INFO - [2026-09-17T15:28:04.296+0000] {dag.py:3954} INFO - Setting next_dagrun for youtube_extraction to 2026-09-17 00:00:00+00:00, run_after=2026-09-18 00:00:00+00:00
[2026-09-17T15:28:04.341+0000] {processor.py:183} INFO - Processing /opt/airflow/dags/extraction_dag.py took 0.187 seconds
[2026-09-17T15:28:34.572+0000] {processor.py:161} INFO - Started process (PID=2501) to work on /opt/airflow/dags/extraction_dag.py
[2026-09-17T15:28:34.574+0000] {processor.py:830} INFO - Processing file /opt/airflow/dags/extraction_dag.py for tasks to queue
[2026-09-17T15:28:34.577+0000] {logging_mixin.py:188} INFO - [2026-09-17T15:28:34.577+0000] {dagbag.py:545} INFO - Filling up the DagBag from /opt/airflow/dags/extraction_dag.py
[2026-09-17T15:28:34.686+0000] {processor.py:840} INFO - DAG(s) 'youtube_extraction' retrieved from /opt/airflow/dags/extraction_dag.py
[2026-09-17T15:28:34.730+0000] {logging_mixin.py:188} INFO - [2026-09-17T15:28:34.730+0000] {dag.py:3096} INFO - Sync 1 DAGs
[2026-09-17T15:28:34.748+0000] {logging_mixin.py:188} INFO - [2026-09-17T15:28:34.748+0000] {dag.py:3954} INFO - Setting next_dagrun for youtube_extraction to 2026-09-17 00:00:00+00:00, run_after=2026-09-18 00:00:00+00:00
[2026-09-17T15:28:34.788+0000] {processor.py:183} INFO - Processing /opt/airflow/dags/extraction_dag.py took 0.221 seconds
[2026-09-17T15:29:05.240+0000] {processor.py:161} INFO - Started process (PID=2510) to work on /opt/airflow/dags/extraction_dag.py
[2026-09-17T15:29:05.243+0000] {processor.py:830} INFO - Processing file /opt/airflow/dags/extraction_dag.py for tasks to queue
[2026-09-17T15:29:05.247+0000] {logging_mixin.py:188} INFO - [2026-09-17T15:29:05.247+0000] {dagbag.py:545} INFO - Filling up the DagBag from /opt/airflow/dags/extraction_dag.py
[2026-09-17T15:29:05.370+0000] {processor.py:840} INFO - DAG(s) 'youtube_extraction' retrieved from /opt/airflow/dags/extraction_dag.py
[2026-09-17T15:29:05.422+0000] {logging_mixin.py:188} INFO - [2026-09-17T15:29:05.421+0000] {dag.py:3096} INFO - Sync 1 DAGs
[2026-09-17T15:29:05.454+0000] {logging_mixin.py:188} INFO - [2026-09-17T15:29:05.454+0000] {dag.py:3954} INFO - Setting next_dagrun for youtube_extraction to 2026-09-17 00:00:00+00:00, run_after=2026-09-18 00:00:00+00:00
[2026-09-17T15:29:05.505+0000] {processor.py:183} INFO - Processing /opt/airflow/dags/extraction_dag.py took 0.272 seconds
[2026-09-17T15:29:35.912+0000] {processor.py:161} INFO - Started process (PID=2519) to work on /opt/airflow/dags/extraction_dag.py
[2026-09-17T15:29:35.915+0000] {processor.py:830} INFO - Processing file /opt/airflow/dags/extraction_dag.py for tasks to queue
[2026-09-17T15:29:35.918+0000] {logging_mixin.py:188} INFO - [2026-09-17T15:29:35.918+0000] {dagbag.py:545} INFO - Filling up the DagBag from /opt/airflow/dags/extraction_dag.py
[2026-09-17T15:29:36.066+0000] {processor.py:840} INFO - DAG(s) 'youtube_extraction' retrieved from /opt/airflow/dags/extraction_dag.py
[2026-09-17T15:29:36.091+0000] {logging_mixin.py:188} INFO - [2026-09-17T15:29:36.091+0000] {dag.py:3096} INFO - Sync 1 DAGs
[2026-09-17T15:29:36.122+0000] {logging_mixin.py:188} INFO - [2026-09-17T15:29:36.121+0000] {dag.py:3954} INFO - Setting next_dagrun for youtube_extraction to 2026-09-17 00:00:00+00:00, run_after=2026-09-18 00:00:00+00:00
[2026-09-17T15:29:36.163+0000] {processor.py:183} INFO - Processing /opt/airflow/dags/extraction_dag.py took 0.258 seconds
[2026-09-17T15:30:06.575+0000] {processor.py:161} INFO - Started process (PID=2528) to work on /opt/airflow/dags/extraction_dag.py
[2026-09-17T15:30:06.578+0000] {processor.py:830} INFO - Processing file /opt/airflow/dags/extraction_dag.py for tasks to queue
[2026-09-17T15:30:06.580+0000] {logging_mixin.py:188} INFO - [2026-09-17T15:30:06.580+0000] {dagbag.py:545} INFO - Filling up the DagBag from /opt/airflow/dags/extraction_dag.py
[2026-09-17T15:30:06.661+0000] {processor.py:840} INFO - DAG(s) 'youtube_extraction' retrieved from /opt/airflow/dags/extraction_dag.py
[2026-09-17T15:30:06.689+0000] {logging_mixin.py:188} INFO - [2026-09-17T15:30:06.688+0000] {dag.py:3096} INFO - Sync 1 DAGs
[2026-09-17T15:30:06.714+0000] {logging_mixin.py:188} INFO - [2026-09-17T15:30:06.713+0000] {dag.py:3954} INFO - Setting next_dagrun for youtube_extraction to 2026-09-17 00:00:00+00:00, run_after=2026-09-18 00:00:00+00:00
[2026-09-17T15:30:06.750+0000] {processor.py:183} INFO - Processing /opt/airflow/dags/extraction_dag.py took 0.182 seconds
[2026-09-17T15:30:37.217+0000] {processor.py:161} INFO - Started process (PID=2537) to work on /opt/airflow/dags/extraction_dag.py
[2026-09-17T15:30:37.220+0000] {processor.py:830} INFO - Processing file /opt/airflow/dags/extraction_dag.py for tasks to queue
[2026-09-17T15:30:37.224+0000] {logging_mixin.py:188} INFO - [2026-09-17T15:30:37.223+0000] {dagbag.py:545} INFO - Filling up the DagBag from /opt/airflow/dags/extraction_dag.py
[2026-09-17T15:30:37.412+0000] {processor.py:840} INFO - DAG(s) 'youtube_extraction' retrieved from /opt/airflow/dags/extraction_dag.py
[2026-09-17T15:30:37.431+0000] {logging_mixin.py:188} INFO - [2026-09-17T15:30:37.430+0000] {dag.py:3096} INFO - Sync 1 DAGs
[2026-09-17T15:30:37.449+0000] {logging_mixin.py:188} INFO - [2026-09-17T15:30:37.449+0000] {dag.py:3954} INFO - Setting next_dagrun for youtube_extraction to 2026-09-17 00:00:00+00:00, run_after=2026-09-18 00:00:00+00:00
[2026-09-17T15:30:37.486+0000] {processor.py:183} INFO - Processing /opt/airflow/dags/extraction_dag.py took 0.274 seconds
[2026-09-17T15:31:07.608+0000] {processor.py:161} INFO - Started process (PID=2546) to work on /opt/airflow/dags/extraction_dag.py
[2026-09-17T15:31:07.626+0000] {processor.py:830} INFO - Processing file /opt/airflow/dags/extraction_dag.py for tasks to queue
[2026-09-17T15:31:07.632+0000] {logging_mixin.py:188} INFO - [2026-09-17T15:31:07.631+0000] {dagbag.py:545} INFO - Filling up the DagBag from /opt/airflow/dags/extraction_dag.py
[2026-09-17T15:31:07.744+0000] {processor.py:840} INFO - DAG(s) 'youtube_extraction' retrieved from /opt/airflow/dags/extraction_dag.py
[2026-09-17T15:31:07.771+0000] {logging_mixin.py:188} INFO - [2026-09-17T15:31:07.770+0000] {dag.py:3096} INFO - Sync 1 DAGs
[2026-09-17T15:31:07.795+0000] {logging_mixin.py:188} INFO - [2026-09-17T15:31:07.795+0000] {dag.py:3954} INFO - Setting next_dagrun for youtube_extraction to 2026-09-17 00:00:00+00:00, run_after=2026-09-18 00:00:00+00:00
[2026-09-17T15:31:07.822+0000] {processor.py:183} INFO - Processing /opt/airflow/dags/extraction_dag.py took 0.222 seconds
[2026-09-17T15:31:38.220+0000] {processor.py:161} INFO - Started process (PID=2555) to work on /opt/airflow/dags/extraction_dag.py
[2026-09-17T15:31:38.223+0000] {processor.py:830} INFO - Processing file /opt/airflow/dags/extraction_dag.py for tasks to queue
[2026-09-17T15:31:38.226+0000] {logging_mixin.py:188} INFO - [2026-09-17T15:31:38.225+0000] {dagbag.py:545} INFO - Filling up the DagBag from /opt/airflow/dags/extraction_dag.py
[2026-09-17T15:31:38.325+0000] {processor.py:840} INFO - DAG(s) 'youtube_extraction' retrieved from /opt/airflow/dags/extraction_dag.py
[2026-09-17T15:31:38.353+0000] {logging_mixin.py:188} INFO - [2026-09-17T15:31:38.353+0000] {dag.py:3096} INFO - Sync 1 DAGs
[2026-09-17T15:31:38.371+0000] {logging_mixin.py:188} INFO - [2026-09-17T15:31:38.371+0000] {dag.py:3954} INFO - Setting next_dagrun for youtube_extraction to 2026-09-17 00:00:00+00:00, run_after=2026-09-18 00:00:00+00:00
[2026-09-17T15:31:38.430+0000] {processor.py:183} INFO - Processing /opt/airflow/dags/extraction_dag.py took 0.216 seconds
[2026-09-17T15:32:09.299+0000] {processor.py:161} INFO - Started process (PID=2575) to work on /opt/airflow/dags/extraction_dag.py
[2026-09-17T15:32:09.301+0000] {processor.py:830} INFO - Processing file /opt/airflow/dags/extraction_dag.py for tasks to queue
[2026-09-17T15:32:09.304+0000] {logging_mixin.py:188} INFO - [2026-09-17T15:32:09.304+0000] {dagbag.py:545} INFO - Filling up the DagBag from /opt/airflow/dags/extraction_dag.py
[2026-09-17T15:32:09.429+0000] {processor.py:840} INFO - DAG(s) 'youtube_extraction' retrieved from /opt/airflow/dags/extraction_dag.py
[2026-09-17T15:32:09.459+0000] {logging_mixin.py:188} INFO - [2026-09-17T15:32:09.459+0000] {dag.py:3096} INFO - Sync 1 DAGs
[2026-09-17T15:32:09.482+0000] {logging_mixin.py:188} INFO - [2026-09-17T15:32:09.482+0000] {dag.py:3954} INFO - Setting next_dagrun for youtube_extraction to 2026-09-17 00:00:00+00:00, run_after=2026-09-18 00:00:00+00:00
[2026-09-17T15:32:09.545+0000] {processor.py:183} INFO - Processing /opt/airflow/dags/extraction_dag.py took 0.254 seconds
[2026-09-17T15:32:40.000+0000] {processor.py:161} INFO - Started process (PID=2584) to work on /opt/airflow/dags/extraction_dag.py
[2026-09-17T15:32:40.002+0000] {processor.py:830} INFO - Processing file /opt/airflow/dags/extraction_dag.py for tasks to queue
[2026-09-17T15:32:40.005+0000] {logging_mixin.py:188} INFO - [2026-09-17T15:32:40.005+0000] {dagbag.py:545} INFO - Filling up the DagBag from /opt/airflow/dags/extraction_dag.py
[2026-09-17T15:32:40.084+0000] {processor.py:840} INFO - DAG(s) 'youtube_extraction' retrieved from /opt/airflow/dags/extraction_dag.py
[2026-09-17T15:32:40.111+0000] {logging_mixin.py:188} INFO - [2026-09-17T15:32:40.110+0000] {dag.py:3096} INFO - Sync 1 DAGs
[2026-09-17T15:32:40.138+0000] {logging_mixin.py:188} INFO - [2026-09-17T15:32:40.137+0000] {dag.py:3954} INFO - Setting next_dagrun for youtube_extraction to 2026-09-17 00:00:00+00:00, run_after=2026-09-18 00:00:00+00:00
[2026-09-17T15:32:40.166+0000] {processor.py:183} INFO - Processing /opt/airflow/dags/extraction_dag.py took 0.173 seconds
[2026-09-17T15:33:10.643+0000] {processor.py:161} INFO - Started process (PID=2593) to work on /opt/airflow/dags/extraction_dag.py
[2026-09-17T15:33:10.647+0000] {processor.py:830} INFO - Processing file /opt/airflow/dags/extraction_dag.py for tasks to queue
[2026-09-17T15:33:10.682+0000] {logging_mixin.py:188} INFO - [2026-09-17T15:33:10.680+0000] {dagbag.py:545} INFO - Filling up the DagBag from /opt/airflow/dags/extraction_dag.py
[2026-09-17T15:33:10.816+0000] {processor.py:840} INFO - DAG(s) 'youtube_extraction' retrieved from /opt/airflow/dags/extraction_dag.py
[2026-09-17T15:33:10.917+0000] {logging_mixin.py:188} INFO - [2026-09-17T15:33:10.917+0000] {dag.py:3096} INFO - Sync 1 DAGs
[2026-09-17T15:33:10.967+0000] {logging_mixin.py:188} INFO - [2026-09-17T15:33:10.967+0000] {dag.py:3954} INFO - Setting next_dagrun for youtube_extraction to 2026-09-17 00:00:00+00:00, run_after=2026-09-18 00:00:00+00:00
[2026-09-17T15:33:11.014+0000] {processor.py:183} INFO - Processing /opt/airflow/dags/extraction_dag.py took 0.385 seconds
[2026-09-17T15:33:41.445+0000] {processor.py:161} INFO - Started process (PID=2602) to work on /opt/airflow/dags/extraction_dag.py
[2026-09-17T15:33:41.480+0000] {processor.py:830} INFO - Processing file /opt/airflow/dags/extraction_dag.py for tasks to queue
[2026-09-17T15:33:41.483+0000] {logging_mixin.py:188} INFO - [2026-09-17T15:33:41.483+0000] {dagbag.py:545} INFO - Filling up the DagBag from /opt/airflow/dags/extraction_dag.py
[2026-09-17T15:33:41.596+0000] {processor.py:840} INFO - DAG(s) 'youtube_extraction' retrieved from /opt/airflow/dags/extraction_dag.py
[2026-09-17T15:33:41.675+0000] {logging_mixin.py:188} INFO - [2026-09-17T15:33:41.675+0000] {dag.py:3096} INFO - Sync 1 DAGs
[2026-09-17T15:33:41.700+0000] {logging_mixin.py:188} INFO - [2026-09-17T15:33:41.699+0000] {dag.py:3954} INFO - Setting next_dagrun for youtube_extraction to 2026-09-17 00:00:00+00:00, run_after=2026-09-18 00:00:00+00:00
[2026-09-17T15:33:41.756+0000] {processor.py:183} INFO - Processing /opt/airflow/dags/extraction_dag.py took 0.317 seconds
[2026-09-17T15:34:12.184+0000] {processor.py:161} INFO - Started process (PID=2610) to work on /opt/airflow/dags/extraction_dag.py
[2026-09-17T15:34:12.187+0000] {processor.py:830} INFO - Processing file /opt/airflow/dags/extraction_dag.py for tasks to queue
[2026-09-17T15:34:12.190+0000] {logging_mixin.py:188} INFO - [2026-09-17T15:34:12.189+0000] {dagbag.py:545} INFO - Filling up the DagBag from /opt/airflow/dags/extraction_dag.py
[2026-09-17T15:34:12.394+0000] {processor.py:840} INFO - DAG(s) 'youtube_extraction' retrieved from /opt/airflow/dags/extraction_dag.py
[2026-09-17T15:34:12.438+0000] {logging_mixin.py:188} INFO - [2026-09-17T15:34:12.437+0000] {dag.py:3096} INFO - Sync 1 DAGs
[2026-09-17T15:34:12.461+0000] {logging_mixin.py:188} INFO - [2026-09-17T15:34:12.461+0000] {dag.py:3954} INFO - Setting next_dagrun for youtube_extraction to 2026-09-17 00:00:00+00:00, run_after=2026-09-18 00:00:00+00:00
[2026-09-17T15:34:12.509+0000] {processor.py:183} INFO - Processing /opt/airflow/dags/extraction_dag.py took 0.331 seconds
[2026-09-17T15:34:42.695+0000] {processor.py:161} INFO - Started process (PID=2619) to work on /opt/airflow/dags/extraction_dag.py
[2026-09-17T15:34:42.709+0000] {processor.py:830} INFO - Processing file /opt/airflow/dags/extraction_dag.py for tasks to queue
[2026-09-17T15:34:42.714+0000] {logging_mixin.py:188} INFO - [2026-09-17T15:34:42.713+0000] {dagbag.py:545} INFO - Filling up the DagBag from /opt/airflow/dags/extraction_dag.py
[2026-09-17T15:34:42.844+0000] {processor.py:840} INFO - DAG(s) 'youtube_extraction' retrieved from /opt/airflow/dags/extraction_dag.py
[2026-09-17T15:34:42.878+0000] {logging_mixin.py:188} INFO - [2026-09-17T15:34:42.878+0000] {dag.py:3096} INFO - Sync 1 DAGs
[2026-09-17T15:34:42.905+0000] {logging_mixin.py:188} INFO - [2026-09-17T15:34:42.904+0000] {dag.py:3954} INFO - Setting next_dagrun for youtube_extraction to 2026-09-17 00:00:00+00:00, run_after=2026-09-18 00:00:00+00:00
[2026-09-17T15:34:42.982+0000] {processor.py:183} INFO - Processing /opt/airflow/dags/extraction_dag.py took 0.295 seconds
[2026-09-17T15:35:13.069+0000] {processor.py:161} INFO - Started process (PID=2628) to work on /opt/airflow/dags/extraction_dag.py
[2026-09-17T15:35:13.071+0000] {processor.py:830} INFO - Processing file /opt/airflow/dags/extraction_dag.py for tasks to queue
[2026-09-17T15:35:13.077+0000] {logging_mixin.py:188} INFO - [2026-09-17T15:35:13.075+0000] {dagbag.py:545} INFO - Filling up the DagBag from /opt/airflow/dags/extraction_dag.py
[2026-09-17T15:35:13.145+0000] {processor.py:840} INFO - DAG(s) 'youtube_extraction' retrieved from /opt/airflow/dags/extraction_dag.py
[2026-09-17T15:35:13.179+0000] {logging_mixin.py:188} INFO - [2026-09-17T15:35:13.179+0000] {dag.py:3096} INFO - Sync 1 DAGs
[2026-09-17T15:35:13.227+0000] {logging_mixin.py:188} INFO - [2026-09-17T15:35:13.226+0000] {dag.py:3954} INFO - Setting next_dagrun for youtube_extraction to 2026-09-17 00:00:00+00:00, run_after=2026-09-18 00:00:00+00:00
[2026-09-17T15:35:13.277+0000] {processor.py:183} INFO - Processing /opt/airflow/dags/extraction_dag.py took 0.215 seconds
[2026-09-17T15:35:43.689+0000] {processor.py:161} INFO - Started process (PID=2637) to work on /opt/airflow/dags/extraction_dag.py
[2026-09-17T15:35:43.692+0000] {processor.py:830} INFO - Processing file /opt/airflow/dags/extraction_dag.py for tasks to queue
[2026-09-17T15:35:43.695+0000] {logging_mixin.py:188} INFO - [2026-09-17T15:35:43.695+0000] {dagbag.py:545} INFO - Filling up the DagBag from /opt/airflow/dags/extraction_dag.py
[2026-09-17T15:35:43.792+0000] {processor.py:840} INFO - DAG(s) 'youtube_extraction' retrieved from /opt/airflow/dags/extraction_dag.py
[2026-09-17T15:35:43.818+0000] {logging_mixin.py:188} INFO - [2026-09-17T15:35:43.818+0000] {dag.py:3096} INFO - Sync 1 DAGs
[2026-09-17T15:35:43.841+0000] {logging_mixin.py:188} INFO - [2026-09-17T15:35:43.841+0000] {dag.py:3954} INFO - Setting next_dagrun for youtube_extraction to 2026-09-17 00:00:00+00:00, run_after=2026-09-18 00:00:00+00:00
[2026-09-17T15:35:43.888+0000] {processor.py:183} INFO - Processing /opt/airflow/dags/extraction_dag.py took 0.232 seconds
[2026-09-17T15:36:14.355+0000] {processor.py:161} INFO - Started process (PID=2646) to work on /opt/airflow/dags/extraction_dag.py
[2026-09-17T15:36:14.357+0000] {processor.py:830} INFO - Processing file /opt/airflow/dags/extraction_dag.py for tasks to queue
[2026-09-17T15:36:14.362+0000] {logging_mixin.py:188} INFO - [2026-09-17T15:36:14.361+0000] {dagbag.py:545} INFO - Filling up the DagBag from /opt/airflow/dags/extraction_dag.py
[2026-09-17T15:36:14.511+0000] {processor.py:840} INFO - DAG(s) 'youtube_extraction' retrieved from /opt/airflow/dags/extraction_dag.py
[2026-09-17T15:36:14.580+0000] {logging_mixin.py:188} INFO - [2026-09-17T15:36:14.580+0000] {dag.py:3096} INFO - Sync 1 DAGs
[2026-09-17T15:36:14.616+0000] {logging_mixin.py:188} INFO - [2026-09-17T15:36:14.616+0000] {dag.py:3954} INFO - Setting next_dagrun for youtube_extraction to 2026-09-17 00:00:00+00:00, run_after=2026-09-18 00:00:00+00:00
[2026-09-17T15:36:15.051+0000] {processor.py:183} INFO - Processing /opt/airflow/dags/extraction_dag.py took 0.702 seconds
[2026-09-17T15:36:45.965+0000] {processor.py:161} INFO - Started process (PID=2655) to work on /opt/airflow/dags/extraction_dag.py
[2026-09-17T15:36:45.968+0000] {processor.py:830} INFO - Processing file /opt/airflow/dags/extraction_dag.py for tasks to queue
[2026-09-17T15:36:45.971+0000] {logging_mixin.py:188} INFO - [2026-09-17T15:36:45.971+0000] {dagbag.py:545} INFO - Filling up the DagBag from /opt/airflow/dags/extraction_dag.py
[2026-09-17T15:36:46.154+0000] {processor.py:840} INFO - DAG(s) 'youtube_extraction' retrieved from /opt/airflow/dags/extraction_dag.py
[2026-09-17T15:36:46.176+0000] {logging_mixin.py:188} INFO - [2026-09-17T15:36:46.176+0000] {dag.py:3096} INFO - Sync 1 DAGs
[2026-09-17T15:36:46.199+0000] {logging_mixin.py:188} INFO - [2026-09-17T15:36:46.199+0000] {dag.py:3954} INFO - Setting next_dagrun for youtube_extraction to 2026-09-17 00:00:00+00:00, run_after=2026-09-18 00:00:00+00:00
[2026-09-17T15:36:46.232+0000] {processor.py:183} INFO - Processing /opt/airflow/dags/extraction_dag.py took 0.274 seconds
[2026-09-17T15:37:28.510+0000] {processor.py:161} INFO - Started process (PID=2658) to work on /opt/airflow/dags/extraction_dag.py
[2026-09-17T15:37:28.671+0000] {processor.py:830} INFO - Processing file /opt/airflow/dags/extraction_dag.py for tasks to queue
[2026-09-17T15:37:28.767+0000] {logging_mixin.py:188} INFO - [2026-09-17T15:37:28.767+0000] {dagbag.py:545} INFO - Filling up the DagBag from /opt/airflow/dags/extraction_dag.py
[2026-09-17T15:37:29.632+0000] {processor.py:840} INFO - DAG(s) 'youtube_extraction' retrieved from /opt/airflow/dags/extraction_dag.py
[2026-09-17T15:37:29.724+0000] {logging_mixin.py:188} INFO - [2026-09-17T15:37:29.723+0000] {dag.py:3096} INFO - Sync 1 DAGs
[2026-09-17T15:37:29.803+0000] {logging_mixin.py:188} INFO - [2026-09-17T15:37:29.803+0000] {dag.py:3954} INFO - Setting next_dagrun for youtube_extraction to 2026-09-17 00:00:00+00:00, run_after=2026-09-18 00:00:00+00:00
[2026-09-17T15:37:29.876+0000] {processor.py:183} INFO - Processing /opt/airflow/dags/extraction_dag.py took 1.380 seconds
