[2026-09-17T10:43:04.701+0000] {processor.py:161} INFO - Started process (PID=129) to work on /opt/airflow/dags/warehouse_dag.py
[2026-09-17T10:43:04.704+0000] {processor.py:830} INFO - Processing file /opt/airflow/dags/warehouse_dag.py for tasks to queue
[2026-09-17T10:43:04.707+0000] {logging_mixin.py:188} INFO - [2026-09-17T10:43:04.707+0000] {dagbag.py:545} INFO - Filling up the DagBag from /opt/airflow/dags/warehouse_dag.py
[2026-09-17T10:43:06.615+0000] {logging_mixin.py:188} INFO - [2026-09-17T10:43:06.588+0000] {dagbag.py:355} ERROR - Failed to import: /opt/airflow/dags/warehouse_dag.py
Traceback (most recent call last):
  File "/home/airflow/.local/lib/python3.10/site-packages/airflow/models/dagbag.py", line 351, in parse
    loader.exec_module(new_module)
  File "<frozen importlib._bootstrap_external>", line 883, in exec_module
  File "<frozen importlib._bootstrap>", line 241, in _call_with_frames_removed
  File "/opt/airflow/dags/warehouse_dag.py", line 11, in <module>
    from loading.postgres import staging_table_data
  File "/opt/airflow/loading/postgres.py", line 8, in <module>
    cursor = connection.cursor()
TypeError: 'NoneType' object is not callable
[2026-09-17T10:43:06.620+0000] {processor.py:842} WARNING - No viable dags retrieved from /opt/airflow/dags/warehouse_dag.py
[2026-09-17T10:43:06.663+0000] {processor.py:183} INFO - Processing /opt/airflow/dags/warehouse_dag.py took 1.968 seconds
[2026-09-17T10:43:14.937+0000] {processor.py:161} INFO - Started process (PID=138) to work on /opt/airflow/dags/warehouse_dag.py
[2026-09-17T10:43:14.939+0000] {processor.py:830} INFO - Processing file /opt/airflow/dags/warehouse_dag.py for tasks to queue
[2026-09-17T10:43:14.942+0000] {logging_mixin.py:188} INFO - [2026-09-17T10:43:14.942+0000] {dagbag.py:545} INFO - Filling up the DagBag from /opt/airflow/dags/warehouse_dag.py
[2026-09-17T10:43:15.786+0000] {logging_mixin.py:188} INFO - [2026-09-17T10:43:15.769+0000] {dagbag.py:355} ERROR - Failed to import: /opt/airflow/dags/warehouse_dag.py
Traceback (most recent call last):
  File "/home/airflow/.local/lib/python3.10/site-packages/airflow/models/dagbag.py", line 351, in parse
    loader.exec_module(new_module)
  File "<frozen importlib._bootstrap_external>", line 883, in exec_module
  File "<frozen importlib._bootstrap>", line 241, in _call_with_frames_removed
  File "/opt/airflow/dags/warehouse_dag.py", line 11, in <module>
    from loading.postgres import staging_table_data
  File "/opt/airflow/loading/postgres.py", line 8, in <module>
    cursor = connection.cursor()
TypeError: 'NoneType' object is not callable
[2026-09-17T10:43:15.794+0000] {processor.py:842} WARNING - No viable dags retrieved from /opt/airflow/dags/warehouse_dag.py
[2026-09-17T10:43:15.855+0000] {processor.py:183} INFO - Processing /opt/airflow/dags/warehouse_dag.py took 0.931 seconds
[2026-09-17T10:43:17.226+0000] {processor.py:161} INFO - Started process (PID=140) to work on /opt/airflow/dags/warehouse_dag.py
[2026-09-17T10:43:17.229+0000] {processor.py:830} INFO - Processing file /opt/airflow/dags/warehouse_dag.py for tasks to queue
[2026-09-17T10:43:17.232+0000] {logging_mixin.py:188} INFO - [2026-09-17T10:43:17.232+0000] {dagbag.py:545} INFO - Filling up the DagBag from /opt/airflow/dags/warehouse_dag.py
[2026-09-17T10:43:17.680+0000] {logging_mixin.py:188} INFO - [2026-09-17T10:43:17.664+0000] {dagbag.py:355} ERROR - Failed to import: /opt/airflow/dags/warehouse_dag.py
Traceback (most recent call last):
  File "/home/airflow/.local/lib/python3.10/site-packages/airflow/models/dagbag.py", line 351, in parse
    loader.exec_module(new_module)
  File "<frozen importlib._bootstrap_external>", line 883, in exec_module
  File "<frozen importlib._bootstrap>", line 241, in _call_with_frames_removed
  File "/opt/airflow/dags/warehouse_dag.py", line 11, in <module>
    from loading.postgres import staging_table_data
  File "/opt/airflow/loading/postgres.py", line 8, in <module>
    cursor = connection.cursor()
TypeError: 'NoneType' object is not callable
[2026-09-17T10:43:17.685+0000] {processor.py:842} WARNING - No viable dags retrieved from /opt/airflow/dags/warehouse_dag.py
[2026-09-17T10:43:17.784+0000] {processor.py:183} INFO - Processing /opt/airflow/dags/warehouse_dag.py took 0.565 seconds
[2026-09-17T10:43:21.338+0000] {processor.py:161} INFO - Started process (PID=142) to work on /opt/airflow/dags/warehouse_dag.py
[2026-09-17T10:43:21.340+0000] {processor.py:830} INFO - Processing file /opt/airflow/dags/warehouse_dag.py for tasks to queue
[2026-09-17T10:43:21.342+0000] {logging_mixin.py:188} INFO - [2026-09-17T10:43:21.342+0000] {dagbag.py:545} INFO - Filling up the DagBag from /opt/airflow/dags/warehouse_dag.py
[2026-09-17T10:43:21.408+0000] {logging_mixin.py:188} INFO - [2026-09-17T10:43:21.407+0000] {dagbag.py:355} ERROR - Failed to import: /opt/airflow/dags/warehouse_dag.py
Traceback (most recent call last):
  File "/home/airflow/.local/lib/python3.10/site-packages/airflow/models/dagbag.py", line 351, in parse
    loader.exec_module(new_module)
  File "<frozen importlib._bootstrap_external>", line 879, in exec_module
  File "<frozen importlib._bootstrap_external>", line 1017, in get_code
  File "<frozen importlib._bootstrap_external>", line 947, in source_to_code
  File "<frozen importlib._bootstrap>", line 241, in _call_with_frames_removed
  File "/opt/airflow/dags/warehouse_dag.py", line 33
    WITH DAG
         ^^^
SyntaxError: invalid syntax
[2026-09-17T10:43:21.411+0000] {processor.py:842} WARNING - No viable dags retrieved from /opt/airflow/dags/warehouse_dag.py
[2026-09-17T10:43:21.450+0000] {processor.py:183} INFO - Processing /opt/airflow/dags/warehouse_dag.py took 0.123 seconds
[2026-09-17T10:43:29.463+0000] {processor.py:161} INFO - Started process (PID=143) to work on /opt/airflow/dags/warehouse_dag.py
[2026-09-17T10:43:29.466+0000] {processor.py:830} INFO - Processing file /opt/airflow/dags/warehouse_dag.py for tasks to queue
[2026-09-17T10:43:29.469+0000] {logging_mixin.py:188} INFO - [2026-09-17T10:43:29.469+0000] {dagbag.py:545} INFO - Filling up the DagBag from /opt/airflow/dags/warehouse_dag.py
[2026-09-17T10:43:29.508+0000] {logging_mixin.py:188} INFO - [2026-09-17T10:43:29.507+0000] {dagbag.py:355} ERROR - Failed to import: /opt/airflow/dags/warehouse_dag.py
Traceback (most recent call last):
  File "/home/airflow/.local/lib/python3.10/site-packages/airflow/models/dagbag.py", line 351, in parse
    loader.exec_module(new_module)
  File "<frozen importlib._bootstrap_external>", line 879, in exec_module
  File "<frozen importlib._bootstrap_external>", line 1017, in get_code
  File "<frozen importlib._bootstrap_external>", line 947, in source_to_code
  File "<frozen importlib._bootstrap>", line 241, in _call_with_frames_removed
  File "/opt/airflow/dags/warehouse_dag.py", line 33
    with DAG
            ^
SyntaxError: expected ':'
[2026-09-17T10:43:29.510+0000] {processor.py:842} WARNING - No viable dags retrieved from /opt/airflow/dags/warehouse_dag.py
[2026-09-17T10:43:29.552+0000] {processor.py:183} INFO - Processing /opt/airflow/dags/warehouse_dag.py took 0.096 seconds
[2026-09-17T10:43:30.668+0000] {processor.py:161} INFO - Started process (PID=144) to work on /opt/airflow/dags/warehouse_dag.py
[2026-09-17T10:43:30.671+0000] {processor.py:830} INFO - Processing file /opt/airflow/dags/warehouse_dag.py for tasks to queue
[2026-09-17T10:43:30.676+0000] {logging_mixin.py:188} INFO - [2026-09-17T10:43:30.675+0000] {dagbag.py:545} INFO - Filling up the DagBag from /opt/airflow/dags/warehouse_dag.py
[2026-09-17T10:43:30.713+0000] {logging_mixin.py:188} INFO - [2026-09-17T10:43:30.711+0000] {dagbag.py:355} ERROR - Failed to import: /opt/airflow/dags/warehouse_dag.py
Traceback (most recent call last):
  File "/home/airflow/.local/lib/python3.10/site-packages/airflow/models/dagbag.py", line 351, in parse
    loader.exec_module(new_module)
  File "<frozen importlib._bootstrap_external>", line 879, in exec_module
  File "<frozen importlib._bootstrap_external>", line 1017, in get_code
  File "<frozen importlib._bootstrap_external>", line 947, in source_to_code
  File "<frozen importlib._bootstrap>", line 241, in _call_with_frames_removed
  File "/opt/airflow/dags/warehouse_dag.py", line 33
    with DAG
            ^
SyntaxError: expected ':'
[2026-09-17T10:43:30.714+0000] {processor.py:842} WARNING - No viable dags retrieved from /opt/airflow/dags/warehouse_dag.py
[2026-09-17T10:43:30.737+0000] {processor.py:183} INFO - Processing /opt/airflow/dags/warehouse_dag.py took 0.077 seconds
[2026-09-17T10:43:33.764+0000] {processor.py:161} INFO - Started process (PID=145) to work on /opt/airflow/dags/warehouse_dag.py
[2026-09-17T10:43:33.767+0000] {processor.py:830} INFO - Processing file /opt/airflow/dags/warehouse_dag.py for tasks to queue
[2026-09-17T10:43:33.770+0000] {logging_mixin.py:188} INFO - [2026-09-17T10:43:33.770+0000] {dagbag.py:545} INFO - Filling up the DagBag from /opt/airflow/dags/warehouse_dag.py
[2026-09-17T10:43:33.810+0000] {logging_mixin.py:188} INFO - [2026-09-17T10:43:33.809+0000] {dagbag.py:355} ERROR - Failed to import: /opt/airflow/dags/warehouse_dag.py
Traceback (most recent call last):
  File "/home/airflow/.local/lib/python3.10/site-packages/airflow/models/dagbag.py", line 351, in parse
    loader.exec_module(new_module)
  File "<frozen importlib._bootstrap_external>", line 879, in exec_module
  File "<frozen importlib._bootstrap_external>", line 1017, in get_code
  File "<frozen importlib._bootstrap_external>", line 947, in source_to_code
  File "<frozen importlib._bootstrap>", line 241, in _call_with_frames_removed
  File "/opt/airflow/dags/warehouse_dag.py", line 35
    )
     ^
SyntaxError: expected ':'
[2026-09-17T10:43:33.813+0000] {processor.py:842} WARNING - No viable dags retrieved from /opt/airflow/dags/warehouse_dag.py
[2026-09-17T10:43:33.854+0000] {processor.py:183} INFO - Processing /opt/airflow/dags/warehouse_dag.py took 0.096 seconds
[2026-09-17T10:43:37.874+0000] {processor.py:161} INFO - Started process (PID=146) to work on /opt/airflow/dags/warehouse_dag.py
[2026-09-17T10:43:37.876+0000] {processor.py:830} INFO - Processing file /opt/airflow/dags/warehouse_dag.py for tasks to queue
[2026-09-17T10:43:37.883+0000] {logging_mixin.py:188} INFO - [2026-09-17T10:43:37.882+0000] {dagbag.py:545} INFO - Filling up the DagBag from /opt/airflow/dags/warehouse_dag.py
[2026-09-17T10:43:37.932+0000] {logging_mixin.py:188} INFO - [2026-09-17T10:43:37.931+0000] {dagbag.py:355} ERROR - Failed to import: /opt/airflow/dags/warehouse_dag.py
Traceback (most recent call last):
  File "/home/airflow/.local/lib/python3.10/site-packages/airflow/models/dagbag.py", line 351, in parse
    loader.exec_module(new_module)
  File "<frozen importlib._bootstrap_external>", line 879, in exec_module
  File "<frozen importlib._bootstrap_external>", line 1017, in get_code
  File "<frozen importlib._bootstrap_external>", line 947, in source_to_code
  File "<frozen importlib._bootstrap>", line 241, in _call_with_frames_removed
  File "/opt/airflow/dags/warehouse_dag.py", line 35
    )
     ^
SyntaxError: expected ':'
[2026-09-17T10:43:37.934+0000] {processor.py:842} WARNING - No viable dags retrieved from /opt/airflow/dags/warehouse_dag.py
[2026-09-17T10:43:37.964+0000] {processor.py:183} INFO - Processing /opt/airflow/dags/warehouse_dag.py took 0.099 seconds
[2026-09-17T10:43:40.008+0000] {processor.py:161} INFO - Started process (PID=147) to work on /opt/airflow/dags/warehouse_dag.py
[2026-09-17T10:43:40.010+0000] {processor.py:830} INFO - Processing file /opt/airflow/dags/warehouse_dag.py for tasks to queue
[2026-09-17T10:43:40.014+0000] {logging_mixin.py:188} INFO - [2026-09-17T10:43:40.014+0000] {dagbag.py:545} INFO - Filling up the DagBag from /opt/airflow/dags/warehouse_dag.py
[2026-09-17T10:43:40.057+0000] {logging_mixin.py:188} INFO - [2026-09-17T10:43:40.057+0000] {dagbag.py:355} ERROR - Failed to import: /opt/airflow/dags/warehouse_dag.py
Traceback (most recent call last):
  File "/home/airflow/.local/lib/python3.10/site-packages/airflow/models/dagbag.py", line 351, in parse
    loader.exec_module(new_module)
  File "<frozen importlib._bootstrap_external>", line 879, in exec_module
  File "<frozen importlib._bootstrap_external>", line 1017, in get_code
  File "<frozen importlib._bootstrap_external>", line 947, in source_to_code
  File "<frozen importlib._bootstrap>", line 241, in _call_with_frames_removed
  File "/opt/airflow/dags/warehouse_dag.py", line 35
    )
    ^
SyntaxError: invalid syntax
[2026-09-17T10:43:40.059+0000] {processor.py:842} WARNING - No viable dags retrieved from /opt/airflow/dags/warehouse_dag.py
[2026-09-17T10:43:40.090+0000] {processor.py:183} INFO - Processing /opt/airflow/dags/warehouse_dag.py took 0.087 seconds
[2026-09-17T10:43:41.481+0000] {processor.py:161} INFO - Started process (PID=156) to work on /opt/airflow/dags/warehouse_dag.py
[2026-09-17T10:43:41.483+0000] {processor.py:830} INFO - Processing file /opt/airflow/dags/warehouse_dag.py for tasks to queue
[2026-09-17T10:43:41.486+0000] {logging_mixin.py:188} INFO - [2026-09-17T10:43:41.485+0000] {dagbag.py:545} INFO - Filling up the DagBag from /opt/airflow/dags/warehouse_dag.py
[2026-09-17T10:43:41.525+0000] {logging_mixin.py:188} INFO - [2026-09-17T10:43:41.524+0000] {dagbag.py:355} ERROR - Failed to import: /opt/airflow/dags/warehouse_dag.py
Traceback (most recent call last):
  File "/home/airflow/.local/lib/python3.10/site-packages/airflow/models/dagbag.py", line 351, in parse
    loader.exec_module(new_module)
  File "<frozen importlib._bootstrap_external>", line 879, in exec_module
  File "<frozen importlib._bootstrap_external>", line 1017, in get_code
  File "<frozen importlib._bootstrap_external>", line 947, in source_to_code
  File "<frozen importlib._bootstrap>", line 241, in _call_with_frames_removed
  File "/opt/airflow/dags/warehouse_dag.py", line 35
    )
     ^
SyntaxError: expected ':'
[2026-09-17T10:43:41.528+0000] {processor.py:842} WARNING - No viable dags retrieved from /opt/airflow/dags/warehouse_dag.py
[2026-09-17T10:43:41.564+0000] {processor.py:183} INFO - Processing /opt/airflow/dags/warehouse_dag.py took 0.092 seconds
[2026-09-17T10:43:48.604+0000] {processor.py:161} INFO - Started process (PID=157) to work on /opt/airflow/dags/warehouse_dag.py
[2026-09-17T10:43:48.608+0000] {processor.py:830} INFO - Processing file /opt/airflow/dags/warehouse_dag.py for tasks to queue
[2026-09-17T10:43:48.614+0000] {logging_mixin.py:188} INFO - [2026-09-17T10:43:48.613+0000] {dagbag.py:545} INFO - Filling up the DagBag from /opt/airflow/dags/warehouse_dag.py
[2026-09-17T10:43:48.657+0000] {logging_mixin.py:188} INFO - [2026-09-17T10:43:48.654+0000] {dagbag.py:355} ERROR - Failed to import: /opt/airflow/dags/warehouse_dag.py
Traceback (most recent call last):
  File "/home/airflow/.local/lib/python3.10/site-packages/airflow/models/dagbag.py", line 351, in parse
    loader.exec_module(new_module)
  File "<frozen importlib._bootstrap_external>", line 879, in exec_module
  File "<frozen importlib._bootstrap_external>", line 1017, in get_code
  File "<frozen importlib._bootstrap_external>", line 947, in source_to_code
  File "<frozen importlib._bootstrap>", line 241, in _call_with_frames_removed
  File "/opt/airflow/dags/warehouse_dag.py", line 35
    )
     ^
SyntaxError: expected ':'
[2026-09-17T10:43:48.663+0000] {processor.py:842} WARNING - No viable dags retrieved from /opt/airflow/dags/warehouse_dag.py
[2026-09-17T10:43:48.776+0000] {processor.py:183} INFO - Processing /opt/airflow/dags/warehouse_dag.py took 0.184 seconds
[2026-09-17T10:43:54.801+0000] {processor.py:161} INFO - Started process (PID=158) to work on /opt/airflow/dags/warehouse_dag.py
[2026-09-17T10:43:54.805+0000] {processor.py:830} INFO - Processing file /opt/airflow/dags/warehouse_dag.py for tasks to queue
[2026-09-17T10:43:54.810+0000] {logging_mixin.py:188} INFO - [2026-09-17T10:43:54.809+0000] {dagbag.py:545} INFO - Filling up the DagBag from /opt/airflow/dags/warehouse_dag.py
[2026-09-17T10:43:54.865+0000] {logging_mixin.py:188} INFO - [2026-09-17T10:43:54.864+0000] {dagbag.py:355} ERROR - Failed to import: /opt/airflow/dags/warehouse_dag.py
Traceback (most recent call last):
  File "/home/airflow/.local/lib/python3.10/site-packages/airflow/models/dagbag.py", line 351, in parse
    loader.exec_module(new_module)
  File "<frozen importlib._bootstrap_external>", line 879, in exec_module
  File "<frozen importlib._bootstrap_external>", line 1017, in get_code
  File "<frozen importlib._bootstrap_external>", line 947, in source_to_code
  File "<frozen importlib._bootstrap>", line 241, in _call_with_frames_removed
  File "/opt/airflow/dags/warehouse_dag.py", line 35
    )
     ^
SyntaxError: expected ':'
[2026-09-17T10:43:54.867+0000] {processor.py:842} WARNING - No viable dags retrieved from /opt/airflow/dags/warehouse_dag.py
[2026-09-17T10:43:54.934+0000] {processor.py:183} INFO - Processing /opt/airflow/dags/warehouse_dag.py took 0.145 seconds
[2026-09-17T10:43:55.938+0000] {processor.py:161} INFO - Started process (PID=159) to work on /opt/airflow/dags/warehouse_dag.py
[2026-09-17T10:43:55.941+0000] {processor.py:830} INFO - Processing file /opt/airflow/dags/warehouse_dag.py for tasks to queue
[2026-09-17T10:43:55.946+0000] {logging_mixin.py:188} INFO - [2026-09-17T10:43:55.945+0000] {dagbag.py:545} INFO - Filling up the DagBag from /opt/airflow/dags/warehouse_dag.py
[2026-09-17T10:43:55.987+0000] {logging_mixin.py:188} INFO - [2026-09-17T10:43:55.986+0000] {dagbag.py:355} ERROR - Failed to import: /opt/airflow/dags/warehouse_dag.py
Traceback (most recent call last):
  File "/home/airflow/.local/lib/python3.10/site-packages/airflow/models/dagbag.py", line 351, in parse
    loader.exec_module(new_module)
  File "<frozen importlib._bootstrap_external>", line 879, in exec_module
  File "<frozen importlib._bootstrap_external>", line 1017, in get_code
  File "<frozen importlib._bootstrap_external>", line 947, in source_to_code
  File "<frozen importlib._bootstrap>", line 241, in _call_with_frames_removed
  File "/opt/airflow/dags/warehouse_dag.py", line 36
    )
     ^
SyntaxError: expected ':'
[2026-09-17T10:43:55.989+0000] {processor.py:842} WARNING - No viable dags retrieved from /opt/airflow/dags/warehouse_dag.py
[2026-09-17T10:43:56.042+0000] {processor.py:183} INFO - Processing /opt/airflow/dags/warehouse_dag.py took 0.113 seconds
[2026-09-17T10:44:00.133+0000] {processor.py:161} INFO - Started process (PID=160) to work on /opt/airflow/dags/warehouse_dag.py
[2026-09-17T10:44:00.135+0000] {processor.py:830} INFO - Processing file /opt/airflow/dags/warehouse_dag.py for tasks to queue
[2026-09-17T10:44:00.139+0000] {logging_mixin.py:188} INFO - [2026-09-17T10:44:00.138+0000] {dagbag.py:545} INFO - Filling up the DagBag from /opt/airflow/dags/warehouse_dag.py
[2026-09-17T10:44:00.185+0000] {logging_mixin.py:188} INFO - [2026-09-17T10:44:00.184+0000] {dagbag.py:355} ERROR - Failed to import: /opt/airflow/dags/warehouse_dag.py
Traceback (most recent call last):
  File "/home/airflow/.local/lib/python3.10/site-packages/airflow/models/dagbag.py", line 351, in parse
    loader.exec_module(new_module)
  File "<frozen importlib._bootstrap_external>", line 879, in exec_module
  File "<frozen importlib._bootstrap_external>", line 1017, in get_code
  File "<frozen importlib._bootstrap_external>", line 947, in source_to_code
  File "<frozen importlib._bootstrap>", line 241, in _call_with_frames_removed
  File "/opt/airflow/dags/warehouse_dag.py", line 36
    )
     ^
SyntaxError: expected ':'
[2026-09-17T10:44:00.187+0000] {processor.py:842} WARNING - No viable dags retrieved from /opt/airflow/dags/warehouse_dag.py
[2026-09-17T10:44:00.241+0000] {processor.py:183} INFO - Processing /opt/airflow/dags/warehouse_dag.py took 0.119 seconds
[2026-09-17T10:44:04.225+0000] {processor.py:161} INFO - Started process (PID=161) to work on /opt/airflow/dags/warehouse_dag.py
[2026-09-17T10:44:04.228+0000] {processor.py:830} INFO - Processing file /opt/airflow/dags/warehouse_dag.py for tasks to queue
[2026-09-17T10:44:04.233+0000] {logging_mixin.py:188} INFO - [2026-09-17T10:44:04.233+0000] {dagbag.py:545} INFO - Filling up the DagBag from /opt/airflow/dags/warehouse_dag.py
[2026-09-17T10:44:04.275+0000] {logging_mixin.py:188} INFO - [2026-09-17T10:44:04.274+0000] {dagbag.py:355} ERROR - Failed to import: /opt/airflow/dags/warehouse_dag.py
Traceback (most recent call last):
  File "/home/airflow/.local/lib/python3.10/site-packages/airflow/models/dagbag.py", line 351, in parse
    loader.exec_module(new_module)
  File "<frozen importlib._bootstrap_external>", line 879, in exec_module
  File "<frozen importlib._bootstrap_external>", line 1017, in get_code
  File "<frozen importlib._bootstrap_external>", line 947, in source_to_code
  File "<frozen importlib._bootstrap>", line 241, in _call_with_frames_removed
  File "/opt/airflow/dags/warehouse_dag.py", line 36
    )
    ^
SyntaxError: positional argument follows keyword argument
[2026-09-17T10:44:04.277+0000] {processor.py:842} WARNING - No viable dags retrieved from /opt/airflow/dags/warehouse_dag.py
[2026-09-17T10:44:04.338+0000] {processor.py:183} INFO - Processing /opt/airflow/dags/warehouse_dag.py took 0.123 seconds
[2026-09-17T10:44:05.403+0000] {processor.py:161} INFO - Started process (PID=162) to work on /opt/airflow/dags/warehouse_dag.py
[2026-09-17T10:44:05.406+0000] {processor.py:830} INFO - Processing file /opt/airflow/dags/warehouse_dag.py for tasks to queue
[2026-09-17T10:44:05.412+0000] {logging_mixin.py:188} INFO - [2026-09-17T10:44:05.410+0000] {dagbag.py:545} INFO - Filling up the DagBag from /opt/airflow/dags/warehouse_dag.py
[2026-09-17T10:44:05.466+0000] {logging_mixin.py:188} INFO - [2026-09-17T10:44:05.465+0000] {dagbag.py:355} ERROR - Failed to import: /opt/airflow/dags/warehouse_dag.py
Traceback (most recent call last):
  File "/home/airflow/.local/lib/python3.10/site-packages/airflow/models/dagbag.py", line 351, in parse
    loader.exec_module(new_module)
  File "<frozen importlib._bootstrap_external>", line 879, in exec_module
  File "<frozen importlib._bootstrap_external>", line 1017, in get_code
  File "<frozen importlib._bootstrap_external>", line 947, in source_to_code
  File "<frozen importlib._bootstrap>", line 241, in _call_with_frames_removed
  File "/opt/airflow/dags/warehouse_dag.py", line 36
    )
    ^
SyntaxError: invalid syntax
[2026-09-17T10:44:05.468+0000] {processor.py:842} WARNING - No viable dags retrieved from /opt/airflow/dags/warehouse_dag.py
[2026-09-17T10:44:05.536+0000] {processor.py:183} INFO - Processing /opt/airflow/dags/warehouse_dag.py took 0.146 seconds
[2026-09-17T10:44:07.514+0000] {processor.py:161} INFO - Started process (PID=163) to work on /opt/airflow/dags/warehouse_dag.py
[2026-09-17T10:44:07.520+0000] {processor.py:830} INFO - Processing file /opt/airflow/dags/warehouse_dag.py for tasks to queue
[2026-09-17T10:44:07.528+0000] {logging_mixin.py:188} INFO - [2026-09-17T10:44:07.527+0000] {dagbag.py:545} INFO - Filling up the DagBag from /opt/airflow/dags/warehouse_dag.py
[2026-09-17T10:44:07.587+0000] {logging_mixin.py:188} INFO - [2026-09-17T10:44:07.583+0000] {dagbag.py:355} ERROR - Failed to import: /opt/airflow/dags/warehouse_dag.py
Traceback (most recent call last):
  File "/home/airflow/.local/lib/python3.10/site-packages/airflow/models/dagbag.py", line 351, in parse
    loader.exec_module(new_module)
  File "<frozen importlib._bootstrap_external>", line 879, in exec_module
  File "<frozen importlib._bootstrap_external>", line 1017, in get_code
  File "<frozen importlib._bootstrap_external>", line 947, in source_to_code
  File "<frozen importlib._bootstrap>", line 241, in _call_with_frames_removed
  File "/opt/airflow/dags/warehouse_dag.py", line 36
    )
     ^
SyntaxError: expected ':'
[2026-09-17T10:44:07.590+0000] {processor.py:842} WARNING - No viable dags retrieved from /opt/airflow/dags/warehouse_dag.py
[2026-09-17T10:44:07.659+0000] {processor.py:183} INFO - Processing /opt/airflow/dags/warehouse_dag.py took 0.167 seconds
[2026-09-17T10:44:08.742+0000] {processor.py:161} INFO - Started process (PID=164) to work on /opt/airflow/dags/warehouse_dag.py
[2026-09-17T10:44:08.748+0000] {processor.py:830} INFO - Processing file /opt/airflow/dags/warehouse_dag.py for tasks to queue
[2026-09-17T10:44:08.756+0000] {logging_mixin.py:188} INFO - [2026-09-17T10:44:08.755+0000] {dagbag.py:545} INFO - Filling up the DagBag from /opt/airflow/dags/warehouse_dag.py
[2026-09-17T10:44:08.830+0000] {logging_mixin.py:188} INFO - [2026-09-17T10:44:08.829+0000] {dagbag.py:355} ERROR - Failed to import: /opt/airflow/dags/warehouse_dag.py
Traceback (most recent call last):
  File "/home/airflow/.local/lib/python3.10/site-packages/airflow/models/dagbag.py", line 351, in parse
    loader.exec_module(new_module)
  File "<frozen importlib._bootstrap_external>", line 879, in exec_module
  File "<frozen importlib._bootstrap_external>", line 1017, in get_code
  File "<frozen importlib._bootstrap_external>", line 947, in source_to_code
  File "<frozen importlib._bootstrap>", line 241, in _call_with_frames_removed
  File "/opt/airflow/dags/warehouse_dag.py", line 36
    )
     ^
SyntaxError: expected ':'
[2026-09-17T10:44:08.833+0000] {processor.py:842} WARNING - No viable dags retrieved from /opt/airflow/dags/warehouse_dag.py
[2026-09-17T10:44:08.890+0000] {processor.py:183} INFO - Processing /opt/airflow/dags/warehouse_dag.py took 0.165 seconds
[2026-09-17T10:44:11.024+0000] {processor.py:161} INFO - Started process (PID=171) to work on /opt/airflow/dags/warehouse_dag.py
[2026-09-17T10:44:11.027+0000] {processor.py:830} INFO - Processing file /opt/airflow/dags/warehouse_dag.py for tasks to queue
[2026-09-17T10:44:11.031+0000] {logging_mixin.py:188} INFO - [2026-09-17T10:44:11.030+0000] {dagbag.py:545} INFO - Filling up the DagBag from /opt/airflow/dags/warehouse_dag.py
[2026-09-17T10:44:11.072+0000] {logging_mixin.py:188} INFO - [2026-09-17T10:44:11.070+0000] {dagbag.py:355} ERROR - Failed to import: /opt/airflow/dags/warehouse_dag.py
Traceback (most recent call last):
  File "/home/airflow/.local/lib/python3.10/site-packages/airflow/models/dagbag.py", line 351, in parse
    loader.exec_module(new_module)
  File "<frozen importlib._bootstrap_external>", line 879, in exec_module
  File "<frozen importlib._bootstrap_external>", line 1017, in get_code
  File "<frozen importlib._bootstrap_external>", line 947, in source_to_code
  File "<frozen importlib._bootstrap>", line 241, in _call_with_frames_removed
  File "/opt/airflow/dags/warehouse_dag.py", line 36
    )
     ^
SyntaxError: expected ':'
[2026-09-17T10:44:11.074+0000] {processor.py:842} WARNING - No viable dags retrieved from /opt/airflow/dags/warehouse_dag.py
[2026-09-17T10:44:11.128+0000] {processor.py:183} INFO - Processing /opt/airflow/dags/warehouse_dag.py took 0.109 seconds
[2026-09-17T10:44:12.348+0000] {processor.py:161} INFO - Started process (PID=173) to work on /opt/airflow/dags/warehouse_dag.py
[2026-09-17T10:44:12.353+0000] {processor.py:830} INFO - Processing file /opt/airflow/dags/warehouse_dag.py for tasks to queue
[2026-09-17T10:44:12.374+0000] {logging_mixin.py:188} INFO - [2026-09-17T10:44:12.372+0000] {dagbag.py:545} INFO - Filling up the DagBag from /opt/airflow/dags/warehouse_dag.py
[2026-09-17T10:44:12.446+0000] {logging_mixin.py:188} INFO - [2026-09-17T10:44:12.444+0000] {dagbag.py:355} ERROR - Failed to import: /opt/airflow/dags/warehouse_dag.py
Traceback (most recent call last):
  File "/home/airflow/.local/lib/python3.10/site-packages/airflow/models/dagbag.py", line 351, in parse
    loader.exec_module(new_module)
  File "<frozen importlib._bootstrap_external>", line 879, in exec_module
  File "<frozen importlib._bootstrap_external>", line 1017, in get_code
  File "<frozen importlib._bootstrap_external>", line 947, in source_to_code
  File "<frozen importlib._bootstrap>", line 241, in _call_with_frames_removed
  File "/opt/airflow/dags/warehouse_dag.py", line 36
    )
     ^
SyntaxError: expected ':'
[2026-09-17T10:44:12.449+0000] {processor.py:842} WARNING - No viable dags retrieved from /opt/airflow/dags/warehouse_dag.py
[2026-09-17T10:44:12.508+0000] {processor.py:183} INFO - Processing /opt/airflow/dags/warehouse_dag.py took 0.176 seconds
[2026-09-17T10:44:16.627+0000] {processor.py:161} INFO - Started process (PID=174) to work on /opt/airflow/dags/warehouse_dag.py
[2026-09-17T10:44:16.631+0000] {processor.py:830} INFO - Processing file /opt/airflow/dags/warehouse_dag.py for tasks to queue
[2026-09-17T10:44:16.635+0000] {logging_mixin.py:188} INFO - [2026-09-17T10:44:16.634+0000] {dagbag.py:545} INFO - Filling up the DagBag from /opt/airflow/dags/warehouse_dag.py
[2026-09-17T10:44:16.691+0000] {logging_mixin.py:188} INFO - [2026-09-17T10:44:16.689+0000] {dagbag.py:355} ERROR - Failed to import: /opt/airflow/dags/warehouse_dag.py
Traceback (most recent call last):
  File "/home/airflow/.local/lib/python3.10/site-packages/airflow/models/dagbag.py", line 351, in parse
    loader.exec_module(new_module)
  File "<frozen importlib._bootstrap_external>", line 879, in exec_module
  File "<frozen importlib._bootstrap_external>", line 1017, in get_code
  File "<frozen importlib._bootstrap_external>", line 947, in source_to_code
  File "<frozen importlib._bootstrap>", line 241, in _call_with_frames_removed
  File "/opt/airflow/dags/warehouse_dag.py", line 36
    )
     ^
SyntaxError: expected ':'
[2026-09-17T10:44:16.693+0000] {processor.py:842} WARNING - No viable dags retrieved from /opt/airflow/dags/warehouse_dag.py
[2026-09-17T10:44:16.726+0000] {processor.py:183} INFO - Processing /opt/airflow/dags/warehouse_dag.py took 0.108 seconds
[2026-09-17T10:44:21.816+0000] {processor.py:161} INFO - Started process (PID=175) to work on /opt/airflow/dags/warehouse_dag.py
[2026-09-17T10:44:21.818+0000] {processor.py:830} INFO - Processing file /opt/airflow/dags/warehouse_dag.py for tasks to queue
[2026-09-17T10:44:21.823+0000] {logging_mixin.py:188} INFO - [2026-09-17T10:44:21.822+0000] {dagbag.py:545} INFO - Filling up the DagBag from /opt/airflow/dags/warehouse_dag.py
[2026-09-17T10:44:21.865+0000] {logging_mixin.py:188} INFO - [2026-09-17T10:44:21.864+0000] {dagbag.py:355} ERROR - Failed to import: /opt/airflow/dags/warehouse_dag.py
Traceback (most recent call last):
  File "/home/airflow/.local/lib/python3.10/site-packages/airflow/models/dagbag.py", line 351, in parse
    loader.exec_module(new_module)
  File "<frozen importlib._bootstrap_external>", line 879, in exec_module
  File "<frozen importlib._bootstrap_external>", line 1017, in get_code
  File "<frozen importlib._bootstrap_external>", line 947, in source_to_code
  File "<frozen importlib._bootstrap>", line 241, in _call_with_frames_removed
  File "/opt/airflow/dags/warehouse_dag.py", line 36
    )
     ^
SyntaxError: expected ':'
[2026-09-17T10:44:21.867+0000] {processor.py:842} WARNING - No viable dags retrieved from /opt/airflow/dags/warehouse_dag.py
[2026-09-17T10:44:21.913+0000] {processor.py:183} INFO - Processing /opt/airflow/dags/warehouse_dag.py took 0.105 seconds
[2026-09-17T10:44:26.917+0000] {processor.py:161} INFO - Started process (PID=176) to work on /opt/airflow/dags/warehouse_dag.py
[2026-09-17T10:44:26.919+0000] {processor.py:830} INFO - Processing file /opt/airflow/dags/warehouse_dag.py for tasks to queue
[2026-09-17T10:44:26.922+0000] {logging_mixin.py:188} INFO - [2026-09-17T10:44:26.922+0000] {dagbag.py:545} INFO - Filling up the DagBag from /opt/airflow/dags/warehouse_dag.py
[2026-09-17T10:44:26.963+0000] {logging_mixin.py:188} INFO - [2026-09-17T10:44:26.962+0000] {dagbag.py:355} ERROR - Failed to import: /opt/airflow/dags/warehouse_dag.py
Traceback (most recent call last):
  File "/home/airflow/.local/lib/python3.10/site-packages/airflow/models/dagbag.py", line 351, in parse
    loader.exec_module(new_module)
  File "<frozen importlib._bootstrap_external>", line 879, in exec_module
  File "<frozen importlib._bootstrap_external>", line 1017, in get_code
  File "<frozen importlib._bootstrap_external>", line 947, in source_to_code
  File "<frozen importlib._bootstrap>", line 241, in _call_with_frames_removed
  File "/opt/airflow/dags/warehouse_dag.py", line 36
    )
     ^
SyntaxError: expected ':'
[2026-09-17T10:44:26.964+0000] {processor.py:842} WARNING - No viable dags retrieved from /opt/airflow/dags/warehouse_dag.py
[2026-09-17T10:44:27.012+0000] {processor.py:183} INFO - Processing /opt/airflow/dags/warehouse_dag.py took 0.103 seconds
[2026-09-17T10:44:30.070+0000] {processor.py:161} INFO - Started process (PID=177) to work on /opt/airflow/dags/warehouse_dag.py
[2026-09-17T10:44:30.072+0000] {processor.py:830} INFO - Processing file /opt/airflow/dags/warehouse_dag.py for tasks to queue
[2026-09-17T10:44:30.077+0000] {logging_mixin.py:188} INFO - [2026-09-17T10:44:30.076+0000] {dagbag.py:545} INFO - Filling up the DagBag from /opt/airflow/dags/warehouse_dag.py
[2026-09-17T10:44:30.112+0000] {logging_mixin.py:188} INFO - [2026-09-17T10:44:30.111+0000] {dagbag.py:355} ERROR - Failed to import: /opt/airflow/dags/warehouse_dag.py
Traceback (most recent call last):
  File "/home/airflow/.local/lib/python3.10/site-packages/airflow/models/dagbag.py", line 351, in parse
    loader.exec_module(new_module)
  File "<frozen importlib._bootstrap_external>", line 879, in exec_module
  File "<frozen importlib._bootstrap_external>", line 1017, in get_code
  File "<frozen importlib._bootstrap_external>", line 947, in source_to_code
  File "<frozen importlib._bootstrap>", line 241, in _call_with_frames_removed
  File "/opt/airflow/dags/warehouse_dag.py", line 37
    )
    ^
SyntaxError: positional argument follows keyword argument
[2026-09-17T10:44:30.113+0000] {processor.py:842} WARNING - No viable dags retrieved from /opt/airflow/dags/warehouse_dag.py
[2026-09-17T10:44:30.155+0000] {processor.py:183} INFO - Processing /opt/airflow/dags/warehouse_dag.py took 0.094 seconds
[2026-09-17T10:44:31.144+0000] {processor.py:161} INFO - Started process (PID=178) to work on /opt/airflow/dags/warehouse_dag.py
[2026-09-17T10:44:31.146+0000] {processor.py:830} INFO - Processing file /opt/airflow/dags/warehouse_dag.py for tasks to queue
[2026-09-17T10:44:31.150+0000] {logging_mixin.py:188} INFO - [2026-09-17T10:44:31.150+0000] {dagbag.py:545} INFO - Filling up the DagBag from /opt/airflow/dags/warehouse_dag.py
[2026-09-17T10:44:31.189+0000] {logging_mixin.py:188} INFO - [2026-09-17T10:44:31.189+0000] {dagbag.py:355} ERROR - Failed to import: /opt/airflow/dags/warehouse_dag.py
Traceback (most recent call last):
  File "/home/airflow/.local/lib/python3.10/site-packages/airflow/models/dagbag.py", line 351, in parse
    loader.exec_module(new_module)
  File "<frozen importlib._bootstrap_external>", line 879, in exec_module
  File "<frozen importlib._bootstrap_external>", line 1017, in get_code
  File "<frozen importlib._bootstrap_external>", line 947, in source_to_code
  File "<frozen importlib._bootstrap>", line 241, in _call_with_frames_removed
  File "/opt/airflow/dags/warehouse_dag.py", line 37
    )
    ^
SyntaxError: invalid syntax
[2026-09-17T10:44:31.191+0000] {processor.py:842} WARNING - No viable dags retrieved from /opt/airflow/dags/warehouse_dag.py
[2026-09-17T10:44:31.256+0000] {processor.py:183} INFO - Processing /opt/airflow/dags/warehouse_dag.py took 0.118 seconds
[2026-09-17T10:44:37.311+0000] {processor.py:161} INFO - Started process (PID=179) to work on /opt/airflow/dags/warehouse_dag.py
[2026-09-17T10:44:37.313+0000] {processor.py:830} INFO - Processing file /opt/airflow/dags/warehouse_dag.py for tasks to queue
[2026-09-17T10:44:37.317+0000] {logging_mixin.py:188} INFO - [2026-09-17T10:44:37.316+0000] {dagbag.py:545} INFO - Filling up the DagBag from /opt/airflow/dags/warehouse_dag.py
[2026-09-17T10:44:37.359+0000] {logging_mixin.py:188} INFO - [2026-09-17T10:44:37.358+0000] {dagbag.py:355} ERROR - Failed to import: /opt/airflow/dags/warehouse_dag.py
Traceback (most recent call last):
  File "/home/airflow/.local/lib/python3.10/site-packages/airflow/models/dagbag.py", line 351, in parse
    loader.exec_module(new_module)
  File "<frozen importlib._bootstrap_external>", line 879, in exec_module
  File "<frozen importlib._bootstrap_external>", line 1017, in get_code
  File "<frozen importlib._bootstrap_external>", line 947, in source_to_code
  File "<frozen importlib._bootstrap>", line 241, in _call_with_frames_removed
  File "/opt/airflow/dags/warehouse_dag.py", line 38
    )
     ^
SyntaxError: expected ':'
[2026-09-17T10:44:37.360+0000] {processor.py:842} WARNING - No viable dags retrieved from /opt/airflow/dags/warehouse_dag.py
[2026-09-17T10:44:37.417+0000] {processor.py:183} INFO - Processing /opt/airflow/dags/warehouse_dag.py took 0.112 seconds
[2026-09-17T10:44:39.418+0000] {processor.py:161} INFO - Started process (PID=180) to work on /opt/airflow/dags/warehouse_dag.py
[2026-09-17T10:44:39.421+0000] {processor.py:830} INFO - Processing file /opt/airflow/dags/warehouse_dag.py for tasks to queue
[2026-09-17T10:44:39.426+0000] {logging_mixin.py:188} INFO - [2026-09-17T10:44:39.426+0000] {dagbag.py:545} INFO - Filling up the DagBag from /opt/airflow/dags/warehouse_dag.py
[2026-09-17T10:44:39.469+0000] {logging_mixin.py:188} INFO - [2026-09-17T10:44:39.468+0000] {dagbag.py:355} ERROR - Failed to import: /opt/airflow/dags/warehouse_dag.py
Traceback (most recent call last):
  File "/home/airflow/.local/lib/python3.10/site-packages/airflow/models/dagbag.py", line 351, in parse
    loader.exec_module(new_module)
  File "<frozen importlib._bootstrap_external>", line 879, in exec_module
  File "<frozen importlib._bootstrap_external>", line 1017, in get_code
  File "<frozen importlib._bootstrap_external>", line 947, in source_to_code
  File "<frozen importlib._bootstrap>", line 241, in _call_with_frames_removed
  File "/opt/airflow/dags/warehouse_dag.py", line 38
    )
    ^
SyntaxError: positional argument follows keyword argument
[2026-09-17T10:44:39.471+0000] {processor.py:842} WARNING - No viable dags retrieved from /opt/airflow/dags/warehouse_dag.py
[2026-09-17T10:44:39.501+0000] {processor.py:183} INFO - Processing /opt/airflow/dags/warehouse_dag.py took 0.092 seconds
[2026-09-17T10:44:40.539+0000] {processor.py:161} INFO - Started process (PID=187) to work on /opt/airflow/dags/warehouse_dag.py
[2026-09-17T10:44:40.542+0000] {processor.py:830} INFO - Processing file /opt/airflow/dags/warehouse_dag.py for tasks to queue
[2026-09-17T10:44:40.548+0000] {logging_mixin.py:188} INFO - [2026-09-17T10:44:40.547+0000] {dagbag.py:545} INFO - Filling up the DagBag from /opt/airflow/dags/warehouse_dag.py
[2026-09-17T10:44:40.592+0000] {logging_mixin.py:188} INFO - [2026-09-17T10:44:40.591+0000] {dagbag.py:355} ERROR - Failed to import: /opt/airflow/dags/warehouse_dag.py
Traceback (most recent call last):
  File "/home/airflow/.local/lib/python3.10/site-packages/airflow/models/dagbag.py", line 351, in parse
    loader.exec_module(new_module)
  File "<frozen importlib._bootstrap_external>", line 879, in exec_module
  File "<frozen importlib._bootstrap_external>", line 1017, in get_code
  File "<frozen importlib._bootstrap_external>", line 947, in source_to_code
  File "<frozen importlib._bootstrap>", line 241, in _call_with_frames_removed
  File "/opt/airflow/dags/warehouse_dag.py", line 38
    )
    ^
SyntaxError: invalid syntax
[2026-09-17T10:44:40.594+0000] {processor.py:842} WARNING - No viable dags retrieved from /opt/airflow/dags/warehouse_dag.py
[2026-09-17T10:44:40.686+0000] {processor.py:183} INFO - Processing /opt/airflow/dags/warehouse_dag.py took 0.168 seconds
[2026-09-17T10:44:42.627+0000] {processor.py:161} INFO - Started process (PID=188) to work on /opt/airflow/dags/warehouse_dag.py
[2026-09-17T10:44:42.629+0000] {processor.py:830} INFO - Processing file /opt/airflow/dags/warehouse_dag.py for tasks to queue
[2026-09-17T10:44:42.633+0000] {logging_mixin.py:188} INFO - [2026-09-17T10:44:42.632+0000] {dagbag.py:545} INFO - Filling up the DagBag from /opt/airflow/dags/warehouse_dag.py
[2026-09-17T10:44:42.675+0000] {logging_mixin.py:188} INFO - [2026-09-17T10:44:42.674+0000] {dagbag.py:355} ERROR - Failed to import: /opt/airflow/dags/warehouse_dag.py
Traceback (most recent call last):
  File "/home/airflow/.local/lib/python3.10/site-packages/airflow/models/dagbag.py", line 351, in parse
    loader.exec_module(new_module)
  File "<frozen importlib._bootstrap_external>", line 879, in exec_module
  File "<frozen importlib._bootstrap_external>", line 1017, in get_code
  File "<frozen importlib._bootstrap_external>", line 947, in source_to_code
  File "<frozen importlib._bootstrap>", line 241, in _call_with_frames_removed
  File "/opt/airflow/dags/warehouse_dag.py", line 38
    )
     ^
SyntaxError: expected ':'
[2026-09-17T10:44:42.677+0000] {processor.py:842} WARNING - No viable dags retrieved from /opt/airflow/dags/warehouse_dag.py
[2026-09-17T10:44:42.719+0000] {processor.py:183} INFO - Processing /opt/airflow/dags/warehouse_dag.py took 0.102 seconds
[2026-09-17T10:44:45.845+0000] {processor.py:161} INFO - Started process (PID=190) to work on /opt/airflow/dags/warehouse_dag.py
[2026-09-17T10:44:45.849+0000] {processor.py:830} INFO - Processing file /opt/airflow/dags/warehouse_dag.py for tasks to queue
[2026-09-17T10:44:45.852+0000] {logging_mixin.py:188} INFO - [2026-09-17T10:44:45.852+0000] {dagbag.py:545} INFO - Filling up the DagBag from /opt/airflow/dags/warehouse_dag.py
[2026-09-17T10:44:45.894+0000] {logging_mixin.py:188} INFO - [2026-09-17T10:44:45.893+0000] {dagbag.py:355} ERROR - Failed to import: /opt/airflow/dags/warehouse_dag.py
Traceback (most recent call last):
  File "/home/airflow/.local/lib/python3.10/site-packages/airflow/models/dagbag.py", line 351, in parse
    loader.exec_module(new_module)
  File "<frozen importlib._bootstrap_external>", line 879, in exec_module
  File "<frozen importlib._bootstrap_external>", line 1017, in get_code
  File "<frozen importlib._bootstrap_external>", line 947, in source_to_code
  File "<frozen importlib._bootstrap>", line 241, in _call_with_frames_removed
  File "/opt/airflow/dags/warehouse_dag.py", line 38
    ) as 
         ^
SyntaxError: invalid syntax
[2026-09-17T10:44:45.896+0000] {processor.py:842} WARNING - No viable dags retrieved from /opt/airflow/dags/warehouse_dag.py
[2026-09-17T10:44:46.018+0000] {processor.py:183} INFO - Processing /opt/airflow/dags/warehouse_dag.py took 0.181 seconds
[2026-09-17T10:44:49.937+0000] {processor.py:161} INFO - Started process (PID=191) to work on /opt/airflow/dags/warehouse_dag.py
[2026-09-17T10:44:49.939+0000] {processor.py:830} INFO - Processing file /opt/airflow/dags/warehouse_dag.py for tasks to queue
[2026-09-17T10:44:49.942+0000] {logging_mixin.py:188} INFO - [2026-09-17T10:44:49.942+0000] {dagbag.py:545} INFO - Filling up the DagBag from /opt/airflow/dags/warehouse_dag.py
[2026-09-17T10:44:49.987+0000] {logging_mixin.py:188} INFO - [2026-09-17T10:44:49.987+0000] {dagbag.py:355} ERROR - Failed to import: /opt/airflow/dags/warehouse_dag.py
Traceback (most recent call last):
  File "/home/airflow/.local/lib/python3.10/site-packages/airflow/models/dagbag.py", line 351, in parse
    loader.exec_module(new_module)
  File "<frozen importlib._bootstrap_external>", line 879, in exec_module
  File "<frozen importlib._bootstrap_external>", line 1017, in get_code
  File "<frozen importlib._bootstrap_external>", line 947, in source_to_code
  File "<frozen importlib._bootstrap>", line 241, in _call_with_frames_removed
  File "/opt/airflow/dags/warehouse_dag.py", line 38
    ) as dag
            ^
SyntaxError: expected ':'
[2026-09-17T10:44:49.989+0000] {processor.py:842} WARNING - No viable dags retrieved from /opt/airflow/dags/warehouse_dag.py
[2026-09-17T10:44:50.032+0000] {processor.py:183} INFO - Processing /opt/airflow/dags/warehouse_dag.py took 0.100 seconds
[2026-09-17T10:44:54.005+0000] {processor.py:161} INFO - Started process (PID=192) to work on /opt/airflow/dags/warehouse_dag.py
[2026-09-17T10:44:54.008+0000] {processor.py:830} INFO - Processing file /opt/airflow/dags/warehouse_dag.py for tasks to queue
[2026-09-17T10:44:54.012+0000] {logging_mixin.py:188} INFO - [2026-09-17T10:44:54.012+0000] {dagbag.py:545} INFO - Filling up the DagBag from /opt/airflow/dags/warehouse_dag.py
[2026-09-17T10:44:54.059+0000] {logging_mixin.py:188} INFO - [2026-09-17T10:44:54.057+0000] {dagbag.py:355} ERROR - Failed to import: /opt/airflow/dags/warehouse_dag.py
Traceback (most recent call last):
  File "/home/airflow/.local/lib/python3.10/site-packages/airflow/models/dagbag.py", line 351, in parse
    loader.exec_module(new_module)
  File "<frozen importlib._bootstrap_external>", line 879, in exec_module
  File "<frozen importlib._bootstrap_external>", line 1017, in get_code
  File "<frozen importlib._bootstrap_external>", line 947, in source_to_code
  File "<frozen importlib._bootstrap>", line 241, in _call_with_frames_removed
  File "/opt/airflow/dags/warehouse_dag.py", line 39
    
    ^
IndentationError: expected an indented block after 'with' statement on line 33
[2026-09-17T10:44:54.062+0000] {processor.py:842} WARNING - No viable dags retrieved from /opt/airflow/dags/warehouse_dag.py
[2026-09-17T10:44:54.136+0000] {processor.py:183} INFO - Processing /opt/airflow/dags/warehouse_dag.py took 0.140 seconds
[2026-09-17T10:45:05.338+0000] {processor.py:161} INFO - Started process (PID=193) to work on /opt/airflow/dags/warehouse_dag.py
[2026-09-17T10:45:05.341+0000] {processor.py:830} INFO - Processing file /opt/airflow/dags/warehouse_dag.py for tasks to queue
[2026-09-17T10:45:05.344+0000] {logging_mixin.py:188} INFO - [2026-09-17T10:45:05.344+0000] {dagbag.py:545} INFO - Filling up the DagBag from /opt/airflow/dags/warehouse_dag.py
[2026-09-17T10:45:05.383+0000] {logging_mixin.py:188} INFO - [2026-09-17T10:45:05.382+0000] {dagbag.py:355} ERROR - Failed to import: /opt/airflow/dags/warehouse_dag.py
Traceback (most recent call last):
  File "/home/airflow/.local/lib/python3.10/site-packages/airflow/models/dagbag.py", line 351, in parse
    loader.exec_module(new_module)
  File "<frozen importlib._bootstrap_external>", line 879, in exec_module
  File "<frozen importlib._bootstrap_external>", line 1017, in get_code
  File "<frozen importlib._bootstrap_external>", line 947, in source_to_code
  File "<frozen importlib._bootstrap>", line 241, in _call_with_frames_removed
  File "/opt/airflow/dags/warehouse_dag.py", line 39
    staging_task = 
                   ^
SyntaxError: invalid syntax
[2026-09-17T10:45:05.385+0000] {processor.py:842} WARNING - No viable dags retrieved from /opt/airflow/dags/warehouse_dag.py
[2026-09-17T10:45:05.445+0000] {processor.py:183} INFO - Processing /opt/airflow/dags/warehouse_dag.py took 0.113 seconds
[2026-09-17T10:45:11.446+0000] {processor.py:161} INFO - Started process (PID=200) to work on /opt/airflow/dags/warehouse_dag.py
[2026-09-17T10:45:11.449+0000] {processor.py:830} INFO - Processing file /opt/airflow/dags/warehouse_dag.py for tasks to queue
[2026-09-17T10:45:11.452+0000] {logging_mixin.py:188} INFO - [2026-09-17T10:45:11.451+0000] {dagbag.py:545} INFO - Filling up the DagBag from /opt/airflow/dags/warehouse_dag.py
[2026-09-17T10:45:12.085+0000] {logging_mixin.py:188} INFO - [2026-09-17T10:45:12.064+0000] {dagbag.py:355} ERROR - Failed to import: /opt/airflow/dags/warehouse_dag.py
Traceback (most recent call last):
  File "/home/airflow/.local/lib/python3.10/site-packages/airflow/models/dagbag.py", line 351, in parse
    loader.exec_module(new_module)
  File "<frozen importlib._bootstrap_external>", line 883, in exec_module
  File "<frozen importlib._bootstrap>", line 241, in _call_with_frames_removed
  File "/opt/airflow/dags/warehouse_dag.py", line 11, in <module>
    from loading.postgres import staging_table_data
  File "/opt/airflow/loading/postgres.py", line 8, in <module>
    cursor = connection.cursor()
TypeError: 'NoneType' object is not callable
[2026-09-17T10:45:12.090+0000] {processor.py:842} WARNING - No viable dags retrieved from /opt/airflow/dags/warehouse_dag.py
[2026-09-17T10:45:12.129+0000] {processor.py:183} INFO - Processing /opt/airflow/dags/warehouse_dag.py took 0.691 seconds
[2026-09-17T10:45:12.637+0000] {processor.py:161} INFO - Started process (PID=202) to work on /opt/airflow/dags/warehouse_dag.py
[2026-09-17T10:45:12.639+0000] {processor.py:830} INFO - Processing file /opt/airflow/dags/warehouse_dag.py for tasks to queue
[2026-09-17T10:45:12.642+0000] {logging_mixin.py:188} INFO - [2026-09-17T10:45:12.642+0000] {dagbag.py:545} INFO - Filling up the DagBag from /opt/airflow/dags/warehouse_dag.py
[2026-09-17T10:45:13.138+0000] {logging_mixin.py:188} INFO - [2026-09-17T10:45:13.123+0000] {dagbag.py:355} ERROR - Failed to import: /opt/airflow/dags/warehouse_dag.py
Traceback (most recent call last):
  File "/home/airflow/.local/lib/python3.10/site-packages/airflow/models/dagbag.py", line 351, in parse
    loader.exec_module(new_module)
  File "<frozen importlib._bootstrap_external>", line 883, in exec_module
  File "<frozen importlib._bootstrap>", line 241, in _call_with_frames_removed
  File "/opt/airflow/dags/warehouse_dag.py", line 11, in <module>
    from loading.postgres import staging_table_data
  File "/opt/airflow/loading/postgres.py", line 8, in <module>
    cursor = connection.cursor()
TypeError: 'NoneType' object is not callable
[2026-09-17T10:45:13.143+0000] {processor.py:842} WARNING - No viable dags retrieved from /opt/airflow/dags/warehouse_dag.py
[2026-09-17T10:45:13.220+0000] {processor.py:183} INFO - Processing /opt/airflow/dags/warehouse_dag.py took 0.592 seconds
[2026-09-17T10:45:16.349+0000] {processor.py:161} INFO - Started process (PID=205) to work on /opt/airflow/dags/warehouse_dag.py
[2026-09-17T10:45:16.351+0000] {processor.py:830} INFO - Processing file /opt/airflow/dags/warehouse_dag.py for tasks to queue
[2026-09-17T10:45:16.355+0000] {logging_mixin.py:188} INFO - [2026-09-17T10:45:16.355+0000] {dagbag.py:545} INFO - Filling up the DagBag from /opt/airflow/dags/warehouse_dag.py
[2026-09-17T10:45:16.784+0000] {logging_mixin.py:188} INFO - [2026-09-17T10:45:16.766+0000] {dagbag.py:355} ERROR - Failed to import: /opt/airflow/dags/warehouse_dag.py
Traceback (most recent call last):
  File "/home/airflow/.local/lib/python3.10/site-packages/airflow/models/dagbag.py", line 351, in parse
    loader.exec_module(new_module)
  File "<frozen importlib._bootstrap_external>", line 883, in exec_module
  File "<frozen importlib._bootstrap>", line 241, in _call_with_frames_removed
  File "/opt/airflow/dags/warehouse_dag.py", line 11, in <module>
    from loading.postgres import staging_table_data
  File "/opt/airflow/loading/postgres.py", line 8, in <module>
    cursor = connection.cursor()
TypeError: 'NoneType' object is not callable
[2026-09-17T10:45:16.789+0000] {processor.py:842} WARNING - No viable dags retrieved from /opt/airflow/dags/warehouse_dag.py
[2026-09-17T10:45:16.828+0000] {processor.py:183} INFO - Processing /opt/airflow/dags/warehouse_dag.py took 0.484 seconds
[2026-09-17T10:45:19.723+0000] {processor.py:161} INFO - Started process (PID=207) to work on /opt/airflow/dags/warehouse_dag.py
[2026-09-17T10:45:19.725+0000] {processor.py:830} INFO - Processing file /opt/airflow/dags/warehouse_dag.py for tasks to queue
[2026-09-17T10:45:19.734+0000] {logging_mixin.py:188} INFO - [2026-09-17T10:45:19.733+0000] {dagbag.py:545} INFO - Filling up the DagBag from /opt/airflow/dags/warehouse_dag.py
[2026-09-17T10:45:20.359+0000] {logging_mixin.py:188} INFO - [2026-09-17T10:45:20.339+0000] {dagbag.py:355} ERROR - Failed to import: /opt/airflow/dags/warehouse_dag.py
Traceback (most recent call last):
  File "/home/airflow/.local/lib/python3.10/site-packages/airflow/models/dagbag.py", line 351, in parse
    loader.exec_module(new_module)
  File "<frozen importlib._bootstrap_external>", line 883, in exec_module
  File "<frozen importlib._bootstrap>", line 241, in _call_with_frames_removed
  File "/opt/airflow/dags/warehouse_dag.py", line 11, in <module>
    from loading.postgres import staging_table_data
  File "/opt/airflow/loading/postgres.py", line 8, in <module>
    cursor = connection.cursor()
TypeError: 'NoneType' object is not callable
[2026-09-17T10:45:20.365+0000] {processor.py:842} WARNING - No viable dags retrieved from /opt/airflow/dags/warehouse_dag.py
[2026-09-17T10:45:20.410+0000] {processor.py:183} INFO - Processing /opt/airflow/dags/warehouse_dag.py took 0.695 seconds
[2026-09-17T10:45:20.972+0000] {processor.py:161} INFO - Started process (PID=209) to work on /opt/airflow/dags/warehouse_dag.py
[2026-09-17T10:45:20.975+0000] {processor.py:830} INFO - Processing file /opt/airflow/dags/warehouse_dag.py for tasks to queue
[2026-09-17T10:45:20.980+0000] {logging_mixin.py:188} INFO - [2026-09-17T10:45:20.979+0000] {dagbag.py:545} INFO - Filling up the DagBag from /opt/airflow/dags/warehouse_dag.py
[2026-09-17T10:45:21.508+0000] {logging_mixin.py:188} INFO - [2026-09-17T10:45:21.491+0000] {dagbag.py:355} ERROR - Failed to import: /opt/airflow/dags/warehouse_dag.py
Traceback (most recent call last):
  File "/home/airflow/.local/lib/python3.10/site-packages/airflow/models/dagbag.py", line 351, in parse
    loader.exec_module(new_module)
  File "<frozen importlib._bootstrap_external>", line 883, in exec_module
  File "<frozen importlib._bootstrap>", line 241, in _call_with_frames_removed
  File "/opt/airflow/dags/warehouse_dag.py", line 11, in <module>
    from loading.postgres import staging_table_data
  File "/opt/airflow/loading/postgres.py", line 8, in <module>
    cursor = connection.cursor()
TypeError: 'NoneType' object is not callable
[2026-09-17T10:45:21.514+0000] {processor.py:842} WARNING - No viable dags retrieved from /opt/airflow/dags/warehouse_dag.py
[2026-09-17T10:45:21.589+0000] {processor.py:183} INFO - Processing /opt/airflow/dags/warehouse_dag.py took 0.627 seconds
[2026-09-17T10:45:25.575+0000] {processor.py:161} INFO - Started process (PID=211) to work on /opt/airflow/dags/warehouse_dag.py
[2026-09-17T10:45:25.577+0000] {processor.py:830} INFO - Processing file /opt/airflow/dags/warehouse_dag.py for tasks to queue
[2026-09-17T10:45:25.580+0000] {logging_mixin.py:188} INFO - [2026-09-17T10:45:25.579+0000] {dagbag.py:545} INFO - Filling up the DagBag from /opt/airflow/dags/warehouse_dag.py
[2026-09-17T10:45:26.344+0000] {logging_mixin.py:188} INFO - [2026-09-17T10:45:26.324+0000] {dagbag.py:355} ERROR - Failed to import: /opt/airflow/dags/warehouse_dag.py
Traceback (most recent call last):
  File "/home/airflow/.local/lib/python3.10/site-packages/airflow/models/dagbag.py", line 351, in parse
    loader.exec_module(new_module)
  File "<frozen importlib._bootstrap_external>", line 883, in exec_module
  File "<frozen importlib._bootstrap>", line 241, in _call_with_frames_removed
  File "/opt/airflow/dags/warehouse_dag.py", line 11, in <module>
    from loading.postgres import staging_table_data
  File "/opt/airflow/loading/postgres.py", line 8, in <module>
    cursor = connection.cursor()
TypeError: 'NoneType' object is not callable
[2026-09-17T10:45:26.350+0000] {processor.py:842} WARNING - No viable dags retrieved from /opt/airflow/dags/warehouse_dag.py
[2026-09-17T10:45:26.406+0000] {processor.py:183} INFO - Processing /opt/airflow/dags/warehouse_dag.py took 0.836 seconds
[2026-09-17T10:45:28.545+0000] {processor.py:161} INFO - Started process (PID=213) to work on /opt/airflow/dags/warehouse_dag.py
[2026-09-17T10:45:28.548+0000] {processor.py:830} INFO - Processing file /opt/airflow/dags/warehouse_dag.py for tasks to queue
[2026-09-17T10:45:28.551+0000] {logging_mixin.py:188} INFO - [2026-09-17T10:45:28.550+0000] {dagbag.py:545} INFO - Filling up the DagBag from /opt/airflow/dags/warehouse_dag.py
[2026-09-17T10:45:29.194+0000] {logging_mixin.py:188} INFO - [2026-09-17T10:45:29.179+0000] {dagbag.py:355} ERROR - Failed to import: /opt/airflow/dags/warehouse_dag.py
Traceback (most recent call last):
  File "/home/airflow/.local/lib/python3.10/site-packages/airflow/models/dagbag.py", line 351, in parse
    loader.exec_module(new_module)
  File "<frozen importlib._bootstrap_external>", line 883, in exec_module
  File "<frozen importlib._bootstrap>", line 241, in _call_with_frames_removed
  File "/opt/airflow/dags/warehouse_dag.py", line 11, in <module>
    from loading.postgres import staging_table_data
  File "/opt/airflow/loading/postgres.py", line 8, in <module>
    cursor = connection.cursor()
TypeError: 'NoneType' object is not callable
[2026-09-17T10:45:29.200+0000] {processor.py:842} WARNING - No viable dags retrieved from /opt/airflow/dags/warehouse_dag.py
[2026-09-17T10:45:29.250+0000] {processor.py:183} INFO - Processing /opt/airflow/dags/warehouse_dag.py took 0.714 seconds
[2026-09-17T10:45:35.388+0000] {processor.py:161} INFO - Started process (PID=215) to work on /opt/airflow/dags/warehouse_dag.py
[2026-09-17T10:45:35.391+0000] {processor.py:830} INFO - Processing file /opt/airflow/dags/warehouse_dag.py for tasks to queue
[2026-09-17T10:45:35.395+0000] {logging_mixin.py:188} INFO - [2026-09-17T10:45:35.395+0000] {dagbag.py:545} INFO - Filling up the DagBag from /opt/airflow/dags/warehouse_dag.py
[2026-09-17T10:45:35.799+0000] {logging_mixin.py:188} INFO - [2026-09-17T10:45:35.783+0000] {dagbag.py:355} ERROR - Failed to import: /opt/airflow/dags/warehouse_dag.py
Traceback (most recent call last):
  File "/home/airflow/.local/lib/python3.10/site-packages/airflow/models/dagbag.py", line 351, in parse
    loader.exec_module(new_module)
  File "<frozen importlib._bootstrap_external>", line 883, in exec_module
  File "<frozen importlib._bootstrap>", line 241, in _call_with_frames_removed
  File "/opt/airflow/dags/warehouse_dag.py", line 11, in <module>
    from loading.postgres import staging_table_data
  File "/opt/airflow/loading/postgres.py", line 8, in <module>
    cursor = connection.cursor()
TypeError: 'NoneType' object is not callable
[2026-09-17T10:45:35.804+0000] {processor.py:842} WARNING - No viable dags retrieved from /opt/airflow/dags/warehouse_dag.py
[2026-09-17T10:45:35.841+0000] {processor.py:183} INFO - Processing /opt/airflow/dags/warehouse_dag.py took 0.461 seconds
[2026-09-17T10:45:37.868+0000] {processor.py:161} INFO - Started process (PID=217) to work on /opt/airflow/dags/warehouse_dag.py
[2026-09-17T10:45:37.871+0000] {processor.py:830} INFO - Processing file /opt/airflow/dags/warehouse_dag.py for tasks to queue
[2026-09-17T10:45:37.876+0000] {logging_mixin.py:188} INFO - [2026-09-17T10:45:37.875+0000] {dagbag.py:545} INFO - Filling up the DagBag from /opt/airflow/dags/warehouse_dag.py
[2026-09-17T10:45:38.249+0000] {logging_mixin.py:188} INFO - [2026-09-17T10:45:38.233+0000] {dagbag.py:355} ERROR - Failed to import: /opt/airflow/dags/warehouse_dag.py
Traceback (most recent call last):
  File "/home/airflow/.local/lib/python3.10/site-packages/airflow/models/dagbag.py", line 351, in parse
    loader.exec_module(new_module)
  File "<frozen importlib._bootstrap_external>", line 883, in exec_module
  File "<frozen importlib._bootstrap>", line 241, in _call_with_frames_removed
  File "/opt/airflow/dags/warehouse_dag.py", line 11, in <module>
    from loading.postgres import staging_table_data
  File "/opt/airflow/loading/postgres.py", line 8, in <module>
    cursor = connection.cursor()
TypeError: 'NoneType' object is not callable
[2026-09-17T10:45:38.254+0000] {processor.py:842} WARNING - No viable dags retrieved from /opt/airflow/dags/warehouse_dag.py
[2026-09-17T10:45:38.290+0000] {processor.py:183} INFO - Processing /opt/airflow/dags/warehouse_dag.py took 0.428 seconds
[2026-09-17T10:45:45.043+0000] {processor.py:161} INFO - Started process (PID=226) to work on /opt/airflow/dags/warehouse_dag.py
[2026-09-17T10:45:45.046+0000] {processor.py:830} INFO - Processing file /opt/airflow/dags/warehouse_dag.py for tasks to queue
[2026-09-17T10:45:45.049+0000] {logging_mixin.py:188} INFO - [2026-09-17T10:45:45.049+0000] {dagbag.py:545} INFO - Filling up the DagBag from /opt/airflow/dags/warehouse_dag.py
[2026-09-17T10:45:45.088+0000] {logging_mixin.py:188} INFO - [2026-09-17T10:45:45.088+0000] {dagbag.py:355} ERROR - Failed to import: /opt/airflow/dags/warehouse_dag.py
Traceback (most recent call last):
  File "/home/airflow/.local/lib/python3.10/site-packages/airflow/models/dagbag.py", line 351, in parse
    loader.exec_module(new_module)
  File "<frozen importlib._bootstrap_external>", line 879, in exec_module
  File "<frozen importlib._bootstrap_external>", line 1017, in get_code
  File "<frozen importlib._bootstrap_external>", line 947, in source_to_code
  File "<frozen importlib._bootstrap>", line 241, in _call_with_frames_removed
  File "/opt/airflow/dags/warehouse_dag.py", line 42
    )
    ^
SyntaxError: positional argument follows keyword argument
[2026-09-17T10:45:45.090+0000] {processor.py:842} WARNING - No viable dags retrieved from /opt/airflow/dags/warehouse_dag.py
[2026-09-17T10:45:45.139+0000] {processor.py:183} INFO - Processing /opt/airflow/dags/warehouse_dag.py took 0.101 seconds
[2026-09-17T10:45:49.107+0000] {processor.py:161} INFO - Started process (PID=227) to work on /opt/airflow/dags/warehouse_dag.py
[2026-09-17T10:45:49.109+0000] {processor.py:830} INFO - Processing file /opt/airflow/dags/warehouse_dag.py for tasks to queue
[2026-09-17T10:45:49.113+0000] {logging_mixin.py:188} INFO - [2026-09-17T10:45:49.113+0000] {dagbag.py:545} INFO - Filling up the DagBag from /opt/airflow/dags/warehouse_dag.py
[2026-09-17T10:45:49.550+0000] {logging_mixin.py:188} INFO - [2026-09-17T10:45:49.533+0000] {dagbag.py:355} ERROR - Failed to import: /opt/airflow/dags/warehouse_dag.py
Traceback (most recent call last):
  File "/home/airflow/.local/lib/python3.10/site-packages/airflow/models/dagbag.py", line 351, in parse
    loader.exec_module(new_module)
  File "<frozen importlib._bootstrap_external>", line 883, in exec_module
  File "<frozen importlib._bootstrap>", line 241, in _call_with_frames_removed
  File "/opt/airflow/dags/warehouse_dag.py", line 11, in <module>
    from loading.postgres import staging_table_data
  File "/opt/airflow/loading/postgres.py", line 8, in <module>
    cursor = connection.cursor()
TypeError: 'NoneType' object is not callable
[2026-09-17T10:45:49.555+0000] {processor.py:842} WARNING - No viable dags retrieved from /opt/airflow/dags/warehouse_dag.py
[2026-09-17T10:45:49.583+0000] {processor.py:183} INFO - Processing /opt/airflow/dags/warehouse_dag.py took 0.486 seconds
[2026-09-17T10:45:50.301+0000] {processor.py:161} INFO - Started process (PID=229) to work on /opt/airflow/dags/warehouse_dag.py
[2026-09-17T10:45:50.303+0000] {processor.py:830} INFO - Processing file /opt/airflow/dags/warehouse_dag.py for tasks to queue
[2026-09-17T10:45:50.307+0000] {logging_mixin.py:188} INFO - [2026-09-17T10:45:50.307+0000] {dagbag.py:545} INFO - Filling up the DagBag from /opt/airflow/dags/warehouse_dag.py
[2026-09-17T10:45:50.808+0000] {logging_mixin.py:188} INFO - [2026-09-17T10:45:50.787+0000] {dagbag.py:355} ERROR - Failed to import: /opt/airflow/dags/warehouse_dag.py
Traceback (most recent call last):
  File "/home/airflow/.local/lib/python3.10/site-packages/airflow/models/dagbag.py", line 351, in parse
    loader.exec_module(new_module)
  File "<frozen importlib._bootstrap_external>", line 883, in exec_module
  File "<frozen importlib._bootstrap>", line 241, in _call_with_frames_removed
  File "/opt/airflow/dags/warehouse_dag.py", line 11, in <module>
    from loading.postgres import staging_table_data
  File "/opt/airflow/loading/postgres.py", line 8, in <module>
    cursor = connection.cursor()
TypeError: 'NoneType' object is not callable
[2026-09-17T10:45:50.818+0000] {processor.py:842} WARNING - No viable dags retrieved from /opt/airflow/dags/warehouse_dag.py
[2026-09-17T10:45:50.862+0000] {processor.py:183} INFO - Processing /opt/airflow/dags/warehouse_dag.py took 0.569 seconds
[2026-09-17T10:45:54.985+0000] {processor.py:161} INFO - Started process (PID=231) to work on /opt/airflow/dags/warehouse_dag.py
[2026-09-17T10:45:54.987+0000] {processor.py:830} INFO - Processing file /opt/airflow/dags/warehouse_dag.py for tasks to queue
[2026-09-17T10:45:54.991+0000] {logging_mixin.py:188} INFO - [2026-09-17T10:45:54.990+0000] {dagbag.py:545} INFO - Filling up the DagBag from /opt/airflow/dags/warehouse_dag.py
[2026-09-17T10:45:55.376+0000] {logging_mixin.py:188} INFO - [2026-09-17T10:45:55.361+0000] {dagbag.py:355} ERROR - Failed to import: /opt/airflow/dags/warehouse_dag.py
Traceback (most recent call last):
  File "/home/airflow/.local/lib/python3.10/site-packages/airflow/models/dagbag.py", line 351, in parse
    loader.exec_module(new_module)
  File "<frozen importlib._bootstrap_external>", line 883, in exec_module
  File "<frozen importlib._bootstrap>", line 241, in _call_with_frames_removed
  File "/opt/airflow/dags/warehouse_dag.py", line 11, in <module>
    from loading.postgres import staging_table_data
  File "/opt/airflow/loading/postgres.py", line 8, in <module>
    cursor = connection.cursor()
TypeError: 'NoneType' object is not callable
[2026-09-17T10:45:55.381+0000] {processor.py:842} WARNING - No viable dags retrieved from /opt/airflow/dags/warehouse_dag.py
[2026-09-17T10:45:55.424+0000] {processor.py:183} INFO - Processing /opt/airflow/dags/warehouse_dag.py took 0.446 seconds
[2026-09-17T10:45:58.561+0000] {processor.py:161} INFO - Started process (PID=233) to work on /opt/airflow/dags/warehouse_dag.py
[2026-09-17T10:45:58.574+0000] {processor.py:830} INFO - Processing file /opt/airflow/dags/warehouse_dag.py for tasks to queue
[2026-09-17T10:45:58.591+0000] {logging_mixin.py:188} INFO - [2026-09-17T10:45:58.590+0000] {dagbag.py:545} INFO - Filling up the DagBag from /opt/airflow/dags/warehouse_dag.py
[2026-09-17T10:45:59.202+0000] {logging_mixin.py:188} INFO - [2026-09-17T10:45:59.186+0000] {dagbag.py:355} ERROR - Failed to import: /opt/airflow/dags/warehouse_dag.py
Traceback (most recent call last):
  File "/home/airflow/.local/lib/python3.10/site-packages/airflow/models/dagbag.py", line 351, in parse
    loader.exec_module(new_module)
  File "<frozen importlib._bootstrap_external>", line 883, in exec_module
  File "<frozen importlib._bootstrap>", line 241, in _call_with_frames_removed
  File "/opt/airflow/dags/warehouse_dag.py", line 11, in <module>
    from loading.postgres import staging_table_data
  File "/opt/airflow/loading/postgres.py", line 8, in <module>
    cursor = connection.cursor()
TypeError: 'NoneType' object is not callable
[2026-09-17T10:45:59.208+0000] {processor.py:842} WARNING - No viable dags retrieved from /opt/airflow/dags/warehouse_dag.py
[2026-09-17T10:45:59.254+0000] {processor.py:183} INFO - Processing /opt/airflow/dags/warehouse_dag.py took 0.699 seconds
[2026-09-17T10:46:04.153+0000] {processor.py:161} INFO - Started process (PID=235) to work on /opt/airflow/dags/warehouse_dag.py
[2026-09-17T10:46:04.156+0000] {processor.py:830} INFO - Processing file /opt/airflow/dags/warehouse_dag.py for tasks to queue
[2026-09-17T10:46:04.163+0000] {logging_mixin.py:188} INFO - [2026-09-17T10:46:04.162+0000] {dagbag.py:545} INFO - Filling up the DagBag from /opt/airflow/dags/warehouse_dag.py
[2026-09-17T10:46:04.222+0000] {logging_mixin.py:188} INFO - [2026-09-17T10:46:04.219+0000] {dagbag.py:355} ERROR - Failed to import: /opt/airflow/dags/warehouse_dag.py
Traceback (most recent call last):
  File "/home/airflow/.local/lib/python3.10/site-packages/airflow/models/dagbag.py", line 351, in parse
    loader.exec_module(new_module)
  File "<frozen importlib._bootstrap_external>", line 879, in exec_module
  File "<frozen importlib._bootstrap_external>", line 1017, in get_code
  File "<frozen importlib._bootstrap_external>", line 947, in source_to_code
  File "<frozen importlib._bootstrap>", line 241, in _call_with_frames_removed
  File "/opt/airflow/dags/warehouse_dag.py", line 44
    core_task = 
                ^
SyntaxError: invalid syntax
[2026-09-17T10:46:04.225+0000] {processor.py:842} WARNING - No viable dags retrieved from /opt/airflow/dags/warehouse_dag.py
[2026-09-17T10:46:04.318+0000] {processor.py:183} INFO - Processing /opt/airflow/dags/warehouse_dag.py took 0.181 seconds
[2026-09-17T10:46:05.421+0000] {processor.py:161} INFO - Started process (PID=236) to work on /opt/airflow/dags/warehouse_dag.py
[2026-09-17T10:46:05.424+0000] {processor.py:830} INFO - Processing file /opt/airflow/dags/warehouse_dag.py for tasks to queue
[2026-09-17T10:46:05.427+0000] {logging_mixin.py:188} INFO - [2026-09-17T10:46:05.427+0000] {dagbag.py:545} INFO - Filling up the DagBag from /opt/airflow/dags/warehouse_dag.py
[2026-09-17T10:46:05.937+0000] {logging_mixin.py:188} INFO - [2026-09-17T10:46:05.923+0000] {dagbag.py:355} ERROR - Failed to import: /opt/airflow/dags/warehouse_dag.py
Traceback (most recent call last):
  File "/home/airflow/.local/lib/python3.10/site-packages/airflow/models/dagbag.py", line 351, in parse
    loader.exec_module(new_module)
  File "<frozen importlib._bootstrap_external>", line 883, in exec_module
  File "<frozen importlib._bootstrap>", line 241, in _call_with_frames_removed
  File "/opt/airflow/dags/warehouse_dag.py", line 11, in <module>
    from loading.postgres import staging_table_data
  File "/opt/airflow/loading/postgres.py", line 8, in <module>
    cursor = connection.cursor()
TypeError: 'NoneType' object is not callable
[2026-09-17T10:46:05.942+0000] {processor.py:842} WARNING - No viable dags retrieved from /opt/airflow/dags/warehouse_dag.py
[2026-09-17T10:46:05.991+0000] {processor.py:183} INFO - Processing /opt/airflow/dags/warehouse_dag.py took 0.575 seconds
[2026-09-17T10:46:07.093+0000] {processor.py:161} INFO - Started process (PID=238) to work on /opt/airflow/dags/warehouse_dag.py
[2026-09-17T10:46:07.096+0000] {processor.py:830} INFO - Processing file /opt/airflow/dags/warehouse_dag.py for tasks to queue
[2026-09-17T10:46:07.101+0000] {logging_mixin.py:188} INFO - [2026-09-17T10:46:07.100+0000] {dagbag.py:545} INFO - Filling up the DagBag from /opt/airflow/dags/warehouse_dag.py
[2026-09-17T10:46:07.761+0000] {logging_mixin.py:188} INFO - [2026-09-17T10:46:07.743+0000] {dagbag.py:355} ERROR - Failed to import: /opt/airflow/dags/warehouse_dag.py
Traceback (most recent call last):
  File "/home/airflow/.local/lib/python3.10/site-packages/airflow/models/dagbag.py", line 351, in parse
    loader.exec_module(new_module)
  File "<frozen importlib._bootstrap_external>", line 883, in exec_module
  File "<frozen importlib._bootstrap>", line 241, in _call_with_frames_removed
  File "/opt/airflow/dags/warehouse_dag.py", line 11, in <module>
    from loading.postgres import staging_table_data
  File "/opt/airflow/loading/postgres.py", line 8, in <module>
    cursor = connection.cursor()
TypeError: 'NoneType' object is not callable
[2026-09-17T10:46:07.770+0000] {processor.py:842} WARNING - No viable dags retrieved from /opt/airflow/dags/warehouse_dag.py
[2026-09-17T10:46:07.841+0000] {processor.py:183} INFO - Processing /opt/airflow/dags/warehouse_dag.py took 0.755 seconds
[2026-09-17T10:46:12.521+0000] {processor.py:161} INFO - Started process (PID=246) to work on /opt/airflow/dags/warehouse_dag.py
[2026-09-17T10:46:12.523+0000] {processor.py:830} INFO - Processing file /opt/airflow/dags/warehouse_dag.py for tasks to queue
[2026-09-17T10:46:12.528+0000] {logging_mixin.py:188} INFO - [2026-09-17T10:46:12.528+0000] {dagbag.py:545} INFO - Filling up the DagBag from /opt/airflow/dags/warehouse_dag.py
[2026-09-17T10:46:13.013+0000] {logging_mixin.py:188} INFO - [2026-09-17T10:46:12.994+0000] {dagbag.py:355} ERROR - Failed to import: /opt/airflow/dags/warehouse_dag.py
Traceback (most recent call last):
  File "/home/airflow/.local/lib/python3.10/site-packages/airflow/models/dagbag.py", line 351, in parse
    loader.exec_module(new_module)
  File "<frozen importlib._bootstrap_external>", line 883, in exec_module
  File "<frozen importlib._bootstrap>", line 241, in _call_with_frames_removed
  File "/opt/airflow/dags/warehouse_dag.py", line 11, in <module>
    from loading.postgres import staging_table_data
  File "/opt/airflow/loading/postgres.py", line 8, in <module>
    cursor = connection.cursor()
TypeError: 'NoneType' object is not callable
[2026-09-17T10:46:13.019+0000] {processor.py:842} WARNING - No viable dags retrieved from /opt/airflow/dags/warehouse_dag.py
[2026-09-17T10:46:13.085+0000] {processor.py:183} INFO - Processing /opt/airflow/dags/warehouse_dag.py took 0.573 seconds
[2026-09-17T10:46:15.002+0000] {processor.py:161} INFO - Started process (PID=248) to work on /opt/airflow/dags/warehouse_dag.py
[2026-09-17T10:46:15.005+0000] {processor.py:830} INFO - Processing file /opt/airflow/dags/warehouse_dag.py for tasks to queue
[2026-09-17T10:46:15.009+0000] {logging_mixin.py:188} INFO - [2026-09-17T10:46:15.009+0000] {dagbag.py:545} INFO - Filling up the DagBag from /opt/airflow/dags/warehouse_dag.py
[2026-09-17T10:46:15.471+0000] {logging_mixin.py:188} INFO - [2026-09-17T10:46:15.446+0000] {dagbag.py:355} ERROR - Failed to import: /opt/airflow/dags/warehouse_dag.py
Traceback (most recent call last):
  File "/home/airflow/.local/lib/python3.10/site-packages/airflow/models/dagbag.py", line 351, in parse
    loader.exec_module(new_module)
  File "<frozen importlib._bootstrap_external>", line 883, in exec_module
  File "<frozen importlib._bootstrap>", line 241, in _call_with_frames_removed
  File "/opt/airflow/dags/warehouse_dag.py", line 11, in <module>
    from loading.postgres import staging_table_data
  File "/opt/airflow/loading/postgres.py", line 8, in <module>
    cursor = connection.cursor()
TypeError: 'NoneType' object is not callable
[2026-09-17T10:46:15.476+0000] {processor.py:842} WARNING - No viable dags retrieved from /opt/airflow/dags/warehouse_dag.py
[2026-09-17T10:46:15.555+0000] {processor.py:183} INFO - Processing /opt/airflow/dags/warehouse_dag.py took 0.563 seconds
[2026-09-17T10:46:18.664+0000] {processor.py:161} INFO - Started process (PID=251) to work on /opt/airflow/dags/warehouse_dag.py
[2026-09-17T10:46:18.666+0000] {processor.py:830} INFO - Processing file /opt/airflow/dags/warehouse_dag.py for tasks to queue
[2026-09-17T10:46:18.670+0000] {logging_mixin.py:188} INFO - [2026-09-17T10:46:18.670+0000] {dagbag.py:545} INFO - Filling up the DagBag from /opt/airflow/dags/warehouse_dag.py
[2026-09-17T10:46:18.710+0000] {logging_mixin.py:188} INFO - [2026-09-17T10:46:18.710+0000] {dagbag.py:355} ERROR - Failed to import: /opt/airflow/dags/warehouse_dag.py
Traceback (most recent call last):
  File "/home/airflow/.local/lib/python3.10/site-packages/airflow/models/dagbag.py", line 351, in parse
    loader.exec_module(new_module)
  File "<frozen importlib._bootstrap_external>", line 879, in exec_module
  File "<frozen importlib._bootstrap_external>", line 1017, in get_code
  File "<frozen importlib._bootstrap_external>", line 947, in source_to_code
  File "<frozen importlib._bootstrap>", line 241, in _call_with_frames_removed
  File "/opt/airflow/dags/warehouse_dag.py", line 47
    )
    ^
SyntaxError: positional argument follows keyword argument
[2026-09-17T10:46:18.712+0000] {processor.py:842} WARNING - No viable dags retrieved from /opt/airflow/dags/warehouse_dag.py
[2026-09-17T10:46:18.748+0000] {processor.py:183} INFO - Processing /opt/airflow/dags/warehouse_dag.py took 0.089 seconds
[2026-09-17T10:46:25.759+0000] {processor.py:161} INFO - Started process (PID=252) to work on /opt/airflow/dags/warehouse_dag.py
[2026-09-17T10:46:25.761+0000] {processor.py:830} INFO - Processing file /opt/airflow/dags/warehouse_dag.py for tasks to queue
[2026-09-17T10:46:25.765+0000] {logging_mixin.py:188} INFO - [2026-09-17T10:46:25.765+0000] {dagbag.py:545} INFO - Filling up the DagBag from /opt/airflow/dags/warehouse_dag.py
[2026-09-17T10:46:26.283+0000] {logging_mixin.py:188} INFO - [2026-09-17T10:46:26.268+0000] {dagbag.py:355} ERROR - Failed to import: /opt/airflow/dags/warehouse_dag.py
Traceback (most recent call last):
  File "/home/airflow/.local/lib/python3.10/site-packages/airflow/models/dagbag.py", line 351, in parse
    loader.exec_module(new_module)
  File "<frozen importlib._bootstrap_external>", line 883, in exec_module
  File "<frozen importlib._bootstrap>", line 241, in _call_with_frames_removed
  File "/opt/airflow/dags/warehouse_dag.py", line 11, in <module>
    from loading.postgres import staging_table_data
  File "/opt/airflow/loading/postgres.py", line 8, in <module>
    cursor = connection.cursor()
TypeError: 'NoneType' object is not callable
[2026-09-17T10:46:26.288+0000] {processor.py:842} WARNING - No viable dags retrieved from /opt/airflow/dags/warehouse_dag.py
[2026-09-17T10:46:26.350+0000] {processor.py:183} INFO - Processing /opt/airflow/dags/warehouse_dag.py took 0.598 seconds
[2026-09-17T10:46:30.461+0000] {processor.py:161} INFO - Started process (PID=254) to work on /opt/airflow/dags/warehouse_dag.py
[2026-09-17T10:46:30.463+0000] {processor.py:830} INFO - Processing file /opt/airflow/dags/warehouse_dag.py for tasks to queue
[2026-09-17T10:46:30.468+0000] {logging_mixin.py:188} INFO - [2026-09-17T10:46:30.467+0000] {dagbag.py:545} INFO - Filling up the DagBag from /opt/airflow/dags/warehouse_dag.py
[2026-09-17T10:46:31.016+0000] {logging_mixin.py:188} INFO - [2026-09-17T10:46:31.000+0000] {dagbag.py:355} ERROR - Failed to import: /opt/airflow/dags/warehouse_dag.py
Traceback (most recent call last):
  File "/home/airflow/.local/lib/python3.10/site-packages/airflow/models/dagbag.py", line 351, in parse
    loader.exec_module(new_module)
  File "<frozen importlib._bootstrap_external>", line 883, in exec_module
  File "<frozen importlib._bootstrap>", line 241, in _call_with_frames_removed
  File "/opt/airflow/dags/warehouse_dag.py", line 11, in <module>
    from loading.postgres import staging_table_data
  File "/opt/airflow/loading/postgres.py", line 8, in <module>
    cursor = connection.cursor()
TypeError: 'NoneType' object is not callable
[2026-09-17T10:46:31.020+0000] {processor.py:842} WARNING - No viable dags retrieved from /opt/airflow/dags/warehouse_dag.py
[2026-09-17T10:46:31.074+0000] {processor.py:183} INFO - Processing /opt/airflow/dags/warehouse_dag.py took 0.620 seconds
[2026-09-17T10:46:31.969+0000] {processor.py:161} INFO - Started process (PID=256) to work on /opt/airflow/dags/warehouse_dag.py
[2026-09-17T10:46:31.971+0000] {processor.py:830} INFO - Processing file /opt/airflow/dags/warehouse_dag.py for tasks to queue
[2026-09-17T10:46:31.974+0000] {logging_mixin.py:188} INFO - [2026-09-17T10:46:31.974+0000] {dagbag.py:545} INFO - Filling up the DagBag from /opt/airflow/dags/warehouse_dag.py
[2026-09-17T10:46:32.441+0000] {logging_mixin.py:188} INFO - [2026-09-17T10:46:32.425+0000] {dagbag.py:355} ERROR - Failed to import: /opt/airflow/dags/warehouse_dag.py
Traceback (most recent call last):
  File "/home/airflow/.local/lib/python3.10/site-packages/airflow/models/dagbag.py", line 351, in parse
    loader.exec_module(new_module)
  File "<frozen importlib._bootstrap_external>", line 883, in exec_module
  File "<frozen importlib._bootstrap>", line 241, in _call_with_frames_removed
  File "/opt/airflow/dags/warehouse_dag.py", line 11, in <module>
    from loading.postgres import staging_table_data
  File "/opt/airflow/loading/postgres.py", line 8, in <module>
    cursor = connection.cursor()
TypeError: 'NoneType' object is not callable
[2026-09-17T10:46:32.446+0000] {processor.py:842} WARNING - No viable dags retrieved from /opt/airflow/dags/warehouse_dag.py
[2026-09-17T10:46:32.486+0000] {processor.py:183} INFO - Processing /opt/airflow/dags/warehouse_dag.py took 0.525 seconds
[2026-09-17T10:46:36.272+0000] {processor.py:161} INFO - Started process (PID=258) to work on /opt/airflow/dags/warehouse_dag.py
[2026-09-17T10:46:36.282+0000] {processor.py:830} INFO - Processing file /opt/airflow/dags/warehouse_dag.py for tasks to queue
[2026-09-17T10:46:36.289+0000] {logging_mixin.py:188} INFO - [2026-09-17T10:46:36.288+0000] {dagbag.py:545} INFO - Filling up the DagBag from /opt/airflow/dags/warehouse_dag.py
[2026-09-17T10:46:37.457+0000] {logging_mixin.py:188} INFO - [2026-09-17T10:46:37.408+0000] {dagbag.py:355} ERROR - Failed to import: /opt/airflow/dags/warehouse_dag.py
Traceback (most recent call last):
  File "/home/airflow/.local/lib/python3.10/site-packages/airflow/models/dagbag.py", line 351, in parse
    loader.exec_module(new_module)
  File "<frozen importlib._bootstrap_external>", line 883, in exec_module
  File "<frozen importlib._bootstrap>", line 241, in _call_with_frames_removed
  File "/opt/airflow/dags/warehouse_dag.py", line 11, in <module>
    from loading.postgres import staging_table_data
  File "/opt/airflow/loading/postgres.py", line 8, in <module>
    cursor = connection.cursor()
TypeError: 'NoneType' object is not callable
[2026-09-17T10:46:37.467+0000] {processor.py:842} WARNING - No viable dags retrieved from /opt/airflow/dags/warehouse_dag.py
[2026-09-17T10:46:37.636+0000] {processor.py:183} INFO - Processing /opt/airflow/dags/warehouse_dag.py took 1.380 seconds
[2026-09-17T10:46:38.645+0000] {processor.py:161} INFO - Started process (PID=260) to work on /opt/airflow/dags/warehouse_dag.py
[2026-09-17T10:46:38.647+0000] {processor.py:830} INFO - Processing file /opt/airflow/dags/warehouse_dag.py for tasks to queue
[2026-09-17T10:46:38.652+0000] {logging_mixin.py:188} INFO - [2026-09-17T10:46:38.651+0000] {dagbag.py:545} INFO - Filling up the DagBag from /opt/airflow/dags/warehouse_dag.py
[2026-09-17T10:46:39.127+0000] {logging_mixin.py:188} INFO - [2026-09-17T10:46:39.109+0000] {dagbag.py:355} ERROR - Failed to import: /opt/airflow/dags/warehouse_dag.py
Traceback (most recent call last):
  File "/home/airflow/.local/lib/python3.10/site-packages/airflow/models/dagbag.py", line 351, in parse
    loader.exec_module(new_module)
  File "<frozen importlib._bootstrap_external>", line 883, in exec_module
  File "<frozen importlib._bootstrap>", line 241, in _call_with_frames_removed
  File "/opt/airflow/dags/warehouse_dag.py", line 11, in <module>
    from loading.postgres import staging_table_data
  File "/opt/airflow/loading/postgres.py", line 8, in <module>
    cursor = connection.cursor()
TypeError: 'NoneType' object is not callable
[2026-09-17T10:46:39.133+0000] {processor.py:842} WARNING - No viable dags retrieved from /opt/airflow/dags/warehouse_dag.py
[2026-09-17T10:46:39.216+0000] {processor.py:183} INFO - Processing /opt/airflow/dags/warehouse_dag.py took 0.576 seconds
[2026-09-17T10:46:42.321+0000] {processor.py:161} INFO - Started process (PID=268) to work on /opt/airflow/dags/warehouse_dag.py
[2026-09-17T10:46:42.323+0000] {processor.py:830} INFO - Processing file /opt/airflow/dags/warehouse_dag.py for tasks to queue
[2026-09-17T10:46:42.328+0000] {logging_mixin.py:188} INFO - [2026-09-17T10:46:42.327+0000] {dagbag.py:545} INFO - Filling up the DagBag from /opt/airflow/dags/warehouse_dag.py
[2026-09-17T10:46:42.368+0000] {logging_mixin.py:188} INFO - [2026-09-17T10:46:42.367+0000] {dagbag.py:355} ERROR - Failed to import: /opt/airflow/dags/warehouse_dag.py
Traceback (most recent call last):
  File "/home/airflow/.local/lib/python3.10/site-packages/airflow/models/dagbag.py", line 351, in parse
    loader.exec_module(new_module)
  File "<frozen importlib._bootstrap_external>", line 879, in exec_module
  File "<frozen importlib._bootstrap_external>", line 1017, in get_code
  File "<frozen importlib._bootstrap_external>", line 947, in source_to_code
  File "<frozen importlib._bootstrap>", line 241, in _call_with_frames_removed
  File "/opt/airflow/dags/warehouse_dag.py", line 49
    staging_task >> 
                    ^
SyntaxError: invalid syntax
[2026-09-17T10:46:42.370+0000] {processor.py:842} WARNING - No viable dags retrieved from /opt/airflow/dags/warehouse_dag.py
[2026-09-17T10:46:42.406+0000] {processor.py:183} INFO - Processing /opt/airflow/dags/warehouse_dag.py took 0.092 seconds
[2026-09-17T10:46:44.399+0000] {processor.py:161} INFO - Started process (PID=269) to work on /opt/airflow/dags/warehouse_dag.py
[2026-09-17T10:46:44.403+0000] {processor.py:830} INFO - Processing file /opt/airflow/dags/warehouse_dag.py for tasks to queue
[2026-09-17T10:46:44.408+0000] {logging_mixin.py:188} INFO - [2026-09-17T10:46:44.407+0000] {dagbag.py:545} INFO - Filling up the DagBag from /opt/airflow/dags/warehouse_dag.py
[2026-09-17T10:46:45.055+0000] {logging_mixin.py:188} INFO - [2026-09-17T10:46:45.033+0000] {dagbag.py:355} ERROR - Failed to import: /opt/airflow/dags/warehouse_dag.py
Traceback (most recent call last):
  File "/home/airflow/.local/lib/python3.10/site-packages/airflow/models/dagbag.py", line 351, in parse
    loader.exec_module(new_module)
  File "<frozen importlib._bootstrap_external>", line 883, in exec_module
  File "<frozen importlib._bootstrap>", line 241, in _call_with_frames_removed
  File "/opt/airflow/dags/warehouse_dag.py", line 11, in <module>
    from loading.postgres import staging_table_data
  File "/opt/airflow/loading/postgres.py", line 8, in <module>
    cursor = connection.cursor()
TypeError: 'NoneType' object is not callable
[2026-09-17T10:46:45.061+0000] {processor.py:842} WARNING - No viable dags retrieved from /opt/airflow/dags/warehouse_dag.py
[2026-09-17T10:46:45.128+0000] {processor.py:183} INFO - Processing /opt/airflow/dags/warehouse_dag.py took 0.738 seconds
[2026-09-17T10:46:45.940+0000] {processor.py:161} INFO - Started process (PID=272) to work on /opt/airflow/dags/warehouse_dag.py
[2026-09-17T10:46:45.943+0000] {processor.py:830} INFO - Processing file /opt/airflow/dags/warehouse_dag.py for tasks to queue
[2026-09-17T10:46:45.947+0000] {logging_mixin.py:188} INFO - [2026-09-17T10:46:45.947+0000] {dagbag.py:545} INFO - Filling up the DagBag from /opt/airflow/dags/warehouse_dag.py
[2026-09-17T10:46:46.651+0000] {logging_mixin.py:188} INFO - [2026-09-17T10:46:46.638+0000] {dagbag.py:355} ERROR - Failed to import: /opt/airflow/dags/warehouse_dag.py
Traceback (most recent call last):
  File "/home/airflow/.local/lib/python3.10/site-packages/airflow/models/dagbag.py", line 351, in parse
    loader.exec_module(new_module)
  File "<frozen importlib._bootstrap_external>", line 883, in exec_module
  File "<frozen importlib._bootstrap>", line 241, in _call_with_frames_removed
  File "/opt/airflow/dags/warehouse_dag.py", line 11, in <module>
    from loading.postgres import staging_table_data
  File "/opt/airflow/loading/postgres.py", line 8, in <module>
    cursor = connection.cursor()
TypeError: 'NoneType' object is not callable
[2026-09-17T10:46:46.657+0000] {processor.py:842} WARNING - No viable dags retrieved from /opt/airflow/dags/warehouse_dag.py
[2026-09-17T10:46:46.704+0000] {processor.py:183} INFO - Processing /opt/airflow/dags/warehouse_dag.py took 0.772 seconds
[2026-09-17T10:47:17.092+0000] {processor.py:161} INFO - Started process (PID=281) to work on /opt/airflow/dags/warehouse_dag.py
[2026-09-17T10:47:17.094+0000] {processor.py:830} INFO - Processing file /opt/airflow/dags/warehouse_dag.py for tasks to queue
[2026-09-17T10:47:17.097+0000] {logging_mixin.py:188} INFO - [2026-09-17T10:47:17.096+0000] {dagbag.py:545} INFO - Filling up the DagBag from /opt/airflow/dags/warehouse_dag.py
[2026-09-17T10:47:17.443+0000] {logging_mixin.py:188} INFO - [2026-09-17T10:47:17.427+0000] {dagbag.py:355} ERROR - Failed to import: /opt/airflow/dags/warehouse_dag.py
Traceback (most recent call last):
  File "/home/airflow/.local/lib/python3.10/site-packages/airflow/models/dagbag.py", line 351, in parse
    loader.exec_module(new_module)
  File "<frozen importlib._bootstrap_external>", line 883, in exec_module
  File "<frozen importlib._bootstrap>", line 241, in _call_with_frames_removed
  File "/opt/airflow/dags/warehouse_dag.py", line 11, in <module>
    from loading.postgres import staging_table_data
  File "/opt/airflow/loading/postgres.py", line 8, in <module>
    cursor = connection.cursor()
TypeError: 'NoneType' object is not callable
[2026-09-17T10:47:17.448+0000] {processor.py:842} WARNING - No viable dags retrieved from /opt/airflow/dags/warehouse_dag.py
[2026-09-17T10:47:17.466+0000] {processor.py:183} INFO - Processing /opt/airflow/dags/warehouse_dag.py took 0.379 seconds
[2026-09-17T10:47:47.567+0000] {processor.py:161} INFO - Started process (PID=290) to work on /opt/airflow/dags/warehouse_dag.py
[2026-09-17T10:47:47.569+0000] {processor.py:830} INFO - Processing file /opt/airflow/dags/warehouse_dag.py for tasks to queue
[2026-09-17T10:47:47.573+0000] {logging_mixin.py:188} INFO - [2026-09-17T10:47:47.572+0000] {dagbag.py:545} INFO - Filling up the DagBag from /opt/airflow/dags/warehouse_dag.py
[2026-09-17T10:47:47.932+0000] {logging_mixin.py:188} INFO - [2026-09-17T10:47:47.918+0000] {dagbag.py:355} ERROR - Failed to import: /opt/airflow/dags/warehouse_dag.py
Traceback (most recent call last):
  File "/home/airflow/.local/lib/python3.10/site-packages/airflow/models/dagbag.py", line 351, in parse
    loader.exec_module(new_module)
  File "<frozen importlib._bootstrap_external>", line 883, in exec_module
  File "<frozen importlib._bootstrap>", line 241, in _call_with_frames_removed
  File "/opt/airflow/dags/warehouse_dag.py", line 11, in <module>
    from loading.postgres import staging_table_data
  File "/opt/airflow/loading/postgres.py", line 8, in <module>
    cursor = connection.cursor()
TypeError: 'NoneType' object is not callable
[2026-09-17T10:47:47.936+0000] {processor.py:842} WARNING - No viable dags retrieved from /opt/airflow/dags/warehouse_dag.py
[2026-09-17T10:47:47.970+0000] {processor.py:183} INFO - Processing /opt/airflow/dags/warehouse_dag.py took 0.409 seconds
[2026-09-17T10:48:18.327+0000] {processor.py:161} INFO - Started process (PID=300) to work on /opt/airflow/dags/warehouse_dag.py
[2026-09-17T10:48:18.329+0000] {processor.py:830} INFO - Processing file /opt/airflow/dags/warehouse_dag.py for tasks to queue
[2026-09-17T10:48:18.333+0000] {logging_mixin.py:188} INFO - [2026-09-17T10:48:18.332+0000] {dagbag.py:545} INFO - Filling up the DagBag from /opt/airflow/dags/warehouse_dag.py
[2026-09-17T10:48:18.756+0000] {logging_mixin.py:188} INFO - [2026-09-17T10:48:18.698+0000] {dagbag.py:355} ERROR - Failed to import: /opt/airflow/dags/warehouse_dag.py
Traceback (most recent call last):
  File "/home/airflow/.local/lib/python3.10/site-packages/airflow/models/dagbag.py", line 351, in parse
    loader.exec_module(new_module)
  File "<frozen importlib._bootstrap_external>", line 883, in exec_module
  File "<frozen importlib._bootstrap>", line 241, in _call_with_frames_removed
  File "/opt/airflow/dags/warehouse_dag.py", line 11, in <module>
    from loading.postgres import staging_table_data
  File "/opt/airflow/loading/postgres.py", line 8, in <module>
    cursor = connection.cursor()
TypeError: 'NoneType' object is not callable
[2026-09-17T10:48:18.762+0000] {processor.py:842} WARNING - No viable dags retrieved from /opt/airflow/dags/warehouse_dag.py
[2026-09-17T10:48:18.804+0000] {processor.py:183} INFO - Processing /opt/airflow/dags/warehouse_dag.py took 0.483 seconds
[2026-09-17T10:48:49.011+0000] {processor.py:161} INFO - Started process (PID=309) to work on /opt/airflow/dags/warehouse_dag.py
[2026-09-17T10:48:49.013+0000] {processor.py:830} INFO - Processing file /opt/airflow/dags/warehouse_dag.py for tasks to queue
[2026-09-17T10:48:49.016+0000] {logging_mixin.py:188} INFO - [2026-09-17T10:48:49.016+0000] {dagbag.py:545} INFO - Filling up the DagBag from /opt/airflow/dags/warehouse_dag.py
[2026-09-17T10:48:49.406+0000] {logging_mixin.py:188} INFO - [2026-09-17T10:48:49.394+0000] {dagbag.py:355} ERROR - Failed to import: /opt/airflow/dags/warehouse_dag.py
Traceback (most recent call last):
  File "/home/airflow/.local/lib/python3.10/site-packages/airflow/models/dagbag.py", line 351, in parse
    loader.exec_module(new_module)
  File "<frozen importlib._bootstrap_external>", line 883, in exec_module
  File "<frozen importlib._bootstrap>", line 241, in _call_with_frames_removed
  File "/opt/airflow/dags/warehouse_dag.py", line 39, in <module>
    staging_task = PythonOperator(
  File "/home/airflow/.local/lib/python3.10/site-packages/airflow/models/baseoperator.py", line 468, in apply_defaults
    raise AirflowException(f"missing keyword argument {missing_args.pop()!r}")
airflow.exceptions.AirflowException: missing keyword argument 'python_callable'
[2026-09-17T10:48:49.411+0000] {processor.py:842} WARNING - No viable dags retrieved from /opt/airflow/dags/warehouse_dag.py
[2026-09-17T10:48:49.451+0000] {processor.py:183} INFO - Processing /opt/airflow/dags/warehouse_dag.py took 0.446 seconds
[2026-09-17T10:49:19.606+0000] {processor.py:161} INFO - Started process (PID=318) to work on /opt/airflow/dags/warehouse_dag.py
[2026-09-17T10:49:19.611+0000] {processor.py:830} INFO - Processing file /opt/airflow/dags/warehouse_dag.py for tasks to queue
[2026-09-17T10:49:19.615+0000] {logging_mixin.py:188} INFO - [2026-09-17T10:49:19.614+0000] {dagbag.py:545} INFO - Filling up the DagBag from /opt/airflow/dags/warehouse_dag.py
[2026-09-17T10:49:19.939+0000] {logging_mixin.py:188} INFO - [2026-09-17T10:49:19.931+0000] {dagbag.py:355} ERROR - Failed to import: /opt/airflow/dags/warehouse_dag.py
Traceback (most recent call last):
  File "/home/airflow/.local/lib/python3.10/site-packages/airflow/models/dagbag.py", line 351, in parse
    loader.exec_module(new_module)
  File "<frozen importlib._bootstrap_external>", line 883, in exec_module
  File "<frozen importlib._bootstrap>", line 241, in _call_with_frames_removed
  File "/opt/airflow/dags/warehouse_dag.py", line 39, in <module>
    staging_task = PythonOperator(
  File "/home/airflow/.local/lib/python3.10/site-packages/airflow/models/baseoperator.py", line 468, in apply_defaults
    raise AirflowException(f"missing keyword argument {missing_args.pop()!r}")
airflow.exceptions.AirflowException: missing keyword argument 'python_callable'
[2026-09-17T10:49:19.942+0000] {processor.py:842} WARNING - No viable dags retrieved from /opt/airflow/dags/warehouse_dag.py
[2026-09-17T10:49:19.980+0000] {processor.py:183} INFO - Processing /opt/airflow/dags/warehouse_dag.py took 0.388 seconds
[2026-09-17T10:49:35.238+0000] {processor.py:161} INFO - Started process (PID=320) to work on /opt/airflow/dags/warehouse_dag.py
[2026-09-17T10:49:35.242+0000] {processor.py:830} INFO - Processing file /opt/airflow/dags/warehouse_dag.py for tasks to queue
[2026-09-17T10:49:35.246+0000] {logging_mixin.py:188} INFO - [2026-09-17T10:49:35.246+0000] {dagbag.py:545} INFO - Filling up the DagBag from /opt/airflow/dags/warehouse_dag.py
[2026-09-17T10:49:35.724+0000] {logging_mixin.py:188} INFO - [2026-09-17T10:49:35.714+0000] {dagbag.py:355} ERROR - Failed to import: /opt/airflow/dags/warehouse_dag.py
Traceback (most recent call last):
  File "/home/airflow/.local/lib/python3.10/site-packages/airflow/models/dagbag.py", line 351, in parse
    loader.exec_module(new_module)
  File "<frozen importlib._bootstrap_external>", line 883, in exec_module
  File "<frozen importlib._bootstrap>", line 241, in _call_with_frames_removed
  File "/opt/airflow/dags/warehouse_dag.py", line 39, in <module>
    staging_task = PythonOperator(
  File "/home/airflow/.local/lib/python3.10/site-packages/airflow/models/baseoperator.py", line 468, in apply_defaults
    raise AirflowException(f"missing keyword argument {missing_args.pop()!r}")
airflow.exceptions.AirflowException: missing keyword argument 'python_callable'
[2026-09-17T10:49:35.728+0000] {processor.py:842} WARNING - No viable dags retrieved from /opt/airflow/dags/warehouse_dag.py
[2026-09-17T10:49:35.792+0000] {processor.py:183} INFO - Processing /opt/airflow/dags/warehouse_dag.py took 0.563 seconds
[2026-09-17T10:49:36.853+0000] {processor.py:161} INFO - Started process (PID=322) to work on /opt/airflow/dags/warehouse_dag.py
[2026-09-17T10:49:36.855+0000] {processor.py:830} INFO - Processing file /opt/airflow/dags/warehouse_dag.py for tasks to queue
[2026-09-17T10:49:36.858+0000] {logging_mixin.py:188} INFO - [2026-09-17T10:49:36.858+0000] {dagbag.py:545} INFO - Filling up the DagBag from /opt/airflow/dags/warehouse_dag.py
[2026-09-17T10:49:37.271+0000] {logging_mixin.py:188} INFO - [2026-09-17T10:49:37.261+0000] {dagbag.py:355} ERROR - Failed to import: /opt/airflow/dags/warehouse_dag.py
Traceback (most recent call last):
  File "/home/airflow/.local/lib/python3.10/site-packages/airflow/models/dagbag.py", line 351, in parse
    loader.exec_module(new_module)
  File "<frozen importlib._bootstrap_external>", line 883, in exec_module
  File "<frozen importlib._bootstrap>", line 241, in _call_with_frames_removed
  File "/opt/airflow/dags/warehouse_dag.py", line 39, in <module>
    staging_task = PythonOperator(
  File "/home/airflow/.local/lib/python3.10/site-packages/airflow/models/baseoperator.py", line 468, in apply_defaults
    raise AirflowException(f"missing keyword argument {missing_args.pop()!r}")
airflow.exceptions.AirflowException: missing keyword argument 'python_callable'
[2026-09-17T10:49:37.275+0000] {processor.py:842} WARNING - No viable dags retrieved from /opt/airflow/dags/warehouse_dag.py
[2026-09-17T10:49:37.320+0000] {processor.py:183} INFO - Processing /opt/airflow/dags/warehouse_dag.py took 0.473 seconds
[2026-09-17T10:49:41.964+0000] {processor.py:161} INFO - Started process (PID=330) to work on /opt/airflow/dags/warehouse_dag.py
[2026-09-17T10:49:41.966+0000] {processor.py:830} INFO - Processing file /opt/airflow/dags/warehouse_dag.py for tasks to queue
[2026-09-17T10:49:41.974+0000] {logging_mixin.py:188} INFO - [2026-09-17T10:49:41.974+0000] {dagbag.py:545} INFO - Filling up the DagBag from /opt/airflow/dags/warehouse_dag.py
[2026-09-17T10:49:42.397+0000] {logging_mixin.py:188} INFO - [2026-09-17T10:49:42.392+0000] {dagbag.py:355} ERROR - Failed to import: /opt/airflow/dags/warehouse_dag.py
Traceback (most recent call last):
  File "/home/airflow/.local/lib/python3.10/site-packages/airflow/models/dagbag.py", line 351, in parse
    loader.exec_module(new_module)
  File "<frozen importlib._bootstrap_external>", line 883, in exec_module
  File "<frozen importlib._bootstrap>", line 241, in _call_with_frames_removed
  File "/opt/airflow/dags/warehouse_dag.py", line 44, in <module>
    core_task = PythonOperator(
  File "/home/airflow/.local/lib/python3.10/site-packages/airflow/models/baseoperator.py", line 468, in apply_defaults
    raise AirflowException(f"missing keyword argument {missing_args.pop()!r}")
airflow.exceptions.AirflowException: missing keyword argument 'python_callable'
[2026-09-17T10:49:42.400+0000] {processor.py:842} WARNING - No viable dags retrieved from /opt/airflow/dags/warehouse_dag.py
[2026-09-17T10:49:42.426+0000] {processor.py:183} INFO - Processing /opt/airflow/dags/warehouse_dag.py took 0.470 seconds
[2026-09-17T10:49:47.502+0000] {processor.py:161} INFO - Started process (PID=332) to work on /opt/airflow/dags/warehouse_dag.py
[2026-09-17T10:49:47.505+0000] {processor.py:830} INFO - Processing file /opt/airflow/dags/warehouse_dag.py for tasks to queue
[2026-09-17T10:49:47.508+0000] {logging_mixin.py:188} INFO - [2026-09-17T10:49:47.508+0000] {dagbag.py:545} INFO - Filling up the DagBag from /opt/airflow/dags/warehouse_dag.py
[2026-09-17T10:49:47.918+0000] {processor.py:840} INFO - DAG(s) 'youtube_warehouse' retrieved from /opt/airflow/dags/warehouse_dag.py
[2026-09-17T10:49:48.298+0000] {logging_mixin.py:188} INFO - [2026-09-17T10:49:48.297+0000] {override.py:1829} INFO - Created Permission View: can delete on DAG:youtube_warehouse
[2026-09-17T10:49:48.312+0000] {logging_mixin.py:188} INFO - [2026-09-17T10:49:48.312+0000] {override.py:1829} INFO - Created Permission View: can edit on DAG:youtube_warehouse
[2026-09-17T10:49:48.321+0000] {logging_mixin.py:188} INFO - [2026-09-17T10:49:48.320+0000] {override.py:1829} INFO - Created Permission View: can read on DAG:youtube_warehouse
[2026-09-17T10:49:48.323+0000] {logging_mixin.py:188} INFO - [2026-09-17T10:49:48.323+0000] {dag.py:3096} INFO - Sync 1 DAGs
[2026-09-17T10:49:48.339+0000] {logging_mixin.py:188} INFO - [2026-09-17T10:49:48.339+0000] {dag.py:3118} INFO - Creating ORM DAG for youtube_warehouse
[2026-09-17T10:49:48.342+0000] {logging_mixin.py:188} INFO - [2026-09-17T10:49:48.341+0000] {dag.py:3954} INFO - Setting next_dagrun for youtube_warehouse to None, run_after=None
[2026-09-17T10:49:48.376+0000] {processor.py:183} INFO - Processing /opt/airflow/dags/warehouse_dag.py took 0.883 seconds
[2026-09-17T10:50:29.437+0000] {processor.py:161} INFO - Started process (PID=52) to work on /opt/airflow/dags/warehouse_dag.py
[2026-09-17T10:50:29.442+0000] {processor.py:830} INFO - Processing file /opt/airflow/dags/warehouse_dag.py for tasks to queue
[2026-09-17T10:50:29.455+0000] {logging_mixin.py:188} INFO - [2026-09-17T10:50:29.453+0000] {dagbag.py:545} INFO - Filling up the DagBag from /opt/airflow/dags/warehouse_dag.py
[2026-09-17T10:50:30.455+0000] {processor.py:840} INFO - DAG(s) 'youtube_warehouse' retrieved from /opt/airflow/dags/warehouse_dag.py
[2026-09-17T10:50:30.580+0000] {logging_mixin.py:188} INFO - [2026-09-17T10:50:30.580+0000] {dag.py:3096} INFO - Sync 1 DAGs
[2026-09-17T10:50:30.699+0000] {logging_mixin.py:188} INFO - [2026-09-17T10:50:30.698+0000] {dag.py:3954} INFO - Setting next_dagrun for youtube_warehouse to None, run_after=None
[2026-09-17T10:50:30.856+0000] {processor.py:183} INFO - Processing /opt/airflow/dags/warehouse_dag.py took 1.432 seconds
[2026-09-17T10:51:01.314+0000] {processor.py:161} INFO - Started process (PID=67) to work on /opt/airflow/dags/warehouse_dag.py
[2026-09-17T10:51:01.317+0000] {processor.py:830} INFO - Processing file /opt/airflow/dags/warehouse_dag.py for tasks to queue
[2026-09-17T10:51:01.322+0000] {logging_mixin.py:188} INFO - [2026-09-17T10:51:01.321+0000] {dagbag.py:545} INFO - Filling up the DagBag from /opt/airflow/dags/warehouse_dag.py
[2026-09-17T10:51:01.662+0000] {processor.py:840} INFO - DAG(s) 'youtube_warehouse' retrieved from /opt/airflow/dags/warehouse_dag.py
[2026-09-17T10:51:01.689+0000] {logging_mixin.py:188} INFO - [2026-09-17T10:51:01.688+0000] {dag.py:3096} INFO - Sync 1 DAGs
[2026-09-17T10:51:01.701+0000] {logging_mixin.py:188} INFO - [2026-09-17T10:51:01.701+0000] {dag.py:3954} INFO - Setting next_dagrun for youtube_warehouse to None, run_after=None
[2026-09-17T10:51:01.740+0000] {processor.py:183} INFO - Processing /opt/airflow/dags/warehouse_dag.py took 0.436 seconds
[2026-09-17T10:51:32.085+0000] {processor.py:161} INFO - Started process (PID=76) to work on /opt/airflow/dags/warehouse_dag.py
[2026-09-17T10:51:32.087+0000] {processor.py:830} INFO - Processing file /opt/airflow/dags/warehouse_dag.py for tasks to queue
[2026-09-17T10:51:32.090+0000] {logging_mixin.py:188} INFO - [2026-09-17T10:51:32.090+0000] {dagbag.py:545} INFO - Filling up the DagBag from /opt/airflow/dags/warehouse_dag.py
[2026-09-17T10:51:32.499+0000] {processor.py:840} INFO - DAG(s) 'youtube_warehouse' retrieved from /opt/airflow/dags/warehouse_dag.py
[2026-09-17T10:51:32.537+0000] {logging_mixin.py:188} INFO - [2026-09-17T10:51:32.536+0000] {dag.py:3096} INFO - Sync 1 DAGs
[2026-09-17T10:51:32.561+0000] {logging_mixin.py:188} INFO - [2026-09-17T10:51:32.561+0000] {dag.py:3954} INFO - Setting next_dagrun for youtube_warehouse to None, run_after=None
[2026-09-17T10:51:32.592+0000] {processor.py:183} INFO - Processing /opt/airflow/dags/warehouse_dag.py took 0.515 seconds
[2026-09-17T10:52:02.790+0000] {processor.py:161} INFO - Started process (PID=85) to work on /opt/airflow/dags/warehouse_dag.py
[2026-09-17T10:52:02.793+0000] {processor.py:830} INFO - Processing file /opt/airflow/dags/warehouse_dag.py for tasks to queue
[2026-09-17T10:52:02.797+0000] {logging_mixin.py:188} INFO - [2026-09-17T10:52:02.797+0000] {dagbag.py:545} INFO - Filling up the DagBag from /opt/airflow/dags/warehouse_dag.py
[2026-09-17T10:52:03.346+0000] {processor.py:840} INFO - DAG(s) 'youtube_warehouse' retrieved from /opt/airflow/dags/warehouse_dag.py
[2026-09-17T10:52:03.399+0000] {logging_mixin.py:188} INFO - [2026-09-17T10:52:03.398+0000] {dag.py:3096} INFO - Sync 1 DAGs
[2026-09-17T10:52:03.412+0000] {logging_mixin.py:188} INFO - [2026-09-17T10:52:03.412+0000] {dag.py:3954} INFO - Setting next_dagrun for youtube_warehouse to None, run_after=None
[2026-09-17T10:52:03.447+0000] {processor.py:183} INFO - Processing /opt/airflow/dags/warehouse_dag.py took 0.665 seconds
[2026-09-17T10:52:33.895+0000] {processor.py:161} INFO - Started process (PID=95) to work on /opt/airflow/dags/warehouse_dag.py
[2026-09-17T10:52:33.898+0000] {processor.py:830} INFO - Processing file /opt/airflow/dags/warehouse_dag.py for tasks to queue
[2026-09-17T10:52:33.901+0000] {logging_mixin.py:188} INFO - [2026-09-17T10:52:33.901+0000] {dagbag.py:545} INFO - Filling up the DagBag from /opt/airflow/dags/warehouse_dag.py
[2026-09-17T10:52:34.275+0000] {processor.py:840} INFO - DAG(s) 'youtube_warehouse' retrieved from /opt/airflow/dags/warehouse_dag.py
[2026-09-17T10:52:34.354+0000] {logging_mixin.py:188} INFO - [2026-09-17T10:52:34.353+0000] {dag.py:3096} INFO - Sync 1 DAGs
[2026-09-17T10:52:34.374+0000] {logging_mixin.py:188} INFO - [2026-09-17T10:52:34.373+0000] {dag.py:3954} INFO - Setting next_dagrun for youtube_warehouse to None, run_after=None
[2026-09-17T10:52:34.445+0000] {processor.py:183} INFO - Processing /opt/airflow/dags/warehouse_dag.py took 0.555 seconds
[2026-09-17T10:53:04.731+0000] {processor.py:161} INFO - Started process (PID=104) to work on /opt/airflow/dags/warehouse_dag.py
[2026-09-17T10:53:04.733+0000] {processor.py:830} INFO - Processing file /opt/airflow/dags/warehouse_dag.py for tasks to queue
[2026-09-17T10:53:04.736+0000] {logging_mixin.py:188} INFO - [2026-09-17T10:53:04.736+0000] {dagbag.py:545} INFO - Filling up the DagBag from /opt/airflow/dags/warehouse_dag.py
[2026-09-17T10:53:05.065+0000] {processor.py:840} INFO - DAG(s) 'youtube_warehouse' retrieved from /opt/airflow/dags/warehouse_dag.py
[2026-09-17T10:53:05.092+0000] {logging_mixin.py:188} INFO - [2026-09-17T10:53:05.091+0000] {dag.py:3096} INFO - Sync 1 DAGs
[2026-09-17T10:53:05.102+0000] {logging_mixin.py:188} INFO - [2026-09-17T10:53:05.102+0000] {dag.py:3954} INFO - Setting next_dagrun for youtube_warehouse to None, run_after=None
[2026-09-17T10:53:05.145+0000] {processor.py:183} INFO - Processing /opt/airflow/dags/warehouse_dag.py took 0.419 seconds
[2026-09-17T10:53:35.343+0000] {processor.py:161} INFO - Started process (PID=113) to work on /opt/airflow/dags/warehouse_dag.py
[2026-09-17T10:53:35.346+0000] {processor.py:830} INFO - Processing file /opt/airflow/dags/warehouse_dag.py for tasks to queue
[2026-09-17T10:53:35.349+0000] {logging_mixin.py:188} INFO - [2026-09-17T10:53:35.349+0000] {dagbag.py:545} INFO - Filling up the DagBag from /opt/airflow/dags/warehouse_dag.py
[2026-09-17T10:53:35.680+0000] {processor.py:840} INFO - DAG(s) 'youtube_warehouse' retrieved from /opt/airflow/dags/warehouse_dag.py
[2026-09-17T10:53:35.708+0000] {logging_mixin.py:188} INFO - [2026-09-17T10:53:35.707+0000] {dag.py:3096} INFO - Sync 1 DAGs
[2026-09-17T10:53:35.719+0000] {logging_mixin.py:188} INFO - [2026-09-17T10:53:35.719+0000] {dag.py:3954} INFO - Setting next_dagrun for youtube_warehouse to None, run_after=None
[2026-09-17T10:53:35.755+0000] {processor.py:183} INFO - Processing /opt/airflow/dags/warehouse_dag.py took 0.419 seconds
[2026-09-17T10:53:48.948+0000] {processor.py:161} INFO - Started process (PID=115) to work on /opt/airflow/dags/warehouse_dag.py
[2026-09-17T10:53:48.951+0000] {processor.py:830} INFO - Processing file /opt/airflow/dags/warehouse_dag.py for tasks to queue
[2026-09-17T10:53:48.955+0000] {logging_mixin.py:188} INFO - [2026-09-17T10:53:48.955+0000] {dagbag.py:545} INFO - Filling up the DagBag from /opt/airflow/dags/warehouse_dag.py
[2026-09-17T10:53:49.565+0000] {processor.py:840} INFO - DAG(s) 'youtube_warehouse' retrieved from /opt/airflow/dags/warehouse_dag.py
[2026-09-17T10:53:49.597+0000] {logging_mixin.py:188} INFO - [2026-09-17T10:53:49.596+0000] {dag.py:3096} INFO - Sync 1 DAGs
[2026-09-17T10:53:49.612+0000] {logging_mixin.py:188} INFO - [2026-09-17T10:53:49.612+0000] {dag.py:3954} INFO - Setting next_dagrun for youtube_warehouse to None, run_after=None
[2026-09-17T10:53:49.664+0000] {processor.py:183} INFO - Processing /opt/airflow/dags/warehouse_dag.py took 0.723 seconds
[2026-09-17T10:54:20.061+0000] {processor.py:161} INFO - Started process (PID=124) to work on /opt/airflow/dags/warehouse_dag.py
[2026-09-17T10:54:20.063+0000] {processor.py:830} INFO - Processing file /opt/airflow/dags/warehouse_dag.py for tasks to queue
[2026-09-17T10:54:20.067+0000] {logging_mixin.py:188} INFO - [2026-09-17T10:54:20.066+0000] {dagbag.py:545} INFO - Filling up the DagBag from /opt/airflow/dags/warehouse_dag.py
[2026-09-17T10:54:20.389+0000] {processor.py:840} INFO - DAG(s) 'youtube_warehouse' retrieved from /opt/airflow/dags/warehouse_dag.py
[2026-09-17T10:54:20.424+0000] {logging_mixin.py:188} INFO - [2026-09-17T10:54:20.424+0000] {dag.py:3096} INFO - Sync 1 DAGs
[2026-09-17T10:54:20.438+0000] {logging_mixin.py:188} INFO - [2026-09-17T10:54:20.437+0000] {dag.py:3954} INFO - Setting next_dagrun for youtube_warehouse to None, run_after=None
[2026-09-17T10:54:20.467+0000] {processor.py:183} INFO - Processing /opt/airflow/dags/warehouse_dag.py took 0.412 seconds
[2026-09-17T10:54:50.670+0000] {processor.py:161} INFO - Started process (PID=133) to work on /opt/airflow/dags/warehouse_dag.py
[2026-09-17T10:54:50.672+0000] {processor.py:830} INFO - Processing file /opt/airflow/dags/warehouse_dag.py for tasks to queue
[2026-09-17T10:54:50.675+0000] {logging_mixin.py:188} INFO - [2026-09-17T10:54:50.675+0000] {dagbag.py:545} INFO - Filling up the DagBag from /opt/airflow/dags/warehouse_dag.py
[2026-09-17T10:54:51.047+0000] {processor.py:840} INFO - DAG(s) 'youtube_warehouse' retrieved from /opt/airflow/dags/warehouse_dag.py
[2026-09-17T10:54:51.071+0000] {logging_mixin.py:188} INFO - [2026-09-17T10:54:51.071+0000] {dag.py:3096} INFO - Sync 1 DAGs
[2026-09-17T10:54:51.083+0000] {logging_mixin.py:188} INFO - [2026-09-17T10:54:51.083+0000] {dag.py:3954} INFO - Setting next_dagrun for youtube_warehouse to None, run_after=None
[2026-09-17T10:54:51.124+0000] {processor.py:183} INFO - Processing /opt/airflow/dags/warehouse_dag.py took 0.459 seconds
[2026-09-17T10:55:21.268+0000] {processor.py:161} INFO - Started process (PID=142) to work on /opt/airflow/dags/warehouse_dag.py
[2026-09-17T10:55:21.270+0000] {processor.py:830} INFO - Processing file /opt/airflow/dags/warehouse_dag.py for tasks to queue
[2026-09-17T10:55:21.272+0000] {logging_mixin.py:188} INFO - [2026-09-17T10:55:21.272+0000] {dagbag.py:545} INFO - Filling up the DagBag from /opt/airflow/dags/warehouse_dag.py
[2026-09-17T10:55:21.601+0000] {processor.py:840} INFO - DAG(s) 'youtube_warehouse' retrieved from /opt/airflow/dags/warehouse_dag.py
[2026-09-17T10:55:21.627+0000] {logging_mixin.py:188} INFO - [2026-09-17T10:55:21.626+0000] {dag.py:3096} INFO - Sync 1 DAGs
[2026-09-17T10:55:21.641+0000] {logging_mixin.py:188} INFO - [2026-09-17T10:55:21.641+0000] {dag.py:3954} INFO - Setting next_dagrun for youtube_warehouse to None, run_after=None
[2026-09-17T10:55:21.671+0000] {processor.py:183} INFO - Processing /opt/airflow/dags/warehouse_dag.py took 0.408 seconds
[2026-09-17T10:55:51.993+0000] {processor.py:161} INFO - Started process (PID=151) to work on /opt/airflow/dags/warehouse_dag.py
[2026-09-17T10:55:51.997+0000] {processor.py:830} INFO - Processing file /opt/airflow/dags/warehouse_dag.py for tasks to queue
[2026-09-17T10:55:52.002+0000] {logging_mixin.py:188} INFO - [2026-09-17T10:55:52.002+0000] {dagbag.py:545} INFO - Filling up the DagBag from /opt/airflow/dags/warehouse_dag.py
[2026-09-17T10:55:52.557+0000] {processor.py:840} INFO - DAG(s) 'youtube_warehouse' retrieved from /opt/airflow/dags/warehouse_dag.py
[2026-09-17T10:55:52.616+0000] {logging_mixin.py:188} INFO - [2026-09-17T10:55:52.615+0000] {dag.py:3096} INFO - Sync 1 DAGs
[2026-09-17T10:55:52.636+0000] {logging_mixin.py:188} INFO - [2026-09-17T10:55:52.635+0000] {dag.py:3954} INFO - Setting next_dagrun for youtube_warehouse to None, run_after=None
[2026-09-17T10:55:52.706+0000] {processor.py:183} INFO - Processing /opt/airflow/dags/warehouse_dag.py took 0.720 seconds
[2026-09-17T10:56:23.130+0000] {processor.py:161} INFO - Started process (PID=161) to work on /opt/airflow/dags/warehouse_dag.py
[2026-09-17T10:56:23.142+0000] {processor.py:830} INFO - Processing file /opt/airflow/dags/warehouse_dag.py for tasks to queue
[2026-09-17T10:56:23.148+0000] {logging_mixin.py:188} INFO - [2026-09-17T10:56:23.147+0000] {dagbag.py:545} INFO - Filling up the DagBag from /opt/airflow/dags/warehouse_dag.py
[2026-09-17T10:56:23.550+0000] {processor.py:840} INFO - DAG(s) 'youtube_warehouse' retrieved from /opt/airflow/dags/warehouse_dag.py
[2026-09-17T10:56:23.574+0000] {logging_mixin.py:188} INFO - [2026-09-17T10:56:23.574+0000] {dag.py:3096} INFO - Sync 1 DAGs
[2026-09-17T10:56:23.586+0000] {logging_mixin.py:188} INFO - [2026-09-17T10:56:23.585+0000] {dag.py:3954} INFO - Setting next_dagrun for youtube_warehouse to None, run_after=None
[2026-09-17T10:56:23.620+0000] {processor.py:183} INFO - Processing /opt/airflow/dags/warehouse_dag.py took 0.497 seconds
[2026-09-17T10:56:53.918+0000] {processor.py:161} INFO - Started process (PID=170) to work on /opt/airflow/dags/warehouse_dag.py
[2026-09-17T10:56:53.920+0000] {processor.py:830} INFO - Processing file /opt/airflow/dags/warehouse_dag.py for tasks to queue
[2026-09-17T10:56:53.924+0000] {logging_mixin.py:188} INFO - [2026-09-17T10:56:53.923+0000] {dagbag.py:545} INFO - Filling up the DagBag from /opt/airflow/dags/warehouse_dag.py
[2026-09-17T10:56:54.251+0000] {processor.py:840} INFO - DAG(s) 'youtube_warehouse' retrieved from /opt/airflow/dags/warehouse_dag.py
[2026-09-17T10:56:54.303+0000] {logging_mixin.py:188} INFO - [2026-09-17T10:56:54.303+0000] {dag.py:3096} INFO - Sync 1 DAGs
[2026-09-17T10:56:54.315+0000] {logging_mixin.py:188} INFO - [2026-09-17T10:56:54.315+0000] {dag.py:3954} INFO - Setting next_dagrun for youtube_warehouse to None, run_after=None
[2026-09-17T10:56:54.354+0000] {processor.py:183} INFO - Processing /opt/airflow/dags/warehouse_dag.py took 0.443 seconds
[2026-09-17T10:57:24.482+0000] {processor.py:161} INFO - Started process (PID=179) to work on /opt/airflow/dags/warehouse_dag.py
[2026-09-17T10:57:24.484+0000] {processor.py:830} INFO - Processing file /opt/airflow/dags/warehouse_dag.py for tasks to queue
[2026-09-17T10:57:24.488+0000] {logging_mixin.py:188} INFO - [2026-09-17T10:57:24.488+0000] {dagbag.py:545} INFO - Filling up the DagBag from /opt/airflow/dags/warehouse_dag.py
[2026-09-17T10:57:24.903+0000] {processor.py:840} INFO - DAG(s) 'youtube_warehouse' retrieved from /opt/airflow/dags/warehouse_dag.py
[2026-09-17T10:57:24.951+0000] {logging_mixin.py:188} INFO - [2026-09-17T10:57:24.950+0000] {dag.py:3096} INFO - Sync 1 DAGs
[2026-09-17T10:57:24.967+0000] {logging_mixin.py:188} INFO - [2026-09-17T10:57:24.966+0000] {dag.py:3954} INFO - Setting next_dagrun for youtube_warehouse to None, run_after=None
[2026-09-17T10:57:24.990+0000] {processor.py:183} INFO - Processing /opt/airflow/dags/warehouse_dag.py took 0.517 seconds
[2026-09-17T10:57:55.088+0000] {processor.py:161} INFO - Started process (PID=189) to work on /opt/airflow/dags/warehouse_dag.py
[2026-09-17T10:57:55.091+0000] {processor.py:830} INFO - Processing file /opt/airflow/dags/warehouse_dag.py for tasks to queue
[2026-09-17T10:57:55.094+0000] {logging_mixin.py:188} INFO - [2026-09-17T10:57:55.094+0000] {dagbag.py:545} INFO - Filling up the DagBag from /opt/airflow/dags/warehouse_dag.py
[2026-09-17T10:57:55.416+0000] {processor.py:840} INFO - DAG(s) 'youtube_warehouse' retrieved from /opt/airflow/dags/warehouse_dag.py
[2026-09-17T10:57:55.442+0000] {logging_mixin.py:188} INFO - [2026-09-17T10:57:55.442+0000] {dag.py:3096} INFO - Sync 1 DAGs
[2026-09-17T10:57:55.454+0000] {logging_mixin.py:188} INFO - [2026-09-17T10:57:55.454+0000] {dag.py:3954} INFO - Setting next_dagrun for youtube_warehouse to None, run_after=None
[2026-09-17T10:57:55.495+0000] {processor.py:183} INFO - Processing /opt/airflow/dags/warehouse_dag.py took 0.412 seconds
[2026-09-17T10:58:25.688+0000] {processor.py:161} INFO - Started process (PID=198) to work on /opt/airflow/dags/warehouse_dag.py
[2026-09-17T10:58:25.694+0000] {processor.py:830} INFO - Processing file /opt/airflow/dags/warehouse_dag.py for tasks to queue
[2026-09-17T10:58:25.698+0000] {logging_mixin.py:188} INFO - [2026-09-17T10:58:25.698+0000] {dagbag.py:545} INFO - Filling up the DagBag from /opt/airflow/dags/warehouse_dag.py
[2026-09-17T10:58:26.045+0000] {processor.py:840} INFO - DAG(s) 'youtube_warehouse' retrieved from /opt/airflow/dags/warehouse_dag.py
[2026-09-17T10:58:26.074+0000] {logging_mixin.py:188} INFO - [2026-09-17T10:58:26.074+0000] {dag.py:3096} INFO - Sync 1 DAGs
[2026-09-17T10:58:26.090+0000] {logging_mixin.py:188} INFO - [2026-09-17T10:58:26.089+0000] {dag.py:3954} INFO - Setting next_dagrun for youtube_warehouse to None, run_after=None
[2026-09-17T10:58:26.120+0000] {processor.py:183} INFO - Processing /opt/airflow/dags/warehouse_dag.py took 0.442 seconds
[2026-09-17T10:58:56.477+0000] {processor.py:161} INFO - Started process (PID=207) to work on /opt/airflow/dags/warehouse_dag.py
[2026-09-17T10:58:56.479+0000] {processor.py:830} INFO - Processing file /opt/airflow/dags/warehouse_dag.py for tasks to queue
[2026-09-17T10:58:56.485+0000] {logging_mixin.py:188} INFO - [2026-09-17T10:58:56.484+0000] {dagbag.py:545} INFO - Filling up the DagBag from /opt/airflow/dags/warehouse_dag.py
[2026-09-17T10:58:56.891+0000] {processor.py:840} INFO - DAG(s) 'youtube_warehouse' retrieved from /opt/airflow/dags/warehouse_dag.py
[2026-09-17T10:58:56.933+0000] {logging_mixin.py:188} INFO - [2026-09-17T10:58:56.932+0000] {dag.py:3096} INFO - Sync 1 DAGs
[2026-09-17T10:58:56.947+0000] {logging_mixin.py:188} INFO - [2026-09-17T10:58:56.947+0000] {dag.py:3954} INFO - Setting next_dagrun for youtube_warehouse to None, run_after=None
[2026-09-17T10:58:56.974+0000] {processor.py:183} INFO - Processing /opt/airflow/dags/warehouse_dag.py took 0.505 seconds
[2026-09-17T10:59:27.128+0000] {processor.py:161} INFO - Started process (PID=216) to work on /opt/airflow/dags/warehouse_dag.py
[2026-09-17T10:59:27.131+0000] {processor.py:830} INFO - Processing file /opt/airflow/dags/warehouse_dag.py for tasks to queue
[2026-09-17T10:59:27.135+0000] {logging_mixin.py:188} INFO - [2026-09-17T10:59:27.135+0000] {dagbag.py:545} INFO - Filling up the DagBag from /opt/airflow/dags/warehouse_dag.py
[2026-09-17T10:59:27.530+0000] {processor.py:840} INFO - DAG(s) 'youtube_warehouse' retrieved from /opt/airflow/dags/warehouse_dag.py
[2026-09-17T10:59:27.579+0000] {logging_mixin.py:188} INFO - [2026-09-17T10:59:27.579+0000] {dag.py:3096} INFO - Sync 1 DAGs
[2026-09-17T10:59:27.595+0000] {logging_mixin.py:188} INFO - [2026-09-17T10:59:27.595+0000] {dag.py:3954} INFO - Setting next_dagrun for youtube_warehouse to None, run_after=None
[2026-09-17T10:59:27.656+0000] {processor.py:183} INFO - Processing /opt/airflow/dags/warehouse_dag.py took 0.533 seconds
[2026-09-17T10:59:57.810+0000] {processor.py:161} INFO - Started process (PID=225) to work on /opt/airflow/dags/warehouse_dag.py
[2026-09-17T10:59:57.813+0000] {processor.py:830} INFO - Processing file /opt/airflow/dags/warehouse_dag.py for tasks to queue
[2026-09-17T10:59:57.816+0000] {logging_mixin.py:188} INFO - [2026-09-17T10:59:57.815+0000] {dagbag.py:545} INFO - Filling up the DagBag from /opt/airflow/dags/warehouse_dag.py
[2026-09-17T10:59:58.126+0000] {processor.py:840} INFO - DAG(s) 'youtube_warehouse' retrieved from /opt/airflow/dags/warehouse_dag.py
[2026-09-17T10:59:58.154+0000] {logging_mixin.py:188} INFO - [2026-09-17T10:59:58.153+0000] {dag.py:3096} INFO - Sync 1 DAGs
[2026-09-17T10:59:58.164+0000] {logging_mixin.py:188} INFO - [2026-09-17T10:59:58.164+0000] {dag.py:3954} INFO - Setting next_dagrun for youtube_warehouse to None, run_after=None
[2026-09-17T10:59:58.185+0000] {processor.py:183} INFO - Processing /opt/airflow/dags/warehouse_dag.py took 0.380 seconds
[2026-09-17T11:00:28.455+0000] {processor.py:161} INFO - Started process (PID=234) to work on /opt/airflow/dags/warehouse_dag.py
[2026-09-17T11:00:28.458+0000] {processor.py:830} INFO - Processing file /opt/airflow/dags/warehouse_dag.py for tasks to queue
[2026-09-17T11:00:28.462+0000] {logging_mixin.py:188} INFO - [2026-09-17T11:00:28.461+0000] {dagbag.py:545} INFO - Filling up the DagBag from /opt/airflow/dags/warehouse_dag.py
[2026-09-17T11:00:28.871+0000] {processor.py:840} INFO - DAG(s) 'youtube_warehouse' retrieved from /opt/airflow/dags/warehouse_dag.py
[2026-09-17T11:00:28.917+0000] {logging_mixin.py:188} INFO - [2026-09-17T11:00:28.916+0000] {dag.py:3096} INFO - Sync 1 DAGs
[2026-09-17T11:00:28.930+0000] {logging_mixin.py:188} INFO - [2026-09-17T11:00:28.930+0000] {dag.py:3954} INFO - Setting next_dagrun for youtube_warehouse to None, run_after=None
[2026-09-17T11:00:29.005+0000] {processor.py:183} INFO - Processing /opt/airflow/dags/warehouse_dag.py took 0.558 seconds
[2026-09-17T11:00:59.214+0000] {processor.py:161} INFO - Started process (PID=243) to work on /opt/airflow/dags/warehouse_dag.py
[2026-09-17T11:00:59.217+0000] {processor.py:830} INFO - Processing file /opt/airflow/dags/warehouse_dag.py for tasks to queue
[2026-09-17T11:00:59.221+0000] {logging_mixin.py:188} INFO - [2026-09-17T11:00:59.220+0000] {dagbag.py:545} INFO - Filling up the DagBag from /opt/airflow/dags/warehouse_dag.py
[2026-09-17T11:00:59.526+0000] {processor.py:840} INFO - DAG(s) 'youtube_warehouse' retrieved from /opt/airflow/dags/warehouse_dag.py
[2026-09-17T11:00:59.568+0000] {logging_mixin.py:188} INFO - [2026-09-17T11:00:59.568+0000] {dag.py:3096} INFO - Sync 1 DAGs
[2026-09-17T11:00:59.580+0000] {logging_mixin.py:188} INFO - [2026-09-17T11:00:59.580+0000] {dag.py:3954} INFO - Setting next_dagrun for youtube_warehouse to None, run_after=None
[2026-09-17T11:00:59.635+0000] {processor.py:183} INFO - Processing /opt/airflow/dags/warehouse_dag.py took 0.427 seconds
[2026-09-17T11:01:29.889+0000] {processor.py:161} INFO - Started process (PID=252) to work on /opt/airflow/dags/warehouse_dag.py
[2026-09-17T11:01:29.892+0000] {processor.py:830} INFO - Processing file /opt/airflow/dags/warehouse_dag.py for tasks to queue
[2026-09-17T11:01:29.895+0000] {logging_mixin.py:188} INFO - [2026-09-17T11:01:29.895+0000] {dagbag.py:545} INFO - Filling up the DagBag from /opt/airflow/dags/warehouse_dag.py
[2026-09-17T11:01:30.283+0000] {processor.py:840} INFO - DAG(s) 'youtube_warehouse' retrieved from /opt/airflow/dags/warehouse_dag.py
[2026-09-17T11:01:30.310+0000] {logging_mixin.py:188} INFO - [2026-09-17T11:01:30.310+0000] {dag.py:3096} INFO - Sync 1 DAGs
[2026-09-17T11:01:30.324+0000] {logging_mixin.py:188} INFO - [2026-09-17T11:01:30.324+0000] {dag.py:3954} INFO - Setting next_dagrun for youtube_warehouse to None, run_after=None
[2026-09-17T11:01:30.347+0000] {processor.py:183} INFO - Processing /opt/airflow/dags/warehouse_dag.py took 0.467 seconds
[2026-09-17T11:02:00.460+0000] {processor.py:161} INFO - Started process (PID=261) to work on /opt/airflow/dags/warehouse_dag.py
[2026-09-17T11:02:00.463+0000] {processor.py:830} INFO - Processing file /opt/airflow/dags/warehouse_dag.py for tasks to queue
[2026-09-17T11:02:00.467+0000] {logging_mixin.py:188} INFO - [2026-09-17T11:02:00.467+0000] {dagbag.py:545} INFO - Filling up the DagBag from /opt/airflow/dags/warehouse_dag.py
[2026-09-17T11:02:00.897+0000] {processor.py:840} INFO - DAG(s) 'youtube_warehouse' retrieved from /opt/airflow/dags/warehouse_dag.py
[2026-09-17T11:02:00.933+0000] {logging_mixin.py:188} INFO - [2026-09-17T11:02:00.933+0000] {dag.py:3096} INFO - Sync 1 DAGs
[2026-09-17T11:02:00.947+0000] {logging_mixin.py:188} INFO - [2026-09-17T11:02:00.947+0000] {dag.py:3954} INFO - Setting next_dagrun for youtube_warehouse to None, run_after=None
[2026-09-17T11:02:00.973+0000] {processor.py:183} INFO - Processing /opt/airflow/dags/warehouse_dag.py took 0.525 seconds
[2026-09-17T11:02:31.123+0000] {processor.py:161} INFO - Started process (PID=270) to work on /opt/airflow/dags/warehouse_dag.py
[2026-09-17T11:02:31.126+0000] {processor.py:830} INFO - Processing file /opt/airflow/dags/warehouse_dag.py for tasks to queue
[2026-09-17T11:02:31.129+0000] {logging_mixin.py:188} INFO - [2026-09-17T11:02:31.129+0000] {dagbag.py:545} INFO - Filling up the DagBag from /opt/airflow/dags/warehouse_dag.py
[2026-09-17T11:02:31.462+0000] {processor.py:840} INFO - DAG(s) 'youtube_warehouse' retrieved from /opt/airflow/dags/warehouse_dag.py
[2026-09-17T11:02:31.494+0000] {logging_mixin.py:188} INFO - [2026-09-17T11:02:31.494+0000] {dag.py:3096} INFO - Sync 1 DAGs
[2026-09-17T11:02:31.505+0000] {logging_mixin.py:188} INFO - [2026-09-17T11:02:31.505+0000] {dag.py:3954} INFO - Setting next_dagrun for youtube_warehouse to None, run_after=None
[2026-09-17T11:02:31.539+0000] {processor.py:183} INFO - Processing /opt/airflow/dags/warehouse_dag.py took 0.425 seconds
[2026-09-17T11:03:01.693+0000] {processor.py:161} INFO - Started process (PID=285) to work on /opt/airflow/dags/warehouse_dag.py
[2026-09-17T11:03:01.695+0000] {processor.py:830} INFO - Processing file /opt/airflow/dags/warehouse_dag.py for tasks to queue
[2026-09-17T11:03:01.698+0000] {logging_mixin.py:188} INFO - [2026-09-17T11:03:01.698+0000] {dagbag.py:545} INFO - Filling up the DagBag from /opt/airflow/dags/warehouse_dag.py
[2026-09-17T11:03:02.011+0000] {processor.py:840} INFO - DAG(s) 'youtube_warehouse' retrieved from /opt/airflow/dags/warehouse_dag.py
[2026-09-17T11:03:02.035+0000] {logging_mixin.py:188} INFO - [2026-09-17T11:03:02.035+0000] {dag.py:3096} INFO - Sync 1 DAGs
[2026-09-17T11:03:02.047+0000] {logging_mixin.py:188} INFO - [2026-09-17T11:03:02.046+0000] {dag.py:3954} INFO - Setting next_dagrun for youtube_warehouse to None, run_after=None
[2026-09-17T11:03:02.083+0000] {processor.py:183} INFO - Processing /opt/airflow/dags/warehouse_dag.py took 0.396 seconds
[2026-09-17T11:03:32.363+0000] {processor.py:161} INFO - Started process (PID=294) to work on /opt/airflow/dags/warehouse_dag.py
[2026-09-17T11:03:32.368+0000] {processor.py:830} INFO - Processing file /opt/airflow/dags/warehouse_dag.py for tasks to queue
[2026-09-17T11:03:32.376+0000] {logging_mixin.py:188} INFO - [2026-09-17T11:03:32.373+0000] {dagbag.py:545} INFO - Filling up the DagBag from /opt/airflow/dags/warehouse_dag.py
[2026-09-17T11:03:32.674+0000] {processor.py:840} INFO - DAG(s) 'youtube_warehouse' retrieved from /opt/airflow/dags/warehouse_dag.py
[2026-09-17T11:03:32.702+0000] {logging_mixin.py:188} INFO - [2026-09-17T11:03:32.701+0000] {dag.py:3096} INFO - Sync 1 DAGs
[2026-09-17T11:03:32.715+0000] {logging_mixin.py:188} INFO - [2026-09-17T11:03:32.715+0000] {dag.py:3954} INFO - Setting next_dagrun for youtube_warehouse to None, run_after=None
[2026-09-17T11:03:32.762+0000] {processor.py:183} INFO - Processing /opt/airflow/dags/warehouse_dag.py took 0.412 seconds
[2026-09-17T11:04:02.870+0000] {processor.py:161} INFO - Started process (PID=303) to work on /opt/airflow/dags/warehouse_dag.py
[2026-09-17T11:04:02.873+0000] {processor.py:830} INFO - Processing file /opt/airflow/dags/warehouse_dag.py for tasks to queue
[2026-09-17T11:04:02.876+0000] {logging_mixin.py:188} INFO - [2026-09-17T11:04:02.876+0000] {dagbag.py:545} INFO - Filling up the DagBag from /opt/airflow/dags/warehouse_dag.py
[2026-09-17T11:04:03.228+0000] {processor.py:840} INFO - DAG(s) 'youtube_warehouse' retrieved from /opt/airflow/dags/warehouse_dag.py
[2026-09-17T11:04:03.280+0000] {logging_mixin.py:188} INFO - [2026-09-17T11:04:03.279+0000] {dag.py:3096} INFO - Sync 1 DAGs
[2026-09-17T11:04:03.294+0000] {logging_mixin.py:188} INFO - [2026-09-17T11:04:03.294+0000] {dag.py:3954} INFO - Setting next_dagrun for youtube_warehouse to None, run_after=None
[2026-09-17T11:04:03.336+0000] {processor.py:183} INFO - Processing /opt/airflow/dags/warehouse_dag.py took 0.472 seconds
[2026-09-17T11:04:33.424+0000] {processor.py:161} INFO - Started process (PID=312) to work on /opt/airflow/dags/warehouse_dag.py
[2026-09-17T11:04:33.426+0000] {processor.py:830} INFO - Processing file /opt/airflow/dags/warehouse_dag.py for tasks to queue
[2026-09-17T11:04:33.430+0000] {logging_mixin.py:188} INFO - [2026-09-17T11:04:33.429+0000] {dagbag.py:545} INFO - Filling up the DagBag from /opt/airflow/dags/warehouse_dag.py
[2026-09-17T11:04:33.998+0000] {processor.py:840} INFO - DAG(s) 'youtube_warehouse' retrieved from /opt/airflow/dags/warehouse_dag.py
[2026-09-17T11:04:34.047+0000] {logging_mixin.py:188} INFO - [2026-09-17T11:04:34.047+0000] {dag.py:3096} INFO - Sync 1 DAGs
[2026-09-17T11:04:34.068+0000] {logging_mixin.py:188} INFO - [2026-09-17T11:04:34.068+0000] {dag.py:3954} INFO - Setting next_dagrun for youtube_warehouse to None, run_after=None
[2026-09-17T11:04:34.149+0000] {processor.py:183} INFO - Processing /opt/airflow/dags/warehouse_dag.py took 0.733 seconds
[2026-09-17T11:05:04.569+0000] {processor.py:161} INFO - Started process (PID=321) to work on /opt/airflow/dags/warehouse_dag.py
[2026-09-17T11:05:04.572+0000] {processor.py:830} INFO - Processing file /opt/airflow/dags/warehouse_dag.py for tasks to queue
[2026-09-17T11:05:04.576+0000] {logging_mixin.py:188} INFO - [2026-09-17T11:05:04.575+0000] {dagbag.py:545} INFO - Filling up the DagBag from /opt/airflow/dags/warehouse_dag.py
[2026-09-17T11:05:05.019+0000] {processor.py:840} INFO - DAG(s) 'youtube_warehouse' retrieved from /opt/airflow/dags/warehouse_dag.py
[2026-09-17T11:05:05.060+0000] {logging_mixin.py:188} INFO - [2026-09-17T11:05:05.059+0000] {dag.py:3096} INFO - Sync 1 DAGs
[2026-09-17T11:05:05.095+0000] {logging_mixin.py:188} INFO - [2026-09-17T11:05:05.095+0000] {dag.py:3954} INFO - Setting next_dagrun for youtube_warehouse to None, run_after=None
[2026-09-17T11:05:05.143+0000] {processor.py:183} INFO - Processing /opt/airflow/dags/warehouse_dag.py took 0.582 seconds
[2026-09-17T11:05:35.333+0000] {processor.py:161} INFO - Started process (PID=330) to work on /opt/airflow/dags/warehouse_dag.py
[2026-09-17T11:05:35.335+0000] {processor.py:830} INFO - Processing file /opt/airflow/dags/warehouse_dag.py for tasks to queue
[2026-09-17T11:05:35.338+0000] {logging_mixin.py:188} INFO - [2026-09-17T11:05:35.337+0000] {dagbag.py:545} INFO - Filling up the DagBag from /opt/airflow/dags/warehouse_dag.py
[2026-09-17T11:05:35.673+0000] {processor.py:840} INFO - DAG(s) 'youtube_warehouse' retrieved from /opt/airflow/dags/warehouse_dag.py
[2026-09-17T11:05:35.702+0000] {logging_mixin.py:188} INFO - [2026-09-17T11:05:35.702+0000] {dag.py:3096} INFO - Sync 1 DAGs
[2026-09-17T11:05:35.716+0000] {logging_mixin.py:188} INFO - [2026-09-17T11:05:35.716+0000] {dag.py:3954} INFO - Setting next_dagrun for youtube_warehouse to None, run_after=None
[2026-09-17T11:05:35.759+0000] {processor.py:183} INFO - Processing /opt/airflow/dags/warehouse_dag.py took 0.432 seconds
[2026-09-17T11:06:06.013+0000] {processor.py:161} INFO - Started process (PID=340) to work on /opt/airflow/dags/warehouse_dag.py
[2026-09-17T11:06:06.015+0000] {processor.py:830} INFO - Processing file /opt/airflow/dags/warehouse_dag.py for tasks to queue
[2026-09-17T11:06:06.021+0000] {logging_mixin.py:188} INFO - [2026-09-17T11:06:06.020+0000] {dagbag.py:545} INFO - Filling up the DagBag from /opt/airflow/dags/warehouse_dag.py
[2026-09-17T11:06:06.397+0000] {processor.py:840} INFO - DAG(s) 'youtube_warehouse' retrieved from /opt/airflow/dags/warehouse_dag.py
[2026-09-17T11:06:06.430+0000] {logging_mixin.py:188} INFO - [2026-09-17T11:06:06.430+0000] {dag.py:3096} INFO - Sync 1 DAGs
[2026-09-17T11:06:06.445+0000] {logging_mixin.py:188} INFO - [2026-09-17T11:06:06.445+0000] {dag.py:3954} INFO - Setting next_dagrun for youtube_warehouse to None, run_after=None
[2026-09-17T11:06:06.485+0000] {processor.py:183} INFO - Processing /opt/airflow/dags/warehouse_dag.py took 0.487 seconds
[2026-09-17T11:06:36.685+0000] {processor.py:161} INFO - Started process (PID=349) to work on /opt/airflow/dags/warehouse_dag.py
[2026-09-17T11:06:36.688+0000] {processor.py:830} INFO - Processing file /opt/airflow/dags/warehouse_dag.py for tasks to queue
[2026-09-17T11:06:36.697+0000] {logging_mixin.py:188} INFO - [2026-09-17T11:06:36.696+0000] {dagbag.py:545} INFO - Filling up the DagBag from /opt/airflow/dags/warehouse_dag.py
[2026-09-17T11:06:37.022+0000] {processor.py:840} INFO - DAG(s) 'youtube_warehouse' retrieved from /opt/airflow/dags/warehouse_dag.py
[2026-09-17T11:06:37.047+0000] {logging_mixin.py:188} INFO - [2026-09-17T11:06:37.046+0000] {dag.py:3096} INFO - Sync 1 DAGs
[2026-09-17T11:06:37.058+0000] {logging_mixin.py:188} INFO - [2026-09-17T11:06:37.058+0000] {dag.py:3954} INFO - Setting next_dagrun for youtube_warehouse to None, run_after=None
[2026-09-17T11:06:37.088+0000] {processor.py:183} INFO - Processing /opt/airflow/dags/warehouse_dag.py took 0.411 seconds
[2026-09-17T11:07:07.328+0000] {processor.py:161} INFO - Started process (PID=358) to work on /opt/airflow/dags/warehouse_dag.py
[2026-09-17T11:07:07.329+0000] {processor.py:830} INFO - Processing file /opt/airflow/dags/warehouse_dag.py for tasks to queue
[2026-09-17T11:07:07.332+0000] {logging_mixin.py:188} INFO - [2026-09-17T11:07:07.332+0000] {dagbag.py:545} INFO - Filling up the DagBag from /opt/airflow/dags/warehouse_dag.py
[2026-09-17T11:07:07.613+0000] {processor.py:840} INFO - DAG(s) 'youtube_warehouse' retrieved from /opt/airflow/dags/warehouse_dag.py
[2026-09-17T11:07:07.661+0000] {logging_mixin.py:188} INFO - [2026-09-17T11:07:07.659+0000] {dag.py:3096} INFO - Sync 1 DAGs
[2026-09-17T11:07:07.704+0000] {logging_mixin.py:188} INFO - [2026-09-17T11:07:07.703+0000] {dag.py:3954} INFO - Setting next_dagrun for youtube_warehouse to None, run_after=None
[2026-09-17T11:07:07.762+0000] {processor.py:183} INFO - Processing /opt/airflow/dags/warehouse_dag.py took 0.442 seconds
[2026-09-17T11:07:38.037+0000] {processor.py:161} INFO - Started process (PID=367) to work on /opt/airflow/dags/warehouse_dag.py
[2026-09-17T11:07:38.039+0000] {processor.py:830} INFO - Processing file /opt/airflow/dags/warehouse_dag.py for tasks to queue
[2026-09-17T11:07:38.041+0000] {logging_mixin.py:188} INFO - [2026-09-17T11:07:38.041+0000] {dagbag.py:545} INFO - Filling up the DagBag from /opt/airflow/dags/warehouse_dag.py
[2026-09-17T11:07:38.434+0000] {processor.py:840} INFO - DAG(s) 'youtube_warehouse' retrieved from /opt/airflow/dags/warehouse_dag.py
[2026-09-17T11:07:38.485+0000] {logging_mixin.py:188} INFO - [2026-09-17T11:07:38.484+0000] {dag.py:3096} INFO - Sync 1 DAGs
[2026-09-17T11:07:38.501+0000] {logging_mixin.py:188} INFO - [2026-09-17T11:07:38.501+0000] {dag.py:3954} INFO - Setting next_dagrun for youtube_warehouse to None, run_after=None
[2026-09-17T11:07:38.540+0000] {processor.py:183} INFO - Processing /opt/airflow/dags/warehouse_dag.py took 0.509 seconds
[2026-09-17T11:08:09.380+0000] {processor.py:161} INFO - Started process (PID=377) to work on /opt/airflow/dags/warehouse_dag.py
[2026-09-17T11:08:09.382+0000] {processor.py:830} INFO - Processing file /opt/airflow/dags/warehouse_dag.py for tasks to queue
[2026-09-17T11:08:09.387+0000] {logging_mixin.py:188} INFO - [2026-09-17T11:08:09.387+0000] {dagbag.py:545} INFO - Filling up the DagBag from /opt/airflow/dags/warehouse_dag.py
[2026-09-17T11:08:09.765+0000] {processor.py:840} INFO - DAG(s) 'youtube_warehouse' retrieved from /opt/airflow/dags/warehouse_dag.py
[2026-09-17T11:08:09.802+0000] {logging_mixin.py:188} INFO - [2026-09-17T11:08:09.801+0000] {dag.py:3096} INFO - Sync 1 DAGs
[2026-09-17T11:08:09.822+0000] {logging_mixin.py:188} INFO - [2026-09-17T11:08:09.821+0000] {dag.py:3954} INFO - Setting next_dagrun for youtube_warehouse to None, run_after=None
[2026-09-17T11:08:09.913+0000] {processor.py:183} INFO - Processing /opt/airflow/dags/warehouse_dag.py took 0.541 seconds
[2026-09-17T11:08:40.173+0000] {processor.py:161} INFO - Started process (PID=386) to work on /opt/airflow/dags/warehouse_dag.py
[2026-09-17T11:08:40.175+0000] {processor.py:830} INFO - Processing file /opt/airflow/dags/warehouse_dag.py for tasks to queue
[2026-09-17T11:08:40.181+0000] {logging_mixin.py:188} INFO - [2026-09-17T11:08:40.179+0000] {dagbag.py:545} INFO - Filling up the DagBag from /opt/airflow/dags/warehouse_dag.py
[2026-09-17T11:08:40.561+0000] {processor.py:840} INFO - DAG(s) 'youtube_warehouse' retrieved from /opt/airflow/dags/warehouse_dag.py
[2026-09-17T11:08:40.591+0000] {logging_mixin.py:188} INFO - [2026-09-17T11:08:40.591+0000] {dag.py:3096} INFO - Sync 1 DAGs
[2026-09-17T11:08:40.603+0000] {logging_mixin.py:188} INFO - [2026-09-17T11:08:40.603+0000] {dag.py:3954} INFO - Setting next_dagrun for youtube_warehouse to None, run_after=None
[2026-09-17T11:08:40.641+0000] {processor.py:183} INFO - Processing /opt/airflow/dags/warehouse_dag.py took 0.480 seconds
[2026-09-17T11:09:10.818+0000] {processor.py:161} INFO - Started process (PID=395) to work on /opt/airflow/dags/warehouse_dag.py
[2026-09-17T11:09:10.821+0000] {processor.py:830} INFO - Processing file /opt/airflow/dags/warehouse_dag.py for tasks to queue
[2026-09-17T11:09:10.825+0000] {logging_mixin.py:188} INFO - [2026-09-17T11:09:10.825+0000] {dagbag.py:545} INFO - Filling up the DagBag from /opt/airflow/dags/warehouse_dag.py
[2026-09-17T11:09:11.242+0000] {processor.py:840} INFO - DAG(s) 'youtube_warehouse' retrieved from /opt/airflow/dags/warehouse_dag.py
[2026-09-17T11:09:11.267+0000] {logging_mixin.py:188} INFO - [2026-09-17T11:09:11.266+0000] {dag.py:3096} INFO - Sync 1 DAGs
[2026-09-17T11:09:11.278+0000] {logging_mixin.py:188} INFO - [2026-09-17T11:09:11.277+0000] {dag.py:3954} INFO - Setting next_dagrun for youtube_warehouse to None, run_after=None
[2026-09-17T11:09:11.320+0000] {processor.py:183} INFO - Processing /opt/airflow/dags/warehouse_dag.py took 0.512 seconds
[2026-09-17T11:09:41.467+0000] {processor.py:161} INFO - Started process (PID=404) to work on /opt/airflow/dags/warehouse_dag.py
[2026-09-17T11:09:41.469+0000] {processor.py:830} INFO - Processing file /opt/airflow/dags/warehouse_dag.py for tasks to queue
[2026-09-17T11:09:41.472+0000] {logging_mixin.py:188} INFO - [2026-09-17T11:09:41.472+0000] {dagbag.py:545} INFO - Filling up the DagBag from /opt/airflow/dags/warehouse_dag.py
[2026-09-17T11:09:41.773+0000] {processor.py:840} INFO - DAG(s) 'youtube_warehouse' retrieved from /opt/airflow/dags/warehouse_dag.py
[2026-09-17T11:09:41.798+0000] {logging_mixin.py:188} INFO - [2026-09-17T11:09:41.797+0000] {dag.py:3096} INFO - Sync 1 DAGs
[2026-09-17T11:09:41.818+0000] {logging_mixin.py:188} INFO - [2026-09-17T11:09:41.818+0000] {dag.py:3954} INFO - Setting next_dagrun for youtube_warehouse to None, run_after=None
[2026-09-17T11:09:41.842+0000] {processor.py:183} INFO - Processing /opt/airflow/dags/warehouse_dag.py took 0.382 seconds
[2026-09-17T11:10:12.026+0000] {processor.py:161} INFO - Started process (PID=413) to work on /opt/airflow/dags/warehouse_dag.py
[2026-09-17T11:10:12.028+0000] {processor.py:830} INFO - Processing file /opt/airflow/dags/warehouse_dag.py for tasks to queue
[2026-09-17T11:10:12.032+0000] {logging_mixin.py:188} INFO - [2026-09-17T11:10:12.031+0000] {dagbag.py:545} INFO - Filling up the DagBag from /opt/airflow/dags/warehouse_dag.py
[2026-09-17T11:10:12.551+0000] {processor.py:840} INFO - DAG(s) 'youtube_warehouse' retrieved from /opt/airflow/dags/warehouse_dag.py
[2026-09-17T11:10:12.600+0000] {logging_mixin.py:188} INFO - [2026-09-17T11:10:12.600+0000] {dag.py:3096} INFO - Sync 1 DAGs
[2026-09-17T11:10:12.620+0000] {logging_mixin.py:188} INFO - [2026-09-17T11:10:12.619+0000] {dag.py:3954} INFO - Setting next_dagrun for youtube_warehouse to None, run_after=None
[2026-09-17T11:10:12.674+0000] {processor.py:183} INFO - Processing /opt/airflow/dags/warehouse_dag.py took 0.654 seconds
[2026-09-17T11:10:43.086+0000] {processor.py:161} INFO - Started process (PID=422) to work on /opt/airflow/dags/warehouse_dag.py
[2026-09-17T11:10:43.088+0000] {processor.py:830} INFO - Processing file /opt/airflow/dags/warehouse_dag.py for tasks to queue
[2026-09-17T11:10:43.092+0000] {logging_mixin.py:188} INFO - [2026-09-17T11:10:43.092+0000] {dagbag.py:545} INFO - Filling up the DagBag from /opt/airflow/dags/warehouse_dag.py
[2026-09-17T11:10:43.403+0000] {processor.py:840} INFO - DAG(s) 'youtube_warehouse' retrieved from /opt/airflow/dags/warehouse_dag.py
[2026-09-17T11:10:43.428+0000] {logging_mixin.py:188} INFO - [2026-09-17T11:10:43.427+0000] {dag.py:3096} INFO - Sync 1 DAGs
[2026-09-17T11:10:43.441+0000] {logging_mixin.py:188} INFO - [2026-09-17T11:10:43.440+0000] {dag.py:3954} INFO - Setting next_dagrun for youtube_warehouse to None, run_after=None
[2026-09-17T11:10:43.475+0000] {processor.py:183} INFO - Processing /opt/airflow/dags/warehouse_dag.py took 0.397 seconds
[2026-09-17T11:11:13.874+0000] {processor.py:161} INFO - Started process (PID=431) to work on /opt/airflow/dags/warehouse_dag.py
[2026-09-17T11:11:13.876+0000] {processor.py:830} INFO - Processing file /opt/airflow/dags/warehouse_dag.py for tasks to queue
[2026-09-17T11:11:13.879+0000] {logging_mixin.py:188} INFO - [2026-09-17T11:11:13.878+0000] {dagbag.py:545} INFO - Filling up the DagBag from /opt/airflow/dags/warehouse_dag.py
[2026-09-17T11:11:14.175+0000] {processor.py:840} INFO - DAG(s) 'youtube_warehouse' retrieved from /opt/airflow/dags/warehouse_dag.py
[2026-09-17T11:11:14.200+0000] {logging_mixin.py:188} INFO - [2026-09-17T11:11:14.200+0000] {dag.py:3096} INFO - Sync 1 DAGs
[2026-09-17T11:11:14.211+0000] {logging_mixin.py:188} INFO - [2026-09-17T11:11:14.211+0000] {dag.py:3954} INFO - Setting next_dagrun for youtube_warehouse to None, run_after=None
[2026-09-17T11:11:14.244+0000] {processor.py:183} INFO - Processing /opt/airflow/dags/warehouse_dag.py took 0.375 seconds
[2026-09-17T11:11:44.343+0000] {processor.py:161} INFO - Started process (PID=440) to work on /opt/airflow/dags/warehouse_dag.py
[2026-09-17T11:11:44.345+0000] {processor.py:830} INFO - Processing file /opt/airflow/dags/warehouse_dag.py for tasks to queue
[2026-09-17T11:11:44.348+0000] {logging_mixin.py:188} INFO - [2026-09-17T11:11:44.347+0000] {dagbag.py:545} INFO - Filling up the DagBag from /opt/airflow/dags/warehouse_dag.py
[2026-09-17T11:11:44.700+0000] {processor.py:840} INFO - DAG(s) 'youtube_warehouse' retrieved from /opt/airflow/dags/warehouse_dag.py
[2026-09-17T11:11:44.726+0000] {logging_mixin.py:188} INFO - [2026-09-17T11:11:44.725+0000] {dag.py:3096} INFO - Sync 1 DAGs
[2026-09-17T11:11:44.748+0000] {logging_mixin.py:188} INFO - [2026-09-17T11:11:44.748+0000] {dag.py:3954} INFO - Setting next_dagrun for youtube_warehouse to None, run_after=None
[2026-09-17T11:11:44.781+0000] {processor.py:183} INFO - Processing /opt/airflow/dags/warehouse_dag.py took 0.444 seconds
[2026-09-17T11:12:14.865+0000] {processor.py:161} INFO - Started process (PID=449) to work on /opt/airflow/dags/warehouse_dag.py
[2026-09-17T11:12:14.867+0000] {processor.py:830} INFO - Processing file /opt/airflow/dags/warehouse_dag.py for tasks to queue
[2026-09-17T11:12:14.871+0000] {logging_mixin.py:188} INFO - [2026-09-17T11:12:14.870+0000] {dagbag.py:545} INFO - Filling up the DagBag from /opt/airflow/dags/warehouse_dag.py
[2026-09-17T11:12:15.178+0000] {processor.py:840} INFO - DAG(s) 'youtube_warehouse' retrieved from /opt/airflow/dags/warehouse_dag.py
[2026-09-17T11:12:15.203+0000] {logging_mixin.py:188} INFO - [2026-09-17T11:12:15.202+0000] {dag.py:3096} INFO - Sync 1 DAGs
[2026-09-17T11:12:15.214+0000] {logging_mixin.py:188} INFO - [2026-09-17T11:12:15.214+0000] {dag.py:3954} INFO - Setting next_dagrun for youtube_warehouse to None, run_after=None
[2026-09-17T11:12:15.243+0000] {processor.py:183} INFO - Processing /opt/airflow/dags/warehouse_dag.py took 0.384 seconds
[2026-09-17T11:12:45.668+0000] {processor.py:161} INFO - Started process (PID=458) to work on /opt/airflow/dags/warehouse_dag.py
[2026-09-17T11:12:45.670+0000] {processor.py:830} INFO - Processing file /opt/airflow/dags/warehouse_dag.py for tasks to queue
[2026-09-17T11:12:45.673+0000] {logging_mixin.py:188} INFO - [2026-09-17T11:12:45.672+0000] {dagbag.py:545} INFO - Filling up the DagBag from /opt/airflow/dags/warehouse_dag.py
[2026-09-17T11:12:45.974+0000] {processor.py:840} INFO - DAG(s) 'youtube_warehouse' retrieved from /opt/airflow/dags/warehouse_dag.py
[2026-09-17T11:12:46.002+0000] {logging_mixin.py:188} INFO - [2026-09-17T11:12:46.001+0000] {dag.py:3096} INFO - Sync 1 DAGs
[2026-09-17T11:12:46.014+0000] {logging_mixin.py:188} INFO - [2026-09-17T11:12:46.013+0000] {dag.py:3954} INFO - Setting next_dagrun for youtube_warehouse to None, run_after=None
[2026-09-17T11:12:46.044+0000] {processor.py:183} INFO - Processing /opt/airflow/dags/warehouse_dag.py took 0.381 seconds
[2026-09-17T11:13:16.270+0000] {processor.py:161} INFO - Started process (PID=467) to work on /opt/airflow/dags/warehouse_dag.py
[2026-09-17T11:13:16.272+0000] {processor.py:830} INFO - Processing file /opt/airflow/dags/warehouse_dag.py for tasks to queue
[2026-09-17T11:13:16.275+0000] {logging_mixin.py:188} INFO - [2026-09-17T11:13:16.275+0000] {dagbag.py:545} INFO - Filling up the DagBag from /opt/airflow/dags/warehouse_dag.py
[2026-09-17T11:13:16.601+0000] {processor.py:840} INFO - DAG(s) 'youtube_warehouse' retrieved from /opt/airflow/dags/warehouse_dag.py
[2026-09-17T11:13:16.637+0000] {logging_mixin.py:188} INFO - [2026-09-17T11:13:16.636+0000] {dag.py:3096} INFO - Sync 1 DAGs
[2026-09-17T11:13:16.652+0000] {logging_mixin.py:188} INFO - [2026-09-17T11:13:16.652+0000] {dag.py:3954} INFO - Setting next_dagrun for youtube_warehouse to None, run_after=None
[2026-09-17T11:13:16.691+0000] {processor.py:183} INFO - Processing /opt/airflow/dags/warehouse_dag.py took 0.427 seconds
[2026-09-17T11:13:47.017+0000] {processor.py:161} INFO - Started process (PID=476) to work on /opt/airflow/dags/warehouse_dag.py
[2026-09-17T11:13:47.019+0000] {processor.py:830} INFO - Processing file /opt/airflow/dags/warehouse_dag.py for tasks to queue
[2026-09-17T11:13:47.023+0000] {logging_mixin.py:188} INFO - [2026-09-17T11:13:47.023+0000] {dagbag.py:545} INFO - Filling up the DagBag from /opt/airflow/dags/warehouse_dag.py
[2026-09-17T11:13:47.365+0000] {processor.py:840} INFO - DAG(s) 'youtube_warehouse' retrieved from /opt/airflow/dags/warehouse_dag.py
[2026-09-17T11:13:47.398+0000] {logging_mixin.py:188} INFO - [2026-09-17T11:13:47.397+0000] {dag.py:3096} INFO - Sync 1 DAGs
[2026-09-17T11:13:47.415+0000] {logging_mixin.py:188} INFO - [2026-09-17T11:13:47.415+0000] {dag.py:3954} INFO - Setting next_dagrun for youtube_warehouse to None, run_after=None
[2026-09-17T11:13:47.446+0000] {processor.py:183} INFO - Processing /opt/airflow/dags/warehouse_dag.py took 0.437 seconds
[2026-09-17T11:14:17.594+0000] {processor.py:161} INFO - Started process (PID=485) to work on /opt/airflow/dags/warehouse_dag.py
[2026-09-17T11:14:17.598+0000] {processor.py:830} INFO - Processing file /opt/airflow/dags/warehouse_dag.py for tasks to queue
[2026-09-17T11:14:17.606+0000] {logging_mixin.py:188} INFO - [2026-09-17T11:14:17.606+0000] {dagbag.py:545} INFO - Filling up the DagBag from /opt/airflow/dags/warehouse_dag.py
[2026-09-17T11:14:18.284+0000] {processor.py:840} INFO - DAG(s) 'youtube_warehouse' retrieved from /opt/airflow/dags/warehouse_dag.py
[2026-09-17T11:14:18.350+0000] {logging_mixin.py:188} INFO - [2026-09-17T11:14:18.349+0000] {dag.py:3096} INFO - Sync 1 DAGs
[2026-09-17T11:14:18.377+0000] {logging_mixin.py:188} INFO - [2026-09-17T11:14:18.376+0000] {dag.py:3954} INFO - Setting next_dagrun for youtube_warehouse to None, run_after=None
[2026-09-17T11:14:18.427+0000] {processor.py:183} INFO - Processing /opt/airflow/dags/warehouse_dag.py took 0.856 seconds
[2026-09-17T11:14:48.793+0000] {processor.py:161} INFO - Started process (PID=494) to work on /opt/airflow/dags/warehouse_dag.py
[2026-09-17T11:14:48.795+0000] {processor.py:830} INFO - Processing file /opt/airflow/dags/warehouse_dag.py for tasks to queue
[2026-09-17T11:14:48.799+0000] {logging_mixin.py:188} INFO - [2026-09-17T11:14:48.798+0000] {dagbag.py:545} INFO - Filling up the DagBag from /opt/airflow/dags/warehouse_dag.py
[2026-09-17T11:14:49.130+0000] {processor.py:840} INFO - DAG(s) 'youtube_warehouse' retrieved from /opt/airflow/dags/warehouse_dag.py
[2026-09-17T11:14:49.155+0000] {logging_mixin.py:188} INFO - [2026-09-17T11:14:49.155+0000] {dag.py:3096} INFO - Sync 1 DAGs
[2026-09-17T11:14:49.166+0000] {logging_mixin.py:188} INFO - [2026-09-17T11:14:49.166+0000] {dag.py:3954} INFO - Setting next_dagrun for youtube_warehouse to None, run_after=None
[2026-09-17T11:14:49.206+0000] {processor.py:183} INFO - Processing /opt/airflow/dags/warehouse_dag.py took 0.418 seconds
[2026-09-17T11:15:19.568+0000] {processor.py:161} INFO - Started process (PID=503) to work on /opt/airflow/dags/warehouse_dag.py
[2026-09-17T11:15:19.569+0000] {processor.py:830} INFO - Processing file /opt/airflow/dags/warehouse_dag.py for tasks to queue
[2026-09-17T11:15:19.573+0000] {logging_mixin.py:188} INFO - [2026-09-17T11:15:19.572+0000] {dagbag.py:545} INFO - Filling up the DagBag from /opt/airflow/dags/warehouse_dag.py
[2026-09-17T11:15:19.956+0000] {processor.py:840} INFO - DAG(s) 'youtube_warehouse' retrieved from /opt/airflow/dags/warehouse_dag.py
[2026-09-17T11:15:19.982+0000] {logging_mixin.py:188} INFO - [2026-09-17T11:15:19.981+0000] {dag.py:3096} INFO - Sync 1 DAGs
[2026-09-17T11:15:20.002+0000] {logging_mixin.py:188} INFO - [2026-09-17T11:15:20.002+0000] {dag.py:3954} INFO - Setting next_dagrun for youtube_warehouse to None, run_after=None
[2026-09-17T11:15:20.027+0000] {processor.py:183} INFO - Processing /opt/airflow/dags/warehouse_dag.py took 0.465 seconds
[2026-09-17T11:15:50.099+0000] {processor.py:161} INFO - Started process (PID=512) to work on /opt/airflow/dags/warehouse_dag.py
[2026-09-17T11:15:50.102+0000] {processor.py:830} INFO - Processing file /opt/airflow/dags/warehouse_dag.py for tasks to queue
[2026-09-17T11:15:50.106+0000] {logging_mixin.py:188} INFO - [2026-09-17T11:15:50.106+0000] {dagbag.py:545} INFO - Filling up the DagBag from /opt/airflow/dags/warehouse_dag.py
[2026-09-17T11:15:50.492+0000] {processor.py:840} INFO - DAG(s) 'youtube_warehouse' retrieved from /opt/airflow/dags/warehouse_dag.py
[2026-09-17T11:15:50.519+0000] {logging_mixin.py:188} INFO - [2026-09-17T11:15:50.518+0000] {dag.py:3096} INFO - Sync 1 DAGs
[2026-09-17T11:15:50.532+0000] {logging_mixin.py:188} INFO - [2026-09-17T11:15:50.532+0000] {dag.py:3954} INFO - Setting next_dagrun for youtube_warehouse to None, run_after=None
[2026-09-17T11:15:50.555+0000] {processor.py:183} INFO - Processing /opt/airflow/dags/warehouse_dag.py took 0.463 seconds
[2026-09-17T11:16:20.696+0000] {processor.py:161} INFO - Started process (PID=521) to work on /opt/airflow/dags/warehouse_dag.py
[2026-09-17T11:16:20.699+0000] {processor.py:830} INFO - Processing file /opt/airflow/dags/warehouse_dag.py for tasks to queue
[2026-09-17T11:16:20.706+0000] {logging_mixin.py:188} INFO - [2026-09-17T11:16:20.704+0000] {dagbag.py:545} INFO - Filling up the DagBag from /opt/airflow/dags/warehouse_dag.py
[2026-09-17T11:16:21.015+0000] {processor.py:840} INFO - DAG(s) 'youtube_warehouse' retrieved from /opt/airflow/dags/warehouse_dag.py
[2026-09-17T11:16:21.040+0000] {logging_mixin.py:188} INFO - [2026-09-17T11:16:21.040+0000] {dag.py:3096} INFO - Sync 1 DAGs
[2026-09-17T11:16:21.051+0000] {logging_mixin.py:188} INFO - [2026-09-17T11:16:21.051+0000] {dag.py:3954} INFO - Setting next_dagrun for youtube_warehouse to None, run_after=None
[2026-09-17T11:16:21.110+0000] {processor.py:183} INFO - Processing /opt/airflow/dags/warehouse_dag.py took 0.423 seconds
[2026-09-17T11:16:51.275+0000] {processor.py:161} INFO - Started process (PID=530) to work on /opt/airflow/dags/warehouse_dag.py
[2026-09-17T11:16:51.278+0000] {processor.py:830} INFO - Processing file /opt/airflow/dags/warehouse_dag.py for tasks to queue
[2026-09-17T11:16:51.280+0000] {logging_mixin.py:188} INFO - [2026-09-17T11:16:51.280+0000] {dagbag.py:545} INFO - Filling up the DagBag from /opt/airflow/dags/warehouse_dag.py
[2026-09-17T11:16:51.645+0000] {processor.py:840} INFO - DAG(s) 'youtube_warehouse' retrieved from /opt/airflow/dags/warehouse_dag.py
[2026-09-17T11:16:51.672+0000] {logging_mixin.py:188} INFO - [2026-09-17T11:16:51.671+0000] {dag.py:3096} INFO - Sync 1 DAGs
[2026-09-17T11:16:51.684+0000] {logging_mixin.py:188} INFO - [2026-09-17T11:16:51.684+0000] {dag.py:3954} INFO - Setting next_dagrun for youtube_warehouse to None, run_after=None
[2026-09-17T11:16:51.728+0000] {processor.py:183} INFO - Processing /opt/airflow/dags/warehouse_dag.py took 0.459 seconds
[2026-09-17T11:17:21.818+0000] {processor.py:161} INFO - Started process (PID=539) to work on /opt/airflow/dags/warehouse_dag.py
[2026-09-17T11:17:21.820+0000] {processor.py:830} INFO - Processing file /opt/airflow/dags/warehouse_dag.py for tasks to queue
[2026-09-17T11:17:21.823+0000] {logging_mixin.py:188} INFO - [2026-09-17T11:17:21.822+0000] {dagbag.py:545} INFO - Filling up the DagBag from /opt/airflow/dags/warehouse_dag.py
[2026-09-17T11:17:22.141+0000] {processor.py:840} INFO - DAG(s) 'youtube_warehouse' retrieved from /opt/airflow/dags/warehouse_dag.py
[2026-09-17T11:17:22.177+0000] {logging_mixin.py:188} INFO - [2026-09-17T11:17:22.176+0000] {dag.py:3096} INFO - Sync 1 DAGs
[2026-09-17T11:17:22.188+0000] {logging_mixin.py:188} INFO - [2026-09-17T11:17:22.188+0000] {dag.py:3954} INFO - Setting next_dagrun for youtube_warehouse to None, run_after=None
[2026-09-17T11:17:22.212+0000] {processor.py:183} INFO - Processing /opt/airflow/dags/warehouse_dag.py took 0.400 seconds
[2026-09-17T11:17:52.596+0000] {processor.py:161} INFO - Started process (PID=548) to work on /opt/airflow/dags/warehouse_dag.py
[2026-09-17T11:17:52.604+0000] {processor.py:830} INFO - Processing file /opt/airflow/dags/warehouse_dag.py for tasks to queue
[2026-09-17T11:17:52.609+0000] {logging_mixin.py:188} INFO - [2026-09-17T11:17:52.609+0000] {dagbag.py:545} INFO - Filling up the DagBag from /opt/airflow/dags/warehouse_dag.py
[2026-09-17T11:17:53.037+0000] {processor.py:840} INFO - DAG(s) 'youtube_warehouse' retrieved from /opt/airflow/dags/warehouse_dag.py
[2026-09-17T11:17:53.075+0000] {logging_mixin.py:188} INFO - [2026-09-17T11:17:53.075+0000] {dag.py:3096} INFO - Sync 1 DAGs
[2026-09-17T11:17:53.092+0000] {logging_mixin.py:188} INFO - [2026-09-17T11:17:53.092+0000] {dag.py:3954} INFO - Setting next_dagrun for youtube_warehouse to None, run_after=None
[2026-09-17T11:17:53.128+0000] {processor.py:183} INFO - Processing /opt/airflow/dags/warehouse_dag.py took 0.544 seconds
[2026-09-17T11:18:23.347+0000] {processor.py:161} INFO - Started process (PID=557) to work on /opt/airflow/dags/warehouse_dag.py
[2026-09-17T11:18:23.350+0000] {processor.py:830} INFO - Processing file /opt/airflow/dags/warehouse_dag.py for tasks to queue
[2026-09-17T11:18:23.355+0000] {logging_mixin.py:188} INFO - [2026-09-17T11:18:23.353+0000] {dagbag.py:545} INFO - Filling up the DagBag from /opt/airflow/dags/warehouse_dag.py
[2026-09-17T11:18:23.817+0000] {processor.py:840} INFO - DAG(s) 'youtube_warehouse' retrieved from /opt/airflow/dags/warehouse_dag.py
[2026-09-17T11:18:23.850+0000] {logging_mixin.py:188} INFO - [2026-09-17T11:18:23.849+0000] {dag.py:3096} INFO - Sync 1 DAGs
[2026-09-17T11:18:23.864+0000] {logging_mixin.py:188} INFO - [2026-09-17T11:18:23.864+0000] {dag.py:3954} INFO - Setting next_dagrun for youtube_warehouse to None, run_after=None
[2026-09-17T11:18:23.911+0000] {processor.py:183} INFO - Processing /opt/airflow/dags/warehouse_dag.py took 0.576 seconds
[2026-09-17T11:18:54.744+0000] {processor.py:161} INFO - Started process (PID=566) to work on /opt/airflow/dags/warehouse_dag.py
[2026-09-17T11:18:54.747+0000] {processor.py:830} INFO - Processing file /opt/airflow/dags/warehouse_dag.py for tasks to queue
[2026-09-17T11:18:54.750+0000] {logging_mixin.py:188} INFO - [2026-09-17T11:18:54.750+0000] {dagbag.py:545} INFO - Filling up the DagBag from /opt/airflow/dags/warehouse_dag.py
[2026-09-17T11:18:55.078+0000] {processor.py:840} INFO - DAG(s) 'youtube_warehouse' retrieved from /opt/airflow/dags/warehouse_dag.py
[2026-09-17T11:18:55.103+0000] {logging_mixin.py:188} INFO - [2026-09-17T11:18:55.103+0000] {dag.py:3096} INFO - Sync 1 DAGs
[2026-09-17T11:18:55.117+0000] {logging_mixin.py:188} INFO - [2026-09-17T11:18:55.117+0000] {dag.py:3954} INFO - Setting next_dagrun for youtube_warehouse to None, run_after=None
[2026-09-17T11:18:55.155+0000] {processor.py:183} INFO - Processing /opt/airflow/dags/warehouse_dag.py took 0.419 seconds
[2026-09-17T11:19:25.573+0000] {processor.py:161} INFO - Started process (PID=576) to work on /opt/airflow/dags/warehouse_dag.py
[2026-09-17T11:19:25.585+0000] {processor.py:830} INFO - Processing file /opt/airflow/dags/warehouse_dag.py for tasks to queue
[2026-09-17T11:19:25.589+0000] {logging_mixin.py:188} INFO - [2026-09-17T11:19:25.588+0000] {dagbag.py:545} INFO - Filling up the DagBag from /opt/airflow/dags/warehouse_dag.py
[2026-09-17T11:19:26.397+0000] {processor.py:840} INFO - DAG(s) 'youtube_warehouse' retrieved from /opt/airflow/dags/warehouse_dag.py
[2026-09-17T11:19:26.432+0000] {logging_mixin.py:188} INFO - [2026-09-17T11:19:26.432+0000] {dag.py:3096} INFO - Sync 1 DAGs
[2026-09-17T11:19:26.448+0000] {logging_mixin.py:188} INFO - [2026-09-17T11:19:26.448+0000] {dag.py:3954} INFO - Setting next_dagrun for youtube_warehouse to None, run_after=None
[2026-09-17T11:19:26.515+0000] {processor.py:183} INFO - Processing /opt/airflow/dags/warehouse_dag.py took 0.947 seconds
[2026-09-17T11:19:56.957+0000] {processor.py:161} INFO - Started process (PID=585) to work on /opt/airflow/dags/warehouse_dag.py
[2026-09-17T11:19:56.961+0000] {processor.py:830} INFO - Processing file /opt/airflow/dags/warehouse_dag.py for tasks to queue
[2026-09-17T11:19:56.966+0000] {logging_mixin.py:188} INFO - [2026-09-17T11:19:56.966+0000] {dagbag.py:545} INFO - Filling up the DagBag from /opt/airflow/dags/warehouse_dag.py
[2026-09-17T11:19:57.371+0000] {processor.py:840} INFO - DAG(s) 'youtube_warehouse' retrieved from /opt/airflow/dags/warehouse_dag.py
[2026-09-17T11:19:57.403+0000] {logging_mixin.py:188} INFO - [2026-09-17T11:19:57.402+0000] {dag.py:3096} INFO - Sync 1 DAGs
[2026-09-17T11:19:57.417+0000] {logging_mixin.py:188} INFO - [2026-09-17T11:19:57.417+0000] {dag.py:3954} INFO - Setting next_dagrun for youtube_warehouse to None, run_after=None
[2026-09-17T11:19:57.451+0000] {processor.py:183} INFO - Processing /opt/airflow/dags/warehouse_dag.py took 0.501 seconds
[2026-09-17T11:20:27.821+0000] {processor.py:161} INFO - Started process (PID=594) to work on /opt/airflow/dags/warehouse_dag.py
[2026-09-17T11:20:27.824+0000] {processor.py:830} INFO - Processing file /opt/airflow/dags/warehouse_dag.py for tasks to queue
[2026-09-17T11:20:27.828+0000] {logging_mixin.py:188} INFO - [2026-09-17T11:20:27.828+0000] {dagbag.py:545} INFO - Filling up the DagBag from /opt/airflow/dags/warehouse_dag.py
[2026-09-17T11:20:28.154+0000] {processor.py:840} INFO - DAG(s) 'youtube_warehouse' retrieved from /opt/airflow/dags/warehouse_dag.py
[2026-09-17T11:20:28.180+0000] {logging_mixin.py:188} INFO - [2026-09-17T11:20:28.179+0000] {dag.py:3096} INFO - Sync 1 DAGs
[2026-09-17T11:20:28.191+0000] {logging_mixin.py:188} INFO - [2026-09-17T11:20:28.191+0000] {dag.py:3954} INFO - Setting next_dagrun for youtube_warehouse to None, run_after=None
[2026-09-17T11:20:28.216+0000] {processor.py:183} INFO - Processing /opt/airflow/dags/warehouse_dag.py took 0.400 seconds
[2026-09-17T11:20:58.614+0000] {processor.py:161} INFO - Started process (PID=602) to work on /opt/airflow/dags/warehouse_dag.py
[2026-09-17T11:20:58.617+0000] {processor.py:830} INFO - Processing file /opt/airflow/dags/warehouse_dag.py for tasks to queue
[2026-09-17T11:20:58.620+0000] {logging_mixin.py:188} INFO - [2026-09-17T11:20:58.619+0000] {dagbag.py:545} INFO - Filling up the DagBag from /opt/airflow/dags/warehouse_dag.py
[2026-09-17T11:20:58.940+0000] {processor.py:840} INFO - DAG(s) 'youtube_warehouse' retrieved from /opt/airflow/dags/warehouse_dag.py
[2026-09-17T11:20:58.967+0000] {logging_mixin.py:188} INFO - [2026-09-17T11:20:58.966+0000] {dag.py:3096} INFO - Sync 1 DAGs
[2026-09-17T11:20:58.978+0000] {logging_mixin.py:188} INFO - [2026-09-17T11:20:58.977+0000] {dag.py:3954} INFO - Setting next_dagrun for youtube_warehouse to None, run_after=None
[2026-09-17T11:20:59.018+0000] {processor.py:183} INFO - Processing /opt/airflow/dags/warehouse_dag.py took 0.409 seconds
[2026-09-17T11:21:29.234+0000] {processor.py:161} INFO - Started process (PID=612) to work on /opt/airflow/dags/warehouse_dag.py
[2026-09-17T11:21:29.236+0000] {processor.py:830} INFO - Processing file /opt/airflow/dags/warehouse_dag.py for tasks to queue
[2026-09-17T11:21:29.239+0000] {logging_mixin.py:188} INFO - [2026-09-17T11:21:29.238+0000] {dagbag.py:545} INFO - Filling up the DagBag from /opt/airflow/dags/warehouse_dag.py
[2026-09-17T11:21:29.584+0000] {processor.py:840} INFO - DAG(s) 'youtube_warehouse' retrieved from /opt/airflow/dags/warehouse_dag.py
[2026-09-17T11:21:29.622+0000] {logging_mixin.py:188} INFO - [2026-09-17T11:21:29.621+0000] {dag.py:3096} INFO - Sync 1 DAGs
[2026-09-17T11:21:29.635+0000] {logging_mixin.py:188} INFO - [2026-09-17T11:21:29.634+0000] {dag.py:3954} INFO - Setting next_dagrun for youtube_warehouse to None, run_after=None
[2026-09-17T11:21:29.685+0000] {processor.py:183} INFO - Processing /opt/airflow/dags/warehouse_dag.py took 0.457 seconds
[2026-09-17T11:22:00.116+0000] {processor.py:161} INFO - Started process (PID=621) to work on /opt/airflow/dags/warehouse_dag.py
[2026-09-17T11:22:00.118+0000] {processor.py:830} INFO - Processing file /opt/airflow/dags/warehouse_dag.py for tasks to queue
[2026-09-17T11:22:00.125+0000] {logging_mixin.py:188} INFO - [2026-09-17T11:22:00.124+0000] {dagbag.py:545} INFO - Filling up the DagBag from /opt/airflow/dags/warehouse_dag.py
[2026-09-17T11:22:00.448+0000] {processor.py:840} INFO - DAG(s) 'youtube_warehouse' retrieved from /opt/airflow/dags/warehouse_dag.py
[2026-09-17T11:22:00.494+0000] {logging_mixin.py:188} INFO - [2026-09-17T11:22:00.494+0000] {dag.py:3096} INFO - Sync 1 DAGs
[2026-09-17T11:22:00.505+0000] {logging_mixin.py:188} INFO - [2026-09-17T11:22:00.505+0000] {dag.py:3954} INFO - Setting next_dagrun for youtube_warehouse to None, run_after=None
[2026-09-17T11:22:00.542+0000] {processor.py:183} INFO - Processing /opt/airflow/dags/warehouse_dag.py took 0.432 seconds
[2026-09-17T11:22:13.746+0000] {processor.py:161} INFO - Started process (PID=629) to work on /opt/airflow/dags/warehouse_dag.py
[2026-09-17T11:22:13.748+0000] {processor.py:830} INFO - Processing file /opt/airflow/dags/warehouse_dag.py for tasks to queue
[2026-09-17T11:22:13.750+0000] {logging_mixin.py:188} INFO - [2026-09-17T11:22:13.750+0000] {dagbag.py:545} INFO - Filling up the DagBag from /opt/airflow/dags/warehouse_dag.py
[2026-09-17T11:22:14.200+0000] {processor.py:840} INFO - DAG(s) 'youtube_warehouse' retrieved from /opt/airflow/dags/warehouse_dag.py
[2026-09-17T11:22:14.226+0000] {logging_mixin.py:188} INFO - [2026-09-17T11:22:14.225+0000] {dag.py:3096} INFO - Sync 1 DAGs
[2026-09-17T11:22:14.239+0000] {logging_mixin.py:188} INFO - [2026-09-17T11:22:14.239+0000] {dag.py:3954} INFO - Setting next_dagrun for youtube_warehouse to None, run_after=None
[2026-09-17T11:22:14.275+0000] {processor.py:183} INFO - Processing /opt/airflow/dags/warehouse_dag.py took 0.536 seconds
[2026-09-17T11:22:37.569+0000] {processor.py:161} INFO - Started process (PID=638) to work on /opt/airflow/dags/warehouse_dag.py
[2026-09-17T11:22:37.572+0000] {processor.py:830} INFO - Processing file /opt/airflow/dags/warehouse_dag.py for tasks to queue
[2026-09-17T11:22:37.576+0000] {logging_mixin.py:188} INFO - [2026-09-17T11:22:37.576+0000] {dagbag.py:545} INFO - Filling up the DagBag from /opt/airflow/dags/warehouse_dag.py
[2026-09-17T11:22:37.937+0000] {processor.py:840} INFO - DAG(s) 'youtube_warehouse' retrieved from /opt/airflow/dags/warehouse_dag.py
[2026-09-17T11:22:37.961+0000] {logging_mixin.py:188} INFO - [2026-09-17T11:22:37.961+0000] {dag.py:3096} INFO - Sync 1 DAGs
[2026-09-17T11:22:37.978+0000] {logging_mixin.py:188} INFO - [2026-09-17T11:22:37.978+0000] {dag.py:3954} INFO - Setting next_dagrun for youtube_warehouse to None, run_after=None
[2026-09-17T11:22:38.026+0000] {processor.py:183} INFO - Processing /opt/airflow/dags/warehouse_dag.py took 0.467 seconds
[2026-09-17T11:22:45.996+0000] {processor.py:161} INFO - Started process (PID=640) to work on /opt/airflow/dags/warehouse_dag.py
[2026-09-17T11:22:45.998+0000] {processor.py:830} INFO - Processing file /opt/airflow/dags/warehouse_dag.py for tasks to queue
[2026-09-17T11:22:46.002+0000] {logging_mixin.py:188} INFO - [2026-09-17T11:22:46.002+0000] {dagbag.py:545} INFO - Filling up the DagBag from /opt/airflow/dags/warehouse_dag.py
[2026-09-17T11:22:46.398+0000] {processor.py:840} INFO - DAG(s) 'youtube_warehouse' retrieved from /opt/airflow/dags/warehouse_dag.py
[2026-09-17T11:22:46.420+0000] {logging_mixin.py:188} INFO - [2026-09-17T11:22:46.420+0000] {dag.py:3096} INFO - Sync 1 DAGs
[2026-09-17T11:22:46.433+0000] {logging_mixin.py:188} INFO - [2026-09-17T11:22:46.433+0000] {dag.py:3954} INFO - Setting next_dagrun for youtube_warehouse to None, run_after=None
[2026-09-17T11:22:46.486+0000] {processor.py:183} INFO - Processing /opt/airflow/dags/warehouse_dag.py took 0.497 seconds
[2026-09-17T11:22:47.231+0000] {processor.py:161} INFO - Started process (PID=642) to work on /opt/airflow/dags/warehouse_dag.py
[2026-09-17T11:22:47.234+0000] {processor.py:830} INFO - Processing file /opt/airflow/dags/warehouse_dag.py for tasks to queue
[2026-09-17T11:22:47.237+0000] {logging_mixin.py:188} INFO - [2026-09-17T11:22:47.236+0000] {dagbag.py:545} INFO - Filling up the DagBag from /opt/airflow/dags/warehouse_dag.py
[2026-09-17T11:22:47.670+0000] {processor.py:840} INFO - DAG(s) 'youtube_warehouse' retrieved from /opt/airflow/dags/warehouse_dag.py
[2026-09-17T11:22:47.689+0000] {logging_mixin.py:188} INFO - [2026-09-17T11:22:47.689+0000] {dag.py:3096} INFO - Sync 1 DAGs
[2026-09-17T11:22:47.702+0000] {logging_mixin.py:188} INFO - [2026-09-17T11:22:47.701+0000] {dag.py:3954} INFO - Setting next_dagrun for youtube_warehouse to None, run_after=None
[2026-09-17T11:22:47.749+0000] {processor.py:183} INFO - Processing /opt/airflow/dags/warehouse_dag.py took 0.527 seconds
[2026-09-17T11:23:18.161+0000] {processor.py:161} INFO - Started process (PID=651) to work on /opt/airflow/dags/warehouse_dag.py
[2026-09-17T11:23:18.164+0000] {processor.py:830} INFO - Processing file /opt/airflow/dags/warehouse_dag.py for tasks to queue
[2026-09-17T11:23:18.170+0000] {logging_mixin.py:188} INFO - [2026-09-17T11:23:18.170+0000] {dagbag.py:545} INFO - Filling up the DagBag from /opt/airflow/dags/warehouse_dag.py
[2026-09-17T11:23:18.550+0000] {processor.py:840} INFO - DAG(s) 'youtube_warehouse' retrieved from /opt/airflow/dags/warehouse_dag.py
[2026-09-17T11:23:18.568+0000] {logging_mixin.py:188} INFO - [2026-09-17T11:23:18.568+0000] {dag.py:3096} INFO - Sync 1 DAGs
[2026-09-17T11:23:18.579+0000] {logging_mixin.py:188} INFO - [2026-09-17T11:23:18.579+0000] {dag.py:3954} INFO - Setting next_dagrun for youtube_warehouse to None, run_after=None
[2026-09-17T11:23:18.622+0000] {processor.py:183} INFO - Processing /opt/airflow/dags/warehouse_dag.py took 0.473 seconds
[2026-09-17T11:23:48.898+0000] {processor.py:161} INFO - Started process (PID=661) to work on /opt/airflow/dags/warehouse_dag.py
[2026-09-17T11:23:48.900+0000] {processor.py:830} INFO - Processing file /opt/airflow/dags/warehouse_dag.py for tasks to queue
[2026-09-17T11:23:48.903+0000] {logging_mixin.py:188} INFO - [2026-09-17T11:23:48.903+0000] {dagbag.py:545} INFO - Filling up the DagBag from /opt/airflow/dags/warehouse_dag.py
[2026-09-17T11:23:49.219+0000] {processor.py:840} INFO - DAG(s) 'youtube_warehouse' retrieved from /opt/airflow/dags/warehouse_dag.py
[2026-09-17T11:23:49.254+0000] {logging_mixin.py:188} INFO - [2026-09-17T11:23:49.254+0000] {dag.py:3096} INFO - Sync 1 DAGs
[2026-09-17T11:23:49.265+0000] {logging_mixin.py:188} INFO - [2026-09-17T11:23:49.265+0000] {dag.py:3954} INFO - Setting next_dagrun for youtube_warehouse to None, run_after=None
[2026-09-17T11:23:49.292+0000] {processor.py:183} INFO - Processing /opt/airflow/dags/warehouse_dag.py took 0.400 seconds
[2026-09-17T11:24:19.440+0000] {processor.py:161} INFO - Started process (PID=670) to work on /opt/airflow/dags/warehouse_dag.py
[2026-09-17T11:24:19.443+0000] {processor.py:830} INFO - Processing file /opt/airflow/dags/warehouse_dag.py for tasks to queue
[2026-09-17T11:24:19.446+0000] {logging_mixin.py:188} INFO - [2026-09-17T11:24:19.446+0000] {dagbag.py:545} INFO - Filling up the DagBag from /opt/airflow/dags/warehouse_dag.py
[2026-09-17T11:24:19.821+0000] {processor.py:840} INFO - DAG(s) 'youtube_warehouse' retrieved from /opt/airflow/dags/warehouse_dag.py
[2026-09-17T11:24:19.853+0000] {logging_mixin.py:188} INFO - [2026-09-17T11:24:19.853+0000] {dag.py:3096} INFO - Sync 1 DAGs
[2026-09-17T11:24:19.867+0000] {logging_mixin.py:188} INFO - [2026-09-17T11:24:19.867+0000] {dag.py:3954} INFO - Setting next_dagrun for youtube_warehouse to None, run_after=None
[2026-09-17T11:24:19.902+0000] {processor.py:183} INFO - Processing /opt/airflow/dags/warehouse_dag.py took 0.470 seconds
[2026-09-17T11:24:50.128+0000] {processor.py:161} INFO - Started process (PID=679) to work on /opt/airflow/dags/warehouse_dag.py
[2026-09-17T11:24:50.131+0000] {processor.py:830} INFO - Processing file /opt/airflow/dags/warehouse_dag.py for tasks to queue
[2026-09-17T11:24:50.135+0000] {logging_mixin.py:188} INFO - [2026-09-17T11:24:50.134+0000] {dagbag.py:545} INFO - Filling up the DagBag from /opt/airflow/dags/warehouse_dag.py
[2026-09-17T11:24:50.560+0000] {processor.py:840} INFO - DAG(s) 'youtube_warehouse' retrieved from /opt/airflow/dags/warehouse_dag.py
[2026-09-17T11:24:50.612+0000] {logging_mixin.py:188} INFO - [2026-09-17T11:24:50.612+0000] {dag.py:3096} INFO - Sync 1 DAGs
[2026-09-17T11:24:50.625+0000] {logging_mixin.py:188} INFO - [2026-09-17T11:24:50.624+0000] {dag.py:3954} INFO - Setting next_dagrun for youtube_warehouse to None, run_after=None
[2026-09-17T11:24:50.652+0000] {processor.py:183} INFO - Processing /opt/airflow/dags/warehouse_dag.py took 0.537 seconds
[2026-09-17T11:25:20.782+0000] {processor.py:161} INFO - Started process (PID=688) to work on /opt/airflow/dags/warehouse_dag.py
[2026-09-17T11:25:20.784+0000] {processor.py:830} INFO - Processing file /opt/airflow/dags/warehouse_dag.py for tasks to queue
[2026-09-17T11:25:20.788+0000] {logging_mixin.py:188} INFO - [2026-09-17T11:25:20.788+0000] {dagbag.py:545} INFO - Filling up the DagBag from /opt/airflow/dags/warehouse_dag.py
[2026-09-17T11:25:21.151+0000] {processor.py:840} INFO - DAG(s) 'youtube_warehouse' retrieved from /opt/airflow/dags/warehouse_dag.py
[2026-09-17T11:25:21.172+0000] {logging_mixin.py:188} INFO - [2026-09-17T11:25:21.172+0000] {dag.py:3096} INFO - Sync 1 DAGs
[2026-09-17T11:25:21.183+0000] {logging_mixin.py:188} INFO - [2026-09-17T11:25:21.183+0000] {dag.py:3954} INFO - Setting next_dagrun for youtube_warehouse to None, run_after=None
[2026-09-17T11:25:21.229+0000] {processor.py:183} INFO - Processing /opt/airflow/dags/warehouse_dag.py took 0.452 seconds
[2026-09-17T11:25:51.556+0000] {processor.py:161} INFO - Started process (PID=697) to work on /opt/airflow/dags/warehouse_dag.py
[2026-09-17T11:25:51.559+0000] {processor.py:830} INFO - Processing file /opt/airflow/dags/warehouse_dag.py for tasks to queue
[2026-09-17T11:25:51.564+0000] {logging_mixin.py:188} INFO - [2026-09-17T11:25:51.563+0000] {dagbag.py:545} INFO - Filling up the DagBag from /opt/airflow/dags/warehouse_dag.py
[2026-09-17T11:25:51.879+0000] {processor.py:840} INFO - DAG(s) 'youtube_warehouse' retrieved from /opt/airflow/dags/warehouse_dag.py
[2026-09-17T11:25:51.900+0000] {logging_mixin.py:188} INFO - [2026-09-17T11:25:51.900+0000] {dag.py:3096} INFO - Sync 1 DAGs
[2026-09-17T11:25:51.915+0000] {logging_mixin.py:188} INFO - [2026-09-17T11:25:51.915+0000] {dag.py:3954} INFO - Setting next_dagrun for youtube_warehouse to None, run_after=None
[2026-09-17T11:25:51.936+0000] {processor.py:183} INFO - Processing /opt/airflow/dags/warehouse_dag.py took 0.386 seconds
[2026-09-17T11:26:22.202+0000] {processor.py:161} INFO - Started process (PID=706) to work on /opt/airflow/dags/warehouse_dag.py
[2026-09-17T11:26:22.205+0000] {processor.py:830} INFO - Processing file /opt/airflow/dags/warehouse_dag.py for tasks to queue
[2026-09-17T11:26:22.207+0000] {logging_mixin.py:188} INFO - [2026-09-17T11:26:22.207+0000] {dagbag.py:545} INFO - Filling up the DagBag from /opt/airflow/dags/warehouse_dag.py
[2026-09-17T11:26:22.471+0000] {processor.py:840} INFO - DAG(s) 'youtube_warehouse' retrieved from /opt/airflow/dags/warehouse_dag.py
[2026-09-17T11:26:22.491+0000] {logging_mixin.py:188} INFO - [2026-09-17T11:26:22.491+0000] {dag.py:3096} INFO - Sync 1 DAGs
[2026-09-17T11:26:22.503+0000] {logging_mixin.py:188} INFO - [2026-09-17T11:26:22.502+0000] {dag.py:3954} INFO - Setting next_dagrun for youtube_warehouse to None, run_after=None
[2026-09-17T11:26:22.527+0000] {processor.py:183} INFO - Processing /opt/airflow/dags/warehouse_dag.py took 0.331 seconds
[2026-09-17T11:26:52.673+0000] {processor.py:161} INFO - Started process (PID=715) to work on /opt/airflow/dags/warehouse_dag.py
[2026-09-17T11:26:52.676+0000] {processor.py:830} INFO - Processing file /opt/airflow/dags/warehouse_dag.py for tasks to queue
[2026-09-17T11:26:52.680+0000] {logging_mixin.py:188} INFO - [2026-09-17T11:26:52.679+0000] {dagbag.py:545} INFO - Filling up the DagBag from /opt/airflow/dags/warehouse_dag.py
[2026-09-17T11:26:53.024+0000] {processor.py:840} INFO - DAG(s) 'youtube_warehouse' retrieved from /opt/airflow/dags/warehouse_dag.py
[2026-09-17T11:26:53.044+0000] {logging_mixin.py:188} INFO - [2026-09-17T11:26:53.043+0000] {dag.py:3096} INFO - Sync 1 DAGs
[2026-09-17T11:26:53.056+0000] {logging_mixin.py:188} INFO - [2026-09-17T11:26:53.056+0000] {dag.py:3954} INFO - Setting next_dagrun for youtube_warehouse to None, run_after=None
[2026-09-17T11:26:53.080+0000] {processor.py:183} INFO - Processing /opt/airflow/dags/warehouse_dag.py took 0.416 seconds
[2026-09-17T11:27:23.269+0000] {processor.py:161} INFO - Started process (PID=724) to work on /opt/airflow/dags/warehouse_dag.py
[2026-09-17T11:27:23.271+0000] {processor.py:830} INFO - Processing file /opt/airflow/dags/warehouse_dag.py for tasks to queue
[2026-09-17T11:27:23.274+0000] {logging_mixin.py:188} INFO - [2026-09-17T11:27:23.274+0000] {dagbag.py:545} INFO - Filling up the DagBag from /opt/airflow/dags/warehouse_dag.py
[2026-09-17T11:27:23.584+0000] {processor.py:840} INFO - DAG(s) 'youtube_warehouse' retrieved from /opt/airflow/dags/warehouse_dag.py
[2026-09-17T11:27:23.603+0000] {logging_mixin.py:188} INFO - [2026-09-17T11:27:23.603+0000] {dag.py:3096} INFO - Sync 1 DAGs
[2026-09-17T11:27:23.615+0000] {logging_mixin.py:188} INFO - [2026-09-17T11:27:23.615+0000] {dag.py:3954} INFO - Setting next_dagrun for youtube_warehouse to None, run_after=None
[2026-09-17T11:27:23.641+0000] {processor.py:183} INFO - Processing /opt/airflow/dags/warehouse_dag.py took 0.378 seconds
[2026-09-17T11:27:53.831+0000] {processor.py:161} INFO - Started process (PID=733) to work on /opt/airflow/dags/warehouse_dag.py
[2026-09-17T11:27:53.833+0000] {processor.py:830} INFO - Processing file /opt/airflow/dags/warehouse_dag.py for tasks to queue
[2026-09-17T11:27:53.837+0000] {logging_mixin.py:188} INFO - [2026-09-17T11:27:53.837+0000] {dagbag.py:545} INFO - Filling up the DagBag from /opt/airflow/dags/warehouse_dag.py
[2026-09-17T11:27:54.159+0000] {processor.py:840} INFO - DAG(s) 'youtube_warehouse' retrieved from /opt/airflow/dags/warehouse_dag.py
[2026-09-17T11:27:54.186+0000] {logging_mixin.py:188} INFO - [2026-09-17T11:27:54.185+0000] {dag.py:3096} INFO - Sync 1 DAGs
[2026-09-17T11:27:54.199+0000] {logging_mixin.py:188} INFO - [2026-09-17T11:27:54.199+0000] {dag.py:3954} INFO - Setting next_dagrun for youtube_warehouse to None, run_after=None
[2026-09-17T11:27:54.225+0000] {processor.py:183} INFO - Processing /opt/airflow/dags/warehouse_dag.py took 0.399 seconds
[2026-09-17T11:28:24.445+0000] {processor.py:161} INFO - Started process (PID=742) to work on /opt/airflow/dags/warehouse_dag.py
[2026-09-17T11:28:24.447+0000] {processor.py:830} INFO - Processing file /opt/airflow/dags/warehouse_dag.py for tasks to queue
[2026-09-17T11:28:24.450+0000] {logging_mixin.py:188} INFO - [2026-09-17T11:28:24.449+0000] {dagbag.py:545} INFO - Filling up the DagBag from /opt/airflow/dags/warehouse_dag.py
[2026-09-17T11:28:24.785+0000] {processor.py:840} INFO - DAG(s) 'youtube_warehouse' retrieved from /opt/airflow/dags/warehouse_dag.py
[2026-09-17T11:28:24.806+0000] {logging_mixin.py:188} INFO - [2026-09-17T11:28:24.806+0000] {dag.py:3096} INFO - Sync 1 DAGs
[2026-09-17T11:28:24.818+0000] {logging_mixin.py:188} INFO - [2026-09-17T11:28:24.818+0000] {dag.py:3954} INFO - Setting next_dagrun for youtube_warehouse to None, run_after=None
[2026-09-17T11:28:24.846+0000] {processor.py:183} INFO - Processing /opt/airflow/dags/warehouse_dag.py took 0.410 seconds
[2026-09-17T11:28:55.039+0000] {processor.py:161} INFO - Started process (PID=751) to work on /opt/airflow/dags/warehouse_dag.py
[2026-09-17T11:28:55.042+0000] {processor.py:830} INFO - Processing file /opt/airflow/dags/warehouse_dag.py for tasks to queue
[2026-09-17T11:28:55.046+0000] {logging_mixin.py:188} INFO - [2026-09-17T11:28:55.046+0000] {dagbag.py:545} INFO - Filling up the DagBag from /opt/airflow/dags/warehouse_dag.py
[2026-09-17T11:28:55.443+0000] {processor.py:840} INFO - DAG(s) 'youtube_warehouse' retrieved from /opt/airflow/dags/warehouse_dag.py
[2026-09-17T11:28:55.468+0000] {logging_mixin.py:188} INFO - [2026-09-17T11:28:55.468+0000] {dag.py:3096} INFO - Sync 1 DAGs
[2026-09-17T11:28:55.481+0000] {logging_mixin.py:188} INFO - [2026-09-17T11:28:55.481+0000] {dag.py:3954} INFO - Setting next_dagrun for youtube_warehouse to None, run_after=None
[2026-09-17T11:28:55.504+0000] {processor.py:183} INFO - Processing /opt/airflow/dags/warehouse_dag.py took 0.480 seconds
[2026-09-17T11:29:25.874+0000] {processor.py:161} INFO - Started process (PID=760) to work on /opt/airflow/dags/warehouse_dag.py
[2026-09-17T11:29:25.881+0000] {processor.py:830} INFO - Processing file /opt/airflow/dags/warehouse_dag.py for tasks to queue
[2026-09-17T11:29:25.885+0000] {logging_mixin.py:188} INFO - [2026-09-17T11:29:25.884+0000] {dagbag.py:545} INFO - Filling up the DagBag from /opt/airflow/dags/warehouse_dag.py
[2026-09-17T11:29:26.545+0000] {processor.py:840} INFO - DAG(s) 'youtube_warehouse' retrieved from /opt/airflow/dags/warehouse_dag.py
[2026-09-17T11:29:26.564+0000] {logging_mixin.py:188} INFO - [2026-09-17T11:29:26.564+0000] {dag.py:3096} INFO - Sync 1 DAGs
[2026-09-17T11:29:26.576+0000] {logging_mixin.py:188} INFO - [2026-09-17T11:29:26.575+0000] {dag.py:3954} INFO - Setting next_dagrun for youtube_warehouse to None, run_after=None
[2026-09-17T11:29:26.667+0000] {processor.py:183} INFO - Processing /opt/airflow/dags/warehouse_dag.py took 0.799 seconds
[2026-09-17T11:29:57.067+0000] {processor.py:161} INFO - Started process (PID=769) to work on /opt/airflow/dags/warehouse_dag.py
[2026-09-17T11:29:57.070+0000] {processor.py:830} INFO - Processing file /opt/airflow/dags/warehouse_dag.py for tasks to queue
[2026-09-17T11:29:57.073+0000] {logging_mixin.py:188} INFO - [2026-09-17T11:29:57.073+0000] {dagbag.py:545} INFO - Filling up the DagBag from /opt/airflow/dags/warehouse_dag.py
[2026-09-17T11:29:57.402+0000] {processor.py:840} INFO - DAG(s) 'youtube_warehouse' retrieved from /opt/airflow/dags/warehouse_dag.py
[2026-09-17T11:29:57.422+0000] {logging_mixin.py:188} INFO - [2026-09-17T11:29:57.421+0000] {dag.py:3096} INFO - Sync 1 DAGs
[2026-09-17T11:29:57.435+0000] {logging_mixin.py:188} INFO - [2026-09-17T11:29:57.435+0000] {dag.py:3954} INFO - Setting next_dagrun for youtube_warehouse to None, run_after=None
[2026-09-17T11:29:57.472+0000] {processor.py:183} INFO - Processing /opt/airflow/dags/warehouse_dag.py took 0.410 seconds
[2026-09-17T11:30:27.717+0000] {processor.py:161} INFO - Started process (PID=778) to work on /opt/airflow/dags/warehouse_dag.py
[2026-09-17T11:30:27.722+0000] {processor.py:830} INFO - Processing file /opt/airflow/dags/warehouse_dag.py for tasks to queue
[2026-09-17T11:30:27.725+0000] {logging_mixin.py:188} INFO - [2026-09-17T11:30:27.725+0000] {dagbag.py:545} INFO - Filling up the DagBag from /opt/airflow/dags/warehouse_dag.py
[2026-09-17T11:30:28.049+0000] {processor.py:840} INFO - DAG(s) 'youtube_warehouse' retrieved from /opt/airflow/dags/warehouse_dag.py
[2026-09-17T11:30:28.071+0000] {logging_mixin.py:188} INFO - [2026-09-17T11:30:28.070+0000] {dag.py:3096} INFO - Sync 1 DAGs
[2026-09-17T11:30:28.082+0000] {logging_mixin.py:188} INFO - [2026-09-17T11:30:28.082+0000] {dag.py:3954} INFO - Setting next_dagrun for youtube_warehouse to None, run_after=None
[2026-09-17T11:30:28.104+0000] {processor.py:183} INFO - Processing /opt/airflow/dags/warehouse_dag.py took 0.396 seconds
[2026-09-17T11:30:58.253+0000] {processor.py:161} INFO - Started process (PID=787) to work on /opt/airflow/dags/warehouse_dag.py
[2026-09-17T11:30:58.256+0000] {processor.py:830} INFO - Processing file /opt/airflow/dags/warehouse_dag.py for tasks to queue
[2026-09-17T11:30:58.259+0000] {logging_mixin.py:188} INFO - [2026-09-17T11:30:58.259+0000] {dagbag.py:545} INFO - Filling up the DagBag from /opt/airflow/dags/warehouse_dag.py
[2026-09-17T11:30:58.586+0000] {processor.py:840} INFO - DAG(s) 'youtube_warehouse' retrieved from /opt/airflow/dags/warehouse_dag.py
[2026-09-17T11:30:58.609+0000] {logging_mixin.py:188} INFO - [2026-09-17T11:30:58.609+0000] {dag.py:3096} INFO - Sync 1 DAGs
[2026-09-17T11:30:58.620+0000] {logging_mixin.py:188} INFO - [2026-09-17T11:30:58.620+0000] {dag.py:3954} INFO - Setting next_dagrun for youtube_warehouse to None, run_after=None
[2026-09-17T11:30:58.642+0000] {processor.py:183} INFO - Processing /opt/airflow/dags/warehouse_dag.py took 0.394 seconds
[2026-09-17T11:31:28.817+0000] {processor.py:161} INFO - Started process (PID=796) to work on /opt/airflow/dags/warehouse_dag.py
[2026-09-17T11:31:28.822+0000] {processor.py:830} INFO - Processing file /opt/airflow/dags/warehouse_dag.py for tasks to queue
[2026-09-17T11:31:28.828+0000] {logging_mixin.py:188} INFO - [2026-09-17T11:31:28.827+0000] {dagbag.py:545} INFO - Filling up the DagBag from /opt/airflow/dags/warehouse_dag.py
[2026-09-17T11:31:29.132+0000] {processor.py:840} INFO - DAG(s) 'youtube_warehouse' retrieved from /opt/airflow/dags/warehouse_dag.py
[2026-09-17T11:31:29.152+0000] {logging_mixin.py:188} INFO - [2026-09-17T11:31:29.152+0000] {dag.py:3096} INFO - Sync 1 DAGs
[2026-09-17T11:31:29.164+0000] {logging_mixin.py:188} INFO - [2026-09-17T11:31:29.164+0000] {dag.py:3954} INFO - Setting next_dagrun for youtube_warehouse to None, run_after=None
[2026-09-17T11:31:29.184+0000] {processor.py:183} INFO - Processing /opt/airflow/dags/warehouse_dag.py took 0.372 seconds
[2026-09-17T11:31:59.501+0000] {processor.py:161} INFO - Started process (PID=805) to work on /opt/airflow/dags/warehouse_dag.py
[2026-09-17T11:31:59.504+0000] {processor.py:830} INFO - Processing file /opt/airflow/dags/warehouse_dag.py for tasks to queue
[2026-09-17T11:31:59.507+0000] {logging_mixin.py:188} INFO - [2026-09-17T11:31:59.507+0000] {dagbag.py:545} INFO - Filling up the DagBag from /opt/airflow/dags/warehouse_dag.py
[2026-09-17T11:31:59.845+0000] {processor.py:840} INFO - DAG(s) 'youtube_warehouse' retrieved from /opt/airflow/dags/warehouse_dag.py
[2026-09-17T11:31:59.866+0000] {logging_mixin.py:188} INFO - [2026-09-17T11:31:59.865+0000] {dag.py:3096} INFO - Sync 1 DAGs
[2026-09-17T11:31:59.876+0000] {logging_mixin.py:188} INFO - [2026-09-17T11:31:59.876+0000] {dag.py:3954} INFO - Setting next_dagrun for youtube_warehouse to None, run_after=None
[2026-09-17T11:31:59.925+0000] {processor.py:183} INFO - Processing /opt/airflow/dags/warehouse_dag.py took 0.430 seconds
[2026-09-17T11:32:30.104+0000] {processor.py:161} INFO - Started process (PID=814) to work on /opt/airflow/dags/warehouse_dag.py
[2026-09-17T11:32:30.106+0000] {processor.py:830} INFO - Processing file /opt/airflow/dags/warehouse_dag.py for tasks to queue
[2026-09-17T11:32:30.109+0000] {logging_mixin.py:188} INFO - [2026-09-17T11:32:30.109+0000] {dagbag.py:545} INFO - Filling up the DagBag from /opt/airflow/dags/warehouse_dag.py
[2026-09-17T11:32:30.451+0000] {processor.py:840} INFO - DAG(s) 'youtube_warehouse' retrieved from /opt/airflow/dags/warehouse_dag.py
[2026-09-17T11:32:30.473+0000] {logging_mixin.py:188} INFO - [2026-09-17T11:32:30.473+0000] {dag.py:3096} INFO - Sync 1 DAGs
[2026-09-17T11:32:30.487+0000] {logging_mixin.py:188} INFO - [2026-09-17T11:32:30.487+0000] {dag.py:3954} INFO - Setting next_dagrun for youtube_warehouse to None, run_after=None
[2026-09-17T11:32:30.513+0000] {processor.py:183} INFO - Processing /opt/airflow/dags/warehouse_dag.py took 0.414 seconds
[2026-09-17T11:33:00.784+0000] {processor.py:161} INFO - Started process (PID=823) to work on /opt/airflow/dags/warehouse_dag.py
[2026-09-17T11:33:00.786+0000] {processor.py:830} INFO - Processing file /opt/airflow/dags/warehouse_dag.py for tasks to queue
[2026-09-17T11:33:00.790+0000] {logging_mixin.py:188} INFO - [2026-09-17T11:33:00.790+0000] {dagbag.py:545} INFO - Filling up the DagBag from /opt/airflow/dags/warehouse_dag.py
[2026-09-17T11:33:01.089+0000] {processor.py:840} INFO - DAG(s) 'youtube_warehouse' retrieved from /opt/airflow/dags/warehouse_dag.py
[2026-09-17T11:33:01.131+0000] {logging_mixin.py:188} INFO - [2026-09-17T11:33:01.131+0000] {dag.py:3096} INFO - Sync 1 DAGs
[2026-09-17T11:33:01.143+0000] {logging_mixin.py:188} INFO - [2026-09-17T11:33:01.143+0000] {dag.py:3954} INFO - Setting next_dagrun for youtube_warehouse to None, run_after=None
[2026-09-17T11:33:01.189+0000] {processor.py:183} INFO - Processing /opt/airflow/dags/warehouse_dag.py took 0.410 seconds
[2026-09-17T11:33:31.462+0000] {processor.py:161} INFO - Started process (PID=833) to work on /opt/airflow/dags/warehouse_dag.py
[2026-09-17T11:33:31.464+0000] {processor.py:830} INFO - Processing file /opt/airflow/dags/warehouse_dag.py for tasks to queue
[2026-09-17T11:33:31.468+0000] {logging_mixin.py:188} INFO - [2026-09-17T11:33:31.467+0000] {dagbag.py:545} INFO - Filling up the DagBag from /opt/airflow/dags/warehouse_dag.py
[2026-09-17T11:33:31.809+0000] {processor.py:840} INFO - DAG(s) 'youtube_warehouse' retrieved from /opt/airflow/dags/warehouse_dag.py
[2026-09-17T11:33:31.837+0000] {logging_mixin.py:188} INFO - [2026-09-17T11:33:31.836+0000] {dag.py:3096} INFO - Sync 1 DAGs
[2026-09-17T11:33:31.847+0000] {logging_mixin.py:188} INFO - [2026-09-17T11:33:31.847+0000] {dag.py:3954} INFO - Setting next_dagrun for youtube_warehouse to None, run_after=None
[2026-09-17T11:33:31.893+0000] {processor.py:183} INFO - Processing /opt/airflow/dags/warehouse_dag.py took 0.437 seconds
[2026-09-17T11:34:02.103+0000] {processor.py:161} INFO - Started process (PID=842) to work on /opt/airflow/dags/warehouse_dag.py
[2026-09-17T11:34:02.105+0000] {processor.py:830} INFO - Processing file /opt/airflow/dags/warehouse_dag.py for tasks to queue
[2026-09-17T11:34:02.108+0000] {logging_mixin.py:188} INFO - [2026-09-17T11:34:02.108+0000] {dagbag.py:545} INFO - Filling up the DagBag from /opt/airflow/dags/warehouse_dag.py
[2026-09-17T11:34:02.408+0000] {processor.py:840} INFO - DAG(s) 'youtube_warehouse' retrieved from /opt/airflow/dags/warehouse_dag.py
[2026-09-17T11:34:02.428+0000] {logging_mixin.py:188} INFO - [2026-09-17T11:34:02.428+0000] {dag.py:3096} INFO - Sync 1 DAGs
[2026-09-17T11:34:02.440+0000] {logging_mixin.py:188} INFO - [2026-09-17T11:34:02.440+0000] {dag.py:3954} INFO - Setting next_dagrun for youtube_warehouse to None, run_after=None
[2026-09-17T11:34:02.478+0000] {processor.py:183} INFO - Processing /opt/airflow/dags/warehouse_dag.py took 0.381 seconds
[2026-09-17T11:34:32.709+0000] {processor.py:161} INFO - Started process (PID=851) to work on /opt/airflow/dags/warehouse_dag.py
[2026-09-17T11:34:32.711+0000] {processor.py:830} INFO - Processing file /opt/airflow/dags/warehouse_dag.py for tasks to queue
[2026-09-17T11:34:32.714+0000] {logging_mixin.py:188} INFO - [2026-09-17T11:34:32.714+0000] {dagbag.py:545} INFO - Filling up the DagBag from /opt/airflow/dags/warehouse_dag.py
[2026-09-17T11:34:33.022+0000] {processor.py:840} INFO - DAG(s) 'youtube_warehouse' retrieved from /opt/airflow/dags/warehouse_dag.py
[2026-09-17T11:34:33.064+0000] {logging_mixin.py:188} INFO - [2026-09-17T11:34:33.063+0000] {dag.py:3096} INFO - Sync 1 DAGs
[2026-09-17T11:34:33.075+0000] {logging_mixin.py:188} INFO - [2026-09-17T11:34:33.075+0000] {dag.py:3954} INFO - Setting next_dagrun for youtube_warehouse to None, run_after=None
[2026-09-17T11:34:33.116+0000] {processor.py:183} INFO - Processing /opt/airflow/dags/warehouse_dag.py took 0.413 seconds
[2026-09-17T11:35:03.380+0000] {processor.py:161} INFO - Started process (PID=860) to work on /opt/airflow/dags/warehouse_dag.py
[2026-09-17T11:35:03.382+0000] {processor.py:830} INFO - Processing file /opt/airflow/dags/warehouse_dag.py for tasks to queue
[2026-09-17T11:35:03.385+0000] {logging_mixin.py:188} INFO - [2026-09-17T11:35:03.385+0000] {dagbag.py:545} INFO - Filling up the DagBag from /opt/airflow/dags/warehouse_dag.py
[2026-09-17T11:35:03.679+0000] {processor.py:840} INFO - DAG(s) 'youtube_warehouse' retrieved from /opt/airflow/dags/warehouse_dag.py
[2026-09-17T11:35:03.699+0000] {logging_mixin.py:188} INFO - [2026-09-17T11:35:03.699+0000] {dag.py:3096} INFO - Sync 1 DAGs
[2026-09-17T11:35:03.710+0000] {logging_mixin.py:188} INFO - [2026-09-17T11:35:03.710+0000] {dag.py:3954} INFO - Setting next_dagrun for youtube_warehouse to None, run_after=None
[2026-09-17T11:35:03.751+0000] {processor.py:183} INFO - Processing /opt/airflow/dags/warehouse_dag.py took 0.377 seconds
[2026-09-17T11:35:33.921+0000] {processor.py:161} INFO - Started process (PID=869) to work on /opt/airflow/dags/warehouse_dag.py
[2026-09-17T11:35:33.924+0000] {processor.py:830} INFO - Processing file /opt/airflow/dags/warehouse_dag.py for tasks to queue
[2026-09-17T11:35:33.927+0000] {logging_mixin.py:188} INFO - [2026-09-17T11:35:33.927+0000] {dagbag.py:545} INFO - Filling up the DagBag from /opt/airflow/dags/warehouse_dag.py
[2026-09-17T11:35:34.224+0000] {processor.py:840} INFO - DAG(s) 'youtube_warehouse' retrieved from /opt/airflow/dags/warehouse_dag.py
[2026-09-17T11:35:34.243+0000] {logging_mixin.py:188} INFO - [2026-09-17T11:35:34.242+0000] {dag.py:3096} INFO - Sync 1 DAGs
[2026-09-17T11:35:34.254+0000] {logging_mixin.py:188} INFO - [2026-09-17T11:35:34.254+0000] {dag.py:3954} INFO - Setting next_dagrun for youtube_warehouse to None, run_after=None
[2026-09-17T11:35:34.280+0000] {processor.py:183} INFO - Processing /opt/airflow/dags/warehouse_dag.py took 0.364 seconds
[2026-09-17T11:36:04.392+0000] {processor.py:161} INFO - Started process (PID=878) to work on /opt/airflow/dags/warehouse_dag.py
[2026-09-17T11:36:04.394+0000] {processor.py:830} INFO - Processing file /opt/airflow/dags/warehouse_dag.py for tasks to queue
[2026-09-17T11:36:04.396+0000] {logging_mixin.py:188} INFO - [2026-09-17T11:36:04.396+0000] {dagbag.py:545} INFO - Filling up the DagBag from /opt/airflow/dags/warehouse_dag.py
[2026-09-17T11:36:04.700+0000] {processor.py:840} INFO - DAG(s) 'youtube_warehouse' retrieved from /opt/airflow/dags/warehouse_dag.py
[2026-09-17T11:36:04.735+0000] {logging_mixin.py:188} INFO - [2026-09-17T11:36:04.734+0000] {dag.py:3096} INFO - Sync 1 DAGs
[2026-09-17T11:36:04.745+0000] {logging_mixin.py:188} INFO - [2026-09-17T11:36:04.745+0000] {dag.py:3954} INFO - Setting next_dagrun for youtube_warehouse to None, run_after=None
[2026-09-17T11:36:04.790+0000] {processor.py:183} INFO - Processing /opt/airflow/dags/warehouse_dag.py took 0.403 seconds
[2026-09-17T11:36:35.001+0000] {processor.py:161} INFO - Started process (PID=887) to work on /opt/airflow/dags/warehouse_dag.py
[2026-09-17T11:36:35.003+0000] {processor.py:830} INFO - Processing file /opt/airflow/dags/warehouse_dag.py for tasks to queue
[2026-09-17T11:36:35.006+0000] {logging_mixin.py:188} INFO - [2026-09-17T11:36:35.006+0000] {dagbag.py:545} INFO - Filling up the DagBag from /opt/airflow/dags/warehouse_dag.py
[2026-09-17T11:36:35.303+0000] {processor.py:840} INFO - DAG(s) 'youtube_warehouse' retrieved from /opt/airflow/dags/warehouse_dag.py
[2026-09-17T11:36:35.321+0000] {logging_mixin.py:188} INFO - [2026-09-17T11:36:35.320+0000] {dag.py:3096} INFO - Sync 1 DAGs
[2026-09-17T11:36:35.331+0000] {logging_mixin.py:188} INFO - [2026-09-17T11:36:35.331+0000] {dag.py:3954} INFO - Setting next_dagrun for youtube_warehouse to None, run_after=None
[2026-09-17T11:36:35.370+0000] {processor.py:183} INFO - Processing /opt/airflow/dags/warehouse_dag.py took 0.374 seconds
[2026-09-17T12:16:35.508+0000] {processor.py:161} INFO - Started process (PID=896) to work on /opt/airflow/dags/warehouse_dag.py
[2026-09-17T12:16:35.527+0000] {processor.py:830} INFO - Processing file /opt/airflow/dags/warehouse_dag.py for tasks to queue
[2026-09-17T12:16:35.541+0000] {logging_mixin.py:188} INFO - [2026-09-17T12:16:35.540+0000] {dagbag.py:545} INFO - Filling up the DagBag from /opt/airflow/dags/warehouse_dag.py
[2026-09-17T12:40:41.011+0000] {processor.py:161} INFO - Started process (PID=905) to work on /opt/airflow/dags/warehouse_dag.py
[2026-09-17T12:40:41.013+0000] {processor.py:830} INFO - Processing file /opt/airflow/dags/warehouse_dag.py for tasks to queue
[2026-09-17T12:40:41.018+0000] {logging_mixin.py:188} INFO - [2026-09-17T12:40:41.017+0000] {dagbag.py:545} INFO - Filling up the DagBag from /opt/airflow/dags/warehouse_dag.py
[2026-09-17T12:40:41.326+0000] {processor.py:840} INFO - DAG(s) 'youtube_warehouse' retrieved from /opt/airflow/dags/warehouse_dag.py
[2026-09-17T12:40:41.346+0000] {logging_mixin.py:188} INFO - [2026-09-17T12:40:41.345+0000] {dag.py:3096} INFO - Sync 1 DAGs
[2026-09-17T12:40:41.358+0000] {logging_mixin.py:188} INFO - [2026-09-17T12:40:41.358+0000] {dag.py:3954} INFO - Setting next_dagrun for youtube_warehouse to None, run_after=None
[2026-09-17T12:40:41.427+0000] {processor.py:183} INFO - Processing /opt/airflow/dags/warehouse_dag.py took 0.431 seconds
[2026-09-17T12:41:11.710+0000] {processor.py:161} INFO - Started process (PID=914) to work on /opt/airflow/dags/warehouse_dag.py
[2026-09-17T12:41:11.712+0000] {processor.py:830} INFO - Processing file /opt/airflow/dags/warehouse_dag.py for tasks to queue
[2026-09-17T12:41:11.715+0000] {logging_mixin.py:188} INFO - [2026-09-17T12:41:11.715+0000] {dagbag.py:545} INFO - Filling up the DagBag from /opt/airflow/dags/warehouse_dag.py
[2026-09-17T12:41:12.017+0000] {processor.py:840} INFO - DAG(s) 'youtube_warehouse' retrieved from /opt/airflow/dags/warehouse_dag.py
[2026-09-17T12:41:12.038+0000] {logging_mixin.py:188} INFO - [2026-09-17T12:41:12.037+0000] {dag.py:3096} INFO - Sync 1 DAGs
[2026-09-17T12:41:12.050+0000] {logging_mixin.py:188} INFO - [2026-09-17T12:41:12.050+0000] {dag.py:3954} INFO - Setting next_dagrun for youtube_warehouse to None, run_after=None
[2026-09-17T12:41:12.087+0000] {processor.py:183} INFO - Processing /opt/airflow/dags/warehouse_dag.py took 0.390 seconds
[2026-09-17T12:41:42.377+0000] {processor.py:161} INFO - Started process (PID=923) to work on /opt/airflow/dags/warehouse_dag.py
[2026-09-17T12:41:42.379+0000] {processor.py:830} INFO - Processing file /opt/airflow/dags/warehouse_dag.py for tasks to queue
[2026-09-17T12:41:42.382+0000] {logging_mixin.py:188} INFO - [2026-09-17T12:41:42.381+0000] {dagbag.py:545} INFO - Filling up the DagBag from /opt/airflow/dags/warehouse_dag.py
[2026-09-17T12:41:42.741+0000] {processor.py:840} INFO - DAG(s) 'youtube_warehouse' retrieved from /opt/airflow/dags/warehouse_dag.py
[2026-09-17T12:41:42.759+0000] {logging_mixin.py:188} INFO - [2026-09-17T12:41:42.759+0000] {dag.py:3096} INFO - Sync 1 DAGs
[2026-09-17T12:41:42.771+0000] {logging_mixin.py:188} INFO - [2026-09-17T12:41:42.771+0000] {dag.py:3954} INFO - Setting next_dagrun for youtube_warehouse to None, run_after=None
[2026-09-17T12:41:42.813+0000] {processor.py:183} INFO - Processing /opt/airflow/dags/warehouse_dag.py took 0.441 seconds
[2026-09-17T12:42:13.003+0000] {processor.py:161} INFO - Started process (PID=933) to work on /opt/airflow/dags/warehouse_dag.py
[2026-09-17T12:42:13.005+0000] {processor.py:830} INFO - Processing file /opt/airflow/dags/warehouse_dag.py for tasks to queue
[2026-09-17T12:42:13.007+0000] {logging_mixin.py:188} INFO - [2026-09-17T12:42:13.007+0000] {dagbag.py:545} INFO - Filling up the DagBag from /opt/airflow/dags/warehouse_dag.py
[2026-09-17T12:42:13.275+0000] {processor.py:840} INFO - DAG(s) 'youtube_warehouse' retrieved from /opt/airflow/dags/warehouse_dag.py
[2026-09-17T12:42:13.295+0000] {logging_mixin.py:188} INFO - [2026-09-17T12:42:13.295+0000] {dag.py:3096} INFO - Sync 1 DAGs
[2026-09-17T12:42:13.306+0000] {logging_mixin.py:188} INFO - [2026-09-17T12:42:13.305+0000] {dag.py:3954} INFO - Setting next_dagrun for youtube_warehouse to None, run_after=None
[2026-09-17T12:42:13.344+0000] {processor.py:183} INFO - Processing /opt/airflow/dags/warehouse_dag.py took 0.348 seconds
[2026-09-17T12:42:43.763+0000] {processor.py:161} INFO - Started process (PID=942) to work on /opt/airflow/dags/warehouse_dag.py
[2026-09-17T12:42:43.765+0000] {processor.py:830} INFO - Processing file /opt/airflow/dags/warehouse_dag.py for tasks to queue
[2026-09-17T12:42:43.769+0000] {logging_mixin.py:188} INFO - [2026-09-17T12:42:43.769+0000] {dagbag.py:545} INFO - Filling up the DagBag from /opt/airflow/dags/warehouse_dag.py
[2026-09-17T12:42:44.074+0000] {processor.py:840} INFO - DAG(s) 'youtube_warehouse' retrieved from /opt/airflow/dags/warehouse_dag.py
[2026-09-17T12:42:44.117+0000] {logging_mixin.py:188} INFO - [2026-09-17T12:42:44.116+0000] {dag.py:3096} INFO - Sync 1 DAGs
[2026-09-17T12:42:44.128+0000] {logging_mixin.py:188} INFO - [2026-09-17T12:42:44.127+0000] {dag.py:3954} INFO - Setting next_dagrun for youtube_warehouse to None, run_after=None
[2026-09-17T12:42:44.153+0000] {processor.py:183} INFO - Processing /opt/airflow/dags/warehouse_dag.py took 0.397 seconds
[2026-09-17T12:43:14.464+0000] {processor.py:161} INFO - Started process (PID=958) to work on /opt/airflow/dags/warehouse_dag.py
[2026-09-17T12:43:14.466+0000] {processor.py:830} INFO - Processing file /opt/airflow/dags/warehouse_dag.py for tasks to queue
[2026-09-17T12:43:14.468+0000] {logging_mixin.py:188} INFO - [2026-09-17T12:43:14.468+0000] {dagbag.py:545} INFO - Filling up the DagBag from /opt/airflow/dags/warehouse_dag.py
[2026-09-17T12:43:14.779+0000] {processor.py:840} INFO - DAG(s) 'youtube_warehouse' retrieved from /opt/airflow/dags/warehouse_dag.py
[2026-09-17T12:43:14.799+0000] {logging_mixin.py:188} INFO - [2026-09-17T12:43:14.799+0000] {dag.py:3096} INFO - Sync 1 DAGs
[2026-09-17T12:43:14.811+0000] {logging_mixin.py:188} INFO - [2026-09-17T12:43:14.810+0000] {dag.py:3954} INFO - Setting next_dagrun for youtube_warehouse to None, run_after=None
[2026-09-17T12:43:14.866+0000] {processor.py:183} INFO - Processing /opt/airflow/dags/warehouse_dag.py took 0.408 seconds
[2026-09-17T12:43:45.182+0000] {processor.py:161} INFO - Started process (PID=967) to work on /opt/airflow/dags/warehouse_dag.py
[2026-09-17T12:43:45.185+0000] {processor.py:830} INFO - Processing file /opt/airflow/dags/warehouse_dag.py for tasks to queue
[2026-09-17T12:43:45.189+0000] {logging_mixin.py:188} INFO - [2026-09-17T12:43:45.189+0000] {dagbag.py:545} INFO - Filling up the DagBag from /opt/airflow/dags/warehouse_dag.py
[2026-09-17T12:43:45.509+0000] {processor.py:840} INFO - DAG(s) 'youtube_warehouse' retrieved from /opt/airflow/dags/warehouse_dag.py
[2026-09-17T12:43:45.528+0000] {logging_mixin.py:188} INFO - [2026-09-17T12:43:45.527+0000] {dag.py:3096} INFO - Sync 1 DAGs
[2026-09-17T12:43:45.539+0000] {logging_mixin.py:188} INFO - [2026-09-17T12:43:45.538+0000] {dag.py:3954} INFO - Setting next_dagrun for youtube_warehouse to None, run_after=None
[2026-09-17T12:43:45.571+0000] {processor.py:183} INFO - Processing /opt/airflow/dags/warehouse_dag.py took 0.397 seconds
[2026-09-17T12:44:15.887+0000] {processor.py:161} INFO - Started process (PID=976) to work on /opt/airflow/dags/warehouse_dag.py
[2026-09-17T12:44:15.889+0000] {processor.py:830} INFO - Processing file /opt/airflow/dags/warehouse_dag.py for tasks to queue
[2026-09-17T12:44:15.892+0000] {logging_mixin.py:188} INFO - [2026-09-17T12:44:15.892+0000] {dagbag.py:545} INFO - Filling up the DagBag from /opt/airflow/dags/warehouse_dag.py
[2026-09-17T12:44:16.210+0000] {processor.py:840} INFO - DAG(s) 'youtube_warehouse' retrieved from /opt/airflow/dags/warehouse_dag.py
[2026-09-17T12:44:16.230+0000] {logging_mixin.py:188} INFO - [2026-09-17T12:44:16.230+0000] {dag.py:3096} INFO - Sync 1 DAGs
[2026-09-17T12:44:16.244+0000] {logging_mixin.py:188} INFO - [2026-09-17T12:44:16.243+0000] {dag.py:3954} INFO - Setting next_dagrun for youtube_warehouse to None, run_after=None
[2026-09-17T12:44:16.269+0000] {processor.py:183} INFO - Processing /opt/airflow/dags/warehouse_dag.py took 0.388 seconds
[2026-09-17T12:44:46.570+0000] {processor.py:161} INFO - Started process (PID=985) to work on /opt/airflow/dags/warehouse_dag.py
[2026-09-17T12:44:46.574+0000] {processor.py:830} INFO - Processing file /opt/airflow/dags/warehouse_dag.py for tasks to queue
[2026-09-17T12:44:46.577+0000] {logging_mixin.py:188} INFO - [2026-09-17T12:44:46.577+0000] {dagbag.py:545} INFO - Filling up the DagBag from /opt/airflow/dags/warehouse_dag.py
[2026-09-17T12:44:46.913+0000] {processor.py:840} INFO - DAG(s) 'youtube_warehouse' retrieved from /opt/airflow/dags/warehouse_dag.py
[2026-09-17T12:44:46.934+0000] {logging_mixin.py:188} INFO - [2026-09-17T12:44:46.934+0000] {dag.py:3096} INFO - Sync 1 DAGs
[2026-09-17T12:44:46.945+0000] {logging_mixin.py:188} INFO - [2026-09-17T12:44:46.945+0000] {dag.py:3954} INFO - Setting next_dagrun for youtube_warehouse to None, run_after=None
[2026-09-17T12:44:46.970+0000] {processor.py:183} INFO - Processing /opt/airflow/dags/warehouse_dag.py took 0.405 seconds
[2026-09-17T12:45:17.271+0000] {processor.py:161} INFO - Started process (PID=994) to work on /opt/airflow/dags/warehouse_dag.py
[2026-09-17T12:45:17.273+0000] {processor.py:830} INFO - Processing file /opt/airflow/dags/warehouse_dag.py for tasks to queue
[2026-09-17T12:45:17.276+0000] {logging_mixin.py:188} INFO - [2026-09-17T12:45:17.276+0000] {dagbag.py:545} INFO - Filling up the DagBag from /opt/airflow/dags/warehouse_dag.py
[2026-09-17T12:45:17.613+0000] {processor.py:840} INFO - DAG(s) 'youtube_warehouse' retrieved from /opt/airflow/dags/warehouse_dag.py
[2026-09-17T12:45:17.656+0000] {logging_mixin.py:188} INFO - [2026-09-17T12:45:17.656+0000] {dag.py:3096} INFO - Sync 1 DAGs
[2026-09-17T12:45:17.671+0000] {logging_mixin.py:188} INFO - [2026-09-17T12:45:17.671+0000] {dag.py:3954} INFO - Setting next_dagrun for youtube_warehouse to None, run_after=None
[2026-09-17T12:45:17.704+0000] {processor.py:183} INFO - Processing /opt/airflow/dags/warehouse_dag.py took 0.439 seconds
[2026-09-17T12:45:47.907+0000] {processor.py:161} INFO - Started process (PID=1003) to work on /opt/airflow/dags/warehouse_dag.py
[2026-09-17T12:45:47.911+0000] {processor.py:830} INFO - Processing file /opt/airflow/dags/warehouse_dag.py for tasks to queue
[2026-09-17T12:45:47.922+0000] {logging_mixin.py:188} INFO - [2026-09-17T12:45:47.919+0000] {dagbag.py:545} INFO - Filling up the DagBag from /opt/airflow/dags/warehouse_dag.py
[2026-09-17T12:45:48.973+0000] {processor.py:840} INFO - DAG(s) 'youtube_warehouse' retrieved from /opt/airflow/dags/warehouse_dag.py
[2026-09-17T12:45:49.047+0000] {logging_mixin.py:188} INFO - [2026-09-17T12:45:49.047+0000] {dag.py:3096} INFO - Sync 1 DAGs
[2026-09-17T12:45:49.072+0000] {logging_mixin.py:188} INFO - [2026-09-17T12:45:49.072+0000] {dag.py:3954} INFO - Setting next_dagrun for youtube_warehouse to None, run_after=None
[2026-09-17T12:45:49.115+0000] {processor.py:183} INFO - Processing /opt/airflow/dags/warehouse_dag.py took 1.227 seconds
[2026-09-17T12:52:17.580+0000] {processor.py:161} INFO - Started process (PID=1006) to work on /opt/airflow/dags/warehouse_dag.py
[2026-09-17T12:52:17.583+0000] {processor.py:830} INFO - Processing file /opt/airflow/dags/warehouse_dag.py for tasks to queue
[2026-09-17T12:52:17.586+0000] {logging_mixin.py:188} INFO - [2026-09-17T12:52:17.586+0000] {dagbag.py:545} INFO - Filling up the DagBag from /opt/airflow/dags/warehouse_dag.py
[2026-09-17T12:52:17.966+0000] {processor.py:840} INFO - DAG(s) 'youtube_warehouse' retrieved from /opt/airflow/dags/warehouse_dag.py
[2026-09-17T12:52:17.989+0000] {logging_mixin.py:188} INFO - [2026-09-17T12:52:17.989+0000] {dag.py:3096} INFO - Sync 1 DAGs
[2026-09-17T12:52:18.001+0000] {logging_mixin.py:188} INFO - [2026-09-17T12:52:18.001+0000] {dag.py:3954} INFO - Setting next_dagrun for youtube_warehouse to None, run_after=None
[2026-09-17T12:52:18.036+0000] {processor.py:183} INFO - Processing /opt/airflow/dags/warehouse_dag.py took 0.465 seconds
[2026-09-17T12:52:48.263+0000] {processor.py:161} INFO - Started process (PID=1015) to work on /opt/airflow/dags/warehouse_dag.py
[2026-09-17T12:52:48.265+0000] {processor.py:830} INFO - Processing file /opt/airflow/dags/warehouse_dag.py for tasks to queue
[2026-09-17T12:52:48.268+0000] {logging_mixin.py:188} INFO - [2026-09-17T12:52:48.268+0000] {dagbag.py:545} INFO - Filling up the DagBag from /opt/airflow/dags/warehouse_dag.py
[2026-09-17T12:52:48.576+0000] {processor.py:840} INFO - DAG(s) 'youtube_warehouse' retrieved from /opt/airflow/dags/warehouse_dag.py
[2026-09-17T12:52:48.594+0000] {logging_mixin.py:188} INFO - [2026-09-17T12:52:48.594+0000] {dag.py:3096} INFO - Sync 1 DAGs
[2026-09-17T12:52:48.606+0000] {logging_mixin.py:188} INFO - [2026-09-17T12:52:48.605+0000] {dag.py:3954} INFO - Setting next_dagrun for youtube_warehouse to None, run_after=None
[2026-09-17T12:52:48.638+0000] {processor.py:183} INFO - Processing /opt/airflow/dags/warehouse_dag.py took 0.380 seconds
[2026-09-17T12:53:19.017+0000] {processor.py:161} INFO - Started process (PID=1024) to work on /opt/airflow/dags/warehouse_dag.py
[2026-09-17T12:53:19.019+0000] {processor.py:830} INFO - Processing file /opt/airflow/dags/warehouse_dag.py for tasks to queue
[2026-09-17T12:53:19.021+0000] {logging_mixin.py:188} INFO - [2026-09-17T12:53:19.021+0000] {dagbag.py:545} INFO - Filling up the DagBag from /opt/airflow/dags/warehouse_dag.py
[2026-09-17T12:53:19.338+0000] {processor.py:840} INFO - DAG(s) 'youtube_warehouse' retrieved from /opt/airflow/dags/warehouse_dag.py
[2026-09-17T12:53:19.379+0000] {logging_mixin.py:188} INFO - [2026-09-17T12:53:19.378+0000] {dag.py:3096} INFO - Sync 1 DAGs
[2026-09-17T12:53:19.410+0000] {logging_mixin.py:188} INFO - [2026-09-17T12:53:19.409+0000] {dag.py:3954} INFO - Setting next_dagrun for youtube_warehouse to None, run_after=None
[2026-09-17T12:53:19.433+0000] {processor.py:183} INFO - Processing /opt/airflow/dags/warehouse_dag.py took 0.423 seconds
[2026-09-17T12:53:49.745+0000] {processor.py:161} INFO - Started process (PID=1033) to work on /opt/airflow/dags/warehouse_dag.py
[2026-09-17T12:53:49.746+0000] {processor.py:830} INFO - Processing file /opt/airflow/dags/warehouse_dag.py for tasks to queue
[2026-09-17T12:53:49.750+0000] {logging_mixin.py:188} INFO - [2026-09-17T12:53:49.749+0000] {dagbag.py:545} INFO - Filling up the DagBag from /opt/airflow/dags/warehouse_dag.py
[2026-09-17T12:53:50.157+0000] {processor.py:840} INFO - DAG(s) 'youtube_warehouse' retrieved from /opt/airflow/dags/warehouse_dag.py
[2026-09-17T12:53:50.179+0000] {logging_mixin.py:188} INFO - [2026-09-17T12:53:50.178+0000] {dag.py:3096} INFO - Sync 1 DAGs
[2026-09-17T12:53:50.193+0000] {logging_mixin.py:188} INFO - [2026-09-17T12:53:50.193+0000] {dag.py:3954} INFO - Setting next_dagrun for youtube_warehouse to None, run_after=None
[2026-09-17T12:53:50.243+0000] {processor.py:183} INFO - Processing /opt/airflow/dags/warehouse_dag.py took 0.505 seconds
[2026-09-17T12:54:20.465+0000] {processor.py:161} INFO - Started process (PID=1042) to work on /opt/airflow/dags/warehouse_dag.py
[2026-09-17T12:54:20.469+0000] {processor.py:830} INFO - Processing file /opt/airflow/dags/warehouse_dag.py for tasks to queue
[2026-09-17T12:54:20.475+0000] {logging_mixin.py:188} INFO - [2026-09-17T12:54:20.475+0000] {dagbag.py:545} INFO - Filling up the DagBag from /opt/airflow/dags/warehouse_dag.py
[2026-09-17T12:54:20.824+0000] {processor.py:840} INFO - DAG(s) 'youtube_warehouse' retrieved from /opt/airflow/dags/warehouse_dag.py
[2026-09-17T12:54:20.845+0000] {logging_mixin.py:188} INFO - [2026-09-17T12:54:20.845+0000] {dag.py:3096} INFO - Sync 1 DAGs
[2026-09-17T12:54:20.858+0000] {logging_mixin.py:188} INFO - [2026-09-17T12:54:20.857+0000] {dag.py:3954} INFO - Setting next_dagrun for youtube_warehouse to None, run_after=None
[2026-09-17T12:54:20.883+0000] {processor.py:183} INFO - Processing /opt/airflow/dags/warehouse_dag.py took 0.424 seconds
[2026-09-17T12:54:51.162+0000] {processor.py:161} INFO - Started process (PID=1051) to work on /opt/airflow/dags/warehouse_dag.py
[2026-09-17T12:54:51.165+0000] {processor.py:830} INFO - Processing file /opt/airflow/dags/warehouse_dag.py for tasks to queue
[2026-09-17T12:54:51.169+0000] {logging_mixin.py:188} INFO - [2026-09-17T12:54:51.168+0000] {dagbag.py:545} INFO - Filling up the DagBag from /opt/airflow/dags/warehouse_dag.py
[2026-09-17T12:54:51.505+0000] {processor.py:840} INFO - DAG(s) 'youtube_warehouse' retrieved from /opt/airflow/dags/warehouse_dag.py
[2026-09-17T12:54:51.524+0000] {logging_mixin.py:188} INFO - [2026-09-17T12:54:51.524+0000] {dag.py:3096} INFO - Sync 1 DAGs
[2026-09-17T12:54:51.537+0000] {logging_mixin.py:188} INFO - [2026-09-17T12:54:51.536+0000] {dag.py:3954} INFO - Setting next_dagrun for youtube_warehouse to None, run_after=None
[2026-09-17T12:54:51.570+0000] {processor.py:183} INFO - Processing /opt/airflow/dags/warehouse_dag.py took 0.413 seconds
[2026-09-17T12:55:21.867+0000] {processor.py:161} INFO - Started process (PID=1060) to work on /opt/airflow/dags/warehouse_dag.py
[2026-09-17T12:55:21.869+0000] {processor.py:830} INFO - Processing file /opt/airflow/dags/warehouse_dag.py for tasks to queue
[2026-09-17T12:55:21.872+0000] {logging_mixin.py:188} INFO - [2026-09-17T12:55:21.871+0000] {dagbag.py:545} INFO - Filling up the DagBag from /opt/airflow/dags/warehouse_dag.py
[2026-09-17T12:55:22.221+0000] {processor.py:840} INFO - DAG(s) 'youtube_warehouse' retrieved from /opt/airflow/dags/warehouse_dag.py
[2026-09-17T12:55:22.243+0000] {logging_mixin.py:188} INFO - [2026-09-17T12:55:22.242+0000] {dag.py:3096} INFO - Sync 1 DAGs
[2026-09-17T12:55:22.254+0000] {logging_mixin.py:188} INFO - [2026-09-17T12:55:22.254+0000] {dag.py:3954} INFO - Setting next_dagrun for youtube_warehouse to None, run_after=None
[2026-09-17T12:55:22.293+0000] {processor.py:183} INFO - Processing /opt/airflow/dags/warehouse_dag.py took 0.432 seconds
[2026-09-17T12:55:52.592+0000] {processor.py:161} INFO - Started process (PID=1069) to work on /opt/airflow/dags/warehouse_dag.py
[2026-09-17T12:55:52.595+0000] {processor.py:830} INFO - Processing file /opt/airflow/dags/warehouse_dag.py for tasks to queue
[2026-09-17T12:55:52.598+0000] {logging_mixin.py:188} INFO - [2026-09-17T12:55:52.598+0000] {dagbag.py:545} INFO - Filling up the DagBag from /opt/airflow/dags/warehouse_dag.py
[2026-09-17T12:55:52.905+0000] {processor.py:840} INFO - DAG(s) 'youtube_warehouse' retrieved from /opt/airflow/dags/warehouse_dag.py
[2026-09-17T12:55:52.923+0000] {logging_mixin.py:188} INFO - [2026-09-17T12:55:52.923+0000] {dag.py:3096} INFO - Sync 1 DAGs
[2026-09-17T12:55:52.934+0000] {logging_mixin.py:188} INFO - [2026-09-17T12:55:52.934+0000] {dag.py:3954} INFO - Setting next_dagrun for youtube_warehouse to None, run_after=None
[2026-09-17T12:55:52.968+0000] {processor.py:183} INFO - Processing /opt/airflow/dags/warehouse_dag.py took 0.380 seconds
[2026-09-17T12:56:23.370+0000] {processor.py:161} INFO - Started process (PID=1078) to work on /opt/airflow/dags/warehouse_dag.py
[2026-09-17T12:56:23.373+0000] {processor.py:830} INFO - Processing file /opt/airflow/dags/warehouse_dag.py for tasks to queue
[2026-09-17T12:56:23.377+0000] {logging_mixin.py:188} INFO - [2026-09-17T12:56:23.377+0000] {dagbag.py:545} INFO - Filling up the DagBag from /opt/airflow/dags/warehouse_dag.py
[2026-09-17T12:56:23.694+0000] {processor.py:840} INFO - DAG(s) 'youtube_warehouse' retrieved from /opt/airflow/dags/warehouse_dag.py
[2026-09-17T12:56:23.713+0000] {logging_mixin.py:188} INFO - [2026-09-17T12:56:23.712+0000] {dag.py:3096} INFO - Sync 1 DAGs
[2026-09-17T12:56:23.725+0000] {logging_mixin.py:188} INFO - [2026-09-17T12:56:23.725+0000] {dag.py:3954} INFO - Setting next_dagrun for youtube_warehouse to None, run_after=None
[2026-09-17T12:56:23.755+0000] {processor.py:183} INFO - Processing /opt/airflow/dags/warehouse_dag.py took 0.392 seconds
[2026-09-17T12:56:54.027+0000] {processor.py:161} INFO - Started process (PID=1087) to work on /opt/airflow/dags/warehouse_dag.py
[2026-09-17T12:56:54.029+0000] {processor.py:830} INFO - Processing file /opt/airflow/dags/warehouse_dag.py for tasks to queue
[2026-09-17T12:56:54.032+0000] {logging_mixin.py:188} INFO - [2026-09-17T12:56:54.032+0000] {dagbag.py:545} INFO - Filling up the DagBag from /opt/airflow/dags/warehouse_dag.py
[2026-09-17T12:56:54.369+0000] {processor.py:840} INFO - DAG(s) 'youtube_warehouse' retrieved from /opt/airflow/dags/warehouse_dag.py
[2026-09-17T12:56:54.391+0000] {logging_mixin.py:188} INFO - [2026-09-17T12:56:54.390+0000] {dag.py:3096} INFO - Sync 1 DAGs
[2026-09-17T12:56:54.403+0000] {logging_mixin.py:188} INFO - [2026-09-17T12:56:54.403+0000] {dag.py:3954} INFO - Setting next_dagrun for youtube_warehouse to None, run_after=None
[2026-09-17T12:56:54.427+0000] {processor.py:183} INFO - Processing /opt/airflow/dags/warehouse_dag.py took 0.405 seconds
[2026-09-17T12:57:24.788+0000] {processor.py:161} INFO - Started process (PID=1096) to work on /opt/airflow/dags/warehouse_dag.py
[2026-09-17T12:57:24.791+0000] {processor.py:830} INFO - Processing file /opt/airflow/dags/warehouse_dag.py for tasks to queue
[2026-09-17T12:57:24.794+0000] {logging_mixin.py:188} INFO - [2026-09-17T12:57:24.794+0000] {dagbag.py:545} INFO - Filling up the DagBag from /opt/airflow/dags/warehouse_dag.py
[2026-09-17T12:57:25.085+0000] {processor.py:840} INFO - DAG(s) 'youtube_warehouse' retrieved from /opt/airflow/dags/warehouse_dag.py
[2026-09-17T12:57:25.105+0000] {logging_mixin.py:188} INFO - [2026-09-17T12:57:25.105+0000] {dag.py:3096} INFO - Sync 1 DAGs
[2026-09-17T12:57:25.116+0000] {logging_mixin.py:188} INFO - [2026-09-17T12:57:25.116+0000] {dag.py:3954} INFO - Setting next_dagrun for youtube_warehouse to None, run_after=None
[2026-09-17T12:57:25.139+0000] {processor.py:183} INFO - Processing /opt/airflow/dags/warehouse_dag.py took 0.356 seconds
[2026-09-17T13:02:07.325+0000] {processor.py:161} INFO - Started process (PID=1105) to work on /opt/airflow/dags/warehouse_dag.py
[2026-09-17T13:02:07.328+0000] {processor.py:830} INFO - Processing file /opt/airflow/dags/warehouse_dag.py for tasks to queue
[2026-09-17T13:02:07.333+0000] {logging_mixin.py:188} INFO - [2026-09-17T13:02:07.332+0000] {dagbag.py:545} INFO - Filling up the DagBag from /opt/airflow/dags/warehouse_dag.py
[2026-09-17T13:02:07.759+0000] {processor.py:840} INFO - DAG(s) 'youtube_warehouse' retrieved from /opt/airflow/dags/warehouse_dag.py
[2026-09-17T13:02:07.803+0000] {logging_mixin.py:188} INFO - [2026-09-17T13:02:07.802+0000] {dag.py:3096} INFO - Sync 1 DAGs
[2026-09-17T13:02:07.820+0000] {logging_mixin.py:188} INFO - [2026-09-17T13:02:07.820+0000] {dag.py:3954} INFO - Setting next_dagrun for youtube_warehouse to None, run_after=None
[2026-09-17T13:02:07.845+0000] {processor.py:183} INFO - Processing /opt/airflow/dags/warehouse_dag.py took 0.533 seconds
[2026-09-17T13:02:38.099+0000] {processor.py:161} INFO - Started process (PID=1114) to work on /opt/airflow/dags/warehouse_dag.py
[2026-09-17T13:02:38.101+0000] {processor.py:830} INFO - Processing file /opt/airflow/dags/warehouse_dag.py for tasks to queue
[2026-09-17T13:02:38.105+0000] {logging_mixin.py:188} INFO - [2026-09-17T13:02:38.105+0000] {dagbag.py:545} INFO - Filling up the DagBag from /opt/airflow/dags/warehouse_dag.py
[2026-09-17T13:02:38.520+0000] {processor.py:840} INFO - DAG(s) 'youtube_warehouse' retrieved from /opt/airflow/dags/warehouse_dag.py
[2026-09-17T13:02:38.560+0000] {logging_mixin.py:188} INFO - [2026-09-17T13:02:38.559+0000] {dag.py:3096} INFO - Sync 1 DAGs
[2026-09-17T13:02:38.571+0000] {logging_mixin.py:188} INFO - [2026-09-17T13:02:38.571+0000] {dag.py:3954} INFO - Setting next_dagrun for youtube_warehouse to None, run_after=None
[2026-09-17T13:02:38.612+0000] {processor.py:183} INFO - Processing /opt/airflow/dags/warehouse_dag.py took 0.521 seconds
[2026-09-17T13:03:08.722+0000] {processor.py:161} INFO - Started process (PID=1123) to work on /opt/airflow/dags/warehouse_dag.py
[2026-09-17T13:03:08.724+0000] {processor.py:830} INFO - Processing file /opt/airflow/dags/warehouse_dag.py for tasks to queue
[2026-09-17T13:03:08.727+0000] {logging_mixin.py:188} INFO - [2026-09-17T13:03:08.727+0000] {dagbag.py:545} INFO - Filling up the DagBag from /opt/airflow/dags/warehouse_dag.py
[2026-09-17T13:03:09.054+0000] {processor.py:840} INFO - DAG(s) 'youtube_warehouse' retrieved from /opt/airflow/dags/warehouse_dag.py
[2026-09-17T13:03:09.075+0000] {logging_mixin.py:188} INFO - [2026-09-17T13:03:09.074+0000] {dag.py:3096} INFO - Sync 1 DAGs
[2026-09-17T13:03:09.087+0000] {logging_mixin.py:188} INFO - [2026-09-17T13:03:09.087+0000] {dag.py:3954} INFO - Setting next_dagrun for youtube_warehouse to None, run_after=None
[2026-09-17T13:03:09.128+0000] {processor.py:183} INFO - Processing /opt/airflow/dags/warehouse_dag.py took 0.413 seconds
[2026-09-17T13:03:39.324+0000] {processor.py:161} INFO - Started process (PID=1132) to work on /opt/airflow/dags/warehouse_dag.py
[2026-09-17T13:03:39.326+0000] {processor.py:830} INFO - Processing file /opt/airflow/dags/warehouse_dag.py for tasks to queue
[2026-09-17T13:03:39.333+0000] {logging_mixin.py:188} INFO - [2026-09-17T13:03:39.332+0000] {dagbag.py:545} INFO - Filling up the DagBag from /opt/airflow/dags/warehouse_dag.py
[2026-09-17T13:03:39.675+0000] {processor.py:840} INFO - DAG(s) 'youtube_warehouse' retrieved from /opt/airflow/dags/warehouse_dag.py
[2026-09-17T13:03:39.695+0000] {logging_mixin.py:188} INFO - [2026-09-17T13:03:39.695+0000] {dag.py:3096} INFO - Sync 1 DAGs
[2026-09-17T13:03:39.709+0000] {logging_mixin.py:188} INFO - [2026-09-17T13:03:39.709+0000] {dag.py:3954} INFO - Setting next_dagrun for youtube_warehouse to None, run_after=None
[2026-09-17T13:03:39.735+0000] {processor.py:183} INFO - Processing /opt/airflow/dags/warehouse_dag.py took 0.422 seconds
[2026-09-17T13:04:09.958+0000] {processor.py:161} INFO - Started process (PID=1141) to work on /opt/airflow/dags/warehouse_dag.py
[2026-09-17T13:04:09.960+0000] {processor.py:830} INFO - Processing file /opt/airflow/dags/warehouse_dag.py for tasks to queue
[2026-09-17T13:04:09.963+0000] {logging_mixin.py:188} INFO - [2026-09-17T13:04:09.962+0000] {dagbag.py:545} INFO - Filling up the DagBag from /opt/airflow/dags/warehouse_dag.py
[2026-09-17T13:04:10.272+0000] {processor.py:840} INFO - DAG(s) 'youtube_warehouse' retrieved from /opt/airflow/dags/warehouse_dag.py
[2026-09-17T13:04:10.292+0000] {logging_mixin.py:188} INFO - [2026-09-17T13:04:10.292+0000] {dag.py:3096} INFO - Sync 1 DAGs
[2026-09-17T13:04:10.305+0000] {logging_mixin.py:188} INFO - [2026-09-17T13:04:10.305+0000] {dag.py:3954} INFO - Setting next_dagrun for youtube_warehouse to None, run_after=None
[2026-09-17T13:04:10.347+0000] {processor.py:183} INFO - Processing /opt/airflow/dags/warehouse_dag.py took 0.394 seconds
[2026-09-17T13:04:40.587+0000] {processor.py:161} INFO - Started process (PID=1150) to work on /opt/airflow/dags/warehouse_dag.py
[2026-09-17T13:04:40.591+0000] {processor.py:830} INFO - Processing file /opt/airflow/dags/warehouse_dag.py for tasks to queue
[2026-09-17T13:04:40.599+0000] {logging_mixin.py:188} INFO - [2026-09-17T13:04:40.596+0000] {dagbag.py:545} INFO - Filling up the DagBag from /opt/airflow/dags/warehouse_dag.py
[2026-09-17T13:04:41.123+0000] {processor.py:840} INFO - DAG(s) 'youtube_warehouse' retrieved from /opt/airflow/dags/warehouse_dag.py
[2026-09-17T13:04:41.162+0000] {logging_mixin.py:188} INFO - [2026-09-17T13:04:41.161+0000] {dag.py:3096} INFO - Sync 1 DAGs
[2026-09-17T13:04:41.180+0000] {logging_mixin.py:188} INFO - [2026-09-17T13:04:41.180+0000] {dag.py:3954} INFO - Setting next_dagrun for youtube_warehouse to None, run_after=None
[2026-09-17T13:04:41.221+0000] {processor.py:183} INFO - Processing /opt/airflow/dags/warehouse_dag.py took 0.649 seconds
[2026-09-17T13:05:11.575+0000] {processor.py:161} INFO - Started process (PID=1160) to work on /opt/airflow/dags/warehouse_dag.py
[2026-09-17T13:05:11.578+0000] {processor.py:830} INFO - Processing file /opt/airflow/dags/warehouse_dag.py for tasks to queue
[2026-09-17T13:05:11.582+0000] {logging_mixin.py:188} INFO - [2026-09-17T13:05:11.581+0000] {dagbag.py:545} INFO - Filling up the DagBag from /opt/airflow/dags/warehouse_dag.py
[2026-09-17T13:05:11.884+0000] {processor.py:840} INFO - DAG(s) 'youtube_warehouse' retrieved from /opt/airflow/dags/warehouse_dag.py
[2026-09-17T13:05:11.907+0000] {logging_mixin.py:188} INFO - [2026-09-17T13:05:11.906+0000] {dag.py:3096} INFO - Sync 1 DAGs
[2026-09-17T13:05:11.919+0000] {logging_mixin.py:188} INFO - [2026-09-17T13:05:11.918+0000] {dag.py:3954} INFO - Setting next_dagrun for youtube_warehouse to None, run_after=None
[2026-09-17T13:05:11.952+0000] {processor.py:183} INFO - Processing /opt/airflow/dags/warehouse_dag.py took 0.382 seconds
[2026-09-17T13:05:42.154+0000] {processor.py:161} INFO - Started process (PID=1169) to work on /opt/airflow/dags/warehouse_dag.py
[2026-09-17T13:05:42.157+0000] {processor.py:830} INFO - Processing file /opt/airflow/dags/warehouse_dag.py for tasks to queue
[2026-09-17T13:05:42.162+0000] {logging_mixin.py:188} INFO - [2026-09-17T13:05:42.162+0000] {dagbag.py:545} INFO - Filling up the DagBag from /opt/airflow/dags/warehouse_dag.py
[2026-09-17T13:05:42.482+0000] {processor.py:840} INFO - DAG(s) 'youtube_warehouse' retrieved from /opt/airflow/dags/warehouse_dag.py
[2026-09-17T13:05:42.512+0000] {logging_mixin.py:188} INFO - [2026-09-17T13:05:42.512+0000] {dag.py:3096} INFO - Sync 1 DAGs
[2026-09-17T13:05:42.524+0000] {logging_mixin.py:188} INFO - [2026-09-17T13:05:42.524+0000] {dag.py:3954} INFO - Setting next_dagrun for youtube_warehouse to None, run_after=None
[2026-09-17T13:05:42.565+0000] {processor.py:183} INFO - Processing /opt/airflow/dags/warehouse_dag.py took 0.418 seconds
[2026-09-17T13:06:12.720+0000] {processor.py:161} INFO - Started process (PID=1178) to work on /opt/airflow/dags/warehouse_dag.py
[2026-09-17T13:06:12.722+0000] {processor.py:830} INFO - Processing file /opt/airflow/dags/warehouse_dag.py for tasks to queue
[2026-09-17T13:06:12.725+0000] {logging_mixin.py:188} INFO - [2026-09-17T13:06:12.724+0000] {dagbag.py:545} INFO - Filling up the DagBag from /opt/airflow/dags/warehouse_dag.py
[2026-09-17T13:06:13.030+0000] {processor.py:840} INFO - DAG(s) 'youtube_warehouse' retrieved from /opt/airflow/dags/warehouse_dag.py
[2026-09-17T13:06:13.054+0000] {logging_mixin.py:188} INFO - [2026-09-17T13:06:13.053+0000] {dag.py:3096} INFO - Sync 1 DAGs
[2026-09-17T13:06:13.066+0000] {logging_mixin.py:188} INFO - [2026-09-17T13:06:13.066+0000] {dag.py:3954} INFO - Setting next_dagrun for youtube_warehouse to None, run_after=None
[2026-09-17T13:06:13.094+0000] {processor.py:183} INFO - Processing /opt/airflow/dags/warehouse_dag.py took 0.380 seconds
[2026-09-17T13:06:43.393+0000] {processor.py:161} INFO - Started process (PID=1187) to work on /opt/airflow/dags/warehouse_dag.py
[2026-09-17T13:06:43.395+0000] {processor.py:830} INFO - Processing file /opt/airflow/dags/warehouse_dag.py for tasks to queue
[2026-09-17T13:06:43.398+0000] {logging_mixin.py:188} INFO - [2026-09-17T13:06:43.397+0000] {dagbag.py:545} INFO - Filling up the DagBag from /opt/airflow/dags/warehouse_dag.py
[2026-09-17T13:06:43.689+0000] {processor.py:840} INFO - DAG(s) 'youtube_warehouse' retrieved from /opt/airflow/dags/warehouse_dag.py
[2026-09-17T13:06:43.712+0000] {logging_mixin.py:188} INFO - [2026-09-17T13:06:43.712+0000] {dag.py:3096} INFO - Sync 1 DAGs
[2026-09-17T13:06:43.724+0000] {logging_mixin.py:188} INFO - [2026-09-17T13:06:43.724+0000] {dag.py:3954} INFO - Setting next_dagrun for youtube_warehouse to None, run_after=None
[2026-09-17T13:06:43.750+0000] {processor.py:183} INFO - Processing /opt/airflow/dags/warehouse_dag.py took 0.367 seconds
[2026-09-17T13:07:13.945+0000] {processor.py:161} INFO - Started process (PID=1196) to work on /opt/airflow/dags/warehouse_dag.py
[2026-09-17T13:07:13.946+0000] {processor.py:830} INFO - Processing file /opt/airflow/dags/warehouse_dag.py for tasks to queue
[2026-09-17T13:07:13.949+0000] {logging_mixin.py:188} INFO - [2026-09-17T13:07:13.948+0000] {dagbag.py:545} INFO - Filling up the DagBag from /opt/airflow/dags/warehouse_dag.py
[2026-09-17T13:07:14.254+0000] {processor.py:840} INFO - DAG(s) 'youtube_warehouse' retrieved from /opt/airflow/dags/warehouse_dag.py
[2026-09-17T13:07:14.274+0000] {logging_mixin.py:188} INFO - [2026-09-17T13:07:14.274+0000] {dag.py:3096} INFO - Sync 1 DAGs
[2026-09-17T13:07:14.285+0000] {logging_mixin.py:188} INFO - [2026-09-17T13:07:14.285+0000] {dag.py:3954} INFO - Setting next_dagrun for youtube_warehouse to None, run_after=None
[2026-09-17T13:07:14.314+0000] {processor.py:183} INFO - Processing /opt/airflow/dags/warehouse_dag.py took 0.375 seconds
[2026-09-17T13:07:44.407+0000] {processor.py:161} INFO - Started process (PID=1204) to work on /opt/airflow/dags/warehouse_dag.py
[2026-09-17T13:07:44.409+0000] {processor.py:830} INFO - Processing file /opt/airflow/dags/warehouse_dag.py for tasks to queue
[2026-09-17T13:07:44.413+0000] {logging_mixin.py:188} INFO - [2026-09-17T13:07:44.412+0000] {dagbag.py:545} INFO - Filling up the DagBag from /opt/airflow/dags/warehouse_dag.py
[2026-09-17T13:07:44.733+0000] {processor.py:840} INFO - DAG(s) 'youtube_warehouse' retrieved from /opt/airflow/dags/warehouse_dag.py
[2026-09-17T13:07:44.756+0000] {logging_mixin.py:188} INFO - [2026-09-17T13:07:44.756+0000] {dag.py:3096} INFO - Sync 1 DAGs
[2026-09-17T13:07:44.768+0000] {logging_mixin.py:188} INFO - [2026-09-17T13:07:44.768+0000] {dag.py:3954} INFO - Setting next_dagrun for youtube_warehouse to None, run_after=None
[2026-09-17T13:07:44.792+0000] {processor.py:183} INFO - Processing /opt/airflow/dags/warehouse_dag.py took 0.392 seconds
[2026-09-17T13:08:15.486+0000] {processor.py:161} INFO - Started process (PID=1214) to work on /opt/airflow/dags/warehouse_dag.py
[2026-09-17T13:08:15.500+0000] {processor.py:830} INFO - Processing file /opt/airflow/dags/warehouse_dag.py for tasks to queue
[2026-09-17T13:08:15.566+0000] {logging_mixin.py:188} INFO - [2026-09-17T13:08:15.551+0000] {dagbag.py:545} INFO - Filling up the DagBag from /opt/airflow/dags/warehouse_dag.py
[2026-09-17T13:08:38.244+0000] {processor.py:161} INFO - Started process (PID=53) to work on /opt/airflow/dags/warehouse_dag.py
[2026-09-17T13:08:38.247+0000] {processor.py:830} INFO - Processing file /opt/airflow/dags/warehouse_dag.py for tasks to queue
[2026-09-17T13:08:38.251+0000] {logging_mixin.py:188} INFO - [2026-09-17T13:08:38.251+0000] {dagbag.py:545} INFO - Filling up the DagBag from /opt/airflow/dags/warehouse_dag.py
[2026-09-17T13:08:38.972+0000] {processor.py:840} INFO - DAG(s) 'youtube_warehouse' retrieved from /opt/airflow/dags/warehouse_dag.py
[2026-09-17T13:08:39.079+0000] {logging_mixin.py:188} INFO - [2026-09-17T13:08:39.079+0000] {dag.py:3096} INFO - Sync 1 DAGs
[2026-09-17T13:08:39.110+0000] {logging_mixin.py:188} INFO - [2026-09-17T13:08:39.109+0000] {dag.py:3954} INFO - Setting next_dagrun for youtube_warehouse to None, run_after=None
[2026-09-17T13:08:39.140+0000] {processor.py:183} INFO - Processing /opt/airflow/dags/warehouse_dag.py took 0.906 seconds
[2026-09-17T13:09:09.573+0000] {processor.py:161} INFO - Started process (PID=62) to work on /opt/airflow/dags/warehouse_dag.py
[2026-09-17T13:09:09.593+0000] {processor.py:830} INFO - Processing file /opt/airflow/dags/warehouse_dag.py for tasks to queue
[2026-09-17T13:09:09.617+0000] {logging_mixin.py:188} INFO - [2026-09-17T13:09:09.615+0000] {dagbag.py:545} INFO - Filling up the DagBag from /opt/airflow/dags/warehouse_dag.py
[2026-09-17T13:09:10.276+0000] {processor.py:840} INFO - DAG(s) 'youtube_warehouse' retrieved from /opt/airflow/dags/warehouse_dag.py
[2026-09-17T13:09:10.295+0000] {logging_mixin.py:188} INFO - [2026-09-17T13:09:10.295+0000] {dag.py:3096} INFO - Sync 1 DAGs
[2026-09-17T13:09:10.306+0000] {logging_mixin.py:188} INFO - [2026-09-17T13:09:10.306+0000] {dag.py:3954} INFO - Setting next_dagrun for youtube_warehouse to None, run_after=None
[2026-09-17T13:09:10.338+0000] {processor.py:183} INFO - Processing /opt/airflow/dags/warehouse_dag.py took 0.871 seconds
[2026-09-17T13:09:40.968+0000] {processor.py:161} INFO - Started process (PID=77) to work on /opt/airflow/dags/warehouse_dag.py
[2026-09-17T13:09:40.971+0000] {processor.py:830} INFO - Processing file /opt/airflow/dags/warehouse_dag.py for tasks to queue
[2026-09-17T13:09:40.975+0000] {logging_mixin.py:188} INFO - [2026-09-17T13:09:40.974+0000] {dagbag.py:545} INFO - Filling up the DagBag from /opt/airflow/dags/warehouse_dag.py
[2026-09-17T13:09:41.300+0000] {processor.py:840} INFO - DAG(s) 'youtube_warehouse' retrieved from /opt/airflow/dags/warehouse_dag.py
[2026-09-17T13:09:41.342+0000] {logging_mixin.py:188} INFO - [2026-09-17T13:09:41.341+0000] {dag.py:3096} INFO - Sync 1 DAGs
[2026-09-17T13:09:41.354+0000] {logging_mixin.py:188} INFO - [2026-09-17T13:09:41.353+0000] {dag.py:3954} INFO - Setting next_dagrun for youtube_warehouse to None, run_after=None
[2026-09-17T13:09:41.400+0000] {processor.py:183} INFO - Processing /opt/airflow/dags/warehouse_dag.py took 0.438 seconds
[2026-09-17T13:10:11.794+0000] {processor.py:161} INFO - Started process (PID=86) to work on /opt/airflow/dags/warehouse_dag.py
[2026-09-17T13:10:11.796+0000] {processor.py:830} INFO - Processing file /opt/airflow/dags/warehouse_dag.py for tasks to queue
[2026-09-17T13:10:11.800+0000] {logging_mixin.py:188} INFO - [2026-09-17T13:10:11.799+0000] {dagbag.py:545} INFO - Filling up the DagBag from /opt/airflow/dags/warehouse_dag.py
[2026-09-17T13:10:12.749+0000] {processor.py:840} INFO - DAG(s) 'youtube_warehouse' retrieved from /opt/airflow/dags/warehouse_dag.py
[2026-09-17T13:10:12.814+0000] {logging_mixin.py:188} INFO - [2026-09-17T13:10:12.813+0000] {dag.py:3096} INFO - Sync 1 DAGs
[2026-09-17T13:10:12.852+0000] {logging_mixin.py:188} INFO - [2026-09-17T13:10:12.852+0000] {dag.py:3954} INFO - Setting next_dagrun for youtube_warehouse to None, run_after=None
[2026-09-17T13:10:12.896+0000] {processor.py:183} INFO - Processing /opt/airflow/dags/warehouse_dag.py took 1.110 seconds
[2026-09-17T13:10:51.675+0000] {processor.py:161} INFO - Started process (PID=47) to work on /opt/airflow/dags/warehouse_dag.py
[2026-09-17T13:10:51.678+0000] {processor.py:830} INFO - Processing file /opt/airflow/dags/warehouse_dag.py for tasks to queue
[2026-09-17T13:10:51.682+0000] {logging_mixin.py:188} INFO - [2026-09-17T13:10:51.682+0000] {dagbag.py:545} INFO - Filling up the DagBag from /opt/airflow/dags/warehouse_dag.py
[2026-09-17T13:10:52.046+0000] {processor.py:840} INFO - DAG(s) 'youtube_warehouse' retrieved from /opt/airflow/dags/warehouse_dag.py
[2026-09-17T13:10:52.079+0000] {logging_mixin.py:188} INFO - [2026-09-17T13:10:52.079+0000] {dag.py:3096} INFO - Sync 1 DAGs
[2026-09-17T13:10:52.091+0000] {logging_mixin.py:188} INFO - [2026-09-17T13:10:52.090+0000] {dag.py:3954} INFO - Setting next_dagrun for youtube_warehouse to None, run_after=None
[2026-09-17T13:10:52.120+0000] {processor.py:183} INFO - Processing /opt/airflow/dags/warehouse_dag.py took 0.467 seconds
[2026-09-17T13:11:22.305+0000] {processor.py:161} INFO - Started process (PID=56) to work on /opt/airflow/dags/warehouse_dag.py
[2026-09-17T13:11:22.308+0000] {processor.py:830} INFO - Processing file /opt/airflow/dags/warehouse_dag.py for tasks to queue
[2026-09-17T13:11:22.311+0000] {logging_mixin.py:188} INFO - [2026-09-17T13:11:22.310+0000] {dagbag.py:545} INFO - Filling up the DagBag from /opt/airflow/dags/warehouse_dag.py
[2026-09-17T13:11:22.640+0000] {processor.py:840} INFO - DAG(s) 'youtube_warehouse' retrieved from /opt/airflow/dags/warehouse_dag.py
[2026-09-17T13:11:22.664+0000] {logging_mixin.py:188} INFO - [2026-09-17T13:11:22.664+0000] {dag.py:3096} INFO - Sync 1 DAGs
[2026-09-17T13:11:22.675+0000] {logging_mixin.py:188} INFO - [2026-09-17T13:11:22.675+0000] {dag.py:3954} INFO - Setting next_dagrun for youtube_warehouse to None, run_after=None
[2026-09-17T13:11:22.695+0000] {processor.py:183} INFO - Processing /opt/airflow/dags/warehouse_dag.py took 0.395 seconds
[2026-09-17T13:11:52.973+0000] {processor.py:161} INFO - Started process (PID=65) to work on /opt/airflow/dags/warehouse_dag.py
[2026-09-17T13:11:52.975+0000] {processor.py:830} INFO - Processing file /opt/airflow/dags/warehouse_dag.py for tasks to queue
[2026-09-17T13:11:52.978+0000] {logging_mixin.py:188} INFO - [2026-09-17T13:11:52.977+0000] {dagbag.py:545} INFO - Filling up the DagBag from /opt/airflow/dags/warehouse_dag.py
[2026-09-17T13:11:53.321+0000] {processor.py:840} INFO - DAG(s) 'youtube_warehouse' retrieved from /opt/airflow/dags/warehouse_dag.py
[2026-09-17T13:11:53.344+0000] {logging_mixin.py:188} INFO - [2026-09-17T13:11:53.343+0000] {dag.py:3096} INFO - Sync 1 DAGs
[2026-09-17T13:11:53.355+0000] {logging_mixin.py:188} INFO - [2026-09-17T13:11:53.355+0000] {dag.py:3954} INFO - Setting next_dagrun for youtube_warehouse to None, run_after=None
[2026-09-17T13:11:53.382+0000] {processor.py:183} INFO - Processing /opt/airflow/dags/warehouse_dag.py took 0.415 seconds
[2026-09-17T13:12:23.603+0000] {processor.py:161} INFO - Started process (PID=74) to work on /opt/airflow/dags/warehouse_dag.py
[2026-09-17T13:12:23.609+0000] {processor.py:830} INFO - Processing file /opt/airflow/dags/warehouse_dag.py for tasks to queue
[2026-09-17T13:12:23.618+0000] {logging_mixin.py:188} INFO - [2026-09-17T13:12:23.617+0000] {dagbag.py:545} INFO - Filling up the DagBag from /opt/airflow/dags/warehouse_dag.py
[2026-09-17T13:12:24.215+0000] {processor.py:840} INFO - DAG(s) 'youtube_warehouse' retrieved from /opt/airflow/dags/warehouse_dag.py
[2026-09-17T13:12:24.246+0000] {logging_mixin.py:188} INFO - [2026-09-17T13:12:24.246+0000] {dag.py:3096} INFO - Sync 1 DAGs
[2026-09-17T13:12:24.260+0000] {logging_mixin.py:188} INFO - [2026-09-17T13:12:24.259+0000] {dag.py:3954} INFO - Setting next_dagrun for youtube_warehouse to None, run_after=None
[2026-09-17T13:12:24.289+0000] {processor.py:183} INFO - Processing /opt/airflow/dags/warehouse_dag.py took 0.711 seconds
[2026-09-17T13:12:54.633+0000] {processor.py:161} INFO - Started process (PID=83) to work on /opt/airflow/dags/warehouse_dag.py
[2026-09-17T13:12:54.635+0000] {processor.py:830} INFO - Processing file /opt/airflow/dags/warehouse_dag.py for tasks to queue
[2026-09-17T13:12:54.638+0000] {logging_mixin.py:188} INFO - [2026-09-17T13:12:54.638+0000] {dagbag.py:545} INFO - Filling up the DagBag from /opt/airflow/dags/warehouse_dag.py
[2026-09-17T13:12:55.151+0000] {processor.py:840} INFO - DAG(s) 'youtube_warehouse' retrieved from /opt/airflow/dags/warehouse_dag.py
[2026-09-17T13:12:55.247+0000] {logging_mixin.py:188} INFO - [2026-09-17T13:12:55.247+0000] {dag.py:3096} INFO - Sync 1 DAGs
[2026-09-17T13:12:55.318+0000] {logging_mixin.py:188} INFO - [2026-09-17T13:12:55.318+0000] {dag.py:3954} INFO - Setting next_dagrun for youtube_warehouse to None, run_after=None
[2026-09-17T13:12:55.367+0000] {processor.py:183} INFO - Processing /opt/airflow/dags/warehouse_dag.py took 0.744 seconds
[2026-09-17T13:13:25.751+0000] {processor.py:161} INFO - Started process (PID=99) to work on /opt/airflow/dags/warehouse_dag.py
[2026-09-17T13:13:25.753+0000] {processor.py:830} INFO - Processing file /opt/airflow/dags/warehouse_dag.py for tasks to queue
[2026-09-17T13:13:25.757+0000] {logging_mixin.py:188} INFO - [2026-09-17T13:13:25.757+0000] {dagbag.py:545} INFO - Filling up the DagBag from /opt/airflow/dags/warehouse_dag.py
[2026-09-17T13:13:26.235+0000] {processor.py:840} INFO - DAG(s) 'youtube_warehouse' retrieved from /opt/airflow/dags/warehouse_dag.py
[2026-09-17T13:13:26.258+0000] {logging_mixin.py:188} INFO - [2026-09-17T13:13:26.258+0000] {dag.py:3096} INFO - Sync 1 DAGs
[2026-09-17T13:13:26.271+0000] {logging_mixin.py:188} INFO - [2026-09-17T13:13:26.271+0000] {dag.py:3954} INFO - Setting next_dagrun for youtube_warehouse to None, run_after=None
[2026-09-17T13:13:26.308+0000] {processor.py:183} INFO - Processing /opt/airflow/dags/warehouse_dag.py took 0.568 seconds
[2026-09-17T13:13:56.411+0000] {processor.py:161} INFO - Started process (PID=108) to work on /opt/airflow/dags/warehouse_dag.py
[2026-09-17T13:13:56.414+0000] {processor.py:830} INFO - Processing file /opt/airflow/dags/warehouse_dag.py for tasks to queue
[2026-09-17T13:13:56.418+0000] {logging_mixin.py:188} INFO - [2026-09-17T13:13:56.417+0000] {dagbag.py:545} INFO - Filling up the DagBag from /opt/airflow/dags/warehouse_dag.py
[2026-09-17T13:13:56.746+0000] {processor.py:840} INFO - DAG(s) 'youtube_warehouse' retrieved from /opt/airflow/dags/warehouse_dag.py
[2026-09-17T13:13:56.764+0000] {logging_mixin.py:188} INFO - [2026-09-17T13:13:56.764+0000] {dag.py:3096} INFO - Sync 1 DAGs
[2026-09-17T13:13:56.775+0000] {logging_mixin.py:188} INFO - [2026-09-17T13:13:56.775+0000] {dag.py:3954} INFO - Setting next_dagrun for youtube_warehouse to None, run_after=None
[2026-09-17T13:13:56.798+0000] {processor.py:183} INFO - Processing /opt/airflow/dags/warehouse_dag.py took 0.392 seconds
[2026-09-17T13:14:27.221+0000] {processor.py:161} INFO - Started process (PID=117) to work on /opt/airflow/dags/warehouse_dag.py
[2026-09-17T13:14:27.224+0000] {processor.py:830} INFO - Processing file /opt/airflow/dags/warehouse_dag.py for tasks to queue
[2026-09-17T13:14:27.228+0000] {logging_mixin.py:188} INFO - [2026-09-17T13:14:27.227+0000] {dagbag.py:545} INFO - Filling up the DagBag from /opt/airflow/dags/warehouse_dag.py
[2026-09-17T13:14:27.572+0000] {processor.py:840} INFO - DAG(s) 'youtube_warehouse' retrieved from /opt/airflow/dags/warehouse_dag.py
[2026-09-17T13:14:27.595+0000] {logging_mixin.py:188} INFO - [2026-09-17T13:14:27.595+0000] {dag.py:3096} INFO - Sync 1 DAGs
[2026-09-17T13:14:27.610+0000] {logging_mixin.py:188} INFO - [2026-09-17T13:14:27.609+0000] {dag.py:3954} INFO - Setting next_dagrun for youtube_warehouse to None, run_after=None
[2026-09-17T13:14:27.667+0000] {processor.py:183} INFO - Processing /opt/airflow/dags/warehouse_dag.py took 0.461 seconds
[2026-09-17T13:14:57.906+0000] {processor.py:161} INFO - Started process (PID=126) to work on /opt/airflow/dags/warehouse_dag.py
[2026-09-17T13:14:57.908+0000] {processor.py:830} INFO - Processing file /opt/airflow/dags/warehouse_dag.py for tasks to queue
[2026-09-17T13:14:57.911+0000] {logging_mixin.py:188} INFO - [2026-09-17T13:14:57.911+0000] {dagbag.py:545} INFO - Filling up the DagBag from /opt/airflow/dags/warehouse_dag.py
[2026-09-17T13:14:58.231+0000] {processor.py:840} INFO - DAG(s) 'youtube_warehouse' retrieved from /opt/airflow/dags/warehouse_dag.py
[2026-09-17T13:14:58.253+0000] {logging_mixin.py:188} INFO - [2026-09-17T13:14:58.252+0000] {dag.py:3096} INFO - Sync 1 DAGs
[2026-09-17T13:14:58.265+0000] {logging_mixin.py:188} INFO - [2026-09-17T13:14:58.264+0000] {dag.py:3954} INFO - Setting next_dagrun for youtube_warehouse to None, run_after=None
[2026-09-17T13:14:58.310+0000] {processor.py:183} INFO - Processing /opt/airflow/dags/warehouse_dag.py took 0.411 seconds
[2026-09-17T13:15:28.592+0000] {processor.py:161} INFO - Started process (PID=135) to work on /opt/airflow/dags/warehouse_dag.py
[2026-09-17T13:15:28.595+0000] {processor.py:830} INFO - Processing file /opt/airflow/dags/warehouse_dag.py for tasks to queue
[2026-09-17T13:15:28.598+0000] {logging_mixin.py:188} INFO - [2026-09-17T13:15:28.597+0000] {dagbag.py:545} INFO - Filling up the DagBag from /opt/airflow/dags/warehouse_dag.py
[2026-09-17T13:15:28.881+0000] {processor.py:840} INFO - DAG(s) 'youtube_warehouse' retrieved from /opt/airflow/dags/warehouse_dag.py
[2026-09-17T13:15:28.918+0000] {logging_mixin.py:188} INFO - [2026-09-17T13:15:28.917+0000] {dag.py:3096} INFO - Sync 1 DAGs
[2026-09-17T13:15:28.930+0000] {logging_mixin.py:188} INFO - [2026-09-17T13:15:28.929+0000] {dag.py:3954} INFO - Setting next_dagrun for youtube_warehouse to None, run_after=None
[2026-09-17T13:15:28.955+0000] {processor.py:183} INFO - Processing /opt/airflow/dags/warehouse_dag.py took 0.368 seconds
[2026-09-17T13:15:59.138+0000] {processor.py:161} INFO - Started process (PID=144) to work on /opt/airflow/dags/warehouse_dag.py
[2026-09-17T13:15:59.141+0000] {processor.py:830} INFO - Processing file /opt/airflow/dags/warehouse_dag.py for tasks to queue
[2026-09-17T13:15:59.144+0000] {logging_mixin.py:188} INFO - [2026-09-17T13:15:59.144+0000] {dagbag.py:545} INFO - Filling up the DagBag from /opt/airflow/dags/warehouse_dag.py
[2026-09-17T13:15:59.451+0000] {processor.py:840} INFO - DAG(s) 'youtube_warehouse' retrieved from /opt/airflow/dags/warehouse_dag.py
[2026-09-17T13:15:59.470+0000] {logging_mixin.py:188} INFO - [2026-09-17T13:15:59.469+0000] {dag.py:3096} INFO - Sync 1 DAGs
[2026-09-17T13:15:59.481+0000] {logging_mixin.py:188} INFO - [2026-09-17T13:15:59.481+0000] {dag.py:3954} INFO - Setting next_dagrun for youtube_warehouse to None, run_after=None
[2026-09-17T13:15:59.526+0000] {processor.py:183} INFO - Processing /opt/airflow/dags/warehouse_dag.py took 0.393 seconds
[2026-09-17T13:16:29.915+0000] {processor.py:161} INFO - Started process (PID=153) to work on /opt/airflow/dags/warehouse_dag.py
[2026-09-17T13:16:29.918+0000] {processor.py:830} INFO - Processing file /opt/airflow/dags/warehouse_dag.py for tasks to queue
[2026-09-17T13:16:29.923+0000] {logging_mixin.py:188} INFO - [2026-09-17T13:16:29.923+0000] {dagbag.py:545} INFO - Filling up the DagBag from /opt/airflow/dags/warehouse_dag.py
[2026-09-17T13:16:30.224+0000] {processor.py:840} INFO - DAG(s) 'youtube_warehouse' retrieved from /opt/airflow/dags/warehouse_dag.py
[2026-09-17T13:16:30.269+0000] {logging_mixin.py:188} INFO - [2026-09-17T13:16:30.268+0000] {dag.py:3096} INFO - Sync 1 DAGs
[2026-09-17T13:16:30.282+0000] {logging_mixin.py:188} INFO - [2026-09-17T13:16:30.282+0000] {dag.py:3954} INFO - Setting next_dagrun for youtube_warehouse to None, run_after=None
[2026-09-17T13:16:30.324+0000] {processor.py:183} INFO - Processing /opt/airflow/dags/warehouse_dag.py took 0.420 seconds
[2026-09-17T13:17:00.679+0000] {processor.py:161} INFO - Started process (PID=162) to work on /opt/airflow/dags/warehouse_dag.py
[2026-09-17T13:17:00.681+0000] {processor.py:830} INFO - Processing file /opt/airflow/dags/warehouse_dag.py for tasks to queue
[2026-09-17T13:17:00.684+0000] {logging_mixin.py:188} INFO - [2026-09-17T13:17:00.683+0000] {dagbag.py:545} INFO - Filling up the DagBag from /opt/airflow/dags/warehouse_dag.py
[2026-09-17T13:17:01.063+0000] {processor.py:840} INFO - DAG(s) 'youtube_warehouse' retrieved from /opt/airflow/dags/warehouse_dag.py
[2026-09-17T13:17:01.099+0000] {logging_mixin.py:188} INFO - [2026-09-17T13:17:01.098+0000] {dag.py:3096} INFO - Sync 1 DAGs
[2026-09-17T13:17:01.113+0000] {logging_mixin.py:188} INFO - [2026-09-17T13:17:01.113+0000] {dag.py:3954} INFO - Setting next_dagrun for youtube_warehouse to None, run_after=None
[2026-09-17T13:17:01.137+0000] {processor.py:183} INFO - Processing /opt/airflow/dags/warehouse_dag.py took 0.464 seconds
[2026-09-17T13:17:31.325+0000] {processor.py:161} INFO - Started process (PID=171) to work on /opt/airflow/dags/warehouse_dag.py
[2026-09-17T13:17:31.327+0000] {processor.py:830} INFO - Processing file /opt/airflow/dags/warehouse_dag.py for tasks to queue
[2026-09-17T13:17:31.330+0000] {logging_mixin.py:188} INFO - [2026-09-17T13:17:31.330+0000] {dagbag.py:545} INFO - Filling up the DagBag from /opt/airflow/dags/warehouse_dag.py
[2026-09-17T13:17:31.630+0000] {processor.py:840} INFO - DAG(s) 'youtube_warehouse' retrieved from /opt/airflow/dags/warehouse_dag.py
[2026-09-17T13:17:31.649+0000] {logging_mixin.py:188} INFO - [2026-09-17T13:17:31.648+0000] {dag.py:3096} INFO - Sync 1 DAGs
[2026-09-17T13:17:31.660+0000] {logging_mixin.py:188} INFO - [2026-09-17T13:17:31.659+0000] {dag.py:3954} INFO - Setting next_dagrun for youtube_warehouse to None, run_after=None
[2026-09-17T13:17:31.703+0000] {processor.py:183} INFO - Processing /opt/airflow/dags/warehouse_dag.py took 0.384 seconds
[2026-09-17T13:18:02.001+0000] {processor.py:161} INFO - Started process (PID=180) to work on /opt/airflow/dags/warehouse_dag.py
[2026-09-17T13:18:02.003+0000] {processor.py:830} INFO - Processing file /opt/airflow/dags/warehouse_dag.py for tasks to queue
[2026-09-17T13:18:02.006+0000] {logging_mixin.py:188} INFO - [2026-09-17T13:18:02.006+0000] {dagbag.py:545} INFO - Filling up the DagBag from /opt/airflow/dags/warehouse_dag.py
[2026-09-17T13:18:02.315+0000] {processor.py:840} INFO - DAG(s) 'youtube_warehouse' retrieved from /opt/airflow/dags/warehouse_dag.py
[2026-09-17T13:18:02.339+0000] {logging_mixin.py:188} INFO - [2026-09-17T13:18:02.339+0000] {dag.py:3096} INFO - Sync 1 DAGs
[2026-09-17T13:18:02.351+0000] {logging_mixin.py:188} INFO - [2026-09-17T13:18:02.350+0000] {dag.py:3954} INFO - Setting next_dagrun for youtube_warehouse to None, run_after=None
[2026-09-17T13:18:02.374+0000] {processor.py:183} INFO - Processing /opt/airflow/dags/warehouse_dag.py took 0.378 seconds
[2026-09-17T13:18:32.641+0000] {processor.py:161} INFO - Started process (PID=189) to work on /opt/airflow/dags/warehouse_dag.py
[2026-09-17T13:18:32.644+0000] {processor.py:830} INFO - Processing file /opt/airflow/dags/warehouse_dag.py for tasks to queue
[2026-09-17T13:18:32.647+0000] {logging_mixin.py:188} INFO - [2026-09-17T13:18:32.646+0000] {dagbag.py:545} INFO - Filling up the DagBag from /opt/airflow/dags/warehouse_dag.py
[2026-09-17T13:18:32.944+0000] {processor.py:840} INFO - DAG(s) 'youtube_warehouse' retrieved from /opt/airflow/dags/warehouse_dag.py
[2026-09-17T13:18:32.963+0000] {logging_mixin.py:188} INFO - [2026-09-17T13:18:32.963+0000] {dag.py:3096} INFO - Sync 1 DAGs
[2026-09-17T13:18:32.976+0000] {logging_mixin.py:188} INFO - [2026-09-17T13:18:32.976+0000] {dag.py:3954} INFO - Setting next_dagrun for youtube_warehouse to None, run_after=None
[2026-09-17T13:18:33.018+0000] {processor.py:183} INFO - Processing /opt/airflow/dags/warehouse_dag.py took 0.385 seconds
[2026-09-17T13:19:03.330+0000] {processor.py:161} INFO - Started process (PID=198) to work on /opt/airflow/dags/warehouse_dag.py
[2026-09-17T13:19:03.332+0000] {processor.py:830} INFO - Processing file /opt/airflow/dags/warehouse_dag.py for tasks to queue
[2026-09-17T13:19:03.337+0000] {logging_mixin.py:188} INFO - [2026-09-17T13:19:03.336+0000] {dagbag.py:545} INFO - Filling up the DagBag from /opt/airflow/dags/warehouse_dag.py
[2026-09-17T13:19:03.793+0000] {processor.py:840} INFO - DAG(s) 'youtube_warehouse' retrieved from /opt/airflow/dags/warehouse_dag.py
[2026-09-17T13:19:03.885+0000] {logging_mixin.py:188} INFO - [2026-09-17T13:19:03.884+0000] {dag.py:3096} INFO - Sync 1 DAGs
[2026-09-17T13:19:03.895+0000] {logging_mixin.py:188} INFO - [2026-09-17T13:19:03.895+0000] {dag.py:3954} INFO - Setting next_dagrun for youtube_warehouse to None, run_after=None
[2026-09-17T13:19:03.924+0000] {processor.py:183} INFO - Processing /opt/airflow/dags/warehouse_dag.py took 0.608 seconds
[2026-09-17T13:19:34.325+0000] {processor.py:161} INFO - Started process (PID=207) to work on /opt/airflow/dags/warehouse_dag.py
[2026-09-17T13:19:34.327+0000] {processor.py:830} INFO - Processing file /opt/airflow/dags/warehouse_dag.py for tasks to queue
[2026-09-17T13:19:34.330+0000] {logging_mixin.py:188} INFO - [2026-09-17T13:19:34.330+0000] {dagbag.py:545} INFO - Filling up the DagBag from /opt/airflow/dags/warehouse_dag.py
[2026-09-17T13:19:34.645+0000] {processor.py:840} INFO - DAG(s) 'youtube_warehouse' retrieved from /opt/airflow/dags/warehouse_dag.py
[2026-09-17T13:19:34.668+0000] {logging_mixin.py:188} INFO - [2026-09-17T13:19:34.668+0000] {dag.py:3096} INFO - Sync 1 DAGs
[2026-09-17T13:19:34.681+0000] {logging_mixin.py:188} INFO - [2026-09-17T13:19:34.681+0000] {dag.py:3954} INFO - Setting next_dagrun for youtube_warehouse to None, run_after=None
[2026-09-17T13:19:34.703+0000] {processor.py:183} INFO - Processing /opt/airflow/dags/warehouse_dag.py took 0.384 seconds
[2026-09-17T13:20:05.125+0000] {processor.py:161} INFO - Started process (PID=216) to work on /opt/airflow/dags/warehouse_dag.py
[2026-09-17T13:20:05.127+0000] {processor.py:830} INFO - Processing file /opt/airflow/dags/warehouse_dag.py for tasks to queue
[2026-09-17T13:20:05.130+0000] {logging_mixin.py:188} INFO - [2026-09-17T13:20:05.130+0000] {dagbag.py:545} INFO - Filling up the DagBag from /opt/airflow/dags/warehouse_dag.py
[2026-09-17T13:20:05.611+0000] {processor.py:840} INFO - DAG(s) 'youtube_warehouse' retrieved from /opt/airflow/dags/warehouse_dag.py
[2026-09-17T13:20:05.647+0000] {logging_mixin.py:188} INFO - [2026-09-17T13:20:05.646+0000] {dag.py:3096} INFO - Sync 1 DAGs
[2026-09-17T13:20:05.662+0000] {logging_mixin.py:188} INFO - [2026-09-17T13:20:05.662+0000] {dag.py:3954} INFO - Setting next_dagrun for youtube_warehouse to None, run_after=None
[2026-09-17T13:20:05.714+0000] {processor.py:183} INFO - Processing /opt/airflow/dags/warehouse_dag.py took 0.595 seconds
[2026-09-17T13:20:35.878+0000] {processor.py:161} INFO - Started process (PID=225) to work on /opt/airflow/dags/warehouse_dag.py
[2026-09-17T13:20:35.880+0000] {processor.py:830} INFO - Processing file /opt/airflow/dags/warehouse_dag.py for tasks to queue
[2026-09-17T13:20:35.883+0000] {logging_mixin.py:188} INFO - [2026-09-17T13:20:35.883+0000] {dagbag.py:545} INFO - Filling up the DagBag from /opt/airflow/dags/warehouse_dag.py
[2026-09-17T13:20:36.218+0000] {processor.py:840} INFO - DAG(s) 'youtube_warehouse' retrieved from /opt/airflow/dags/warehouse_dag.py
[2026-09-17T13:20:36.242+0000] {logging_mixin.py:188} INFO - [2026-09-17T13:20:36.242+0000] {dag.py:3096} INFO - Sync 1 DAGs
[2026-09-17T13:20:36.254+0000] {logging_mixin.py:188} INFO - [2026-09-17T13:20:36.253+0000] {dag.py:3954} INFO - Setting next_dagrun for youtube_warehouse to None, run_after=None
[2026-09-17T13:20:36.281+0000] {processor.py:183} INFO - Processing /opt/airflow/dags/warehouse_dag.py took 0.410 seconds
[2026-09-17T13:21:06.465+0000] {processor.py:161} INFO - Started process (PID=234) to work on /opt/airflow/dags/warehouse_dag.py
[2026-09-17T13:21:06.468+0000] {processor.py:830} INFO - Processing file /opt/airflow/dags/warehouse_dag.py for tasks to queue
[2026-09-17T13:21:06.471+0000] {logging_mixin.py:188} INFO - [2026-09-17T13:21:06.471+0000] {dagbag.py:545} INFO - Filling up the DagBag from /opt/airflow/dags/warehouse_dag.py
[2026-09-17T13:21:06.819+0000] {processor.py:840} INFO - DAG(s) 'youtube_warehouse' retrieved from /opt/airflow/dags/warehouse_dag.py
[2026-09-17T13:21:06.839+0000] {logging_mixin.py:188} INFO - [2026-09-17T13:21:06.839+0000] {dag.py:3096} INFO - Sync 1 DAGs
[2026-09-17T13:21:06.851+0000] {logging_mixin.py:188} INFO - [2026-09-17T13:21:06.850+0000] {dag.py:3954} INFO - Setting next_dagrun for youtube_warehouse to None, run_after=None
[2026-09-17T13:21:06.902+0000] {processor.py:183} INFO - Processing /opt/airflow/dags/warehouse_dag.py took 0.444 seconds
[2026-09-17T13:21:37.132+0000] {processor.py:161} INFO - Started process (PID=243) to work on /opt/airflow/dags/warehouse_dag.py
[2026-09-17T13:21:37.139+0000] {processor.py:830} INFO - Processing file /opt/airflow/dags/warehouse_dag.py for tasks to queue
[2026-09-17T13:21:37.151+0000] {logging_mixin.py:188} INFO - [2026-09-17T13:21:37.150+0000] {dagbag.py:545} INFO - Filling up the DagBag from /opt/airflow/dags/warehouse_dag.py
[2026-09-17T13:21:37.426+0000] {processor.py:840} INFO - DAG(s) 'youtube_warehouse' retrieved from /opt/airflow/dags/warehouse_dag.py
[2026-09-17T13:21:37.444+0000] {logging_mixin.py:188} INFO - [2026-09-17T13:21:37.444+0000] {dag.py:3096} INFO - Sync 1 DAGs
[2026-09-17T13:21:37.455+0000] {logging_mixin.py:188} INFO - [2026-09-17T13:21:37.455+0000] {dag.py:3954} INFO - Setting next_dagrun for youtube_warehouse to None, run_after=None
[2026-09-17T13:21:37.499+0000] {processor.py:183} INFO - Processing /opt/airflow/dags/warehouse_dag.py took 0.391 seconds
[2026-09-17T13:22:07.970+0000] {processor.py:161} INFO - Started process (PID=252) to work on /opt/airflow/dags/warehouse_dag.py
[2026-09-17T13:22:07.972+0000] {processor.py:830} INFO - Processing file /opt/airflow/dags/warehouse_dag.py for tasks to queue
[2026-09-17T13:22:07.975+0000] {logging_mixin.py:188} INFO - [2026-09-17T13:22:07.975+0000] {dagbag.py:545} INFO - Filling up the DagBag from /opt/airflow/dags/warehouse_dag.py
[2026-09-17T13:22:08.298+0000] {processor.py:840} INFO - DAG(s) 'youtube_warehouse' retrieved from /opt/airflow/dags/warehouse_dag.py
[2026-09-17T13:22:08.321+0000] {logging_mixin.py:188} INFO - [2026-09-17T13:22:08.320+0000] {dag.py:3096} INFO - Sync 1 DAGs
[2026-09-17T13:22:08.332+0000] {logging_mixin.py:188} INFO - [2026-09-17T13:22:08.332+0000] {dag.py:3954} INFO - Setting next_dagrun for youtube_warehouse to None, run_after=None
[2026-09-17T13:22:08.353+0000] {processor.py:183} INFO - Processing /opt/airflow/dags/warehouse_dag.py took 0.388 seconds
[2026-09-17T13:22:38.516+0000] {processor.py:161} INFO - Started process (PID=261) to work on /opt/airflow/dags/warehouse_dag.py
[2026-09-17T13:22:38.519+0000] {processor.py:830} INFO - Processing file /opt/airflow/dags/warehouse_dag.py for tasks to queue
[2026-09-17T13:22:38.522+0000] {logging_mixin.py:188} INFO - [2026-09-17T13:22:38.522+0000] {dagbag.py:545} INFO - Filling up the DagBag from /opt/airflow/dags/warehouse_dag.py
[2026-09-17T13:22:38.845+0000] {processor.py:840} INFO - DAG(s) 'youtube_warehouse' retrieved from /opt/airflow/dags/warehouse_dag.py
[2026-09-17T13:22:38.865+0000] {logging_mixin.py:188} INFO - [2026-09-17T13:22:38.865+0000] {dag.py:3096} INFO - Sync 1 DAGs
[2026-09-17T13:22:38.876+0000] {logging_mixin.py:188} INFO - [2026-09-17T13:22:38.876+0000] {dag.py:3954} INFO - Setting next_dagrun for youtube_warehouse to None, run_after=None
[2026-09-17T13:22:38.900+0000] {processor.py:183} INFO - Processing /opt/airflow/dags/warehouse_dag.py took 0.390 seconds
[2026-09-17T13:23:09.316+0000] {processor.py:161} INFO - Started process (PID=270) to work on /opt/airflow/dags/warehouse_dag.py
[2026-09-17T13:23:09.318+0000] {processor.py:830} INFO - Processing file /opt/airflow/dags/warehouse_dag.py for tasks to queue
[2026-09-17T13:23:09.321+0000] {logging_mixin.py:188} INFO - [2026-09-17T13:23:09.321+0000] {dagbag.py:545} INFO - Filling up the DagBag from /opt/airflow/dags/warehouse_dag.py
[2026-09-17T13:23:09.605+0000] {processor.py:840} INFO - DAG(s) 'youtube_warehouse' retrieved from /opt/airflow/dags/warehouse_dag.py
[2026-09-17T13:23:09.624+0000] {logging_mixin.py:188} INFO - [2026-09-17T13:23:09.624+0000] {dag.py:3096} INFO - Sync 1 DAGs
[2026-09-17T13:23:09.635+0000] {logging_mixin.py:188} INFO - [2026-09-17T13:23:09.635+0000] {dag.py:3954} INFO - Setting next_dagrun for youtube_warehouse to None, run_after=None
[2026-09-17T13:23:09.673+0000] {processor.py:183} INFO - Processing /opt/airflow/dags/warehouse_dag.py took 0.363 seconds
[2026-09-17T13:23:39.793+0000] {processor.py:161} INFO - Started process (PID=279) to work on /opt/airflow/dags/warehouse_dag.py
[2026-09-17T13:23:39.795+0000] {processor.py:830} INFO - Processing file /opt/airflow/dags/warehouse_dag.py for tasks to queue
[2026-09-17T13:23:39.799+0000] {logging_mixin.py:188} INFO - [2026-09-17T13:23:39.799+0000] {dagbag.py:545} INFO - Filling up the DagBag from /opt/airflow/dags/warehouse_dag.py
[2026-09-17T13:23:40.125+0000] {processor.py:840} INFO - DAG(s) 'youtube_warehouse' retrieved from /opt/airflow/dags/warehouse_dag.py
[2026-09-17T13:23:40.146+0000] {logging_mixin.py:188} INFO - [2026-09-17T13:23:40.145+0000] {dag.py:3096} INFO - Sync 1 DAGs
[2026-09-17T13:23:40.158+0000] {logging_mixin.py:188} INFO - [2026-09-17T13:23:40.157+0000] {dag.py:3954} INFO - Setting next_dagrun for youtube_warehouse to None, run_after=None
[2026-09-17T13:23:40.183+0000] {processor.py:183} INFO - Processing /opt/airflow/dags/warehouse_dag.py took 0.396 seconds
[2026-09-17T13:24:10.556+0000] {processor.py:161} INFO - Started process (PID=288) to work on /opt/airflow/dags/warehouse_dag.py
[2026-09-17T13:24:10.559+0000] {processor.py:830} INFO - Processing file /opt/airflow/dags/warehouse_dag.py for tasks to queue
[2026-09-17T13:24:10.564+0000] {logging_mixin.py:188} INFO - [2026-09-17T13:24:10.564+0000] {dagbag.py:545} INFO - Filling up the DagBag from /opt/airflow/dags/warehouse_dag.py
[2026-09-17T13:24:10.848+0000] {processor.py:840} INFO - DAG(s) 'youtube_warehouse' retrieved from /opt/airflow/dags/warehouse_dag.py
[2026-09-17T13:24:10.870+0000] {logging_mixin.py:188} INFO - [2026-09-17T13:24:10.869+0000] {dag.py:3096} INFO - Sync 1 DAGs
[2026-09-17T13:24:10.882+0000] {logging_mixin.py:188} INFO - [2026-09-17T13:24:10.882+0000] {dag.py:3954} INFO - Setting next_dagrun for youtube_warehouse to None, run_after=None
[2026-09-17T13:24:10.923+0000] {processor.py:183} INFO - Processing /opt/airflow/dags/warehouse_dag.py took 0.379 seconds
[2026-09-17T13:24:41.028+0000] {processor.py:161} INFO - Started process (PID=297) to work on /opt/airflow/dags/warehouse_dag.py
[2026-09-17T13:24:41.031+0000] {processor.py:830} INFO - Processing file /opt/airflow/dags/warehouse_dag.py for tasks to queue
[2026-09-17T13:24:41.034+0000] {logging_mixin.py:188} INFO - [2026-09-17T13:24:41.033+0000] {dagbag.py:545} INFO - Filling up the DagBag from /opt/airflow/dags/warehouse_dag.py
[2026-09-17T13:24:41.328+0000] {processor.py:840} INFO - DAG(s) 'youtube_warehouse' retrieved from /opt/airflow/dags/warehouse_dag.py
[2026-09-17T13:24:41.347+0000] {logging_mixin.py:188} INFO - [2026-09-17T13:24:41.347+0000] {dag.py:3096} INFO - Sync 1 DAGs
[2026-09-17T13:24:41.360+0000] {logging_mixin.py:188} INFO - [2026-09-17T13:24:41.359+0000] {dag.py:3954} INFO - Setting next_dagrun for youtube_warehouse to None, run_after=None
[2026-09-17T13:24:41.400+0000] {processor.py:183} INFO - Processing /opt/airflow/dags/warehouse_dag.py took 0.378 seconds
[2026-09-17T13:25:11.772+0000] {processor.py:161} INFO - Started process (PID=306) to work on /opt/airflow/dags/warehouse_dag.py
[2026-09-17T13:25:11.774+0000] {processor.py:830} INFO - Processing file /opt/airflow/dags/warehouse_dag.py for tasks to queue
[2026-09-17T13:25:11.778+0000] {logging_mixin.py:188} INFO - [2026-09-17T13:25:11.778+0000] {dagbag.py:545} INFO - Filling up the DagBag from /opt/airflow/dags/warehouse_dag.py
[2026-09-17T13:25:12.113+0000] {processor.py:840} INFO - DAG(s) 'youtube_warehouse' retrieved from /opt/airflow/dags/warehouse_dag.py
[2026-09-17T13:25:12.164+0000] {logging_mixin.py:188} INFO - [2026-09-17T13:25:12.163+0000] {dag.py:3096} INFO - Sync 1 DAGs
[2026-09-17T13:25:12.176+0000] {logging_mixin.py:188} INFO - [2026-09-17T13:25:12.176+0000] {dag.py:3954} INFO - Setting next_dagrun for youtube_warehouse to None, run_after=None
[2026-09-17T13:25:12.225+0000] {processor.py:183} INFO - Processing /opt/airflow/dags/warehouse_dag.py took 0.457 seconds
[2026-09-17T13:25:42.435+0000] {processor.py:161} INFO - Started process (PID=315) to work on /opt/airflow/dags/warehouse_dag.py
[2026-09-17T13:25:42.438+0000] {processor.py:830} INFO - Processing file /opt/airflow/dags/warehouse_dag.py for tasks to queue
[2026-09-17T13:25:42.442+0000] {logging_mixin.py:188} INFO - [2026-09-17T13:25:42.442+0000] {dagbag.py:545} INFO - Filling up the DagBag from /opt/airflow/dags/warehouse_dag.py
[2026-09-17T13:25:42.796+0000] {processor.py:840} INFO - DAG(s) 'youtube_warehouse' retrieved from /opt/airflow/dags/warehouse_dag.py
[2026-09-17T13:25:42.816+0000] {logging_mixin.py:188} INFO - [2026-09-17T13:25:42.815+0000] {dag.py:3096} INFO - Sync 1 DAGs
[2026-09-17T13:25:42.827+0000] {logging_mixin.py:188} INFO - [2026-09-17T13:25:42.827+0000] {dag.py:3954} INFO - Setting next_dagrun for youtube_warehouse to None, run_after=None
[2026-09-17T13:25:42.851+0000] {processor.py:183} INFO - Processing /opt/airflow/dags/warehouse_dag.py took 0.424 seconds
[2026-09-17T13:26:13.233+0000] {processor.py:161} INFO - Started process (PID=324) to work on /opt/airflow/dags/warehouse_dag.py
[2026-09-17T13:26:13.236+0000] {processor.py:830} INFO - Processing file /opt/airflow/dags/warehouse_dag.py for tasks to queue
[2026-09-17T13:26:13.239+0000] {logging_mixin.py:188} INFO - [2026-09-17T13:26:13.239+0000] {dagbag.py:545} INFO - Filling up the DagBag from /opt/airflow/dags/warehouse_dag.py
[2026-09-17T13:26:13.546+0000] {processor.py:840} INFO - DAG(s) 'youtube_warehouse' retrieved from /opt/airflow/dags/warehouse_dag.py
[2026-09-17T13:26:13.589+0000] {logging_mixin.py:188} INFO - [2026-09-17T13:26:13.589+0000] {dag.py:3096} INFO - Sync 1 DAGs
[2026-09-17T13:26:13.604+0000] {logging_mixin.py:188} INFO - [2026-09-17T13:26:13.604+0000] {dag.py:3954} INFO - Setting next_dagrun for youtube_warehouse to None, run_after=None
[2026-09-17T13:26:13.638+0000] {processor.py:183} INFO - Processing /opt/airflow/dags/warehouse_dag.py took 0.412 seconds
[2026-09-17T13:26:43.810+0000] {processor.py:161} INFO - Started process (PID=333) to work on /opt/airflow/dags/warehouse_dag.py
[2026-09-17T13:26:43.813+0000] {processor.py:830} INFO - Processing file /opt/airflow/dags/warehouse_dag.py for tasks to queue
[2026-09-17T13:26:43.817+0000] {logging_mixin.py:188} INFO - [2026-09-17T13:26:43.816+0000] {dagbag.py:545} INFO - Filling up the DagBag from /opt/airflow/dags/warehouse_dag.py
[2026-09-17T13:26:44.187+0000] {processor.py:840} INFO - DAG(s) 'youtube_warehouse' retrieved from /opt/airflow/dags/warehouse_dag.py
[2026-09-17T13:26:44.209+0000] {logging_mixin.py:188} INFO - [2026-09-17T13:26:44.209+0000] {dag.py:3096} INFO - Sync 1 DAGs
[2026-09-17T13:26:44.223+0000] {logging_mixin.py:188} INFO - [2026-09-17T13:26:44.223+0000] {dag.py:3954} INFO - Setting next_dagrun for youtube_warehouse to None, run_after=None
[2026-09-17T13:26:44.259+0000] {processor.py:183} INFO - Processing /opt/airflow/dags/warehouse_dag.py took 0.455 seconds
[2026-09-17T13:27:14.484+0000] {processor.py:161} INFO - Started process (PID=342) to work on /opt/airflow/dags/warehouse_dag.py
[2026-09-17T13:27:14.486+0000] {processor.py:830} INFO - Processing file /opt/airflow/dags/warehouse_dag.py for tasks to queue
[2026-09-17T13:27:14.489+0000] {logging_mixin.py:188} INFO - [2026-09-17T13:27:14.488+0000] {dagbag.py:545} INFO - Filling up the DagBag from /opt/airflow/dags/warehouse_dag.py
[2026-09-17T13:27:14.791+0000] {processor.py:840} INFO - DAG(s) 'youtube_warehouse' retrieved from /opt/airflow/dags/warehouse_dag.py
[2026-09-17T13:27:14.817+0000] {logging_mixin.py:188} INFO - [2026-09-17T13:27:14.816+0000] {dag.py:3096} INFO - Sync 1 DAGs
[2026-09-17T13:27:14.830+0000] {logging_mixin.py:188} INFO - [2026-09-17T13:27:14.829+0000] {dag.py:3954} INFO - Setting next_dagrun for youtube_warehouse to None, run_after=None
[2026-09-17T13:27:14.862+0000] {processor.py:183} INFO - Processing /opt/airflow/dags/warehouse_dag.py took 0.384 seconds
[2026-09-17T13:27:45.001+0000] {processor.py:161} INFO - Started process (PID=351) to work on /opt/airflow/dags/warehouse_dag.py
[2026-09-17T13:27:45.004+0000] {processor.py:830} INFO - Processing file /opt/airflow/dags/warehouse_dag.py for tasks to queue
[2026-09-17T13:27:45.006+0000] {logging_mixin.py:188} INFO - [2026-09-17T13:27:45.006+0000] {dagbag.py:545} INFO - Filling up the DagBag from /opt/airflow/dags/warehouse_dag.py
[2026-09-17T13:27:45.303+0000] {processor.py:840} INFO - DAG(s) 'youtube_warehouse' retrieved from /opt/airflow/dags/warehouse_dag.py
[2026-09-17T13:27:45.325+0000] {logging_mixin.py:188} INFO - [2026-09-17T13:27:45.325+0000] {dag.py:3096} INFO - Sync 1 DAGs
[2026-09-17T13:27:45.339+0000] {logging_mixin.py:188} INFO - [2026-09-17T13:27:45.339+0000] {dag.py:3954} INFO - Setting next_dagrun for youtube_warehouse to None, run_after=None
[2026-09-17T13:27:45.364+0000] {processor.py:183} INFO - Processing /opt/airflow/dags/warehouse_dag.py took 0.372 seconds
[2026-09-17T13:28:15.600+0000] {processor.py:161} INFO - Started process (PID=360) to work on /opt/airflow/dags/warehouse_dag.py
[2026-09-17T13:28:15.602+0000] {processor.py:830} INFO - Processing file /opt/airflow/dags/warehouse_dag.py for tasks to queue
[2026-09-17T13:28:15.605+0000] {logging_mixin.py:188} INFO - [2026-09-17T13:28:15.605+0000] {dagbag.py:545} INFO - Filling up the DagBag from /opt/airflow/dags/warehouse_dag.py
[2026-09-17T13:28:15.917+0000] {processor.py:840} INFO - DAG(s) 'youtube_warehouse' retrieved from /opt/airflow/dags/warehouse_dag.py
[2026-09-17T13:28:15.965+0000] {logging_mixin.py:188} INFO - [2026-09-17T13:28:15.965+0000] {dag.py:3096} INFO - Sync 1 DAGs
[2026-09-17T13:28:15.976+0000] {logging_mixin.py:188} INFO - [2026-09-17T13:28:15.976+0000] {dag.py:3954} INFO - Setting next_dagrun for youtube_warehouse to None, run_after=None
[2026-09-17T13:28:16.007+0000] {processor.py:183} INFO - Processing /opt/airflow/dags/warehouse_dag.py took 0.413 seconds
[2026-09-17T13:28:46.158+0000] {processor.py:161} INFO - Started process (PID=369) to work on /opt/airflow/dags/warehouse_dag.py
[2026-09-17T13:28:46.160+0000] {processor.py:830} INFO - Processing file /opt/airflow/dags/warehouse_dag.py for tasks to queue
[2026-09-17T13:28:46.162+0000] {logging_mixin.py:188} INFO - [2026-09-17T13:28:46.162+0000] {dagbag.py:545} INFO - Filling up the DagBag from /opt/airflow/dags/warehouse_dag.py
[2026-09-17T13:28:46.556+0000] {processor.py:840} INFO - DAG(s) 'youtube_warehouse' retrieved from /opt/airflow/dags/warehouse_dag.py
[2026-09-17T13:28:46.579+0000] {logging_mixin.py:188} INFO - [2026-09-17T13:28:46.578+0000] {dag.py:3096} INFO - Sync 1 DAGs
[2026-09-17T13:28:46.592+0000] {logging_mixin.py:188} INFO - [2026-09-17T13:28:46.592+0000] {dag.py:3954} INFO - Setting next_dagrun for youtube_warehouse to None, run_after=None
[2026-09-17T13:28:46.637+0000] {processor.py:183} INFO - Processing /opt/airflow/dags/warehouse_dag.py took 0.485 seconds
[2026-09-17T13:29:16.812+0000] {processor.py:161} INFO - Started process (PID=378) to work on /opt/airflow/dags/warehouse_dag.py
[2026-09-17T13:29:16.814+0000] {processor.py:830} INFO - Processing file /opt/airflow/dags/warehouse_dag.py for tasks to queue
[2026-09-17T13:29:16.818+0000] {logging_mixin.py:188} INFO - [2026-09-17T13:29:16.817+0000] {dagbag.py:545} INFO - Filling up the DagBag from /opt/airflow/dags/warehouse_dag.py
[2026-09-17T13:29:17.203+0000] {processor.py:840} INFO - DAG(s) 'youtube_warehouse' retrieved from /opt/airflow/dags/warehouse_dag.py
[2026-09-17T13:29:17.228+0000] {logging_mixin.py:188} INFO - [2026-09-17T13:29:17.228+0000] {dag.py:3096} INFO - Sync 1 DAGs
[2026-09-17T13:29:17.243+0000] {logging_mixin.py:188} INFO - [2026-09-17T13:29:17.242+0000] {dag.py:3954} INFO - Setting next_dagrun for youtube_warehouse to None, run_after=None
[2026-09-17T13:29:17.288+0000] {processor.py:183} INFO - Processing /opt/airflow/dags/warehouse_dag.py took 0.481 seconds
[2026-09-17T13:29:47.442+0000] {processor.py:161} INFO - Started process (PID=387) to work on /opt/airflow/dags/warehouse_dag.py
[2026-09-17T13:29:47.447+0000] {processor.py:830} INFO - Processing file /opt/airflow/dags/warehouse_dag.py for tasks to queue
[2026-09-17T13:29:47.451+0000] {logging_mixin.py:188} INFO - [2026-09-17T13:29:47.451+0000] {dagbag.py:545} INFO - Filling up the DagBag from /opt/airflow/dags/warehouse_dag.py
[2026-09-17T13:29:47.791+0000] {processor.py:840} INFO - DAG(s) 'youtube_warehouse' retrieved from /opt/airflow/dags/warehouse_dag.py
[2026-09-17T13:29:47.811+0000] {logging_mixin.py:188} INFO - [2026-09-17T13:29:47.810+0000] {dag.py:3096} INFO - Sync 1 DAGs
[2026-09-17T13:29:47.823+0000] {logging_mixin.py:188} INFO - [2026-09-17T13:29:47.822+0000] {dag.py:3954} INFO - Setting next_dagrun for youtube_warehouse to None, run_after=None
[2026-09-17T13:29:47.845+0000] {processor.py:183} INFO - Processing /opt/airflow/dags/warehouse_dag.py took 0.409 seconds
[2026-09-17T13:30:18.035+0000] {processor.py:161} INFO - Started process (PID=396) to work on /opt/airflow/dags/warehouse_dag.py
[2026-09-17T13:30:18.037+0000] {processor.py:830} INFO - Processing file /opt/airflow/dags/warehouse_dag.py for tasks to queue
[2026-09-17T13:30:18.041+0000] {logging_mixin.py:188} INFO - [2026-09-17T13:30:18.040+0000] {dagbag.py:545} INFO - Filling up the DagBag from /opt/airflow/dags/warehouse_dag.py
[2026-09-17T13:30:18.401+0000] {processor.py:840} INFO - DAG(s) 'youtube_warehouse' retrieved from /opt/airflow/dags/warehouse_dag.py
[2026-09-17T13:30:18.440+0000] {logging_mixin.py:188} INFO - [2026-09-17T13:30:18.439+0000] {dag.py:3096} INFO - Sync 1 DAGs
[2026-09-17T13:30:18.456+0000] {logging_mixin.py:188} INFO - [2026-09-17T13:30:18.455+0000] {dag.py:3954} INFO - Setting next_dagrun for youtube_warehouse to None, run_after=None
[2026-09-17T13:30:18.494+0000] {processor.py:183} INFO - Processing /opt/airflow/dags/warehouse_dag.py took 0.465 seconds
[2026-09-17T13:30:48.724+0000] {processor.py:161} INFO - Started process (PID=405) to work on /opt/airflow/dags/warehouse_dag.py
[2026-09-17T13:30:48.726+0000] {processor.py:830} INFO - Processing file /opt/airflow/dags/warehouse_dag.py for tasks to queue
[2026-09-17T13:30:48.729+0000] {logging_mixin.py:188} INFO - [2026-09-17T13:30:48.729+0000] {dagbag.py:545} INFO - Filling up the DagBag from /opt/airflow/dags/warehouse_dag.py
[2026-09-17T13:30:49.057+0000] {processor.py:840} INFO - DAG(s) 'youtube_warehouse' retrieved from /opt/airflow/dags/warehouse_dag.py
[2026-09-17T13:30:49.079+0000] {logging_mixin.py:188} INFO - [2026-09-17T13:30:49.079+0000] {dag.py:3096} INFO - Sync 1 DAGs
[2026-09-17T13:30:49.093+0000] {logging_mixin.py:188} INFO - [2026-09-17T13:30:49.093+0000] {dag.py:3954} INFO - Setting next_dagrun for youtube_warehouse to None, run_after=None
[2026-09-17T13:30:49.132+0000] {processor.py:183} INFO - Processing /opt/airflow/dags/warehouse_dag.py took 0.414 seconds
[2026-09-17T13:31:19.586+0000] {processor.py:161} INFO - Started process (PID=415) to work on /opt/airflow/dags/warehouse_dag.py
[2026-09-17T13:31:19.589+0000] {processor.py:830} INFO - Processing file /opt/airflow/dags/warehouse_dag.py for tasks to queue
[2026-09-17T13:31:19.592+0000] {logging_mixin.py:188} INFO - [2026-09-17T13:31:19.592+0000] {dagbag.py:545} INFO - Filling up the DagBag from /opt/airflow/dags/warehouse_dag.py
[2026-09-17T13:31:19.963+0000] {processor.py:840} INFO - DAG(s) 'youtube_warehouse' retrieved from /opt/airflow/dags/warehouse_dag.py
[2026-09-17T13:31:19.984+0000] {logging_mixin.py:188} INFO - [2026-09-17T13:31:19.984+0000] {dag.py:3096} INFO - Sync 1 DAGs
[2026-09-17T13:31:19.997+0000] {logging_mixin.py:188} INFO - [2026-09-17T13:31:19.996+0000] {dag.py:3954} INFO - Setting next_dagrun for youtube_warehouse to None, run_after=None
[2026-09-17T13:31:20.031+0000] {processor.py:183} INFO - Processing /opt/airflow/dags/warehouse_dag.py took 0.450 seconds
[2026-09-17T13:31:50.267+0000] {processor.py:161} INFO - Started process (PID=424) to work on /opt/airflow/dags/warehouse_dag.py
[2026-09-17T13:31:50.270+0000] {processor.py:830} INFO - Processing file /opt/airflow/dags/warehouse_dag.py for tasks to queue
[2026-09-17T13:31:50.274+0000] {logging_mixin.py:188} INFO - [2026-09-17T13:31:50.274+0000] {dagbag.py:545} INFO - Filling up the DagBag from /opt/airflow/dags/warehouse_dag.py
[2026-09-17T13:31:50.628+0000] {processor.py:840} INFO - DAG(s) 'youtube_warehouse' retrieved from /opt/airflow/dags/warehouse_dag.py
[2026-09-17T13:31:50.654+0000] {logging_mixin.py:188} INFO - [2026-09-17T13:31:50.653+0000] {dag.py:3096} INFO - Sync 1 DAGs
[2026-09-17T13:31:50.668+0000] {logging_mixin.py:188} INFO - [2026-09-17T13:31:50.667+0000] {dag.py:3954} INFO - Setting next_dagrun for youtube_warehouse to None, run_after=None
[2026-09-17T13:31:50.692+0000] {processor.py:183} INFO - Processing /opt/airflow/dags/warehouse_dag.py took 0.432 seconds
[2026-09-17T13:32:20.998+0000] {processor.py:161} INFO - Started process (PID=433) to work on /opt/airflow/dags/warehouse_dag.py
[2026-09-17T13:32:21.000+0000] {processor.py:830} INFO - Processing file /opt/airflow/dags/warehouse_dag.py for tasks to queue
[2026-09-17T13:32:21.004+0000] {logging_mixin.py:188} INFO - [2026-09-17T13:32:21.003+0000] {dagbag.py:545} INFO - Filling up the DagBag from /opt/airflow/dags/warehouse_dag.py
[2026-09-17T13:32:21.397+0000] {processor.py:840} INFO - DAG(s) 'youtube_warehouse' retrieved from /opt/airflow/dags/warehouse_dag.py
[2026-09-17T13:32:21.423+0000] {logging_mixin.py:188} INFO - [2026-09-17T13:32:21.422+0000] {dag.py:3096} INFO - Sync 1 DAGs
[2026-09-17T13:32:21.435+0000] {logging_mixin.py:188} INFO - [2026-09-17T13:32:21.435+0000] {dag.py:3954} INFO - Setting next_dagrun for youtube_warehouse to None, run_after=None
[2026-09-17T13:32:21.460+0000] {processor.py:183} INFO - Processing /opt/airflow/dags/warehouse_dag.py took 0.469 seconds
[2026-09-17T13:32:51.660+0000] {processor.py:161} INFO - Started process (PID=442) to work on /opt/airflow/dags/warehouse_dag.py
[2026-09-17T13:32:51.663+0000] {processor.py:830} INFO - Processing file /opt/airflow/dags/warehouse_dag.py for tasks to queue
[2026-09-17T13:32:51.666+0000] {logging_mixin.py:188} INFO - [2026-09-17T13:32:51.666+0000] {dagbag.py:545} INFO - Filling up the DagBag from /opt/airflow/dags/warehouse_dag.py
[2026-09-17T13:32:52.057+0000] {processor.py:840} INFO - DAG(s) 'youtube_warehouse' retrieved from /opt/airflow/dags/warehouse_dag.py
[2026-09-17T13:32:52.078+0000] {logging_mixin.py:188} INFO - [2026-09-17T13:32:52.077+0000] {dag.py:3096} INFO - Sync 1 DAGs
[2026-09-17T13:32:52.090+0000] {logging_mixin.py:188} INFO - [2026-09-17T13:32:52.089+0000] {dag.py:3954} INFO - Setting next_dagrun for youtube_warehouse to None, run_after=None
[2026-09-17T13:32:52.115+0000] {processor.py:183} INFO - Processing /opt/airflow/dags/warehouse_dag.py took 0.461 seconds
[2026-09-17T13:33:22.284+0000] {processor.py:161} INFO - Started process (PID=451) to work on /opt/airflow/dags/warehouse_dag.py
[2026-09-17T13:33:22.287+0000] {processor.py:830} INFO - Processing file /opt/airflow/dags/warehouse_dag.py for tasks to queue
[2026-09-17T13:33:22.293+0000] {logging_mixin.py:188} INFO - [2026-09-17T13:33:22.293+0000] {dagbag.py:545} INFO - Filling up the DagBag from /opt/airflow/dags/warehouse_dag.py
[2026-09-17T13:33:22.665+0000] {processor.py:840} INFO - DAG(s) 'youtube_warehouse' retrieved from /opt/airflow/dags/warehouse_dag.py
[2026-09-17T13:33:22.693+0000] {logging_mixin.py:188} INFO - [2026-09-17T13:33:22.692+0000] {dag.py:3096} INFO - Sync 1 DAGs
[2026-09-17T13:33:22.709+0000] {logging_mixin.py:188} INFO - [2026-09-17T13:33:22.709+0000] {dag.py:3954} INFO - Setting next_dagrun for youtube_warehouse to None, run_after=None
[2026-09-17T13:33:22.737+0000] {processor.py:183} INFO - Processing /opt/airflow/dags/warehouse_dag.py took 0.459 seconds
[2026-09-17T13:33:52.831+0000] {processor.py:161} INFO - Started process (PID=460) to work on /opt/airflow/dags/warehouse_dag.py
[2026-09-17T13:33:52.833+0000] {processor.py:830} INFO - Processing file /opt/airflow/dags/warehouse_dag.py for tasks to queue
[2026-09-17T13:33:52.840+0000] {logging_mixin.py:188} INFO - [2026-09-17T13:33:52.839+0000] {dagbag.py:545} INFO - Filling up the DagBag from /opt/airflow/dags/warehouse_dag.py
[2026-09-17T13:33:53.149+0000] {processor.py:840} INFO - DAG(s) 'youtube_warehouse' retrieved from /opt/airflow/dags/warehouse_dag.py
[2026-09-17T13:33:53.172+0000] {logging_mixin.py:188} INFO - [2026-09-17T13:33:53.171+0000] {dag.py:3096} INFO - Sync 1 DAGs
[2026-09-17T13:33:53.187+0000] {logging_mixin.py:188} INFO - [2026-09-17T13:33:53.187+0000] {dag.py:3954} INFO - Setting next_dagrun for youtube_warehouse to None, run_after=None
[2026-09-17T13:33:53.208+0000] {processor.py:183} INFO - Processing /opt/airflow/dags/warehouse_dag.py took 0.383 seconds
[2026-09-17T13:34:23.431+0000] {processor.py:161} INFO - Started process (PID=469) to work on /opt/airflow/dags/warehouse_dag.py
[2026-09-17T13:34:23.434+0000] {processor.py:830} INFO - Processing file /opt/airflow/dags/warehouse_dag.py for tasks to queue
[2026-09-17T13:34:23.437+0000] {logging_mixin.py:188} INFO - [2026-09-17T13:34:23.437+0000] {dagbag.py:545} INFO - Filling up the DagBag from /opt/airflow/dags/warehouse_dag.py
[2026-09-17T13:34:23.748+0000] {processor.py:840} INFO - DAG(s) 'youtube_warehouse' retrieved from /opt/airflow/dags/warehouse_dag.py
[2026-09-17T13:34:23.771+0000] {logging_mixin.py:188} INFO - [2026-09-17T13:34:23.770+0000] {dag.py:3096} INFO - Sync 1 DAGs
[2026-09-17T13:34:23.784+0000] {logging_mixin.py:188} INFO - [2026-09-17T13:34:23.783+0000] {dag.py:3954} INFO - Setting next_dagrun for youtube_warehouse to None, run_after=None
[2026-09-17T13:34:23.802+0000] {processor.py:183} INFO - Processing /opt/airflow/dags/warehouse_dag.py took 0.378 seconds
[2026-09-17T13:34:54.063+0000] {processor.py:161} INFO - Started process (PID=478) to work on /opt/airflow/dags/warehouse_dag.py
[2026-09-17T13:34:54.066+0000] {processor.py:830} INFO - Processing file /opt/airflow/dags/warehouse_dag.py for tasks to queue
[2026-09-17T13:34:54.069+0000] {logging_mixin.py:188} INFO - [2026-09-17T13:34:54.069+0000] {dagbag.py:545} INFO - Filling up the DagBag from /opt/airflow/dags/warehouse_dag.py
[2026-09-17T13:34:54.375+0000] {processor.py:840} INFO - DAG(s) 'youtube_warehouse' retrieved from /opt/airflow/dags/warehouse_dag.py
[2026-09-17T13:34:54.397+0000] {logging_mixin.py:188} INFO - [2026-09-17T13:34:54.396+0000] {dag.py:3096} INFO - Sync 1 DAGs
[2026-09-17T13:34:54.408+0000] {logging_mixin.py:188} INFO - [2026-09-17T13:34:54.407+0000] {dag.py:3954} INFO - Setting next_dagrun for youtube_warehouse to None, run_after=None
[2026-09-17T13:34:54.428+0000] {processor.py:183} INFO - Processing /opt/airflow/dags/warehouse_dag.py took 0.372 seconds
[2026-09-17T13:35:24.735+0000] {processor.py:161} INFO - Started process (PID=487) to work on /opt/airflow/dags/warehouse_dag.py
[2026-09-17T13:35:24.737+0000] {processor.py:830} INFO - Processing file /opt/airflow/dags/warehouse_dag.py for tasks to queue
[2026-09-17T13:35:24.740+0000] {logging_mixin.py:188} INFO - [2026-09-17T13:35:24.740+0000] {dagbag.py:545} INFO - Filling up the DagBag from /opt/airflow/dags/warehouse_dag.py
[2026-09-17T13:35:25.300+0000] {processor.py:840} INFO - DAG(s) 'youtube_warehouse' retrieved from /opt/airflow/dags/warehouse_dag.py
[2026-09-17T13:35:25.335+0000] {logging_mixin.py:188} INFO - [2026-09-17T13:35:25.334+0000] {dag.py:3096} INFO - Sync 1 DAGs
[2026-09-17T13:35:25.352+0000] {logging_mixin.py:188} INFO - [2026-09-17T13:35:25.352+0000] {dag.py:3954} INFO - Setting next_dagrun for youtube_warehouse to None, run_after=None
[2026-09-17T13:35:25.388+0000] {processor.py:183} INFO - Processing /opt/airflow/dags/warehouse_dag.py took 0.659 seconds
[2026-09-17T13:35:55.902+0000] {processor.py:161} INFO - Started process (PID=496) to work on /opt/airflow/dags/warehouse_dag.py
[2026-09-17T13:35:55.904+0000] {processor.py:830} INFO - Processing file /opt/airflow/dags/warehouse_dag.py for tasks to queue
[2026-09-17T13:35:55.908+0000] {logging_mixin.py:188} INFO - [2026-09-17T13:35:55.907+0000] {dagbag.py:545} INFO - Filling up the DagBag from /opt/airflow/dags/warehouse_dag.py
[2026-09-17T13:35:56.243+0000] {processor.py:840} INFO - DAG(s) 'youtube_warehouse' retrieved from /opt/airflow/dags/warehouse_dag.py
[2026-09-17T13:35:56.266+0000] {logging_mixin.py:188} INFO - [2026-09-17T13:35:56.266+0000] {dag.py:3096} INFO - Sync 1 DAGs
[2026-09-17T13:35:56.280+0000] {logging_mixin.py:188} INFO - [2026-09-17T13:35:56.280+0000] {dag.py:3954} INFO - Setting next_dagrun for youtube_warehouse to None, run_after=None
[2026-09-17T13:35:56.305+0000] {processor.py:183} INFO - Processing /opt/airflow/dags/warehouse_dag.py took 0.413 seconds
[2026-09-17T13:36:26.656+0000] {processor.py:161} INFO - Started process (PID=504) to work on /opt/airflow/dags/warehouse_dag.py
[2026-09-17T13:36:26.658+0000] {processor.py:830} INFO - Processing file /opt/airflow/dags/warehouse_dag.py for tasks to queue
[2026-09-17T13:36:26.663+0000] {logging_mixin.py:188} INFO - [2026-09-17T13:36:26.662+0000] {dagbag.py:545} INFO - Filling up the DagBag from /opt/airflow/dags/warehouse_dag.py
[2026-09-17T13:36:26.956+0000] {processor.py:840} INFO - DAG(s) 'youtube_warehouse' retrieved from /opt/airflow/dags/warehouse_dag.py
[2026-09-17T13:36:26.975+0000] {logging_mixin.py:188} INFO - [2026-09-17T13:36:26.974+0000] {dag.py:3096} INFO - Sync 1 DAGs
[2026-09-17T13:36:26.987+0000] {logging_mixin.py:188} INFO - [2026-09-17T13:36:26.986+0000] {dag.py:3954} INFO - Setting next_dagrun for youtube_warehouse to None, run_after=None
[2026-09-17T13:36:27.026+0000] {processor.py:183} INFO - Processing /opt/airflow/dags/warehouse_dag.py took 0.380 seconds
[2026-09-17T13:36:57.591+0000] {processor.py:161} INFO - Started process (PID=513) to work on /opt/airflow/dags/warehouse_dag.py
[2026-09-17T13:36:57.595+0000] {processor.py:830} INFO - Processing file /opt/airflow/dags/warehouse_dag.py for tasks to queue
[2026-09-17T13:36:57.608+0000] {logging_mixin.py:188} INFO - [2026-09-17T13:36:57.608+0000] {dagbag.py:545} INFO - Filling up the DagBag from /opt/airflow/dags/warehouse_dag.py
[2026-09-17T13:36:58.875+0000] {processor.py:840} INFO - DAG(s) 'youtube_warehouse' retrieved from /opt/airflow/dags/warehouse_dag.py
[2026-09-17T13:36:59.060+0000] {logging_mixin.py:188} INFO - [2026-09-17T13:36:59.058+0000] {dag.py:3096} INFO - Sync 1 DAGs
[2026-09-17T13:36:59.124+0000] {logging_mixin.py:188} INFO - [2026-09-17T13:36:59.124+0000] {dag.py:3954} INFO - Setting next_dagrun for youtube_warehouse to None, run_after=None
[2026-09-17T13:36:59.255+0000] {processor.py:183} INFO - Processing /opt/airflow/dags/warehouse_dag.py took 1.693 seconds
[2026-09-17T13:37:29.700+0000] {processor.py:161} INFO - Started process (PID=528) to work on /opt/airflow/dags/warehouse_dag.py
[2026-09-17T13:37:29.709+0000] {processor.py:830} INFO - Processing file /opt/airflow/dags/warehouse_dag.py for tasks to queue
[2026-09-17T13:37:29.720+0000] {logging_mixin.py:188} INFO - [2026-09-17T13:37:29.720+0000] {dagbag.py:545} INFO - Filling up the DagBag from /opt/airflow/dags/warehouse_dag.py
[2026-09-17T13:37:30.293+0000] {processor.py:840} INFO - DAG(s) 'youtube_warehouse' retrieved from /opt/airflow/dags/warehouse_dag.py
[2026-09-17T13:37:30.325+0000] {logging_mixin.py:188} INFO - [2026-09-17T13:37:30.324+0000] {dag.py:3096} INFO - Sync 1 DAGs
[2026-09-17T13:37:30.342+0000] {logging_mixin.py:188} INFO - [2026-09-17T13:37:30.342+0000] {dag.py:3954} INFO - Setting next_dagrun for youtube_warehouse to None, run_after=None
[2026-09-17T13:37:30.375+0000] {processor.py:183} INFO - Processing /opt/airflow/dags/warehouse_dag.py took 0.687 seconds
[2026-09-17T13:38:00.798+0000] {processor.py:161} INFO - Started process (PID=537) to work on /opt/airflow/dags/warehouse_dag.py
[2026-09-17T13:38:00.801+0000] {processor.py:830} INFO - Processing file /opt/airflow/dags/warehouse_dag.py for tasks to queue
[2026-09-17T13:38:00.805+0000] {logging_mixin.py:188} INFO - [2026-09-17T13:38:00.804+0000] {dagbag.py:545} INFO - Filling up the DagBag from /opt/airflow/dags/warehouse_dag.py
[2026-09-17T13:38:01.198+0000] {processor.py:840} INFO - DAG(s) 'youtube_warehouse' retrieved from /opt/airflow/dags/warehouse_dag.py
[2026-09-17T13:38:01.250+0000] {logging_mixin.py:188} INFO - [2026-09-17T13:38:01.250+0000] {dag.py:3096} INFO - Sync 1 DAGs
[2026-09-17T13:38:01.270+0000] {logging_mixin.py:188} INFO - [2026-09-17T13:38:01.270+0000] {dag.py:3954} INFO - Setting next_dagrun for youtube_warehouse to None, run_after=None
[2026-09-17T13:38:01.311+0000] {processor.py:183} INFO - Processing /opt/airflow/dags/warehouse_dag.py took 0.518 seconds
[2026-09-17T13:38:31.451+0000] {processor.py:161} INFO - Started process (PID=546) to work on /opt/airflow/dags/warehouse_dag.py
[2026-09-17T13:38:31.453+0000] {processor.py:830} INFO - Processing file /opt/airflow/dags/warehouse_dag.py for tasks to queue
[2026-09-17T13:38:31.457+0000] {logging_mixin.py:188} INFO - [2026-09-17T13:38:31.457+0000] {dagbag.py:545} INFO - Filling up the DagBag from /opt/airflow/dags/warehouse_dag.py
[2026-09-17T13:38:31.790+0000] {processor.py:840} INFO - DAG(s) 'youtube_warehouse' retrieved from /opt/airflow/dags/warehouse_dag.py
[2026-09-17T13:38:31.810+0000] {logging_mixin.py:188} INFO - [2026-09-17T13:38:31.810+0000] {dag.py:3096} INFO - Sync 1 DAGs
[2026-09-17T13:38:31.823+0000] {logging_mixin.py:188} INFO - [2026-09-17T13:38:31.823+0000] {dag.py:3954} INFO - Setting next_dagrun for youtube_warehouse to None, run_after=None
[2026-09-17T13:38:31.846+0000] {processor.py:183} INFO - Processing /opt/airflow/dags/warehouse_dag.py took 0.402 seconds
[2026-09-17T13:39:02.261+0000] {processor.py:161} INFO - Started process (PID=555) to work on /opt/airflow/dags/warehouse_dag.py
[2026-09-17T13:39:02.278+0000] {processor.py:830} INFO - Processing file /opt/airflow/dags/warehouse_dag.py for tasks to queue
[2026-09-17T13:39:02.285+0000] {logging_mixin.py:188} INFO - [2026-09-17T13:39:02.284+0000] {dagbag.py:545} INFO - Filling up the DagBag from /opt/airflow/dags/warehouse_dag.py
[2026-09-17T13:39:02.801+0000] {processor.py:840} INFO - DAG(s) 'youtube_warehouse' retrieved from /opt/airflow/dags/warehouse_dag.py
[2026-09-17T13:39:02.859+0000] {logging_mixin.py:188} INFO - [2026-09-17T13:39:02.858+0000] {dag.py:3096} INFO - Sync 1 DAGs
[2026-09-17T13:39:02.891+0000] {logging_mixin.py:188} INFO - [2026-09-17T13:39:02.891+0000] {dag.py:3954} INFO - Setting next_dagrun for youtube_warehouse to None, run_after=None
[2026-09-17T13:39:02.969+0000] {processor.py:183} INFO - Processing /opt/airflow/dags/warehouse_dag.py took 0.718 seconds
[2026-09-17T13:39:33.658+0000] {processor.py:161} INFO - Started process (PID=564) to work on /opt/airflow/dags/warehouse_dag.py
[2026-09-17T13:39:33.662+0000] {processor.py:830} INFO - Processing file /opt/airflow/dags/warehouse_dag.py for tasks to queue
[2026-09-17T13:39:33.667+0000] {logging_mixin.py:188} INFO - [2026-09-17T13:39:33.666+0000] {dagbag.py:545} INFO - Filling up the DagBag from /opt/airflow/dags/warehouse_dag.py
[2026-09-17T13:39:34.337+0000] {processor.py:840} INFO - DAG(s) 'youtube_warehouse' retrieved from /opt/airflow/dags/warehouse_dag.py
[2026-09-17T13:39:34.374+0000] {logging_mixin.py:188} INFO - [2026-09-17T13:39:34.373+0000] {dag.py:3096} INFO - Sync 1 DAGs
[2026-09-17T13:39:34.404+0000] {logging_mixin.py:188} INFO - [2026-09-17T13:39:34.404+0000] {dag.py:3954} INFO - Setting next_dagrun for youtube_warehouse to None, run_after=None
[2026-09-17T13:39:34.463+0000] {processor.py:183} INFO - Processing /opt/airflow/dags/warehouse_dag.py took 0.815 seconds
[2026-09-17T13:40:04.640+0000] {processor.py:161} INFO - Started process (PID=573) to work on /opt/airflow/dags/warehouse_dag.py
[2026-09-17T13:40:04.643+0000] {processor.py:830} INFO - Processing file /opt/airflow/dags/warehouse_dag.py for tasks to queue
[2026-09-17T13:40:04.647+0000] {logging_mixin.py:188} INFO - [2026-09-17T13:40:04.646+0000] {dagbag.py:545} INFO - Filling up the DagBag from /opt/airflow/dags/warehouse_dag.py
[2026-09-17T13:40:05.462+0000] {processor.py:840} INFO - DAG(s) 'youtube_warehouse' retrieved from /opt/airflow/dags/warehouse_dag.py
[2026-09-17T13:40:05.491+0000] {logging_mixin.py:188} INFO - [2026-09-17T13:40:05.490+0000] {dag.py:3096} INFO - Sync 1 DAGs
[2026-09-17T13:40:05.508+0000] {logging_mixin.py:188} INFO - [2026-09-17T13:40:05.507+0000] {dag.py:3954} INFO - Setting next_dagrun for youtube_warehouse to None, run_after=None
[2026-09-17T13:40:05.530+0000] {processor.py:183} INFO - Processing /opt/airflow/dags/warehouse_dag.py took 0.898 seconds
[2026-09-17T13:40:35.892+0000] {processor.py:161} INFO - Started process (PID=582) to work on /opt/airflow/dags/warehouse_dag.py
[2026-09-17T13:40:35.894+0000] {processor.py:830} INFO - Processing file /opt/airflow/dags/warehouse_dag.py for tasks to queue
[2026-09-17T13:40:35.898+0000] {logging_mixin.py:188} INFO - [2026-09-17T13:40:35.897+0000] {dagbag.py:545} INFO - Filling up the DagBag from /opt/airflow/dags/warehouse_dag.py
[2026-09-17T13:40:36.282+0000] {processor.py:840} INFO - DAG(s) 'youtube_warehouse' retrieved from /opt/airflow/dags/warehouse_dag.py
[2026-09-17T13:40:36.304+0000] {logging_mixin.py:188} INFO - [2026-09-17T13:40:36.304+0000] {dag.py:3096} INFO - Sync 1 DAGs
[2026-09-17T13:40:36.317+0000] {logging_mixin.py:188} INFO - [2026-09-17T13:40:36.316+0000] {dag.py:3954} INFO - Setting next_dagrun for youtube_warehouse to None, run_after=None
[2026-09-17T13:40:36.338+0000] {processor.py:183} INFO - Processing /opt/airflow/dags/warehouse_dag.py took 0.452 seconds
[2026-09-17T13:41:06.821+0000] {processor.py:161} INFO - Started process (PID=591) to work on /opt/airflow/dags/warehouse_dag.py
[2026-09-17T13:41:06.824+0000] {processor.py:830} INFO - Processing file /opt/airflow/dags/warehouse_dag.py for tasks to queue
[2026-09-17T13:41:06.828+0000] {logging_mixin.py:188} INFO - [2026-09-17T13:41:06.827+0000] {dagbag.py:545} INFO - Filling up the DagBag from /opt/airflow/dags/warehouse_dag.py
[2026-09-17T13:41:07.132+0000] {processor.py:840} INFO - DAG(s) 'youtube_warehouse' retrieved from /opt/airflow/dags/warehouse_dag.py
[2026-09-17T13:41:07.154+0000] {logging_mixin.py:188} INFO - [2026-09-17T13:41:07.153+0000] {dag.py:3096} INFO - Sync 1 DAGs
[2026-09-17T13:41:07.168+0000] {logging_mixin.py:188} INFO - [2026-09-17T13:41:07.167+0000] {dag.py:3954} INFO - Setting next_dagrun for youtube_warehouse to None, run_after=None
[2026-09-17T13:41:07.199+0000] {processor.py:183} INFO - Processing /opt/airflow/dags/warehouse_dag.py took 0.388 seconds
[2026-09-17T13:41:37.555+0000] {processor.py:161} INFO - Started process (PID=600) to work on /opt/airflow/dags/warehouse_dag.py
[2026-09-17T13:41:37.557+0000] {processor.py:830} INFO - Processing file /opt/airflow/dags/warehouse_dag.py for tasks to queue
[2026-09-17T13:41:37.560+0000] {logging_mixin.py:188} INFO - [2026-09-17T13:41:37.560+0000] {dagbag.py:545} INFO - Filling up the DagBag from /opt/airflow/dags/warehouse_dag.py
[2026-09-17T13:41:37.844+0000] {processor.py:840} INFO - DAG(s) 'youtube_warehouse' retrieved from /opt/airflow/dags/warehouse_dag.py
[2026-09-17T13:41:37.867+0000] {logging_mixin.py:188} INFO - [2026-09-17T13:41:37.867+0000] {dag.py:3096} INFO - Sync 1 DAGs
[2026-09-17T13:41:37.879+0000] {logging_mixin.py:188} INFO - [2026-09-17T13:41:37.879+0000] {dag.py:3954} INFO - Setting next_dagrun for youtube_warehouse to None, run_after=None
[2026-09-17T13:41:37.914+0000] {processor.py:183} INFO - Processing /opt/airflow/dags/warehouse_dag.py took 0.366 seconds
[2026-09-17T13:42:08.199+0000] {processor.py:161} INFO - Started process (PID=609) to work on /opt/airflow/dags/warehouse_dag.py
[2026-09-17T13:42:08.202+0000] {processor.py:830} INFO - Processing file /opt/airflow/dags/warehouse_dag.py for tasks to queue
[2026-09-17T13:42:08.205+0000] {logging_mixin.py:188} INFO - [2026-09-17T13:42:08.204+0000] {dagbag.py:545} INFO - Filling up the DagBag from /opt/airflow/dags/warehouse_dag.py
[2026-09-17T13:42:08.504+0000] {processor.py:840} INFO - DAG(s) 'youtube_warehouse' retrieved from /opt/airflow/dags/warehouse_dag.py
[2026-09-17T13:42:08.528+0000] {logging_mixin.py:188} INFO - [2026-09-17T13:42:08.527+0000] {dag.py:3096} INFO - Sync 1 DAGs
[2026-09-17T13:42:08.541+0000] {logging_mixin.py:188} INFO - [2026-09-17T13:42:08.541+0000] {dag.py:3954} INFO - Setting next_dagrun for youtube_warehouse to None, run_after=None
[2026-09-17T13:42:08.563+0000] {processor.py:183} INFO - Processing /opt/airflow/dags/warehouse_dag.py took 0.370 seconds
[2026-09-17T13:42:38.762+0000] {processor.py:161} INFO - Started process (PID=618) to work on /opt/airflow/dags/warehouse_dag.py
[2026-09-17T13:42:38.765+0000] {processor.py:830} INFO - Processing file /opt/airflow/dags/warehouse_dag.py for tasks to queue
[2026-09-17T13:42:38.768+0000] {logging_mixin.py:188} INFO - [2026-09-17T13:42:38.768+0000] {dagbag.py:545} INFO - Filling up the DagBag from /opt/airflow/dags/warehouse_dag.py
[2026-09-17T13:42:39.108+0000] {processor.py:840} INFO - DAG(s) 'youtube_warehouse' retrieved from /opt/airflow/dags/warehouse_dag.py
[2026-09-17T13:42:39.131+0000] {logging_mixin.py:188} INFO - [2026-09-17T13:42:39.131+0000] {dag.py:3096} INFO - Sync 1 DAGs
[2026-09-17T13:42:39.145+0000] {logging_mixin.py:188} INFO - [2026-09-17T13:42:39.145+0000] {dag.py:3954} INFO - Setting next_dagrun for youtube_warehouse to None, run_after=None
[2026-09-17T13:42:39.193+0000] {processor.py:183} INFO - Processing /opt/airflow/dags/warehouse_dag.py took 0.436 seconds
[2026-09-17T13:43:09.364+0000] {processor.py:161} INFO - Started process (PID=628) to work on /opt/airflow/dags/warehouse_dag.py
[2026-09-17T13:43:09.366+0000] {processor.py:830} INFO - Processing file /opt/airflow/dags/warehouse_dag.py for tasks to queue
[2026-09-17T13:43:09.369+0000] {logging_mixin.py:188} INFO - [2026-09-17T13:43:09.368+0000] {dagbag.py:545} INFO - Filling up the DagBag from /opt/airflow/dags/warehouse_dag.py
[2026-09-17T13:43:09.712+0000] {processor.py:840} INFO - DAG(s) 'youtube_warehouse' retrieved from /opt/airflow/dags/warehouse_dag.py
[2026-09-17T13:43:09.756+0000] {logging_mixin.py:188} INFO - [2026-09-17T13:43:09.756+0000] {dag.py:3096} INFO - Sync 1 DAGs
[2026-09-17T13:43:09.768+0000] {logging_mixin.py:188} INFO - [2026-09-17T13:43:09.768+0000] {dag.py:3954} INFO - Setting next_dagrun for youtube_warehouse to None, run_after=None
[2026-09-17T13:43:09.820+0000] {processor.py:183} INFO - Processing /opt/airflow/dags/warehouse_dag.py took 0.461 seconds
[2026-09-17T13:43:39.976+0000] {processor.py:161} INFO - Started process (PID=637) to work on /opt/airflow/dags/warehouse_dag.py
[2026-09-17T13:43:39.978+0000] {processor.py:830} INFO - Processing file /opt/airflow/dags/warehouse_dag.py for tasks to queue
[2026-09-17T13:43:39.981+0000] {logging_mixin.py:188} INFO - [2026-09-17T13:43:39.981+0000] {dagbag.py:545} INFO - Filling up the DagBag from /opt/airflow/dags/warehouse_dag.py
[2026-09-17T13:43:40.585+0000] {processor.py:840} INFO - DAG(s) 'youtube_warehouse' retrieved from /opt/airflow/dags/warehouse_dag.py
[2026-09-17T13:43:40.618+0000] {logging_mixin.py:188} INFO - [2026-09-17T13:43:40.618+0000] {dag.py:3096} INFO - Sync 1 DAGs
[2026-09-17T13:43:40.639+0000] {logging_mixin.py:188} INFO - [2026-09-17T13:43:40.638+0000] {dag.py:3954} INFO - Setting next_dagrun for youtube_warehouse to None, run_after=None
[2026-09-17T13:43:40.680+0000] {processor.py:183} INFO - Processing /opt/airflow/dags/warehouse_dag.py took 0.713 seconds
[2026-09-17T13:44:11.046+0000] {processor.py:161} INFO - Started process (PID=646) to work on /opt/airflow/dags/warehouse_dag.py
[2026-09-17T13:44:11.049+0000] {processor.py:830} INFO - Processing file /opt/airflow/dags/warehouse_dag.py for tasks to queue
[2026-09-17T13:44:11.053+0000] {logging_mixin.py:188} INFO - [2026-09-17T13:44:11.052+0000] {dagbag.py:545} INFO - Filling up the DagBag from /opt/airflow/dags/warehouse_dag.py
[2026-09-17T13:44:11.374+0000] {processor.py:840} INFO - DAG(s) 'youtube_warehouse' retrieved from /opt/airflow/dags/warehouse_dag.py
[2026-09-17T13:44:11.398+0000] {logging_mixin.py:188} INFO - [2026-09-17T13:44:11.398+0000] {dag.py:3096} INFO - Sync 1 DAGs
[2026-09-17T13:44:11.412+0000] {logging_mixin.py:188} INFO - [2026-09-17T13:44:11.412+0000] {dag.py:3954} INFO - Setting next_dagrun for youtube_warehouse to None, run_after=None
[2026-09-17T13:44:11.450+0000] {processor.py:183} INFO - Processing /opt/airflow/dags/warehouse_dag.py took 0.412 seconds
[2026-09-17T13:44:41.882+0000] {processor.py:161} INFO - Started process (PID=655) to work on /opt/airflow/dags/warehouse_dag.py
[2026-09-17T13:44:41.884+0000] {processor.py:830} INFO - Processing file /opt/airflow/dags/warehouse_dag.py for tasks to queue
[2026-09-17T13:44:41.888+0000] {logging_mixin.py:188} INFO - [2026-09-17T13:44:41.887+0000] {dagbag.py:545} INFO - Filling up the DagBag from /opt/airflow/dags/warehouse_dag.py
[2026-09-17T13:44:42.190+0000] {processor.py:840} INFO - DAG(s) 'youtube_warehouse' retrieved from /opt/airflow/dags/warehouse_dag.py
[2026-09-17T13:44:42.211+0000] {logging_mixin.py:188} INFO - [2026-09-17T13:44:42.210+0000] {dag.py:3096} INFO - Sync 1 DAGs
[2026-09-17T13:44:42.224+0000] {logging_mixin.py:188} INFO - [2026-09-17T13:44:42.224+0000] {dag.py:3954} INFO - Setting next_dagrun for youtube_warehouse to None, run_after=None
[2026-09-17T13:44:42.260+0000] {processor.py:183} INFO - Processing /opt/airflow/dags/warehouse_dag.py took 0.384 seconds
[2026-09-17T13:45:12.554+0000] {processor.py:161} INFO - Started process (PID=664) to work on /opt/airflow/dags/warehouse_dag.py
[2026-09-17T13:45:12.557+0000] {processor.py:830} INFO - Processing file /opt/airflow/dags/warehouse_dag.py for tasks to queue
[2026-09-17T13:45:12.561+0000] {logging_mixin.py:188} INFO - [2026-09-17T13:45:12.560+0000] {dagbag.py:545} INFO - Filling up the DagBag from /opt/airflow/dags/warehouse_dag.py
[2026-09-17T13:45:12.870+0000] {processor.py:840} INFO - DAG(s) 'youtube_warehouse' retrieved from /opt/airflow/dags/warehouse_dag.py
[2026-09-17T13:45:12.894+0000] {logging_mixin.py:188} INFO - [2026-09-17T13:45:12.893+0000] {dag.py:3096} INFO - Sync 1 DAGs
[2026-09-17T13:45:12.907+0000] {logging_mixin.py:188} INFO - [2026-09-17T13:45:12.906+0000] {dag.py:3954} INFO - Setting next_dagrun for youtube_warehouse to None, run_after=None
[2026-09-17T13:45:12.929+0000] {processor.py:183} INFO - Processing /opt/airflow/dags/warehouse_dag.py took 0.382 seconds
[2026-09-17T13:45:43.106+0000] {processor.py:161} INFO - Started process (PID=673) to work on /opt/airflow/dags/warehouse_dag.py
[2026-09-17T13:45:43.108+0000] {processor.py:830} INFO - Processing file /opt/airflow/dags/warehouse_dag.py for tasks to queue
[2026-09-17T13:45:43.112+0000] {logging_mixin.py:188} INFO - [2026-09-17T13:45:43.111+0000] {dagbag.py:545} INFO - Filling up the DagBag from /opt/airflow/dags/warehouse_dag.py
[2026-09-17T13:45:43.412+0000] {processor.py:840} INFO - DAG(s) 'youtube_warehouse' retrieved from /opt/airflow/dags/warehouse_dag.py
[2026-09-17T13:45:43.434+0000] {logging_mixin.py:188} INFO - [2026-09-17T13:45:43.434+0000] {dag.py:3096} INFO - Sync 1 DAGs
[2026-09-17T13:45:43.447+0000] {logging_mixin.py:188} INFO - [2026-09-17T13:45:43.447+0000] {dag.py:3954} INFO - Setting next_dagrun for youtube_warehouse to None, run_after=None
[2026-09-17T13:45:43.478+0000] {processor.py:183} INFO - Processing /opt/airflow/dags/warehouse_dag.py took 0.379 seconds
[2026-09-17T13:46:13.752+0000] {processor.py:161} INFO - Started process (PID=682) to work on /opt/airflow/dags/warehouse_dag.py
[2026-09-17T13:46:13.755+0000] {processor.py:830} INFO - Processing file /opt/airflow/dags/warehouse_dag.py for tasks to queue
[2026-09-17T13:46:13.758+0000] {logging_mixin.py:188} INFO - [2026-09-17T13:46:13.758+0000] {dagbag.py:545} INFO - Filling up the DagBag from /opt/airflow/dags/warehouse_dag.py
[2026-09-17T13:46:14.095+0000] {processor.py:840} INFO - DAG(s) 'youtube_warehouse' retrieved from /opt/airflow/dags/warehouse_dag.py
[2026-09-17T13:46:14.115+0000] {logging_mixin.py:188} INFO - [2026-09-17T13:46:14.115+0000] {dag.py:3096} INFO - Sync 1 DAGs
[2026-09-17T13:46:14.127+0000] {logging_mixin.py:188} INFO - [2026-09-17T13:46:14.127+0000] {dag.py:3954} INFO - Setting next_dagrun for youtube_warehouse to None, run_after=None
[2026-09-17T13:46:14.165+0000] {processor.py:183} INFO - Processing /opt/airflow/dags/warehouse_dag.py took 0.419 seconds
[2026-09-17T13:46:44.428+0000] {processor.py:161} INFO - Started process (PID=691) to work on /opt/airflow/dags/warehouse_dag.py
[2026-09-17T13:46:44.430+0000] {processor.py:830} INFO - Processing file /opt/airflow/dags/warehouse_dag.py for tasks to queue
[2026-09-17T13:46:44.433+0000] {logging_mixin.py:188} INFO - [2026-09-17T13:46:44.433+0000] {dagbag.py:545} INFO - Filling up the DagBag from /opt/airflow/dags/warehouse_dag.py
[2026-09-17T13:46:44.730+0000] {processor.py:840} INFO - DAG(s) 'youtube_warehouse' retrieved from /opt/airflow/dags/warehouse_dag.py
[2026-09-17T13:46:44.765+0000] {logging_mixin.py:188} INFO - [2026-09-17T13:46:44.765+0000] {dag.py:3096} INFO - Sync 1 DAGs
[2026-09-17T13:46:44.777+0000] {logging_mixin.py:188} INFO - [2026-09-17T13:46:44.777+0000] {dag.py:3954} INFO - Setting next_dagrun for youtube_warehouse to None, run_after=None
[2026-09-17T13:46:44.821+0000] {processor.py:183} INFO - Processing /opt/airflow/dags/warehouse_dag.py took 0.403 seconds
[2026-09-17T13:47:15.042+0000] {processor.py:161} INFO - Started process (PID=700) to work on /opt/airflow/dags/warehouse_dag.py
[2026-09-17T13:47:15.046+0000] {processor.py:830} INFO - Processing file /opt/airflow/dags/warehouse_dag.py for tasks to queue
[2026-09-17T13:47:15.050+0000] {logging_mixin.py:188} INFO - [2026-09-17T13:47:15.049+0000] {dagbag.py:545} INFO - Filling up the DagBag from /opt/airflow/dags/warehouse_dag.py
[2026-09-17T13:47:15.421+0000] {processor.py:840} INFO - DAG(s) 'youtube_warehouse' retrieved from /opt/airflow/dags/warehouse_dag.py
[2026-09-17T13:47:15.451+0000] {logging_mixin.py:188} INFO - [2026-09-17T13:47:15.451+0000] {dag.py:3096} INFO - Sync 1 DAGs
[2026-09-17T13:47:15.468+0000] {logging_mixin.py:188} INFO - [2026-09-17T13:47:15.467+0000] {dag.py:3954} INFO - Setting next_dagrun for youtube_warehouse to None, run_after=None
[2026-09-17T13:47:15.506+0000] {processor.py:183} INFO - Processing /opt/airflow/dags/warehouse_dag.py took 0.472 seconds
[2026-09-17T13:47:45.638+0000] {processor.py:161} INFO - Started process (PID=709) to work on /opt/airflow/dags/warehouse_dag.py
[2026-09-17T13:47:45.642+0000] {processor.py:830} INFO - Processing file /opt/airflow/dags/warehouse_dag.py for tasks to queue
[2026-09-17T13:47:45.645+0000] {logging_mixin.py:188} INFO - [2026-09-17T13:47:45.645+0000] {dagbag.py:545} INFO - Filling up the DagBag from /opt/airflow/dags/warehouse_dag.py
[2026-09-17T13:47:45.991+0000] {processor.py:840} INFO - DAG(s) 'youtube_warehouse' retrieved from /opt/airflow/dags/warehouse_dag.py
[2026-09-17T13:47:46.018+0000] {logging_mixin.py:188} INFO - [2026-09-17T13:47:46.018+0000] {dag.py:3096} INFO - Sync 1 DAGs
[2026-09-17T13:47:46.034+0000] {logging_mixin.py:188} INFO - [2026-09-17T13:47:46.034+0000] {dag.py:3954} INFO - Setting next_dagrun for youtube_warehouse to None, run_after=None
[2026-09-17T13:47:46.059+0000] {processor.py:183} INFO - Processing /opt/airflow/dags/warehouse_dag.py took 0.426 seconds
[2026-09-17T13:48:16.313+0000] {processor.py:161} INFO - Started process (PID=718) to work on /opt/airflow/dags/warehouse_dag.py
[2026-09-17T13:48:16.315+0000] {processor.py:830} INFO - Processing file /opt/airflow/dags/warehouse_dag.py for tasks to queue
[2026-09-17T13:48:16.319+0000] {logging_mixin.py:188} INFO - [2026-09-17T13:48:16.318+0000] {dagbag.py:545} INFO - Filling up the DagBag from /opt/airflow/dags/warehouse_dag.py
[2026-09-17T13:48:16.837+0000] {processor.py:840} INFO - DAG(s) 'youtube_warehouse' retrieved from /opt/airflow/dags/warehouse_dag.py
[2026-09-17T13:48:16.866+0000] {logging_mixin.py:188} INFO - [2026-09-17T13:48:16.865+0000] {dag.py:3096} INFO - Sync 1 DAGs
[2026-09-17T13:48:16.879+0000] {logging_mixin.py:188} INFO - [2026-09-17T13:48:16.879+0000] {dag.py:3954} INFO - Setting next_dagrun for youtube_warehouse to None, run_after=None
[2026-09-17T13:48:16.927+0000] {processor.py:183} INFO - Processing /opt/airflow/dags/warehouse_dag.py took 0.622 seconds
[2026-09-17T13:48:47.482+0000] {processor.py:161} INFO - Started process (PID=727) to work on /opt/airflow/dags/warehouse_dag.py
[2026-09-17T13:48:47.485+0000] {processor.py:830} INFO - Processing file /opt/airflow/dags/warehouse_dag.py for tasks to queue
[2026-09-17T13:48:47.488+0000] {logging_mixin.py:188} INFO - [2026-09-17T13:48:47.488+0000] {dagbag.py:545} INFO - Filling up the DagBag from /opt/airflow/dags/warehouse_dag.py
[2026-09-17T13:48:47.842+0000] {processor.py:840} INFO - DAG(s) 'youtube_warehouse' retrieved from /opt/airflow/dags/warehouse_dag.py
[2026-09-17T13:48:47.865+0000] {logging_mixin.py:188} INFO - [2026-09-17T13:48:47.864+0000] {dag.py:3096} INFO - Sync 1 DAGs
[2026-09-17T13:48:47.879+0000] {logging_mixin.py:188} INFO - [2026-09-17T13:48:47.878+0000] {dag.py:3954} INFO - Setting next_dagrun for youtube_warehouse to None, run_after=None
[2026-09-17T13:48:47.914+0000] {processor.py:183} INFO - Processing /opt/airflow/dags/warehouse_dag.py took 0.442 seconds
[2026-09-17T13:49:18.315+0000] {processor.py:161} INFO - Started process (PID=737) to work on /opt/airflow/dags/warehouse_dag.py
[2026-09-17T13:49:18.317+0000] {processor.py:830} INFO - Processing file /opt/airflow/dags/warehouse_dag.py for tasks to queue
[2026-09-17T13:49:18.320+0000] {logging_mixin.py:188} INFO - [2026-09-17T13:49:18.320+0000] {dagbag.py:545} INFO - Filling up the DagBag from /opt/airflow/dags/warehouse_dag.py
[2026-09-17T13:49:18.630+0000] {processor.py:840} INFO - DAG(s) 'youtube_warehouse' retrieved from /opt/airflow/dags/warehouse_dag.py
[2026-09-17T13:49:18.650+0000] {logging_mixin.py:188} INFO - [2026-09-17T13:49:18.650+0000] {dag.py:3096} INFO - Sync 1 DAGs
[2026-09-17T13:49:18.661+0000] {logging_mixin.py:188} INFO - [2026-09-17T13:49:18.661+0000] {dag.py:3954} INFO - Setting next_dagrun for youtube_warehouse to None, run_after=None
[2026-09-17T13:49:18.690+0000] {processor.py:183} INFO - Processing /opt/airflow/dags/warehouse_dag.py took 0.382 seconds
[2026-09-17T13:49:49.174+0000] {processor.py:161} INFO - Started process (PID=746) to work on /opt/airflow/dags/warehouse_dag.py
[2026-09-17T13:49:49.178+0000] {processor.py:830} INFO - Processing file /opt/airflow/dags/warehouse_dag.py for tasks to queue
[2026-09-17T13:49:49.189+0000] {logging_mixin.py:188} INFO - [2026-09-17T13:49:49.188+0000] {dagbag.py:545} INFO - Filling up the DagBag from /opt/airflow/dags/warehouse_dag.py
[2026-09-17T13:49:49.790+0000] {processor.py:840} INFO - DAG(s) 'youtube_warehouse' retrieved from /opt/airflow/dags/warehouse_dag.py
[2026-09-17T13:49:49.925+0000] {logging_mixin.py:188} INFO - [2026-09-17T13:49:49.924+0000] {dag.py:3096} INFO - Sync 1 DAGs
[2026-09-17T13:49:49.959+0000] {logging_mixin.py:188} INFO - [2026-09-17T13:49:49.959+0000] {dag.py:3954} INFO - Setting next_dagrun for youtube_warehouse to None, run_after=None
[2026-09-17T13:49:50.019+0000] {processor.py:183} INFO - Processing /opt/airflow/dags/warehouse_dag.py took 0.858 seconds
[2026-09-17T13:50:20.771+0000] {processor.py:161} INFO - Started process (PID=755) to work on /opt/airflow/dags/warehouse_dag.py
[2026-09-17T13:50:20.774+0000] {processor.py:830} INFO - Processing file /opt/airflow/dags/warehouse_dag.py for tasks to queue
[2026-09-17T13:50:20.781+0000] {logging_mixin.py:188} INFO - [2026-09-17T13:50:20.779+0000] {dagbag.py:545} INFO - Filling up the DagBag from /opt/airflow/dags/warehouse_dag.py
[2026-09-17T13:50:21.420+0000] {processor.py:840} INFO - DAG(s) 'youtube_warehouse' retrieved from /opt/airflow/dags/warehouse_dag.py
[2026-09-17T13:50:21.458+0000] {logging_mixin.py:188} INFO - [2026-09-17T13:50:21.457+0000] {dag.py:3096} INFO - Sync 1 DAGs
[2026-09-17T13:50:21.489+0000] {logging_mixin.py:188} INFO - [2026-09-17T13:50:21.489+0000] {dag.py:3954} INFO - Setting next_dagrun for youtube_warehouse to None, run_after=None
[2026-09-17T13:50:21.540+0000] {processor.py:183} INFO - Processing /opt/airflow/dags/warehouse_dag.py took 0.784 seconds
[2026-09-17T13:50:52.358+0000] {processor.py:161} INFO - Started process (PID=764) to work on /opt/airflow/dags/warehouse_dag.py
[2026-09-17T13:50:52.362+0000] {processor.py:830} INFO - Processing file /opt/airflow/dags/warehouse_dag.py for tasks to queue
[2026-09-17T13:50:52.368+0000] {logging_mixin.py:188} INFO - [2026-09-17T13:50:52.367+0000] {dagbag.py:545} INFO - Filling up the DagBag from /opt/airflow/dags/warehouse_dag.py
[2026-09-17T13:50:52.698+0000] {processor.py:840} INFO - DAG(s) 'youtube_warehouse' retrieved from /opt/airflow/dags/warehouse_dag.py
[2026-09-17T13:50:52.721+0000] {logging_mixin.py:188} INFO - [2026-09-17T13:50:52.721+0000] {dag.py:3096} INFO - Sync 1 DAGs
[2026-09-17T13:50:52.734+0000] {logging_mixin.py:188} INFO - [2026-09-17T13:50:52.734+0000] {dag.py:3954} INFO - Setting next_dagrun for youtube_warehouse to None, run_after=None
[2026-09-17T13:50:52.760+0000] {processor.py:183} INFO - Processing /opt/airflow/dags/warehouse_dag.py took 0.413 seconds
[2026-09-17T13:51:22.940+0000] {processor.py:161} INFO - Started process (PID=773) to work on /opt/airflow/dags/warehouse_dag.py
[2026-09-17T13:51:22.943+0000] {processor.py:830} INFO - Processing file /opt/airflow/dags/warehouse_dag.py for tasks to queue
[2026-09-17T13:51:22.947+0000] {logging_mixin.py:188} INFO - [2026-09-17T13:51:22.946+0000] {dagbag.py:545} INFO - Filling up the DagBag from /opt/airflow/dags/warehouse_dag.py
[2026-09-17T13:51:23.260+0000] {processor.py:840} INFO - DAG(s) 'youtube_warehouse' retrieved from /opt/airflow/dags/warehouse_dag.py
[2026-09-17T13:51:23.282+0000] {logging_mixin.py:188} INFO - [2026-09-17T13:51:23.282+0000] {dag.py:3096} INFO - Sync 1 DAGs
[2026-09-17T13:51:23.293+0000] {logging_mixin.py:188} INFO - [2026-09-17T13:51:23.293+0000] {dag.py:3954} INFO - Setting next_dagrun for youtube_warehouse to None, run_after=None
[2026-09-17T13:51:23.321+0000] {processor.py:183} INFO - Processing /opt/airflow/dags/warehouse_dag.py took 0.387 seconds
[2026-09-17T13:51:53.658+0000] {processor.py:161} INFO - Started process (PID=782) to work on /opt/airflow/dags/warehouse_dag.py
[2026-09-17T13:51:53.660+0000] {processor.py:830} INFO - Processing file /opt/airflow/dags/warehouse_dag.py for tasks to queue
[2026-09-17T13:51:53.663+0000] {logging_mixin.py:188} INFO - [2026-09-17T13:51:53.662+0000] {dagbag.py:545} INFO - Filling up the DagBag from /opt/airflow/dags/warehouse_dag.py
[2026-09-17T13:51:53.954+0000] {processor.py:840} INFO - DAG(s) 'youtube_warehouse' retrieved from /opt/airflow/dags/warehouse_dag.py
[2026-09-17T13:51:53.981+0000] {logging_mixin.py:188} INFO - [2026-09-17T13:51:53.980+0000] {dag.py:3096} INFO - Sync 1 DAGs
[2026-09-17T13:51:53.993+0000] {logging_mixin.py:188} INFO - [2026-09-17T13:51:53.993+0000] {dag.py:3954} INFO - Setting next_dagrun for youtube_warehouse to None, run_after=None
[2026-09-17T13:51:54.040+0000] {processor.py:183} INFO - Processing /opt/airflow/dags/warehouse_dag.py took 0.387 seconds
[2026-09-17T13:52:24.306+0000] {processor.py:161} INFO - Started process (PID=791) to work on /opt/airflow/dags/warehouse_dag.py
[2026-09-17T13:52:24.308+0000] {processor.py:830} INFO - Processing file /opt/airflow/dags/warehouse_dag.py for tasks to queue
[2026-09-17T13:52:24.312+0000] {logging_mixin.py:188} INFO - [2026-09-17T13:52:24.311+0000] {dagbag.py:545} INFO - Filling up the DagBag from /opt/airflow/dags/warehouse_dag.py
[2026-09-17T13:52:24.621+0000] {processor.py:840} INFO - DAG(s) 'youtube_warehouse' retrieved from /opt/airflow/dags/warehouse_dag.py
[2026-09-17T13:52:24.641+0000] {logging_mixin.py:188} INFO - [2026-09-17T13:52:24.641+0000] {dag.py:3096} INFO - Sync 1 DAGs
[2026-09-17T13:52:24.653+0000] {logging_mixin.py:188} INFO - [2026-09-17T13:52:24.653+0000] {dag.py:3954} INFO - Setting next_dagrun for youtube_warehouse to None, run_after=None
[2026-09-17T13:52:24.684+0000] {processor.py:183} INFO - Processing /opt/airflow/dags/warehouse_dag.py took 0.385 seconds
[2026-09-17T13:52:55.166+0000] {processor.py:161} INFO - Started process (PID=800) to work on /opt/airflow/dags/warehouse_dag.py
[2026-09-17T13:52:55.170+0000] {processor.py:830} INFO - Processing file /opt/airflow/dags/warehouse_dag.py for tasks to queue
[2026-09-17T13:52:55.175+0000] {logging_mixin.py:188} INFO - [2026-09-17T13:52:55.174+0000] {dagbag.py:545} INFO - Filling up the DagBag from /opt/airflow/dags/warehouse_dag.py
[2026-09-17T13:52:55.507+0000] {processor.py:840} INFO - DAG(s) 'youtube_warehouse' retrieved from /opt/airflow/dags/warehouse_dag.py
[2026-09-17T13:52:55.528+0000] {logging_mixin.py:188} INFO - [2026-09-17T13:52:55.527+0000] {dag.py:3096} INFO - Sync 1 DAGs
[2026-09-17T13:52:55.540+0000] {logging_mixin.py:188} INFO - [2026-09-17T13:52:55.539+0000] {dag.py:3954} INFO - Setting next_dagrun for youtube_warehouse to None, run_after=None
[2026-09-17T13:52:55.567+0000] {processor.py:183} INFO - Processing /opt/airflow/dags/warehouse_dag.py took 0.424 seconds
[2026-09-17T13:53:26.453+0000] {processor.py:161} INFO - Started process (PID=809) to work on /opt/airflow/dags/warehouse_dag.py
[2026-09-17T13:53:26.455+0000] {processor.py:830} INFO - Processing file /opt/airflow/dags/warehouse_dag.py for tasks to queue
[2026-09-17T13:53:26.458+0000] {logging_mixin.py:188} INFO - [2026-09-17T13:53:26.458+0000] {dagbag.py:545} INFO - Filling up the DagBag from /opt/airflow/dags/warehouse_dag.py
[2026-09-17T13:53:26.764+0000] {processor.py:840} INFO - DAG(s) 'youtube_warehouse' retrieved from /opt/airflow/dags/warehouse_dag.py
[2026-09-17T13:53:26.783+0000] {logging_mixin.py:188} INFO - [2026-09-17T13:53:26.783+0000] {dag.py:3096} INFO - Sync 1 DAGs
[2026-09-17T13:53:26.795+0000] {logging_mixin.py:188} INFO - [2026-09-17T13:53:26.795+0000] {dag.py:3954} INFO - Setting next_dagrun for youtube_warehouse to None, run_after=None
[2026-09-17T13:53:26.841+0000] {processor.py:183} INFO - Processing /opt/airflow/dags/warehouse_dag.py took 0.395 seconds
[2026-09-17T13:53:57.233+0000] {processor.py:161} INFO - Started process (PID=818) to work on /opt/airflow/dags/warehouse_dag.py
[2026-09-17T13:53:57.239+0000] {processor.py:830} INFO - Processing file /opt/airflow/dags/warehouse_dag.py for tasks to queue
[2026-09-17T13:53:57.244+0000] {logging_mixin.py:188} INFO - [2026-09-17T13:53:57.243+0000] {dagbag.py:545} INFO - Filling up the DagBag from /opt/airflow/dags/warehouse_dag.py
[2026-09-17T13:53:57.549+0000] {processor.py:840} INFO - DAG(s) 'youtube_warehouse' retrieved from /opt/airflow/dags/warehouse_dag.py
[2026-09-17T13:53:57.568+0000] {logging_mixin.py:188} INFO - [2026-09-17T13:53:57.567+0000] {dag.py:3096} INFO - Sync 1 DAGs
[2026-09-17T13:53:57.579+0000] {logging_mixin.py:188} INFO - [2026-09-17T13:53:57.579+0000] {dag.py:3954} INFO - Setting next_dagrun for youtube_warehouse to None, run_after=None
[2026-09-17T13:53:57.620+0000] {processor.py:183} INFO - Processing /opt/airflow/dags/warehouse_dag.py took 0.394 seconds
[2026-09-17T13:54:27.986+0000] {processor.py:161} INFO - Started process (PID=827) to work on /opt/airflow/dags/warehouse_dag.py
[2026-09-17T13:54:27.989+0000] {processor.py:830} INFO - Processing file /opt/airflow/dags/warehouse_dag.py for tasks to queue
[2026-09-17T13:54:27.994+0000] {logging_mixin.py:188} INFO - [2026-09-17T13:54:27.994+0000] {dagbag.py:545} INFO - Filling up the DagBag from /opt/airflow/dags/warehouse_dag.py
[2026-09-17T13:54:28.396+0000] {processor.py:840} INFO - DAG(s) 'youtube_warehouse' retrieved from /opt/airflow/dags/warehouse_dag.py
[2026-09-17T13:54:28.444+0000] {logging_mixin.py:188} INFO - [2026-09-17T13:54:28.444+0000] {dag.py:3096} INFO - Sync 1 DAGs
[2026-09-17T13:54:28.462+0000] {logging_mixin.py:188} INFO - [2026-09-17T13:54:28.462+0000] {dag.py:3954} INFO - Setting next_dagrun for youtube_warehouse to None, run_after=None
[2026-09-17T13:54:28.515+0000] {processor.py:183} INFO - Processing /opt/airflow/dags/warehouse_dag.py took 0.538 seconds
[2026-09-17T13:54:59.328+0000] {processor.py:161} INFO - Started process (PID=836) to work on /opt/airflow/dags/warehouse_dag.py
[2026-09-17T13:54:59.332+0000] {processor.py:830} INFO - Processing file /opt/airflow/dags/warehouse_dag.py for tasks to queue
[2026-09-17T13:54:59.337+0000] {logging_mixin.py:188} INFO - [2026-09-17T13:54:59.337+0000] {dagbag.py:545} INFO - Filling up the DagBag from /opt/airflow/dags/warehouse_dag.py
[2026-09-17T13:54:59.764+0000] {processor.py:840} INFO - DAG(s) 'youtube_warehouse' retrieved from /opt/airflow/dags/warehouse_dag.py
[2026-09-17T13:54:59.791+0000] {logging_mixin.py:188} INFO - [2026-09-17T13:54:59.791+0000] {dag.py:3096} INFO - Sync 1 DAGs
[2026-09-17T13:54:59.805+0000] {logging_mixin.py:188} INFO - [2026-09-17T13:54:59.804+0000] {dag.py:3954} INFO - Setting next_dagrun for youtube_warehouse to None, run_after=None
[2026-09-17T13:54:59.852+0000] {processor.py:183} INFO - Processing /opt/airflow/dags/warehouse_dag.py took 0.541 seconds
[2026-09-17T13:55:30.145+0000] {processor.py:161} INFO - Started process (PID=845) to work on /opt/airflow/dags/warehouse_dag.py
[2026-09-17T13:55:30.148+0000] {processor.py:830} INFO - Processing file /opt/airflow/dags/warehouse_dag.py for tasks to queue
[2026-09-17T13:55:30.153+0000] {logging_mixin.py:188} INFO - [2026-09-17T13:55:30.152+0000] {dagbag.py:545} INFO - Filling up the DagBag from /opt/airflow/dags/warehouse_dag.py
[2026-09-17T13:55:30.531+0000] {processor.py:840} INFO - DAG(s) 'youtube_warehouse' retrieved from /opt/airflow/dags/warehouse_dag.py
[2026-09-17T13:55:30.556+0000] {logging_mixin.py:188} INFO - [2026-09-17T13:55:30.556+0000] {dag.py:3096} INFO - Sync 1 DAGs
[2026-09-17T13:55:30.571+0000] {logging_mixin.py:188} INFO - [2026-09-17T13:55:30.570+0000] {dag.py:3954} INFO - Setting next_dagrun for youtube_warehouse to None, run_after=None
[2026-09-17T13:55:30.611+0000] {processor.py:183} INFO - Processing /opt/airflow/dags/warehouse_dag.py took 0.476 seconds
[2026-09-17T13:56:00.762+0000] {processor.py:161} INFO - Started process (PID=854) to work on /opt/airflow/dags/warehouse_dag.py
[2026-09-17T13:56:00.764+0000] {processor.py:830} INFO - Processing file /opt/airflow/dags/warehouse_dag.py for tasks to queue
[2026-09-17T13:56:00.768+0000] {logging_mixin.py:188} INFO - [2026-09-17T13:56:00.767+0000] {dagbag.py:545} INFO - Filling up the DagBag from /opt/airflow/dags/warehouse_dag.py
[2026-09-17T13:56:01.087+0000] {processor.py:840} INFO - DAG(s) 'youtube_warehouse' retrieved from /opt/airflow/dags/warehouse_dag.py
[2026-09-17T13:56:01.109+0000] {logging_mixin.py:188} INFO - [2026-09-17T13:56:01.109+0000] {dag.py:3096} INFO - Sync 1 DAGs
[2026-09-17T13:56:01.122+0000] {logging_mixin.py:188} INFO - [2026-09-17T13:56:01.122+0000] {dag.py:3954} INFO - Setting next_dagrun for youtube_warehouse to None, run_after=None
[2026-09-17T13:56:01.168+0000] {processor.py:183} INFO - Processing /opt/airflow/dags/warehouse_dag.py took 0.412 seconds
[2026-09-17T13:56:31.406+0000] {processor.py:161} INFO - Started process (PID=863) to work on /opt/airflow/dags/warehouse_dag.py
[2026-09-17T13:56:31.409+0000] {processor.py:830} INFO - Processing file /opt/airflow/dags/warehouse_dag.py for tasks to queue
[2026-09-17T13:56:31.412+0000] {logging_mixin.py:188} INFO - [2026-09-17T13:56:31.412+0000] {dagbag.py:545} INFO - Filling up the DagBag from /opt/airflow/dags/warehouse_dag.py
[2026-09-17T13:56:31.725+0000] {processor.py:840} INFO - DAG(s) 'youtube_warehouse' retrieved from /opt/airflow/dags/warehouse_dag.py
[2026-09-17T13:56:31.746+0000] {logging_mixin.py:188} INFO - [2026-09-17T13:56:31.746+0000] {dag.py:3096} INFO - Sync 1 DAGs
[2026-09-17T13:56:31.759+0000] {logging_mixin.py:188} INFO - [2026-09-17T13:56:31.759+0000] {dag.py:3954} INFO - Setting next_dagrun for youtube_warehouse to None, run_after=None
[2026-09-17T13:56:31.792+0000] {processor.py:183} INFO - Processing /opt/airflow/dags/warehouse_dag.py took 0.392 seconds
[2026-09-17T13:57:02.083+0000] {processor.py:161} INFO - Started process (PID=872) to work on /opt/airflow/dags/warehouse_dag.py
[2026-09-17T13:57:02.096+0000] {processor.py:830} INFO - Processing file /opt/airflow/dags/warehouse_dag.py for tasks to queue
[2026-09-17T13:57:02.102+0000] {logging_mixin.py:188} INFO - [2026-09-17T13:57:02.101+0000] {dagbag.py:545} INFO - Filling up the DagBag from /opt/airflow/dags/warehouse_dag.py
[2026-09-17T13:57:02.503+0000] {processor.py:840} INFO - DAG(s) 'youtube_warehouse' retrieved from /opt/airflow/dags/warehouse_dag.py
[2026-09-17T13:57:02.532+0000] {logging_mixin.py:188} INFO - [2026-09-17T13:57:02.531+0000] {dag.py:3096} INFO - Sync 1 DAGs
[2026-09-17T13:57:02.547+0000] {logging_mixin.py:188} INFO - [2026-09-17T13:57:02.546+0000] {dag.py:3954} INFO - Setting next_dagrun for youtube_warehouse to None, run_after=None
[2026-09-17T13:57:02.578+0000] {processor.py:183} INFO - Processing /opt/airflow/dags/warehouse_dag.py took 0.509 seconds
[2026-09-17T13:57:32.655+0000] {processor.py:161} INFO - Started process (PID=887) to work on /opt/airflow/dags/warehouse_dag.py
[2026-09-17T13:57:32.659+0000] {processor.py:830} INFO - Processing file /opt/airflow/dags/warehouse_dag.py for tasks to queue
[2026-09-17T13:57:32.663+0000] {logging_mixin.py:188} INFO - [2026-09-17T13:57:32.663+0000] {dagbag.py:545} INFO - Filling up the DagBag from /opt/airflow/dags/warehouse_dag.py
[2026-09-17T13:57:33.052+0000] {processor.py:840} INFO - DAG(s) 'youtube_warehouse' retrieved from /opt/airflow/dags/warehouse_dag.py
[2026-09-17T13:57:33.079+0000] {logging_mixin.py:188} INFO - [2026-09-17T13:57:33.078+0000] {dag.py:3096} INFO - Sync 1 DAGs
[2026-09-17T13:57:33.093+0000] {logging_mixin.py:188} INFO - [2026-09-17T13:57:33.093+0000] {dag.py:3954} INFO - Setting next_dagrun for youtube_warehouse to None, run_after=None
[2026-09-17T13:57:33.137+0000] {processor.py:183} INFO - Processing /opt/airflow/dags/warehouse_dag.py took 0.489 seconds
[2026-09-17T13:58:03.350+0000] {processor.py:161} INFO - Started process (PID=896) to work on /opt/airflow/dags/warehouse_dag.py
[2026-09-17T13:58:03.356+0000] {processor.py:830} INFO - Processing file /opt/airflow/dags/warehouse_dag.py for tasks to queue
[2026-09-17T13:58:03.360+0000] {logging_mixin.py:188} INFO - [2026-09-17T13:58:03.359+0000] {dagbag.py:545} INFO - Filling up the DagBag from /opt/airflow/dags/warehouse_dag.py
[2026-09-17T13:58:03.937+0000] {processor.py:840} INFO - DAG(s) 'youtube_warehouse' retrieved from /opt/airflow/dags/warehouse_dag.py
[2026-09-17T13:58:04.018+0000] {logging_mixin.py:188} INFO - [2026-09-17T13:58:04.017+0000] {dag.py:3096} INFO - Sync 1 DAGs
[2026-09-17T13:58:04.042+0000] {logging_mixin.py:188} INFO - [2026-09-17T13:58:04.042+0000] {dag.py:3954} INFO - Setting next_dagrun for youtube_warehouse to None, run_after=None
[2026-09-17T13:58:04.085+0000] {processor.py:183} INFO - Processing /opt/airflow/dags/warehouse_dag.py took 0.742 seconds
[2026-09-17T13:58:34.464+0000] {processor.py:161} INFO - Started process (PID=905) to work on /opt/airflow/dags/warehouse_dag.py
[2026-09-17T13:58:34.467+0000] {processor.py:830} INFO - Processing file /opt/airflow/dags/warehouse_dag.py for tasks to queue
[2026-09-17T13:58:34.470+0000] {logging_mixin.py:188} INFO - [2026-09-17T13:58:34.470+0000] {dagbag.py:545} INFO - Filling up the DagBag from /opt/airflow/dags/warehouse_dag.py
[2026-09-17T13:58:34.774+0000] {processor.py:840} INFO - DAG(s) 'youtube_warehouse' retrieved from /opt/airflow/dags/warehouse_dag.py
[2026-09-17T13:58:34.801+0000] {logging_mixin.py:188} INFO - [2026-09-17T13:58:34.800+0000] {dag.py:3096} INFO - Sync 1 DAGs
[2026-09-17T13:58:34.816+0000] {logging_mixin.py:188} INFO - [2026-09-17T13:58:34.816+0000] {dag.py:3954} INFO - Setting next_dagrun for youtube_warehouse to None, run_after=None
[2026-09-17T13:58:34.839+0000] {processor.py:183} INFO - Processing /opt/airflow/dags/warehouse_dag.py took 0.382 seconds
[2026-09-17T13:59:05.238+0000] {processor.py:161} INFO - Started process (PID=914) to work on /opt/airflow/dags/warehouse_dag.py
[2026-09-17T13:59:05.240+0000] {processor.py:830} INFO - Processing file /opt/airflow/dags/warehouse_dag.py for tasks to queue
[2026-09-17T13:59:05.243+0000] {logging_mixin.py:188} INFO - [2026-09-17T13:59:05.243+0000] {dagbag.py:545} INFO - Filling up the DagBag from /opt/airflow/dags/warehouse_dag.py
[2026-09-17T13:59:05.553+0000] {processor.py:840} INFO - DAG(s) 'youtube_warehouse' retrieved from /opt/airflow/dags/warehouse_dag.py
[2026-09-17T13:59:05.578+0000] {logging_mixin.py:188} INFO - [2026-09-17T13:59:05.578+0000] {dag.py:3096} INFO - Sync 1 DAGs
[2026-09-17T13:59:05.590+0000] {logging_mixin.py:188} INFO - [2026-09-17T13:59:05.589+0000] {dag.py:3954} INFO - Setting next_dagrun for youtube_warehouse to None, run_after=None
[2026-09-17T13:59:05.629+0000] {processor.py:183} INFO - Processing /opt/airflow/dags/warehouse_dag.py took 0.397 seconds
[2026-09-17T13:59:35.937+0000] {processor.py:161} INFO - Started process (PID=923) to work on /opt/airflow/dags/warehouse_dag.py
[2026-09-17T13:59:35.940+0000] {processor.py:830} INFO - Processing file /opt/airflow/dags/warehouse_dag.py for tasks to queue
[2026-09-17T13:59:35.944+0000] {logging_mixin.py:188} INFO - [2026-09-17T13:59:35.944+0000] {dagbag.py:545} INFO - Filling up the DagBag from /opt/airflow/dags/warehouse_dag.py
[2026-09-17T13:59:36.302+0000] {processor.py:840} INFO - DAG(s) 'youtube_warehouse' retrieved from /opt/airflow/dags/warehouse_dag.py
[2026-09-17T13:59:36.326+0000] {logging_mixin.py:188} INFO - [2026-09-17T13:59:36.325+0000] {dag.py:3096} INFO - Sync 1 DAGs
[2026-09-17T13:59:36.337+0000] {logging_mixin.py:188} INFO - [2026-09-17T13:59:36.337+0000] {dag.py:3954} INFO - Setting next_dagrun for youtube_warehouse to None, run_after=None
[2026-09-17T13:59:36.361+0000] {processor.py:183} INFO - Processing /opt/airflow/dags/warehouse_dag.py took 0.432 seconds
[2026-09-17T14:00:06.550+0000] {processor.py:161} INFO - Started process (PID=932) to work on /opt/airflow/dags/warehouse_dag.py
[2026-09-17T14:00:06.553+0000] {processor.py:830} INFO - Processing file /opt/airflow/dags/warehouse_dag.py for tasks to queue
[2026-09-17T14:00:06.556+0000] {logging_mixin.py:188} INFO - [2026-09-17T14:00:06.556+0000] {dagbag.py:545} INFO - Filling up the DagBag from /opt/airflow/dags/warehouse_dag.py
[2026-09-17T14:00:06.904+0000] {processor.py:840} INFO - DAG(s) 'youtube_warehouse' retrieved from /opt/airflow/dags/warehouse_dag.py
[2026-09-17T14:00:06.940+0000] {logging_mixin.py:188} INFO - [2026-09-17T14:00:06.940+0000] {dag.py:3096} INFO - Sync 1 DAGs
[2026-09-17T14:00:06.956+0000] {logging_mixin.py:188} INFO - [2026-09-17T14:00:06.956+0000] {dag.py:3954} INFO - Setting next_dagrun for youtube_warehouse to None, run_after=None
[2026-09-17T14:00:06.985+0000] {processor.py:183} INFO - Processing /opt/airflow/dags/warehouse_dag.py took 0.442 seconds
[2026-09-17T14:00:37.171+0000] {processor.py:161} INFO - Started process (PID=941) to work on /opt/airflow/dags/warehouse_dag.py
[2026-09-17T14:00:37.174+0000] {processor.py:830} INFO - Processing file /opt/airflow/dags/warehouse_dag.py for tasks to queue
[2026-09-17T14:00:37.179+0000] {logging_mixin.py:188} INFO - [2026-09-17T14:00:37.178+0000] {dagbag.py:545} INFO - Filling up the DagBag from /opt/airflow/dags/warehouse_dag.py
[2026-09-17T14:00:37.595+0000] {processor.py:840} INFO - DAG(s) 'youtube_warehouse' retrieved from /opt/airflow/dags/warehouse_dag.py
[2026-09-17T14:00:37.621+0000] {logging_mixin.py:188} INFO - [2026-09-17T14:00:37.621+0000] {dag.py:3096} INFO - Sync 1 DAGs
[2026-09-17T14:00:37.638+0000] {logging_mixin.py:188} INFO - [2026-09-17T14:00:37.638+0000] {dag.py:3954} INFO - Setting next_dagrun for youtube_warehouse to None, run_after=None
[2026-09-17T14:00:37.675+0000] {processor.py:183} INFO - Processing /opt/airflow/dags/warehouse_dag.py took 0.512 seconds
[2026-09-17T14:01:08.052+0000] {processor.py:161} INFO - Started process (PID=950) to work on /opt/airflow/dags/warehouse_dag.py
[2026-09-17T14:01:08.055+0000] {processor.py:830} INFO - Processing file /opt/airflow/dags/warehouse_dag.py for tasks to queue
[2026-09-17T14:01:08.059+0000] {logging_mixin.py:188} INFO - [2026-09-17T14:01:08.058+0000] {dagbag.py:545} INFO - Filling up the DagBag from /opt/airflow/dags/warehouse_dag.py
[2026-09-17T14:01:08.407+0000] {processor.py:840} INFO - DAG(s) 'youtube_warehouse' retrieved from /opt/airflow/dags/warehouse_dag.py
[2026-09-17T14:01:08.436+0000] {logging_mixin.py:188} INFO - [2026-09-17T14:01:08.436+0000] {dag.py:3096} INFO - Sync 1 DAGs
[2026-09-17T14:01:08.450+0000] {logging_mixin.py:188} INFO - [2026-09-17T14:01:08.450+0000] {dag.py:3954} INFO - Setting next_dagrun for youtube_warehouse to None, run_after=None
[2026-09-17T14:01:08.499+0000] {processor.py:183} INFO - Processing /opt/airflow/dags/warehouse_dag.py took 0.453 seconds
[2026-09-17T14:01:38.749+0000] {processor.py:161} INFO - Started process (PID=959) to work on /opt/airflow/dags/warehouse_dag.py
[2026-09-17T14:01:38.753+0000] {processor.py:830} INFO - Processing file /opt/airflow/dags/warehouse_dag.py for tasks to queue
[2026-09-17T14:01:38.757+0000] {logging_mixin.py:188} INFO - [2026-09-17T14:01:38.756+0000] {dagbag.py:545} INFO - Filling up the DagBag from /opt/airflow/dags/warehouse_dag.py
[2026-09-17T14:01:39.146+0000] {processor.py:840} INFO - DAG(s) 'youtube_warehouse' retrieved from /opt/airflow/dags/warehouse_dag.py
[2026-09-17T14:01:39.192+0000] {logging_mixin.py:188} INFO - [2026-09-17T14:01:39.192+0000] {dag.py:3096} INFO - Sync 1 DAGs
[2026-09-17T14:01:39.213+0000] {logging_mixin.py:188} INFO - [2026-09-17T14:01:39.212+0000] {dag.py:3954} INFO - Setting next_dagrun for youtube_warehouse to None, run_after=None
[2026-09-17T14:01:39.240+0000] {processor.py:183} INFO - Processing /opt/airflow/dags/warehouse_dag.py took 0.499 seconds
[2026-09-17T14:02:09.418+0000] {processor.py:161} INFO - Started process (PID=968) to work on /opt/airflow/dags/warehouse_dag.py
[2026-09-17T14:02:09.421+0000] {processor.py:830} INFO - Processing file /opt/airflow/dags/warehouse_dag.py for tasks to queue
[2026-09-17T14:02:09.424+0000] {logging_mixin.py:188} INFO - [2026-09-17T14:02:09.423+0000] {dagbag.py:545} INFO - Filling up the DagBag from /opt/airflow/dags/warehouse_dag.py
[2026-09-17T14:02:09.753+0000] {processor.py:840} INFO - DAG(s) 'youtube_warehouse' retrieved from /opt/airflow/dags/warehouse_dag.py
[2026-09-17T14:02:09.799+0000] {logging_mixin.py:188} INFO - [2026-09-17T14:02:09.799+0000] {dag.py:3096} INFO - Sync 1 DAGs
[2026-09-17T14:02:09.810+0000] {logging_mixin.py:188} INFO - [2026-09-17T14:02:09.810+0000] {dag.py:3954} INFO - Setting next_dagrun for youtube_warehouse to None, run_after=None
[2026-09-17T14:02:09.857+0000] {processor.py:183} INFO - Processing /opt/airflow/dags/warehouse_dag.py took 0.444 seconds
[2026-09-17T14:02:39.992+0000] {processor.py:161} INFO - Started process (PID=977) to work on /opt/airflow/dags/warehouse_dag.py
[2026-09-17T14:02:39.993+0000] {processor.py:830} INFO - Processing file /opt/airflow/dags/warehouse_dag.py for tasks to queue
[2026-09-17T14:02:39.998+0000] {logging_mixin.py:188} INFO - [2026-09-17T14:02:39.997+0000] {dagbag.py:545} INFO - Filling up the DagBag from /opt/airflow/dags/warehouse_dag.py
[2026-09-17T14:02:40.347+0000] {processor.py:840} INFO - DAG(s) 'youtube_warehouse' retrieved from /opt/airflow/dags/warehouse_dag.py
[2026-09-17T14:02:40.371+0000] {logging_mixin.py:188} INFO - [2026-09-17T14:02:40.371+0000] {dag.py:3096} INFO - Sync 1 DAGs
[2026-09-17T14:02:40.387+0000] {logging_mixin.py:188} INFO - [2026-09-17T14:02:40.387+0000] {dag.py:3954} INFO - Setting next_dagrun for youtube_warehouse to None, run_after=None
[2026-09-17T14:02:40.413+0000] {processor.py:183} INFO - Processing /opt/airflow/dags/warehouse_dag.py took 0.427 seconds
[2026-09-17T14:03:10.718+0000] {processor.py:161} INFO - Started process (PID=986) to work on /opt/airflow/dags/warehouse_dag.py
[2026-09-17T14:03:10.721+0000] {processor.py:830} INFO - Processing file /opt/airflow/dags/warehouse_dag.py for tasks to queue
[2026-09-17T14:03:10.725+0000] {logging_mixin.py:188} INFO - [2026-09-17T14:03:10.725+0000] {dagbag.py:545} INFO - Filling up the DagBag from /opt/airflow/dags/warehouse_dag.py
[2026-09-17T14:03:11.115+0000] {processor.py:840} INFO - DAG(s) 'youtube_warehouse' retrieved from /opt/airflow/dags/warehouse_dag.py
[2026-09-17T14:03:11.144+0000] {logging_mixin.py:188} INFO - [2026-09-17T14:03:11.143+0000] {dag.py:3096} INFO - Sync 1 DAGs
[2026-09-17T14:03:11.155+0000] {logging_mixin.py:188} INFO - [2026-09-17T14:03:11.155+0000] {dag.py:3954} INFO - Setting next_dagrun for youtube_warehouse to None, run_after=None
[2026-09-17T14:03:11.188+0000] {processor.py:183} INFO - Processing /opt/airflow/dags/warehouse_dag.py took 0.476 seconds
[2026-09-17T14:03:41.318+0000] {processor.py:161} INFO - Started process (PID=995) to work on /opt/airflow/dags/warehouse_dag.py
[2026-09-17T14:03:41.320+0000] {processor.py:830} INFO - Processing file /opt/airflow/dags/warehouse_dag.py for tasks to queue
[2026-09-17T14:03:41.348+0000] {logging_mixin.py:188} INFO - [2026-09-17T14:03:41.348+0000] {dagbag.py:545} INFO - Filling up the DagBag from /opt/airflow/dags/warehouse_dag.py
[2026-09-17T14:03:41.722+0000] {processor.py:840} INFO - DAG(s) 'youtube_warehouse' retrieved from /opt/airflow/dags/warehouse_dag.py
[2026-09-17T14:03:41.748+0000] {logging_mixin.py:188} INFO - [2026-09-17T14:03:41.747+0000] {dag.py:3096} INFO - Sync 1 DAGs
[2026-09-17T14:03:41.760+0000] {logging_mixin.py:188} INFO - [2026-09-17T14:03:41.760+0000] {dag.py:3954} INFO - Setting next_dagrun for youtube_warehouse to None, run_after=None
[2026-09-17T14:03:41.799+0000] {processor.py:183} INFO - Processing /opt/airflow/dags/warehouse_dag.py took 0.487 seconds
[2026-09-17T14:04:11.941+0000] {processor.py:161} INFO - Started process (PID=1004) to work on /opt/airflow/dags/warehouse_dag.py
[2026-09-17T14:04:11.943+0000] {processor.py:830} INFO - Processing file /opt/airflow/dags/warehouse_dag.py for tasks to queue
[2026-09-17T14:04:11.947+0000] {logging_mixin.py:188} INFO - [2026-09-17T14:04:11.947+0000] {dagbag.py:545} INFO - Filling up the DagBag from /opt/airflow/dags/warehouse_dag.py
[2026-09-17T14:04:12.383+0000] {processor.py:840} INFO - DAG(s) 'youtube_warehouse' retrieved from /opt/airflow/dags/warehouse_dag.py
[2026-09-17T14:04:12.419+0000] {logging_mixin.py:188} INFO - [2026-09-17T14:04:12.419+0000] {dag.py:3096} INFO - Sync 1 DAGs
[2026-09-17T14:04:12.432+0000] {logging_mixin.py:188} INFO - [2026-09-17T14:04:12.431+0000] {dag.py:3954} INFO - Setting next_dagrun for youtube_warehouse to None, run_after=None
[2026-09-17T14:04:12.474+0000] {processor.py:183} INFO - Processing /opt/airflow/dags/warehouse_dag.py took 0.538 seconds
[2026-09-17T14:04:43.275+0000] {processor.py:161} INFO - Started process (PID=1014) to work on /opt/airflow/dags/warehouse_dag.py
[2026-09-17T14:04:43.278+0000] {processor.py:830} INFO - Processing file /opt/airflow/dags/warehouse_dag.py for tasks to queue
[2026-09-17T14:04:43.281+0000] {logging_mixin.py:188} INFO - [2026-09-17T14:04:43.281+0000] {dagbag.py:545} INFO - Filling up the DagBag from /opt/airflow/dags/warehouse_dag.py
[2026-09-17T14:04:43.650+0000] {processor.py:840} INFO - DAG(s) 'youtube_warehouse' retrieved from /opt/airflow/dags/warehouse_dag.py
[2026-09-17T14:04:43.670+0000] {logging_mixin.py:188} INFO - [2026-09-17T14:04:43.670+0000] {dag.py:3096} INFO - Sync 1 DAGs
[2026-09-17T14:04:43.682+0000] {logging_mixin.py:188} INFO - [2026-09-17T14:04:43.682+0000] {dag.py:3954} INFO - Setting next_dagrun for youtube_warehouse to None, run_after=None
[2026-09-17T14:04:43.725+0000] {processor.py:183} INFO - Processing /opt/airflow/dags/warehouse_dag.py took 0.457 seconds
[2026-09-17T14:05:14.176+0000] {processor.py:161} INFO - Started process (PID=1023) to work on /opt/airflow/dags/warehouse_dag.py
[2026-09-17T14:05:14.178+0000] {processor.py:830} INFO - Processing file /opt/airflow/dags/warehouse_dag.py for tasks to queue
[2026-09-17T14:05:14.182+0000] {logging_mixin.py:188} INFO - [2026-09-17T14:05:14.182+0000] {dagbag.py:545} INFO - Filling up the DagBag from /opt/airflow/dags/warehouse_dag.py
[2026-09-17T14:05:14.491+0000] {processor.py:840} INFO - DAG(s) 'youtube_warehouse' retrieved from /opt/airflow/dags/warehouse_dag.py
[2026-09-17T14:05:14.511+0000] {logging_mixin.py:188} INFO - [2026-09-17T14:05:14.511+0000] {dag.py:3096} INFO - Sync 1 DAGs
[2026-09-17T14:05:14.522+0000] {logging_mixin.py:188} INFO - [2026-09-17T14:05:14.522+0000] {dag.py:3954} INFO - Setting next_dagrun for youtube_warehouse to None, run_after=None
[2026-09-17T14:05:14.564+0000] {processor.py:183} INFO - Processing /opt/airflow/dags/warehouse_dag.py took 0.393 seconds
[2026-09-17T14:05:44.713+0000] {processor.py:161} INFO - Started process (PID=1033) to work on /opt/airflow/dags/warehouse_dag.py
[2026-09-17T14:05:44.715+0000] {processor.py:830} INFO - Processing file /opt/airflow/dags/warehouse_dag.py for tasks to queue
[2026-09-17T14:05:44.717+0000] {logging_mixin.py:188} INFO - [2026-09-17T14:05:44.717+0000] {dagbag.py:545} INFO - Filling up the DagBag from /opt/airflow/dags/warehouse_dag.py
[2026-09-17T14:05:45.076+0000] {processor.py:840} INFO - DAG(s) 'youtube_warehouse' retrieved from /opt/airflow/dags/warehouse_dag.py
[2026-09-17T14:05:45.096+0000] {logging_mixin.py:188} INFO - [2026-09-17T14:05:45.096+0000] {dag.py:3096} INFO - Sync 1 DAGs
[2026-09-17T14:05:45.107+0000] {logging_mixin.py:188} INFO - [2026-09-17T14:05:45.107+0000] {dag.py:3954} INFO - Setting next_dagrun for youtube_warehouse to None, run_after=None
[2026-09-17T14:05:45.148+0000] {processor.py:183} INFO - Processing /opt/airflow/dags/warehouse_dag.py took 0.440 seconds
[2026-09-17T14:06:15.441+0000] {processor.py:161} INFO - Started process (PID=1042) to work on /opt/airflow/dags/warehouse_dag.py
[2026-09-17T14:06:15.444+0000] {processor.py:830} INFO - Processing file /opt/airflow/dags/warehouse_dag.py for tasks to queue
[2026-09-17T14:06:15.446+0000] {logging_mixin.py:188} INFO - [2026-09-17T14:06:15.446+0000] {dagbag.py:545} INFO - Filling up the DagBag from /opt/airflow/dags/warehouse_dag.py
[2026-09-17T14:06:15.727+0000] {processor.py:840} INFO - DAG(s) 'youtube_warehouse' retrieved from /opt/airflow/dags/warehouse_dag.py
[2026-09-17T14:06:15.747+0000] {logging_mixin.py:188} INFO - [2026-09-17T14:06:15.747+0000] {dag.py:3096} INFO - Sync 1 DAGs
[2026-09-17T14:06:15.757+0000] {logging_mixin.py:188} INFO - [2026-09-17T14:06:15.757+0000] {dag.py:3954} INFO - Setting next_dagrun for youtube_warehouse to None, run_after=None
[2026-09-17T14:06:15.802+0000] {processor.py:183} INFO - Processing /opt/airflow/dags/warehouse_dag.py took 0.366 seconds
[2026-09-17T14:06:46.167+0000] {processor.py:161} INFO - Started process (PID=1051) to work on /opt/airflow/dags/warehouse_dag.py
[2026-09-17T14:06:46.170+0000] {processor.py:830} INFO - Processing file /opt/airflow/dags/warehouse_dag.py for tasks to queue
[2026-09-17T14:06:46.173+0000] {logging_mixin.py:188} INFO - [2026-09-17T14:06:46.172+0000] {dagbag.py:545} INFO - Filling up the DagBag from /opt/airflow/dags/warehouse_dag.py
[2026-09-17T14:06:46.514+0000] {processor.py:840} INFO - DAG(s) 'youtube_warehouse' retrieved from /opt/airflow/dags/warehouse_dag.py
[2026-09-17T14:06:46.538+0000] {logging_mixin.py:188} INFO - [2026-09-17T14:06:46.538+0000] {dag.py:3096} INFO - Sync 1 DAGs
[2026-09-17T14:06:46.550+0000] {logging_mixin.py:188} INFO - [2026-09-17T14:06:46.550+0000] {dag.py:3954} INFO - Setting next_dagrun for youtube_warehouse to None, run_after=None
[2026-09-17T14:06:46.588+0000] {processor.py:183} INFO - Processing /opt/airflow/dags/warehouse_dag.py took 0.427 seconds
[2026-09-17T14:07:16.819+0000] {processor.py:161} INFO - Started process (PID=1060) to work on /opt/airflow/dags/warehouse_dag.py
[2026-09-17T14:07:16.822+0000] {processor.py:830} INFO - Processing file /opt/airflow/dags/warehouse_dag.py for tasks to queue
[2026-09-17T14:07:16.826+0000] {logging_mixin.py:188} INFO - [2026-09-17T14:07:16.825+0000] {dagbag.py:545} INFO - Filling up the DagBag from /opt/airflow/dags/warehouse_dag.py
[2026-09-17T14:07:17.156+0000] {processor.py:840} INFO - DAG(s) 'youtube_warehouse' retrieved from /opt/airflow/dags/warehouse_dag.py
[2026-09-17T14:07:17.179+0000] {logging_mixin.py:188} INFO - [2026-09-17T14:07:17.178+0000] {dag.py:3096} INFO - Sync 1 DAGs
[2026-09-17T14:07:17.192+0000] {logging_mixin.py:188} INFO - [2026-09-17T14:07:17.192+0000] {dag.py:3954} INFO - Setting next_dagrun for youtube_warehouse to None, run_after=None
[2026-09-17T14:07:17.235+0000] {processor.py:183} INFO - Processing /opt/airflow/dags/warehouse_dag.py took 0.422 seconds
[2026-09-17T14:07:47.468+0000] {processor.py:161} INFO - Started process (PID=1069) to work on /opt/airflow/dags/warehouse_dag.py
[2026-09-17T14:07:47.471+0000] {processor.py:830} INFO - Processing file /opt/airflow/dags/warehouse_dag.py for tasks to queue
[2026-09-17T14:07:47.473+0000] {logging_mixin.py:188} INFO - [2026-09-17T14:07:47.473+0000] {dagbag.py:545} INFO - Filling up the DagBag from /opt/airflow/dags/warehouse_dag.py
[2026-09-17T14:07:47.820+0000] {processor.py:840} INFO - DAG(s) 'youtube_warehouse' retrieved from /opt/airflow/dags/warehouse_dag.py
[2026-09-17T14:07:47.861+0000] {logging_mixin.py:188} INFO - [2026-09-17T14:07:47.860+0000] {dag.py:3096} INFO - Sync 1 DAGs
[2026-09-17T14:07:47.873+0000] {logging_mixin.py:188} INFO - [2026-09-17T14:07:47.873+0000] {dag.py:3954} INFO - Setting next_dagrun for youtube_warehouse to None, run_after=None
[2026-09-17T14:07:47.914+0000] {processor.py:183} INFO - Processing /opt/airflow/dags/warehouse_dag.py took 0.453 seconds
[2026-09-17T14:08:18.104+0000] {processor.py:161} INFO - Started process (PID=1078) to work on /opt/airflow/dags/warehouse_dag.py
[2026-09-17T14:08:18.107+0000] {processor.py:830} INFO - Processing file /opt/airflow/dags/warehouse_dag.py for tasks to queue
[2026-09-17T14:08:18.110+0000] {logging_mixin.py:188} INFO - [2026-09-17T14:08:18.109+0000] {dagbag.py:545} INFO - Filling up the DagBag from /opt/airflow/dags/warehouse_dag.py
[2026-09-17T14:08:18.419+0000] {processor.py:840} INFO - DAG(s) 'youtube_warehouse' retrieved from /opt/airflow/dags/warehouse_dag.py
[2026-09-17T14:08:18.439+0000] {logging_mixin.py:188} INFO - [2026-09-17T14:08:18.439+0000] {dag.py:3096} INFO - Sync 1 DAGs
[2026-09-17T14:08:18.450+0000] {logging_mixin.py:188} INFO - [2026-09-17T14:08:18.450+0000] {dag.py:3954} INFO - Setting next_dagrun for youtube_warehouse to None, run_after=None
[2026-09-17T14:08:18.494+0000] {processor.py:183} INFO - Processing /opt/airflow/dags/warehouse_dag.py took 0.396 seconds
[2026-09-17T14:08:48.748+0000] {processor.py:161} INFO - Started process (PID=1087) to work on /opt/airflow/dags/warehouse_dag.py
[2026-09-17T14:08:48.750+0000] {processor.py:830} INFO - Processing file /opt/airflow/dags/warehouse_dag.py for tasks to queue
[2026-09-17T14:08:48.752+0000] {logging_mixin.py:188} INFO - [2026-09-17T14:08:48.752+0000] {dagbag.py:545} INFO - Filling up the DagBag from /opt/airflow/dags/warehouse_dag.py
[2026-09-17T14:08:49.079+0000] {processor.py:840} INFO - DAG(s) 'youtube_warehouse' retrieved from /opt/airflow/dags/warehouse_dag.py
[2026-09-17T14:08:49.117+0000] {logging_mixin.py:188} INFO - [2026-09-17T14:08:49.116+0000] {dag.py:3096} INFO - Sync 1 DAGs
[2026-09-17T14:08:49.129+0000] {logging_mixin.py:188} INFO - [2026-09-17T14:08:49.129+0000] {dag.py:3954} INFO - Setting next_dagrun for youtube_warehouse to None, run_after=None
[2026-09-17T14:08:49.148+0000] {processor.py:183} INFO - Processing /opt/airflow/dags/warehouse_dag.py took 0.406 seconds
[2026-09-17T14:09:19.403+0000] {processor.py:161} INFO - Started process (PID=1097) to work on /opt/airflow/dags/warehouse_dag.py
[2026-09-17T14:09:19.405+0000] {processor.py:830} INFO - Processing file /opt/airflow/dags/warehouse_dag.py for tasks to queue
[2026-09-17T14:09:19.408+0000] {logging_mixin.py:188} INFO - [2026-09-17T14:09:19.408+0000] {dagbag.py:545} INFO - Filling up the DagBag from /opt/airflow/dags/warehouse_dag.py
[2026-09-17T14:09:19.670+0000] {processor.py:840} INFO - DAG(s) 'youtube_warehouse' retrieved from /opt/airflow/dags/warehouse_dag.py
[2026-09-17T14:09:19.690+0000] {logging_mixin.py:188} INFO - [2026-09-17T14:09:19.690+0000] {dag.py:3096} INFO - Sync 1 DAGs
[2026-09-17T14:09:19.701+0000] {logging_mixin.py:188} INFO - [2026-09-17T14:09:19.701+0000] {dag.py:3954} INFO - Setting next_dagrun for youtube_warehouse to None, run_after=None
[2026-09-17T14:09:19.738+0000] {processor.py:183} INFO - Processing /opt/airflow/dags/warehouse_dag.py took 0.341 seconds
[2026-09-17T14:09:50.246+0000] {processor.py:161} INFO - Started process (PID=1106) to work on /opt/airflow/dags/warehouse_dag.py
[2026-09-17T14:09:50.248+0000] {processor.py:830} INFO - Processing file /opt/airflow/dags/warehouse_dag.py for tasks to queue
[2026-09-17T14:09:50.251+0000] {logging_mixin.py:188} INFO - [2026-09-17T14:09:50.251+0000] {dagbag.py:545} INFO - Filling up the DagBag from /opt/airflow/dags/warehouse_dag.py
[2026-09-17T14:09:50.557+0000] {processor.py:840} INFO - DAG(s) 'youtube_warehouse' retrieved from /opt/airflow/dags/warehouse_dag.py
[2026-09-17T14:09:50.577+0000] {logging_mixin.py:188} INFO - [2026-09-17T14:09:50.576+0000] {dag.py:3096} INFO - Sync 1 DAGs
[2026-09-17T14:09:50.590+0000] {logging_mixin.py:188} INFO - [2026-09-17T14:09:50.589+0000] {dag.py:3954} INFO - Setting next_dagrun for youtube_warehouse to None, run_after=None
[2026-09-17T14:09:50.625+0000] {processor.py:183} INFO - Processing /opt/airflow/dags/warehouse_dag.py took 0.384 seconds
[2026-09-17T14:10:20.909+0000] {processor.py:161} INFO - Started process (PID=1115) to work on /opt/airflow/dags/warehouse_dag.py
[2026-09-17T14:10:20.912+0000] {processor.py:830} INFO - Processing file /opt/airflow/dags/warehouse_dag.py for tasks to queue
[2026-09-17T14:10:20.916+0000] {logging_mixin.py:188} INFO - [2026-09-17T14:10:20.915+0000] {dagbag.py:545} INFO - Filling up the DagBag from /opt/airflow/dags/warehouse_dag.py
[2026-09-17T14:10:21.306+0000] {processor.py:840} INFO - DAG(s) 'youtube_warehouse' retrieved from /opt/airflow/dags/warehouse_dag.py
[2026-09-17T14:10:21.326+0000] {logging_mixin.py:188} INFO - [2026-09-17T14:10:21.326+0000] {dag.py:3096} INFO - Sync 1 DAGs
[2026-09-17T14:10:21.338+0000] {logging_mixin.py:188} INFO - [2026-09-17T14:10:21.338+0000] {dag.py:3954} INFO - Setting next_dagrun for youtube_warehouse to None, run_after=None
[2026-09-17T14:10:21.380+0000] {processor.py:183} INFO - Processing /opt/airflow/dags/warehouse_dag.py took 0.476 seconds
[2026-09-17T14:10:51.476+0000] {processor.py:161} INFO - Started process (PID=1124) to work on /opt/airflow/dags/warehouse_dag.py
[2026-09-17T14:10:51.478+0000] {processor.py:830} INFO - Processing file /opt/airflow/dags/warehouse_dag.py for tasks to queue
[2026-09-17T14:10:51.481+0000] {logging_mixin.py:188} INFO - [2026-09-17T14:10:51.481+0000] {dagbag.py:545} INFO - Filling up the DagBag from /opt/airflow/dags/warehouse_dag.py
[2026-09-17T14:10:51.785+0000] {processor.py:840} INFO - DAG(s) 'youtube_warehouse' retrieved from /opt/airflow/dags/warehouse_dag.py
[2026-09-17T14:10:51.807+0000] {logging_mixin.py:188} INFO - [2026-09-17T14:10:51.806+0000] {dag.py:3096} INFO - Sync 1 DAGs
[2026-09-17T14:10:51.818+0000] {logging_mixin.py:188} INFO - [2026-09-17T14:10:51.818+0000] {dag.py:3954} INFO - Setting next_dagrun for youtube_warehouse to None, run_after=None
[2026-09-17T14:10:51.854+0000] {processor.py:183} INFO - Processing /opt/airflow/dags/warehouse_dag.py took 0.383 seconds
[2026-09-17T14:11:22.152+0000] {processor.py:161} INFO - Started process (PID=1133) to work on /opt/airflow/dags/warehouse_dag.py
[2026-09-17T14:11:22.155+0000] {processor.py:830} INFO - Processing file /opt/airflow/dags/warehouse_dag.py for tasks to queue
[2026-09-17T14:11:22.158+0000] {logging_mixin.py:188} INFO - [2026-09-17T14:11:22.158+0000] {dagbag.py:545} INFO - Filling up the DagBag from /opt/airflow/dags/warehouse_dag.py
[2026-09-17T14:11:22.472+0000] {processor.py:840} INFO - DAG(s) 'youtube_warehouse' retrieved from /opt/airflow/dags/warehouse_dag.py
[2026-09-17T14:11:22.492+0000] {logging_mixin.py:188} INFO - [2026-09-17T14:11:22.492+0000] {dag.py:3096} INFO - Sync 1 DAGs
[2026-09-17T14:11:22.502+0000] {logging_mixin.py:188} INFO - [2026-09-17T14:11:22.502+0000] {dag.py:3954} INFO - Setting next_dagrun for youtube_warehouse to None, run_after=None
[2026-09-17T14:11:22.530+0000] {processor.py:183} INFO - Processing /opt/airflow/dags/warehouse_dag.py took 0.384 seconds
[2026-09-17T14:11:52.783+0000] {processor.py:161} INFO - Started process (PID=1142) to work on /opt/airflow/dags/warehouse_dag.py
[2026-09-17T14:11:52.786+0000] {processor.py:830} INFO - Processing file /opt/airflow/dags/warehouse_dag.py for tasks to queue
[2026-09-17T14:11:52.789+0000] {logging_mixin.py:188} INFO - [2026-09-17T14:11:52.789+0000] {dagbag.py:545} INFO - Filling up the DagBag from /opt/airflow/dags/warehouse_dag.py
[2026-09-17T14:11:53.085+0000] {processor.py:840} INFO - DAG(s) 'youtube_warehouse' retrieved from /opt/airflow/dags/warehouse_dag.py
[2026-09-17T14:11:53.104+0000] {logging_mixin.py:188} INFO - [2026-09-17T14:11:53.104+0000] {dag.py:3096} INFO - Sync 1 DAGs
[2026-09-17T14:11:53.116+0000] {logging_mixin.py:188} INFO - [2026-09-17T14:11:53.116+0000] {dag.py:3954} INFO - Setting next_dagrun for youtube_warehouse to None, run_after=None
[2026-09-17T14:11:53.155+0000] {processor.py:183} INFO - Processing /opt/airflow/dags/warehouse_dag.py took 0.379 seconds
[2026-09-17T14:12:23.346+0000] {processor.py:161} INFO - Started process (PID=1151) to work on /opt/airflow/dags/warehouse_dag.py
[2026-09-17T14:12:23.348+0000] {processor.py:830} INFO - Processing file /opt/airflow/dags/warehouse_dag.py for tasks to queue
[2026-09-17T14:12:23.351+0000] {logging_mixin.py:188} INFO - [2026-09-17T14:12:23.351+0000] {dagbag.py:545} INFO - Filling up the DagBag from /opt/airflow/dags/warehouse_dag.py
[2026-09-17T14:12:23.644+0000] {processor.py:840} INFO - DAG(s) 'youtube_warehouse' retrieved from /opt/airflow/dags/warehouse_dag.py
[2026-09-17T14:12:23.667+0000] {logging_mixin.py:188} INFO - [2026-09-17T14:12:23.667+0000] {dag.py:3096} INFO - Sync 1 DAGs
[2026-09-17T14:12:23.680+0000] {logging_mixin.py:188} INFO - [2026-09-17T14:12:23.680+0000] {dag.py:3954} INFO - Setting next_dagrun for youtube_warehouse to None, run_after=None
[2026-09-17T14:12:23.719+0000] {processor.py:183} INFO - Processing /opt/airflow/dags/warehouse_dag.py took 0.379 seconds
[2026-09-17T14:12:53.952+0000] {processor.py:161} INFO - Started process (PID=1160) to work on /opt/airflow/dags/warehouse_dag.py
[2026-09-17T14:12:53.955+0000] {processor.py:830} INFO - Processing file /opt/airflow/dags/warehouse_dag.py for tasks to queue
[2026-09-17T14:12:53.958+0000] {logging_mixin.py:188} INFO - [2026-09-17T14:12:53.958+0000] {dagbag.py:545} INFO - Filling up the DagBag from /opt/airflow/dags/warehouse_dag.py
[2026-09-17T14:12:54.306+0000] {processor.py:840} INFO - DAG(s) 'youtube_warehouse' retrieved from /opt/airflow/dags/warehouse_dag.py
[2026-09-17T14:12:54.328+0000] {logging_mixin.py:188} INFO - [2026-09-17T14:12:54.328+0000] {dag.py:3096} INFO - Sync 1 DAGs
[2026-09-17T14:12:54.340+0000] {logging_mixin.py:188} INFO - [2026-09-17T14:12:54.340+0000] {dag.py:3954} INFO - Setting next_dagrun for youtube_warehouse to None, run_after=None
[2026-09-17T14:12:54.372+0000] {processor.py:183} INFO - Processing /opt/airflow/dags/warehouse_dag.py took 0.426 seconds
[2026-09-17T14:13:24.568+0000] {processor.py:161} INFO - Started process (PID=1169) to work on /opt/airflow/dags/warehouse_dag.py
[2026-09-17T14:13:24.570+0000] {processor.py:830} INFO - Processing file /opt/airflow/dags/warehouse_dag.py for tasks to queue
[2026-09-17T14:13:24.573+0000] {logging_mixin.py:188} INFO - [2026-09-17T14:13:24.573+0000] {dagbag.py:545} INFO - Filling up the DagBag from /opt/airflow/dags/warehouse_dag.py
[2026-09-17T14:13:24.881+0000] {processor.py:840} INFO - DAG(s) 'youtube_warehouse' retrieved from /opt/airflow/dags/warehouse_dag.py
[2026-09-17T14:13:24.903+0000] {logging_mixin.py:188} INFO - [2026-09-17T14:13:24.902+0000] {dag.py:3096} INFO - Sync 1 DAGs
[2026-09-17T14:13:24.916+0000] {logging_mixin.py:188} INFO - [2026-09-17T14:13:24.915+0000] {dag.py:3954} INFO - Setting next_dagrun for youtube_warehouse to None, run_after=None
[2026-09-17T14:13:24.938+0000] {processor.py:183} INFO - Processing /opt/airflow/dags/warehouse_dag.py took 0.376 seconds
[2026-09-17T14:13:55.154+0000] {processor.py:161} INFO - Started process (PID=1179) to work on /opt/airflow/dags/warehouse_dag.py
[2026-09-17T14:13:55.157+0000] {processor.py:830} INFO - Processing file /opt/airflow/dags/warehouse_dag.py for tasks to queue
[2026-09-17T14:13:55.160+0000] {logging_mixin.py:188} INFO - [2026-09-17T14:13:55.160+0000] {dagbag.py:545} INFO - Filling up the DagBag from /opt/airflow/dags/warehouse_dag.py
[2026-09-17T14:13:55.447+0000] {processor.py:840} INFO - DAG(s) 'youtube_warehouse' retrieved from /opt/airflow/dags/warehouse_dag.py
[2026-09-17T14:13:55.468+0000] {logging_mixin.py:188} INFO - [2026-09-17T14:13:55.468+0000] {dag.py:3096} INFO - Sync 1 DAGs
[2026-09-17T14:13:55.479+0000] {logging_mixin.py:188} INFO - [2026-09-17T14:13:55.478+0000] {dag.py:3954} INFO - Setting next_dagrun for youtube_warehouse to None, run_after=None
[2026-09-17T14:13:55.501+0000] {processor.py:183} INFO - Processing /opt/airflow/dags/warehouse_dag.py took 0.353 seconds
[2026-09-17T14:14:25.757+0000] {processor.py:161} INFO - Started process (PID=1188) to work on /opt/airflow/dags/warehouse_dag.py
[2026-09-17T14:14:25.759+0000] {processor.py:830} INFO - Processing file /opt/airflow/dags/warehouse_dag.py for tasks to queue
[2026-09-17T14:14:25.762+0000] {logging_mixin.py:188} INFO - [2026-09-17T14:14:25.761+0000] {dagbag.py:545} INFO - Filling up the DagBag from /opt/airflow/dags/warehouse_dag.py
[2026-09-17T14:14:26.061+0000] {processor.py:840} INFO - DAG(s) 'youtube_warehouse' retrieved from /opt/airflow/dags/warehouse_dag.py
[2026-09-17T14:14:26.080+0000] {logging_mixin.py:188} INFO - [2026-09-17T14:14:26.080+0000] {dag.py:3096} INFO - Sync 1 DAGs
[2026-09-17T14:14:26.091+0000] {logging_mixin.py:188} INFO - [2026-09-17T14:14:26.091+0000] {dag.py:3954} INFO - Setting next_dagrun for youtube_warehouse to None, run_after=None
[2026-09-17T14:14:26.117+0000] {processor.py:183} INFO - Processing /opt/airflow/dags/warehouse_dag.py took 0.365 seconds
[2026-09-17T14:14:56.362+0000] {processor.py:161} INFO - Started process (PID=1197) to work on /opt/airflow/dags/warehouse_dag.py
[2026-09-17T14:14:56.365+0000] {processor.py:830} INFO - Processing file /opt/airflow/dags/warehouse_dag.py for tasks to queue
[2026-09-17T14:14:56.368+0000] {logging_mixin.py:188} INFO - [2026-09-17T14:14:56.368+0000] {dagbag.py:545} INFO - Filling up the DagBag from /opt/airflow/dags/warehouse_dag.py
[2026-09-17T14:14:56.672+0000] {processor.py:840} INFO - DAG(s) 'youtube_warehouse' retrieved from /opt/airflow/dags/warehouse_dag.py
[2026-09-17T14:14:56.694+0000] {logging_mixin.py:188} INFO - [2026-09-17T14:14:56.693+0000] {dag.py:3096} INFO - Sync 1 DAGs
[2026-09-17T14:14:56.704+0000] {logging_mixin.py:188} INFO - [2026-09-17T14:14:56.704+0000] {dag.py:3954} INFO - Setting next_dagrun for youtube_warehouse to None, run_after=None
[2026-09-17T14:14:56.727+0000] {processor.py:183} INFO - Processing /opt/airflow/dags/warehouse_dag.py took 0.371 seconds
[2026-09-17T14:15:27.026+0000] {processor.py:161} INFO - Started process (PID=1206) to work on /opt/airflow/dags/warehouse_dag.py
[2026-09-17T14:15:27.028+0000] {processor.py:830} INFO - Processing file /opt/airflow/dags/warehouse_dag.py for tasks to queue
[2026-09-17T14:15:27.032+0000] {logging_mixin.py:188} INFO - [2026-09-17T14:15:27.032+0000] {dagbag.py:545} INFO - Filling up the DagBag from /opt/airflow/dags/warehouse_dag.py
[2026-09-17T14:15:27.371+0000] {processor.py:840} INFO - DAG(s) 'youtube_warehouse' retrieved from /opt/airflow/dags/warehouse_dag.py
[2026-09-17T14:15:27.391+0000] {logging_mixin.py:188} INFO - [2026-09-17T14:15:27.391+0000] {dag.py:3096} INFO - Sync 1 DAGs
[2026-09-17T14:15:27.403+0000] {logging_mixin.py:188} INFO - [2026-09-17T14:15:27.403+0000] {dag.py:3954} INFO - Setting next_dagrun for youtube_warehouse to None, run_after=None
[2026-09-17T14:15:27.434+0000] {processor.py:183} INFO - Processing /opt/airflow/dags/warehouse_dag.py took 0.415 seconds
[2026-09-17T14:15:57.532+0000] {processor.py:161} INFO - Started process (PID=1215) to work on /opt/airflow/dags/warehouse_dag.py
[2026-09-17T14:15:57.534+0000] {processor.py:830} INFO - Processing file /opt/airflow/dags/warehouse_dag.py for tasks to queue
[2026-09-17T14:15:57.537+0000] {logging_mixin.py:188} INFO - [2026-09-17T14:15:57.537+0000] {dagbag.py:545} INFO - Filling up the DagBag from /opt/airflow/dags/warehouse_dag.py
[2026-09-17T14:15:57.827+0000] {processor.py:840} INFO - DAG(s) 'youtube_warehouse' retrieved from /opt/airflow/dags/warehouse_dag.py
[2026-09-17T14:15:57.847+0000] {logging_mixin.py:188} INFO - [2026-09-17T14:15:57.846+0000] {dag.py:3096} INFO - Sync 1 DAGs
[2026-09-17T14:15:57.858+0000] {logging_mixin.py:188} INFO - [2026-09-17T14:15:57.858+0000] {dag.py:3954} INFO - Setting next_dagrun for youtube_warehouse to None, run_after=None
[2026-09-17T14:15:57.904+0000] {processor.py:183} INFO - Processing /opt/airflow/dags/warehouse_dag.py took 0.378 seconds
[2026-09-17T14:16:28.088+0000] {processor.py:161} INFO - Started process (PID=1224) to work on /opt/airflow/dags/warehouse_dag.py
[2026-09-17T14:16:28.091+0000] {processor.py:830} INFO - Processing file /opt/airflow/dags/warehouse_dag.py for tasks to queue
[2026-09-17T14:16:28.094+0000] {logging_mixin.py:188} INFO - [2026-09-17T14:16:28.093+0000] {dagbag.py:545} INFO - Filling up the DagBag from /opt/airflow/dags/warehouse_dag.py
[2026-09-17T14:16:28.376+0000] {processor.py:840} INFO - DAG(s) 'youtube_warehouse' retrieved from /opt/airflow/dags/warehouse_dag.py
[2026-09-17T14:16:28.396+0000] {logging_mixin.py:188} INFO - [2026-09-17T14:16:28.396+0000] {dag.py:3096} INFO - Sync 1 DAGs
[2026-09-17T14:16:28.407+0000] {logging_mixin.py:188} INFO - [2026-09-17T14:16:28.407+0000] {dag.py:3954} INFO - Setting next_dagrun for youtube_warehouse to None, run_after=None
[2026-09-17T14:16:28.447+0000] {processor.py:183} INFO - Processing /opt/airflow/dags/warehouse_dag.py took 0.365 seconds
[2026-09-17T14:16:58.885+0000] {processor.py:161} INFO - Started process (PID=1233) to work on /opt/airflow/dags/warehouse_dag.py
[2026-09-17T14:16:58.887+0000] {processor.py:830} INFO - Processing file /opt/airflow/dags/warehouse_dag.py for tasks to queue
[2026-09-17T14:16:58.891+0000] {logging_mixin.py:188} INFO - [2026-09-17T14:16:58.890+0000] {dagbag.py:545} INFO - Filling up the DagBag from /opt/airflow/dags/warehouse_dag.py
[2026-09-17T14:16:59.189+0000] {processor.py:840} INFO - DAG(s) 'youtube_warehouse' retrieved from /opt/airflow/dags/warehouse_dag.py
[2026-09-17T14:16:59.228+0000] {logging_mixin.py:188} INFO - [2026-09-17T14:16:59.228+0000] {dag.py:3096} INFO - Sync 1 DAGs
[2026-09-17T14:16:59.240+0000] {logging_mixin.py:188} INFO - [2026-09-17T14:16:59.239+0000] {dag.py:3954} INFO - Setting next_dagrun for youtube_warehouse to None, run_after=None
[2026-09-17T14:16:59.281+0000] {processor.py:183} INFO - Processing /opt/airflow/dags/warehouse_dag.py took 0.407 seconds
[2026-09-17T14:17:29.496+0000] {processor.py:161} INFO - Started process (PID=1242) to work on /opt/airflow/dags/warehouse_dag.py
[2026-09-17T14:17:29.498+0000] {processor.py:830} INFO - Processing file /opt/airflow/dags/warehouse_dag.py for tasks to queue
[2026-09-17T14:17:29.502+0000] {logging_mixin.py:188} INFO - [2026-09-17T14:17:29.502+0000] {dagbag.py:545} INFO - Filling up the DagBag from /opt/airflow/dags/warehouse_dag.py
[2026-09-17T14:17:29.847+0000] {processor.py:840} INFO - DAG(s) 'youtube_warehouse' retrieved from /opt/airflow/dags/warehouse_dag.py
[2026-09-17T14:17:29.869+0000] {logging_mixin.py:188} INFO - [2026-09-17T14:17:29.869+0000] {dag.py:3096} INFO - Sync 1 DAGs
[2026-09-17T14:17:29.882+0000] {logging_mixin.py:188} INFO - [2026-09-17T14:17:29.881+0000] {dag.py:3954} INFO - Setting next_dagrun for youtube_warehouse to None, run_after=None
[2026-09-17T14:17:29.923+0000] {processor.py:183} INFO - Processing /opt/airflow/dags/warehouse_dag.py took 0.433 seconds
[2026-09-17T14:18:00.092+0000] {processor.py:161} INFO - Started process (PID=1251) to work on /opt/airflow/dags/warehouse_dag.py
[2026-09-17T14:18:00.094+0000] {processor.py:830} INFO - Processing file /opt/airflow/dags/warehouse_dag.py for tasks to queue
[2026-09-17T14:18:00.099+0000] {logging_mixin.py:188} INFO - [2026-09-17T14:18:00.098+0000] {dagbag.py:545} INFO - Filling up the DagBag from /opt/airflow/dags/warehouse_dag.py
[2026-09-17T14:18:00.487+0000] {processor.py:840} INFO - DAG(s) 'youtube_warehouse' retrieved from /opt/airflow/dags/warehouse_dag.py
[2026-09-17T14:18:00.523+0000] {logging_mixin.py:188} INFO - [2026-09-17T14:18:00.523+0000] {dag.py:3096} INFO - Sync 1 DAGs
[2026-09-17T14:18:00.537+0000] {logging_mixin.py:188} INFO - [2026-09-17T14:18:00.537+0000] {dag.py:3954} INFO - Setting next_dagrun for youtube_warehouse to None, run_after=None
[2026-09-17T14:18:00.574+0000] {processor.py:183} INFO - Processing /opt/airflow/dags/warehouse_dag.py took 0.489 seconds
[2026-09-17T14:18:30.772+0000] {processor.py:161} INFO - Started process (PID=1260) to work on /opt/airflow/dags/warehouse_dag.py
[2026-09-17T14:18:30.776+0000] {processor.py:830} INFO - Processing file /opt/airflow/dags/warehouse_dag.py for tasks to queue
[2026-09-17T14:18:30.779+0000] {logging_mixin.py:188} INFO - [2026-09-17T14:18:30.779+0000] {dagbag.py:545} INFO - Filling up the DagBag from /opt/airflow/dags/warehouse_dag.py
[2026-09-17T14:18:31.089+0000] {processor.py:840} INFO - DAG(s) 'youtube_warehouse' retrieved from /opt/airflow/dags/warehouse_dag.py
[2026-09-17T14:18:31.110+0000] {logging_mixin.py:188} INFO - [2026-09-17T14:18:31.109+0000] {dag.py:3096} INFO - Sync 1 DAGs
[2026-09-17T14:18:31.123+0000] {logging_mixin.py:188} INFO - [2026-09-17T14:18:31.123+0000] {dag.py:3954} INFO - Setting next_dagrun for youtube_warehouse to None, run_after=None
[2026-09-17T14:18:31.152+0000] {processor.py:183} INFO - Processing /opt/airflow/dags/warehouse_dag.py took 0.387 seconds
[2026-09-17T14:19:01.408+0000] {processor.py:161} INFO - Started process (PID=1269) to work on /opt/airflow/dags/warehouse_dag.py
[2026-09-17T14:19:01.410+0000] {processor.py:830} INFO - Processing file /opt/airflow/dags/warehouse_dag.py for tasks to queue
[2026-09-17T14:19:01.414+0000] {logging_mixin.py:188} INFO - [2026-09-17T14:19:01.414+0000] {dagbag.py:545} INFO - Filling up the DagBag from /opt/airflow/dags/warehouse_dag.py
[2026-09-17T14:19:01.720+0000] {processor.py:840} INFO - DAG(s) 'youtube_warehouse' retrieved from /opt/airflow/dags/warehouse_dag.py
[2026-09-17T14:19:01.740+0000] {logging_mixin.py:188} INFO - [2026-09-17T14:19:01.739+0000] {dag.py:3096} INFO - Sync 1 DAGs
[2026-09-17T14:19:01.756+0000] {logging_mixin.py:188} INFO - [2026-09-17T14:19:01.755+0000] {dag.py:3954} INFO - Setting next_dagrun for youtube_warehouse to None, run_after=None
[2026-09-17T14:19:01.781+0000] {processor.py:183} INFO - Processing /opt/airflow/dags/warehouse_dag.py took 0.379 seconds
[2026-09-17T14:19:32.049+0000] {processor.py:161} INFO - Started process (PID=1278) to work on /opt/airflow/dags/warehouse_dag.py
[2026-09-17T14:19:32.052+0000] {processor.py:830} INFO - Processing file /opt/airflow/dags/warehouse_dag.py for tasks to queue
[2026-09-17T14:19:32.056+0000] {logging_mixin.py:188} INFO - [2026-09-17T14:19:32.055+0000] {dagbag.py:545} INFO - Filling up the DagBag from /opt/airflow/dags/warehouse_dag.py
[2026-09-17T14:19:32.384+0000] {processor.py:840} INFO - DAG(s) 'youtube_warehouse' retrieved from /opt/airflow/dags/warehouse_dag.py
[2026-09-17T14:19:32.407+0000] {logging_mixin.py:188} INFO - [2026-09-17T14:19:32.406+0000] {dag.py:3096} INFO - Sync 1 DAGs
[2026-09-17T14:19:32.419+0000] {logging_mixin.py:188} INFO - [2026-09-17T14:19:32.418+0000] {dag.py:3954} INFO - Setting next_dagrun for youtube_warehouse to None, run_after=None
[2026-09-17T14:19:32.441+0000] {processor.py:183} INFO - Processing /opt/airflow/dags/warehouse_dag.py took 0.397 seconds
[2026-09-17T14:20:02.688+0000] {processor.py:161} INFO - Started process (PID=1287) to work on /opt/airflow/dags/warehouse_dag.py
[2026-09-17T14:20:02.691+0000] {processor.py:830} INFO - Processing file /opt/airflow/dags/warehouse_dag.py for tasks to queue
[2026-09-17T14:20:02.694+0000] {logging_mixin.py:188} INFO - [2026-09-17T14:20:02.694+0000] {dagbag.py:545} INFO - Filling up the DagBag from /opt/airflow/dags/warehouse_dag.py
[2026-09-17T14:20:03.011+0000] {processor.py:840} INFO - DAG(s) 'youtube_warehouse' retrieved from /opt/airflow/dags/warehouse_dag.py
[2026-09-17T14:20:03.035+0000] {logging_mixin.py:188} INFO - [2026-09-17T14:20:03.034+0000] {dag.py:3096} INFO - Sync 1 DAGs
[2026-09-17T14:20:03.047+0000] {logging_mixin.py:188} INFO - [2026-09-17T14:20:03.046+0000] {dag.py:3954} INFO - Setting next_dagrun for youtube_warehouse to None, run_after=None
[2026-09-17T14:20:03.073+0000] {processor.py:183} INFO - Processing /opt/airflow/dags/warehouse_dag.py took 0.393 seconds
[2026-09-17T14:20:33.322+0000] {processor.py:161} INFO - Started process (PID=1296) to work on /opt/airflow/dags/warehouse_dag.py
[2026-09-17T14:20:33.324+0000] {processor.py:830} INFO - Processing file /opt/airflow/dags/warehouse_dag.py for tasks to queue
[2026-09-17T14:20:33.327+0000] {logging_mixin.py:188} INFO - [2026-09-17T14:20:33.327+0000] {dagbag.py:545} INFO - Filling up the DagBag from /opt/airflow/dags/warehouse_dag.py
[2026-09-17T14:20:33.667+0000] {processor.py:840} INFO - DAG(s) 'youtube_warehouse' retrieved from /opt/airflow/dags/warehouse_dag.py
[2026-09-17T14:20:33.690+0000] {logging_mixin.py:188} INFO - [2026-09-17T14:20:33.690+0000] {dag.py:3096} INFO - Sync 1 DAGs
[2026-09-17T14:20:33.702+0000] {logging_mixin.py:188} INFO - [2026-09-17T14:20:33.702+0000] {dag.py:3954} INFO - Setting next_dagrun for youtube_warehouse to None, run_after=None
[2026-09-17T14:20:33.725+0000] {processor.py:183} INFO - Processing /opt/airflow/dags/warehouse_dag.py took 0.410 seconds
[2026-09-17T14:21:03.845+0000] {processor.py:161} INFO - Started process (PID=1305) to work on /opt/airflow/dags/warehouse_dag.py
[2026-09-17T14:21:03.847+0000] {processor.py:830} INFO - Processing file /opt/airflow/dags/warehouse_dag.py for tasks to queue
[2026-09-17T14:21:03.850+0000] {logging_mixin.py:188} INFO - [2026-09-17T14:21:03.850+0000] {dagbag.py:545} INFO - Filling up the DagBag from /opt/airflow/dags/warehouse_dag.py
[2026-09-17T14:21:04.195+0000] {processor.py:840} INFO - DAG(s) 'youtube_warehouse' retrieved from /opt/airflow/dags/warehouse_dag.py
[2026-09-17T14:21:04.219+0000] {logging_mixin.py:188} INFO - [2026-09-17T14:21:04.218+0000] {dag.py:3096} INFO - Sync 1 DAGs
[2026-09-17T14:21:04.231+0000] {logging_mixin.py:188} INFO - [2026-09-17T14:21:04.231+0000] {dag.py:3954} INFO - Setting next_dagrun for youtube_warehouse to None, run_after=None
[2026-09-17T14:21:04.256+0000] {processor.py:183} INFO - Processing /opt/airflow/dags/warehouse_dag.py took 0.421 seconds
[2026-09-17T14:21:34.345+0000] {processor.py:161} INFO - Started process (PID=1314) to work on /opt/airflow/dags/warehouse_dag.py
[2026-09-17T14:21:34.347+0000] {processor.py:830} INFO - Processing file /opt/airflow/dags/warehouse_dag.py for tasks to queue
[2026-09-17T14:21:34.349+0000] {logging_mixin.py:188} INFO - [2026-09-17T14:21:34.349+0000] {dagbag.py:545} INFO - Filling up the DagBag from /opt/airflow/dags/warehouse_dag.py
[2026-09-17T14:21:34.625+0000] {processor.py:840} INFO - DAG(s) 'youtube_warehouse' retrieved from /opt/airflow/dags/warehouse_dag.py
[2026-09-17T14:21:34.646+0000] {logging_mixin.py:188} INFO - [2026-09-17T14:21:34.646+0000] {dag.py:3096} INFO - Sync 1 DAGs
[2026-09-17T14:21:34.658+0000] {logging_mixin.py:188} INFO - [2026-09-17T14:21:34.657+0000] {dag.py:3954} INFO - Setting next_dagrun for youtube_warehouse to None, run_after=None
[2026-09-17T14:21:34.678+0000] {processor.py:183} INFO - Processing /opt/airflow/dags/warehouse_dag.py took 0.339 seconds
[2026-09-17T14:22:05.092+0000] {processor.py:161} INFO - Started process (PID=1323) to work on /opt/airflow/dags/warehouse_dag.py
[2026-09-17T14:22:05.094+0000] {processor.py:830} INFO - Processing file /opt/airflow/dags/warehouse_dag.py for tasks to queue
[2026-09-17T14:22:05.097+0000] {logging_mixin.py:188} INFO - [2026-09-17T14:22:05.097+0000] {dagbag.py:545} INFO - Filling up the DagBag from /opt/airflow/dags/warehouse_dag.py
[2026-09-17T14:22:05.444+0000] {processor.py:840} INFO - DAG(s) 'youtube_warehouse' retrieved from /opt/airflow/dags/warehouse_dag.py
[2026-09-17T14:22:05.465+0000] {logging_mixin.py:188} INFO - [2026-09-17T14:22:05.464+0000] {dag.py:3096} INFO - Sync 1 DAGs
[2026-09-17T14:22:05.477+0000] {logging_mixin.py:188} INFO - [2026-09-17T14:22:05.477+0000] {dag.py:3954} INFO - Setting next_dagrun for youtube_warehouse to None, run_after=None
[2026-09-17T14:22:05.504+0000] {processor.py:183} INFO - Processing /opt/airflow/dags/warehouse_dag.py took 0.418 seconds
[2026-09-17T14:22:35.725+0000] {processor.py:161} INFO - Started process (PID=1332) to work on /opt/airflow/dags/warehouse_dag.py
[2026-09-17T14:22:35.727+0000] {processor.py:830} INFO - Processing file /opt/airflow/dags/warehouse_dag.py for tasks to queue
[2026-09-17T14:22:35.731+0000] {logging_mixin.py:188} INFO - [2026-09-17T14:22:35.730+0000] {dagbag.py:545} INFO - Filling up the DagBag from /opt/airflow/dags/warehouse_dag.py
[2026-09-17T14:22:36.041+0000] {processor.py:840} INFO - DAG(s) 'youtube_warehouse' retrieved from /opt/airflow/dags/warehouse_dag.py
[2026-09-17T14:22:36.061+0000] {logging_mixin.py:188} INFO - [2026-09-17T14:22:36.061+0000] {dag.py:3096} INFO - Sync 1 DAGs
[2026-09-17T14:22:36.073+0000] {logging_mixin.py:188} INFO - [2026-09-17T14:22:36.072+0000] {dag.py:3954} INFO - Setting next_dagrun for youtube_warehouse to None, run_after=None
[2026-09-17T14:22:36.097+0000] {processor.py:183} INFO - Processing /opt/airflow/dags/warehouse_dag.py took 0.382 seconds
[2026-09-17T14:23:06.397+0000] {processor.py:161} INFO - Started process (PID=1347) to work on /opt/airflow/dags/warehouse_dag.py
[2026-09-17T14:23:06.400+0000] {processor.py:830} INFO - Processing file /opt/airflow/dags/warehouse_dag.py for tasks to queue
[2026-09-17T14:23:06.404+0000] {logging_mixin.py:188} INFO - [2026-09-17T14:23:06.404+0000] {dagbag.py:545} INFO - Filling up the DagBag from /opt/airflow/dags/warehouse_dag.py
[2026-09-17T14:23:06.690+0000] {processor.py:840} INFO - DAG(s) 'youtube_warehouse' retrieved from /opt/airflow/dags/warehouse_dag.py
[2026-09-17T14:23:06.709+0000] {logging_mixin.py:188} INFO - [2026-09-17T14:23:06.709+0000] {dag.py:3096} INFO - Sync 1 DAGs
[2026-09-17T14:23:06.720+0000] {logging_mixin.py:188} INFO - [2026-09-17T14:23:06.720+0000] {dag.py:3954} INFO - Setting next_dagrun for youtube_warehouse to None, run_after=None
[2026-09-17T14:23:06.748+0000] {processor.py:183} INFO - Processing /opt/airflow/dags/warehouse_dag.py took 0.357 seconds
[2026-09-17T14:23:37.052+0000] {processor.py:161} INFO - Started process (PID=1356) to work on /opt/airflow/dags/warehouse_dag.py
[2026-09-17T14:23:37.054+0000] {processor.py:830} INFO - Processing file /opt/airflow/dags/warehouse_dag.py for tasks to queue
[2026-09-17T14:23:37.058+0000] {logging_mixin.py:188} INFO - [2026-09-17T14:23:37.057+0000] {dagbag.py:545} INFO - Filling up the DagBag from /opt/airflow/dags/warehouse_dag.py
[2026-09-17T14:23:37.360+0000] {processor.py:840} INFO - DAG(s) 'youtube_warehouse' retrieved from /opt/airflow/dags/warehouse_dag.py
[2026-09-17T14:23:37.380+0000] {logging_mixin.py:188} INFO - [2026-09-17T14:23:37.380+0000] {dag.py:3096} INFO - Sync 1 DAGs
[2026-09-17T14:23:37.393+0000] {logging_mixin.py:188} INFO - [2026-09-17T14:23:37.392+0000] {dag.py:3954} INFO - Setting next_dagrun for youtube_warehouse to None, run_after=None
[2026-09-17T14:23:37.416+0000] {processor.py:183} INFO - Processing /opt/airflow/dags/warehouse_dag.py took 0.371 seconds
[2026-09-17T14:24:07.688+0000] {processor.py:161} INFO - Started process (PID=1365) to work on /opt/airflow/dags/warehouse_dag.py
[2026-09-17T14:24:07.691+0000] {processor.py:830} INFO - Processing file /opt/airflow/dags/warehouse_dag.py for tasks to queue
[2026-09-17T14:24:07.695+0000] {logging_mixin.py:188} INFO - [2026-09-17T14:24:07.694+0000] {dagbag.py:545} INFO - Filling up the DagBag from /opt/airflow/dags/warehouse_dag.py
[2026-09-17T14:24:08.009+0000] {processor.py:840} INFO - DAG(s) 'youtube_warehouse' retrieved from /opt/airflow/dags/warehouse_dag.py
[2026-09-17T14:24:08.029+0000] {logging_mixin.py:188} INFO - [2026-09-17T14:24:08.029+0000] {dag.py:3096} INFO - Sync 1 DAGs
[2026-09-17T14:24:08.040+0000] {logging_mixin.py:188} INFO - [2026-09-17T14:24:08.040+0000] {dag.py:3954} INFO - Setting next_dagrun for youtube_warehouse to None, run_after=None
[2026-09-17T14:24:08.063+0000] {processor.py:183} INFO - Processing /opt/airflow/dags/warehouse_dag.py took 0.380 seconds
[2026-09-17T14:24:38.291+0000] {processor.py:161} INFO - Started process (PID=1374) to work on /opt/airflow/dags/warehouse_dag.py
[2026-09-17T14:24:38.294+0000] {processor.py:830} INFO - Processing file /opt/airflow/dags/warehouse_dag.py for tasks to queue
[2026-09-17T14:24:38.297+0000] {logging_mixin.py:188} INFO - [2026-09-17T14:24:38.297+0000] {dagbag.py:545} INFO - Filling up the DagBag from /opt/airflow/dags/warehouse_dag.py
[2026-09-17T14:24:38.604+0000] {processor.py:840} INFO - DAG(s) 'youtube_warehouse' retrieved from /opt/airflow/dags/warehouse_dag.py
[2026-09-17T14:24:38.624+0000] {logging_mixin.py:188} INFO - [2026-09-17T14:24:38.624+0000] {dag.py:3096} INFO - Sync 1 DAGs
[2026-09-17T14:24:38.636+0000] {logging_mixin.py:188} INFO - [2026-09-17T14:24:38.636+0000] {dag.py:3954} INFO - Setting next_dagrun for youtube_warehouse to None, run_after=None
[2026-09-17T14:24:38.656+0000] {processor.py:183} INFO - Processing /opt/airflow/dags/warehouse_dag.py took 0.370 seconds
[2026-09-17T14:25:08.922+0000] {processor.py:161} INFO - Started process (PID=1384) to work on /opt/airflow/dags/warehouse_dag.py
[2026-09-17T14:25:08.925+0000] {processor.py:830} INFO - Processing file /opt/airflow/dags/warehouse_dag.py for tasks to queue
[2026-09-17T14:25:08.929+0000] {logging_mixin.py:188} INFO - [2026-09-17T14:25:08.928+0000] {dagbag.py:545} INFO - Filling up the DagBag from /opt/airflow/dags/warehouse_dag.py
[2026-09-17T14:25:09.229+0000] {processor.py:840} INFO - DAG(s) 'youtube_warehouse' retrieved from /opt/airflow/dags/warehouse_dag.py
[2026-09-17T14:25:09.251+0000] {logging_mixin.py:188} INFO - [2026-09-17T14:25:09.250+0000] {dag.py:3096} INFO - Sync 1 DAGs
[2026-09-17T14:25:09.263+0000] {logging_mixin.py:188} INFO - [2026-09-17T14:25:09.262+0000] {dag.py:3954} INFO - Setting next_dagrun for youtube_warehouse to None, run_after=None
[2026-09-17T14:25:09.287+0000] {processor.py:183} INFO - Processing /opt/airflow/dags/warehouse_dag.py took 0.372 seconds
[2026-09-17T14:25:39.614+0000] {processor.py:161} INFO - Started process (PID=1393) to work on /opt/airflow/dags/warehouse_dag.py
[2026-09-17T14:25:39.616+0000] {processor.py:830} INFO - Processing file /opt/airflow/dags/warehouse_dag.py for tasks to queue
[2026-09-17T14:25:39.621+0000] {logging_mixin.py:188} INFO - [2026-09-17T14:25:39.621+0000] {dagbag.py:545} INFO - Filling up the DagBag from /opt/airflow/dags/warehouse_dag.py
[2026-09-17T14:25:40.102+0000] {processor.py:840} INFO - DAG(s) 'youtube_warehouse' retrieved from /opt/airflow/dags/warehouse_dag.py
[2026-09-17T14:25:40.124+0000] {logging_mixin.py:188} INFO - [2026-09-17T14:25:40.124+0000] {dag.py:3096} INFO - Sync 1 DAGs
[2026-09-17T14:25:40.137+0000] {logging_mixin.py:188} INFO - [2026-09-17T14:25:40.137+0000] {dag.py:3954} INFO - Setting next_dagrun for youtube_warehouse to None, run_after=None
[2026-09-17T14:25:40.163+0000] {processor.py:183} INFO - Processing /opt/airflow/dags/warehouse_dag.py took 0.563 seconds
[2026-09-17T14:26:11.109+0000] {processor.py:161} INFO - Started process (PID=1402) to work on /opt/airflow/dags/warehouse_dag.py
[2026-09-17T14:26:11.111+0000] {processor.py:830} INFO - Processing file /opt/airflow/dags/warehouse_dag.py for tasks to queue
[2026-09-17T14:26:11.114+0000] {logging_mixin.py:188} INFO - [2026-09-17T14:26:11.114+0000] {dagbag.py:545} INFO - Filling up the DagBag from /opt/airflow/dags/warehouse_dag.py
[2026-09-17T14:26:11.461+0000] {processor.py:840} INFO - DAG(s) 'youtube_warehouse' retrieved from /opt/airflow/dags/warehouse_dag.py
[2026-09-17T14:26:11.487+0000] {logging_mixin.py:188} INFO - [2026-09-17T14:26:11.487+0000] {dag.py:3096} INFO - Sync 1 DAGs
[2026-09-17T14:26:11.503+0000] {logging_mixin.py:188} INFO - [2026-09-17T14:26:11.503+0000] {dag.py:3954} INFO - Setting next_dagrun for youtube_warehouse to None, run_after=None
[2026-09-17T14:26:11.557+0000] {processor.py:183} INFO - Processing /opt/airflow/dags/warehouse_dag.py took 0.455 seconds
[2026-09-17T14:26:41.812+0000] {processor.py:161} INFO - Started process (PID=1411) to work on /opt/airflow/dags/warehouse_dag.py
[2026-09-17T14:26:41.815+0000] {processor.py:830} INFO - Processing file /opt/airflow/dags/warehouse_dag.py for tasks to queue
[2026-09-17T14:26:41.819+0000] {logging_mixin.py:188} INFO - [2026-09-17T14:26:41.818+0000] {dagbag.py:545} INFO - Filling up the DagBag from /opt/airflow/dags/warehouse_dag.py
[2026-09-17T14:26:42.384+0000] {processor.py:840} INFO - DAG(s) 'youtube_warehouse' retrieved from /opt/airflow/dags/warehouse_dag.py
[2026-09-17T14:26:42.417+0000] {logging_mixin.py:188} INFO - [2026-09-17T14:26:42.416+0000] {dag.py:3096} INFO - Sync 1 DAGs
[2026-09-17T14:26:42.433+0000] {logging_mixin.py:188} INFO - [2026-09-17T14:26:42.433+0000] {dag.py:3954} INFO - Setting next_dagrun for youtube_warehouse to None, run_after=None
[2026-09-17T14:26:42.472+0000] {processor.py:183} INFO - Processing /opt/airflow/dags/warehouse_dag.py took 0.672 seconds
[2026-09-17T14:27:13.153+0000] {processor.py:161} INFO - Started process (PID=1420) to work on /opt/airflow/dags/warehouse_dag.py
[2026-09-17T14:27:13.156+0000] {processor.py:830} INFO - Processing file /opt/airflow/dags/warehouse_dag.py for tasks to queue
[2026-09-17T14:27:13.161+0000] {logging_mixin.py:188} INFO - [2026-09-17T14:27:13.160+0000] {dagbag.py:545} INFO - Filling up the DagBag from /opt/airflow/dags/warehouse_dag.py
[2026-09-17T14:27:13.650+0000] {processor.py:840} INFO - DAG(s) 'youtube_warehouse' retrieved from /opt/airflow/dags/warehouse_dag.py
[2026-09-17T14:27:13.679+0000] {logging_mixin.py:188} INFO - [2026-09-17T14:27:13.679+0000] {dag.py:3096} INFO - Sync 1 DAGs
[2026-09-17T14:27:13.699+0000] {logging_mixin.py:188} INFO - [2026-09-17T14:27:13.699+0000] {dag.py:3954} INFO - Setting next_dagrun for youtube_warehouse to None, run_after=None
[2026-09-17T14:27:13.749+0000] {processor.py:183} INFO - Processing /opt/airflow/dags/warehouse_dag.py took 0.603 seconds
[2026-09-17T14:27:44.000+0000] {processor.py:161} INFO - Started process (PID=1429) to work on /opt/airflow/dags/warehouse_dag.py
[2026-09-17T14:27:44.003+0000] {processor.py:830} INFO - Processing file /opt/airflow/dags/warehouse_dag.py for tasks to queue
[2026-09-17T14:27:44.006+0000] {logging_mixin.py:188} INFO - [2026-09-17T14:27:44.006+0000] {dagbag.py:545} INFO - Filling up the DagBag from /opt/airflow/dags/warehouse_dag.py
[2026-09-17T14:27:44.345+0000] {processor.py:840} INFO - DAG(s) 'youtube_warehouse' retrieved from /opt/airflow/dags/warehouse_dag.py
[2026-09-17T14:27:44.384+0000] {logging_mixin.py:188} INFO - [2026-09-17T14:27:44.383+0000] {dag.py:3096} INFO - Sync 1 DAGs
[2026-09-17T14:27:44.398+0000] {logging_mixin.py:188} INFO - [2026-09-17T14:27:44.398+0000] {dag.py:3954} INFO - Setting next_dagrun for youtube_warehouse to None, run_after=None
[2026-09-17T14:27:44.445+0000] {processor.py:183} INFO - Processing /opt/airflow/dags/warehouse_dag.py took 0.451 seconds
[2026-09-17T14:28:14.546+0000] {processor.py:161} INFO - Started process (PID=1438) to work on /opt/airflow/dags/warehouse_dag.py
[2026-09-17T14:28:14.548+0000] {processor.py:830} INFO - Processing file /opt/airflow/dags/warehouse_dag.py for tasks to queue
[2026-09-17T14:28:14.550+0000] {logging_mixin.py:188} INFO - [2026-09-17T14:28:14.550+0000] {dagbag.py:545} INFO - Filling up the DagBag from /opt/airflow/dags/warehouse_dag.py
[2026-09-17T14:28:14.862+0000] {processor.py:840} INFO - DAG(s) 'youtube_warehouse' retrieved from /opt/airflow/dags/warehouse_dag.py
[2026-09-17T14:28:14.885+0000] {logging_mixin.py:188} INFO - [2026-09-17T14:28:14.885+0000] {dag.py:3096} INFO - Sync 1 DAGs
[2026-09-17T14:28:14.899+0000] {logging_mixin.py:188} INFO - [2026-09-17T14:28:14.899+0000] {dag.py:3954} INFO - Setting next_dagrun for youtube_warehouse to None, run_after=None
[2026-09-17T14:28:14.922+0000] {processor.py:183} INFO - Processing /opt/airflow/dags/warehouse_dag.py took 0.383 seconds
[2026-09-17T14:28:45.182+0000] {processor.py:161} INFO - Started process (PID=1447) to work on /opt/airflow/dags/warehouse_dag.py
[2026-09-17T14:28:45.184+0000] {processor.py:830} INFO - Processing file /opt/airflow/dags/warehouse_dag.py for tasks to queue
[2026-09-17T14:28:45.187+0000] {logging_mixin.py:188} INFO - [2026-09-17T14:28:45.187+0000] {dagbag.py:545} INFO - Filling up the DagBag from /opt/airflow/dags/warehouse_dag.py
[2026-09-17T14:28:45.528+0000] {processor.py:840} INFO - DAG(s) 'youtube_warehouse' retrieved from /opt/airflow/dags/warehouse_dag.py
[2026-09-17T14:28:45.549+0000] {logging_mixin.py:188} INFO - [2026-09-17T14:28:45.548+0000] {dag.py:3096} INFO - Sync 1 DAGs
[2026-09-17T14:28:45.560+0000] {logging_mixin.py:188} INFO - [2026-09-17T14:28:45.560+0000] {dag.py:3954} INFO - Setting next_dagrun for youtube_warehouse to None, run_after=None
[2026-09-17T14:28:45.592+0000] {processor.py:183} INFO - Processing /opt/airflow/dags/warehouse_dag.py took 0.416 seconds
[2026-09-17T14:29:15.794+0000] {processor.py:161} INFO - Started process (PID=1456) to work on /opt/airflow/dags/warehouse_dag.py
[2026-09-17T14:29:15.797+0000] {processor.py:830} INFO - Processing file /opt/airflow/dags/warehouse_dag.py for tasks to queue
[2026-09-17T14:29:15.802+0000] {logging_mixin.py:188} INFO - [2026-09-17T14:29:15.801+0000] {dagbag.py:545} INFO - Filling up the DagBag from /opt/airflow/dags/warehouse_dag.py
[2026-09-17T14:29:16.180+0000] {processor.py:840} INFO - DAG(s) 'youtube_warehouse' retrieved from /opt/airflow/dags/warehouse_dag.py
[2026-09-17T14:29:16.200+0000] {logging_mixin.py:188} INFO - [2026-09-17T14:29:16.200+0000] {dag.py:3096} INFO - Sync 1 DAGs
[2026-09-17T14:29:16.211+0000] {logging_mixin.py:188} INFO - [2026-09-17T14:29:16.211+0000] {dag.py:3954} INFO - Setting next_dagrun for youtube_warehouse to None, run_after=None
[2026-09-17T14:29:16.255+0000] {processor.py:183} INFO - Processing /opt/airflow/dags/warehouse_dag.py took 0.467 seconds
[2026-09-17T14:29:46.442+0000] {processor.py:161} INFO - Started process (PID=1465) to work on /opt/airflow/dags/warehouse_dag.py
[2026-09-17T14:29:46.444+0000] {processor.py:830} INFO - Processing file /opt/airflow/dags/warehouse_dag.py for tasks to queue
[2026-09-17T14:29:46.455+0000] {logging_mixin.py:188} INFO - [2026-09-17T14:29:46.454+0000] {dagbag.py:545} INFO - Filling up the DagBag from /opt/airflow/dags/warehouse_dag.py
[2026-09-17T14:29:46.973+0000] {processor.py:840} INFO - DAG(s) 'youtube_warehouse' retrieved from /opt/airflow/dags/warehouse_dag.py
[2026-09-17T14:29:47.045+0000] {logging_mixin.py:188} INFO - [2026-09-17T14:29:47.044+0000] {dag.py:3096} INFO - Sync 1 DAGs
[2026-09-17T14:29:47.070+0000] {logging_mixin.py:188} INFO - [2026-09-17T14:29:47.070+0000] {dag.py:3954} INFO - Setting next_dagrun for youtube_warehouse to None, run_after=None
[2026-09-17T14:29:47.121+0000] {processor.py:183} INFO - Processing /opt/airflow/dags/warehouse_dag.py took 0.695 seconds
[2026-09-17T14:30:17.564+0000] {processor.py:161} INFO - Started process (PID=1474) to work on /opt/airflow/dags/warehouse_dag.py
[2026-09-17T14:30:17.567+0000] {processor.py:830} INFO - Processing file /opt/airflow/dags/warehouse_dag.py for tasks to queue
[2026-09-17T14:30:17.576+0000] {logging_mixin.py:188} INFO - [2026-09-17T14:30:17.574+0000] {dagbag.py:545} INFO - Filling up the DagBag from /opt/airflow/dags/warehouse_dag.py
[2026-09-17T14:30:18.061+0000] {processor.py:840} INFO - DAG(s) 'youtube_warehouse' retrieved from /opt/airflow/dags/warehouse_dag.py
[2026-09-17T14:30:18.100+0000] {logging_mixin.py:188} INFO - [2026-09-17T14:30:18.099+0000] {dag.py:3096} INFO - Sync 1 DAGs
[2026-09-17T14:30:18.121+0000] {logging_mixin.py:188} INFO - [2026-09-17T14:30:18.120+0000] {dag.py:3954} INFO - Setting next_dagrun for youtube_warehouse to None, run_after=None
[2026-09-17T14:30:18.171+0000] {processor.py:183} INFO - Processing /opt/airflow/dags/warehouse_dag.py took 0.619 seconds
[2026-09-17T14:30:48.359+0000] {processor.py:161} INFO - Started process (PID=1484) to work on /opt/airflow/dags/warehouse_dag.py
[2026-09-17T14:30:48.362+0000] {processor.py:830} INFO - Processing file /opt/airflow/dags/warehouse_dag.py for tasks to queue
[2026-09-17T14:30:48.366+0000] {logging_mixin.py:188} INFO - [2026-09-17T14:30:48.366+0000] {dagbag.py:545} INFO - Filling up the DagBag from /opt/airflow/dags/warehouse_dag.py
[2026-09-17T14:30:48.724+0000] {processor.py:840} INFO - DAG(s) 'youtube_warehouse' retrieved from /opt/airflow/dags/warehouse_dag.py
[2026-09-17T14:30:48.746+0000] {logging_mixin.py:188} INFO - [2026-09-17T14:30:48.746+0000] {dag.py:3096} INFO - Sync 1 DAGs
[2026-09-17T14:30:48.759+0000] {logging_mixin.py:188} INFO - [2026-09-17T14:30:48.759+0000] {dag.py:3954} INFO - Setting next_dagrun for youtube_warehouse to None, run_after=None
[2026-09-17T14:30:48.780+0000] {processor.py:183} INFO - Processing /opt/airflow/dags/warehouse_dag.py took 0.430 seconds
[2026-09-17T14:31:18.960+0000] {processor.py:161} INFO - Started process (PID=1492) to work on /opt/airflow/dags/warehouse_dag.py
[2026-09-17T14:31:18.962+0000] {processor.py:830} INFO - Processing file /opt/airflow/dags/warehouse_dag.py for tasks to queue
[2026-09-17T14:31:18.966+0000] {logging_mixin.py:188} INFO - [2026-09-17T14:31:18.966+0000] {dagbag.py:545} INFO - Filling up the DagBag from /opt/airflow/dags/warehouse_dag.py
[2026-09-17T14:31:19.265+0000] {processor.py:840} INFO - DAG(s) 'youtube_warehouse' retrieved from /opt/airflow/dags/warehouse_dag.py
[2026-09-17T14:31:19.286+0000] {logging_mixin.py:188} INFO - [2026-09-17T14:31:19.285+0000] {dag.py:3096} INFO - Sync 1 DAGs
[2026-09-17T14:31:19.296+0000] {logging_mixin.py:188} INFO - [2026-09-17T14:31:19.296+0000] {dag.py:3954} INFO - Setting next_dagrun for youtube_warehouse to None, run_after=None
[2026-09-17T14:31:19.336+0000] {processor.py:183} INFO - Processing /opt/airflow/dags/warehouse_dag.py took 0.383 seconds
[2026-09-17T14:31:49.580+0000] {processor.py:161} INFO - Started process (PID=1501) to work on /opt/airflow/dags/warehouse_dag.py
[2026-09-17T14:31:49.582+0000] {processor.py:830} INFO - Processing file /opt/airflow/dags/warehouse_dag.py for tasks to queue
[2026-09-17T14:31:49.586+0000] {logging_mixin.py:188} INFO - [2026-09-17T14:31:49.585+0000] {dagbag.py:545} INFO - Filling up the DagBag from /opt/airflow/dags/warehouse_dag.py
[2026-09-17T14:31:49.900+0000] {processor.py:840} INFO - DAG(s) 'youtube_warehouse' retrieved from /opt/airflow/dags/warehouse_dag.py
[2026-09-17T14:31:49.923+0000] {logging_mixin.py:188} INFO - [2026-09-17T14:31:49.923+0000] {dag.py:3096} INFO - Sync 1 DAGs
[2026-09-17T14:31:49.936+0000] {logging_mixin.py:188} INFO - [2026-09-17T14:31:49.936+0000] {dag.py:3954} INFO - Setting next_dagrun for youtube_warehouse to None, run_after=None
[2026-09-17T14:31:49.959+0000] {processor.py:183} INFO - Processing /opt/airflow/dags/warehouse_dag.py took 0.384 seconds
[2026-09-17T14:32:20.157+0000] {processor.py:161} INFO - Started process (PID=1511) to work on /opt/airflow/dags/warehouse_dag.py
[2026-09-17T14:32:20.160+0000] {processor.py:830} INFO - Processing file /opt/airflow/dags/warehouse_dag.py for tasks to queue
[2026-09-17T14:32:20.163+0000] {logging_mixin.py:188} INFO - [2026-09-17T14:32:20.162+0000] {dagbag.py:545} INFO - Filling up the DagBag from /opt/airflow/dags/warehouse_dag.py
[2026-09-17T14:32:20.503+0000] {processor.py:840} INFO - DAG(s) 'youtube_warehouse' retrieved from /opt/airflow/dags/warehouse_dag.py
[2026-09-17T14:32:20.524+0000] {logging_mixin.py:188} INFO - [2026-09-17T14:32:20.523+0000] {dag.py:3096} INFO - Sync 1 DAGs
[2026-09-17T14:32:20.536+0000] {logging_mixin.py:188} INFO - [2026-09-17T14:32:20.535+0000] {dag.py:3954} INFO - Setting next_dagrun for youtube_warehouse to None, run_after=None
[2026-09-17T14:32:20.565+0000] {processor.py:183} INFO - Processing /opt/airflow/dags/warehouse_dag.py took 0.414 seconds
[2026-09-17T14:32:50.848+0000] {processor.py:161} INFO - Started process (PID=1520) to work on /opt/airflow/dags/warehouse_dag.py
[2026-09-17T14:32:50.852+0000] {processor.py:830} INFO - Processing file /opt/airflow/dags/warehouse_dag.py for tasks to queue
[2026-09-17T14:32:50.856+0000] {logging_mixin.py:188} INFO - [2026-09-17T14:32:50.856+0000] {dagbag.py:545} INFO - Filling up the DagBag from /opt/airflow/dags/warehouse_dag.py
[2026-09-17T14:32:51.135+0000] {processor.py:840} INFO - DAG(s) 'youtube_warehouse' retrieved from /opt/airflow/dags/warehouse_dag.py
[2026-09-17T14:32:51.155+0000] {logging_mixin.py:188} INFO - [2026-09-17T14:32:51.154+0000] {dag.py:3096} INFO - Sync 1 DAGs
[2026-09-17T14:32:51.166+0000] {logging_mixin.py:188} INFO - [2026-09-17T14:32:51.165+0000] {dag.py:3954} INFO - Setting next_dagrun for youtube_warehouse to None, run_after=None
[2026-09-17T14:32:51.214+0000] {processor.py:183} INFO - Processing /opt/airflow/dags/warehouse_dag.py took 0.375 seconds
[2026-09-17T14:33:21.474+0000] {processor.py:161} INFO - Started process (PID=1529) to work on /opt/airflow/dags/warehouse_dag.py
[2026-09-17T14:33:21.477+0000] {processor.py:830} INFO - Processing file /opt/airflow/dags/warehouse_dag.py for tasks to queue
[2026-09-17T14:33:21.480+0000] {logging_mixin.py:188} INFO - [2026-09-17T14:33:21.480+0000] {dagbag.py:545} INFO - Filling up the DagBag from /opt/airflow/dags/warehouse_dag.py
[2026-09-17T14:33:21.750+0000] {processor.py:840} INFO - DAG(s) 'youtube_warehouse' retrieved from /opt/airflow/dags/warehouse_dag.py
[2026-09-17T14:33:21.770+0000] {logging_mixin.py:188} INFO - [2026-09-17T14:33:21.770+0000] {dag.py:3096} INFO - Sync 1 DAGs
[2026-09-17T14:33:21.782+0000] {logging_mixin.py:188} INFO - [2026-09-17T14:33:21.782+0000] {dag.py:3954} INFO - Setting next_dagrun for youtube_warehouse to None, run_after=None
[2026-09-17T14:33:21.823+0000] {processor.py:183} INFO - Processing /opt/airflow/dags/warehouse_dag.py took 0.354 seconds
[2026-09-17T14:33:52.210+0000] {processor.py:161} INFO - Started process (PID=1538) to work on /opt/airflow/dags/warehouse_dag.py
[2026-09-17T14:33:52.212+0000] {processor.py:830} INFO - Processing file /opt/airflow/dags/warehouse_dag.py for tasks to queue
[2026-09-17T14:33:52.215+0000] {logging_mixin.py:188} INFO - [2026-09-17T14:33:52.215+0000] {dagbag.py:545} INFO - Filling up the DagBag from /opt/airflow/dags/warehouse_dag.py
[2026-09-17T14:33:52.551+0000] {processor.py:840} INFO - DAG(s) 'youtube_warehouse' retrieved from /opt/airflow/dags/warehouse_dag.py
[2026-09-17T14:33:52.578+0000] {logging_mixin.py:188} INFO - [2026-09-17T14:33:52.578+0000] {dag.py:3096} INFO - Sync 1 DAGs
[2026-09-17T14:33:52.589+0000] {logging_mixin.py:188} INFO - [2026-09-17T14:33:52.589+0000] {dag.py:3954} INFO - Setting next_dagrun for youtube_warehouse to None, run_after=None
[2026-09-17T14:33:52.636+0000] {processor.py:183} INFO - Processing /opt/airflow/dags/warehouse_dag.py took 0.432 seconds
[2026-09-17T14:34:22.864+0000] {processor.py:161} INFO - Started process (PID=1547) to work on /opt/airflow/dags/warehouse_dag.py
[2026-09-17T14:34:22.882+0000] {processor.py:830} INFO - Processing file /opt/airflow/dags/warehouse_dag.py for tasks to queue
[2026-09-17T14:34:22.886+0000] {logging_mixin.py:188} INFO - [2026-09-17T14:34:22.885+0000] {dagbag.py:545} INFO - Filling up the DagBag from /opt/airflow/dags/warehouse_dag.py
[2026-09-17T14:34:23.260+0000] {processor.py:840} INFO - DAG(s) 'youtube_warehouse' retrieved from /opt/airflow/dags/warehouse_dag.py
[2026-09-17T14:34:23.280+0000] {logging_mixin.py:188} INFO - [2026-09-17T14:34:23.280+0000] {dag.py:3096} INFO - Sync 1 DAGs
[2026-09-17T14:34:23.292+0000] {logging_mixin.py:188} INFO - [2026-09-17T14:34:23.292+0000] {dag.py:3954} INFO - Setting next_dagrun for youtube_warehouse to None, run_after=None
[2026-09-17T14:34:23.332+0000] {processor.py:183} INFO - Processing /opt/airflow/dags/warehouse_dag.py took 0.474 seconds
[2026-09-17T14:34:53.630+0000] {processor.py:161} INFO - Started process (PID=1557) to work on /opt/airflow/dags/warehouse_dag.py
[2026-09-17T14:34:53.632+0000] {processor.py:830} INFO - Processing file /opt/airflow/dags/warehouse_dag.py for tasks to queue
[2026-09-17T14:34:53.661+0000] {logging_mixin.py:188} INFO - [2026-09-17T14:34:53.661+0000] {dagbag.py:545} INFO - Filling up the DagBag from /opt/airflow/dags/warehouse_dag.py
[2026-09-17T14:34:54.010+0000] {processor.py:840} INFO - DAG(s) 'youtube_warehouse' retrieved from /opt/airflow/dags/warehouse_dag.py
[2026-09-17T14:34:54.032+0000] {logging_mixin.py:188} INFO - [2026-09-17T14:34:54.032+0000] {dag.py:3096} INFO - Sync 1 DAGs
[2026-09-17T14:34:54.043+0000] {logging_mixin.py:188} INFO - [2026-09-17T14:34:54.043+0000] {dag.py:3954} INFO - Setting next_dagrun for youtube_warehouse to None, run_after=None
[2026-09-17T14:34:54.082+0000] {processor.py:183} INFO - Processing /opt/airflow/dags/warehouse_dag.py took 0.457 seconds
[2026-09-17T14:35:24.328+0000] {processor.py:161} INFO - Started process (PID=1566) to work on /opt/airflow/dags/warehouse_dag.py
[2026-09-17T14:35:24.330+0000] {processor.py:830} INFO - Processing file /opt/airflow/dags/warehouse_dag.py for tasks to queue
[2026-09-17T14:35:24.333+0000] {logging_mixin.py:188} INFO - [2026-09-17T14:35:24.333+0000] {dagbag.py:545} INFO - Filling up the DagBag from /opt/airflow/dags/warehouse_dag.py
[2026-09-17T14:35:24.681+0000] {processor.py:840} INFO - DAG(s) 'youtube_warehouse' retrieved from /opt/airflow/dags/warehouse_dag.py
[2026-09-17T14:35:24.700+0000] {logging_mixin.py:188} INFO - [2026-09-17T14:35:24.700+0000] {dag.py:3096} INFO - Sync 1 DAGs
[2026-09-17T14:35:24.711+0000] {logging_mixin.py:188} INFO - [2026-09-17T14:35:24.711+0000] {dag.py:3954} INFO - Setting next_dagrun for youtube_warehouse to None, run_after=None
[2026-09-17T14:35:24.735+0000] {processor.py:183} INFO - Processing /opt/airflow/dags/warehouse_dag.py took 0.412 seconds
[2026-09-17T14:35:55.004+0000] {processor.py:161} INFO - Started process (PID=1575) to work on /opt/airflow/dags/warehouse_dag.py
[2026-09-17T14:35:55.006+0000] {processor.py:830} INFO - Processing file /opt/airflow/dags/warehouse_dag.py for tasks to queue
[2026-09-17T14:35:55.009+0000] {logging_mixin.py:188} INFO - [2026-09-17T14:35:55.009+0000] {dagbag.py:545} INFO - Filling up the DagBag from /opt/airflow/dags/warehouse_dag.py
[2026-09-17T14:35:55.342+0000] {processor.py:840} INFO - DAG(s) 'youtube_warehouse' retrieved from /opt/airflow/dags/warehouse_dag.py
[2026-09-17T14:35:55.364+0000] {logging_mixin.py:188} INFO - [2026-09-17T14:35:55.364+0000] {dag.py:3096} INFO - Sync 1 DAGs
[2026-09-17T14:35:55.376+0000] {logging_mixin.py:188} INFO - [2026-09-17T14:35:55.376+0000] {dag.py:3954} INFO - Setting next_dagrun for youtube_warehouse to None, run_after=None
[2026-09-17T14:35:55.399+0000] {processor.py:183} INFO - Processing /opt/airflow/dags/warehouse_dag.py took 0.403 seconds
[2026-09-17T14:36:25.468+0000] {processor.py:161} INFO - Started process (PID=1584) to work on /opt/airflow/dags/warehouse_dag.py
[2026-09-17T14:36:25.470+0000] {processor.py:830} INFO - Processing file /opt/airflow/dags/warehouse_dag.py for tasks to queue
[2026-09-17T14:36:25.473+0000] {logging_mixin.py:188} INFO - [2026-09-17T14:36:25.473+0000] {dagbag.py:545} INFO - Filling up the DagBag from /opt/airflow/dags/warehouse_dag.py
[2026-09-17T14:36:25.789+0000] {processor.py:840} INFO - DAG(s) 'youtube_warehouse' retrieved from /opt/airflow/dags/warehouse_dag.py
[2026-09-17T14:36:25.809+0000] {logging_mixin.py:188} INFO - [2026-09-17T14:36:25.808+0000] {dag.py:3096} INFO - Sync 1 DAGs
[2026-09-17T14:36:25.821+0000] {logging_mixin.py:188} INFO - [2026-09-17T14:36:25.820+0000] {dag.py:3954} INFO - Setting next_dagrun for youtube_warehouse to None, run_after=None
[2026-09-17T14:36:25.852+0000] {processor.py:183} INFO - Processing /opt/airflow/dags/warehouse_dag.py took 0.391 seconds
[2026-09-17T14:36:56.299+0000] {processor.py:161} INFO - Started process (PID=1593) to work on /opt/airflow/dags/warehouse_dag.py
[2026-09-17T14:36:56.302+0000] {processor.py:830} INFO - Processing file /opt/airflow/dags/warehouse_dag.py for tasks to queue
[2026-09-17T14:36:56.305+0000] {logging_mixin.py:188} INFO - [2026-09-17T14:36:56.305+0000] {dagbag.py:545} INFO - Filling up the DagBag from /opt/airflow/dags/warehouse_dag.py
[2026-09-17T14:36:56.615+0000] {processor.py:840} INFO - DAG(s) 'youtube_warehouse' retrieved from /opt/airflow/dags/warehouse_dag.py
[2026-09-17T14:36:56.636+0000] {logging_mixin.py:188} INFO - [2026-09-17T14:36:56.636+0000] {dag.py:3096} INFO - Sync 1 DAGs
[2026-09-17T14:36:56.647+0000] {logging_mixin.py:188} INFO - [2026-09-17T14:36:56.647+0000] {dag.py:3954} INFO - Setting next_dagrun for youtube_warehouse to None, run_after=None
[2026-09-17T14:36:56.696+0000] {processor.py:183} INFO - Processing /opt/airflow/dags/warehouse_dag.py took 0.403 seconds
[2026-09-17T14:37:26.995+0000] {processor.py:161} INFO - Started process (PID=1602) to work on /opt/airflow/dags/warehouse_dag.py
[2026-09-17T14:37:26.997+0000] {processor.py:830} INFO - Processing file /opt/airflow/dags/warehouse_dag.py for tasks to queue
[2026-09-17T14:37:26.999+0000] {logging_mixin.py:188} INFO - [2026-09-17T14:37:26.999+0000] {dagbag.py:545} INFO - Filling up the DagBag from /opt/airflow/dags/warehouse_dag.py
[2026-09-17T14:37:27.300+0000] {processor.py:840} INFO - DAG(s) 'youtube_warehouse' retrieved from /opt/airflow/dags/warehouse_dag.py
[2026-09-17T14:37:27.320+0000] {logging_mixin.py:188} INFO - [2026-09-17T14:37:27.320+0000] {dag.py:3096} INFO - Sync 1 DAGs
[2026-09-17T14:37:27.331+0000] {logging_mixin.py:188} INFO - [2026-09-17T14:37:27.331+0000] {dag.py:3954} INFO - Setting next_dagrun for youtube_warehouse to None, run_after=None
[2026-09-17T14:37:27.371+0000] {processor.py:183} INFO - Processing /opt/airflow/dags/warehouse_dag.py took 0.381 seconds
[2026-09-17T14:37:57.588+0000] {processor.py:161} INFO - Started process (PID=1612) to work on /opt/airflow/dags/warehouse_dag.py
[2026-09-17T14:37:57.591+0000] {processor.py:830} INFO - Processing file /opt/airflow/dags/warehouse_dag.py for tasks to queue
[2026-09-17T14:37:57.594+0000] {logging_mixin.py:188} INFO - [2026-09-17T14:37:57.594+0000] {dagbag.py:545} INFO - Filling up the DagBag from /opt/airflow/dags/warehouse_dag.py
[2026-09-17T14:37:57.885+0000] {processor.py:840} INFO - DAG(s) 'youtube_warehouse' retrieved from /opt/airflow/dags/warehouse_dag.py
[2026-09-17T14:37:57.912+0000] {logging_mixin.py:188} INFO - [2026-09-17T14:37:57.912+0000] {dag.py:3096} INFO - Sync 1 DAGs
[2026-09-17T14:37:57.924+0000] {logging_mixin.py:188} INFO - [2026-09-17T14:37:57.924+0000] {dag.py:3954} INFO - Setting next_dagrun for youtube_warehouse to None, run_after=None
[2026-09-17T14:37:57.971+0000] {processor.py:183} INFO - Processing /opt/airflow/dags/warehouse_dag.py took 0.388 seconds
[2026-09-17T14:38:28.184+0000] {processor.py:161} INFO - Started process (PID=1621) to work on /opt/airflow/dags/warehouse_dag.py
[2026-09-17T14:38:28.186+0000] {processor.py:830} INFO - Processing file /opt/airflow/dags/warehouse_dag.py for tasks to queue
[2026-09-17T14:38:28.189+0000] {logging_mixin.py:188} INFO - [2026-09-17T14:38:28.189+0000] {dagbag.py:545} INFO - Filling up the DagBag from /opt/airflow/dags/warehouse_dag.py
[2026-09-17T14:38:28.475+0000] {processor.py:840} INFO - DAG(s) 'youtube_warehouse' retrieved from /opt/airflow/dags/warehouse_dag.py
[2026-09-17T14:38:28.494+0000] {logging_mixin.py:188} INFO - [2026-09-17T14:38:28.494+0000] {dag.py:3096} INFO - Sync 1 DAGs
[2026-09-17T14:38:28.505+0000] {logging_mixin.py:188} INFO - [2026-09-17T14:38:28.505+0000] {dag.py:3954} INFO - Setting next_dagrun for youtube_warehouse to None, run_after=None
[2026-09-17T14:38:28.540+0000] {processor.py:183} INFO - Processing /opt/airflow/dags/warehouse_dag.py took 0.361 seconds
[2026-09-17T14:38:58.599+0000] {processor.py:161} INFO - Started process (PID=1630) to work on /opt/airflow/dags/warehouse_dag.py
[2026-09-17T14:38:58.601+0000] {processor.py:830} INFO - Processing file /opt/airflow/dags/warehouse_dag.py for tasks to queue
[2026-09-17T14:38:58.604+0000] {logging_mixin.py:188} INFO - [2026-09-17T14:38:58.603+0000] {dagbag.py:545} INFO - Filling up the DagBag from /opt/airflow/dags/warehouse_dag.py
[2026-09-17T14:38:58.898+0000] {processor.py:840} INFO - DAG(s) 'youtube_warehouse' retrieved from /opt/airflow/dags/warehouse_dag.py
[2026-09-17T14:38:58.921+0000] {logging_mixin.py:188} INFO - [2026-09-17T14:38:58.920+0000] {dag.py:3096} INFO - Sync 1 DAGs
[2026-09-17T14:38:58.935+0000] {logging_mixin.py:188} INFO - [2026-09-17T14:38:58.934+0000] {dag.py:3954} INFO - Setting next_dagrun for youtube_warehouse to None, run_after=None
[2026-09-17T14:38:58.962+0000] {processor.py:183} INFO - Processing /opt/airflow/dags/warehouse_dag.py took 0.368 seconds
[2026-09-17T14:39:29.401+0000] {processor.py:161} INFO - Started process (PID=1639) to work on /opt/airflow/dags/warehouse_dag.py
[2026-09-17T14:39:29.404+0000] {processor.py:830} INFO - Processing file /opt/airflow/dags/warehouse_dag.py for tasks to queue
[2026-09-17T14:39:29.407+0000] {logging_mixin.py:188} INFO - [2026-09-17T14:39:29.407+0000] {dagbag.py:545} INFO - Filling up the DagBag from /opt/airflow/dags/warehouse_dag.py
[2026-09-17T14:39:29.717+0000] {processor.py:840} INFO - DAG(s) 'youtube_warehouse' retrieved from /opt/airflow/dags/warehouse_dag.py
[2026-09-17T14:39:29.740+0000] {logging_mixin.py:188} INFO - [2026-09-17T14:39:29.739+0000] {dag.py:3096} INFO - Sync 1 DAGs
[2026-09-17T14:39:29.753+0000] {logging_mixin.py:188} INFO - [2026-09-17T14:39:29.753+0000] {dag.py:3954} INFO - Setting next_dagrun for youtube_warehouse to None, run_after=None
[2026-09-17T14:39:29.807+0000] {processor.py:183} INFO - Processing /opt/airflow/dags/warehouse_dag.py took 0.412 seconds
[2026-09-17T14:40:00.094+0000] {processor.py:161} INFO - Started process (PID=1648) to work on /opt/airflow/dags/warehouse_dag.py
[2026-09-17T14:40:00.096+0000] {processor.py:830} INFO - Processing file /opt/airflow/dags/warehouse_dag.py for tasks to queue
[2026-09-17T14:40:00.101+0000] {logging_mixin.py:188} INFO - [2026-09-17T14:40:00.101+0000] {dagbag.py:545} INFO - Filling up the DagBag from /opt/airflow/dags/warehouse_dag.py
[2026-09-17T14:40:00.432+0000] {processor.py:840} INFO - DAG(s) 'youtube_warehouse' retrieved from /opt/airflow/dags/warehouse_dag.py
[2026-09-17T14:40:00.459+0000] {logging_mixin.py:188} INFO - [2026-09-17T14:40:00.458+0000] {dag.py:3096} INFO - Sync 1 DAGs
[2026-09-17T14:40:00.475+0000] {logging_mixin.py:188} INFO - [2026-09-17T14:40:00.474+0000] {dag.py:3954} INFO - Setting next_dagrun for youtube_warehouse to None, run_after=None
[2026-09-17T14:40:00.512+0000] {processor.py:183} INFO - Processing /opt/airflow/dags/warehouse_dag.py took 0.426 seconds
[2026-09-17T14:40:30.624+0000] {processor.py:161} INFO - Started process (PID=1657) to work on /opt/airflow/dags/warehouse_dag.py
[2026-09-17T14:40:30.626+0000] {processor.py:830} INFO - Processing file /opt/airflow/dags/warehouse_dag.py for tasks to queue
[2026-09-17T14:40:30.629+0000] {logging_mixin.py:188} INFO - [2026-09-17T14:40:30.628+0000] {dagbag.py:545} INFO - Filling up the DagBag from /opt/airflow/dags/warehouse_dag.py
[2026-09-17T14:40:30.914+0000] {processor.py:840} INFO - DAG(s) 'youtube_warehouse' retrieved from /opt/airflow/dags/warehouse_dag.py
[2026-09-17T14:40:30.934+0000] {logging_mixin.py:188} INFO - [2026-09-17T14:40:30.934+0000] {dag.py:3096} INFO - Sync 1 DAGs
[2026-09-17T14:40:30.946+0000] {logging_mixin.py:188} INFO - [2026-09-17T14:40:30.945+0000] {dag.py:3954} INFO - Setting next_dagrun for youtube_warehouse to None, run_after=None
[2026-09-17T14:40:30.985+0000] {processor.py:183} INFO - Processing /opt/airflow/dags/warehouse_dag.py took 0.367 seconds
[2026-09-17T14:41:01.435+0000] {processor.py:161} INFO - Started process (PID=1666) to work on /opt/airflow/dags/warehouse_dag.py
[2026-09-17T14:41:01.438+0000] {processor.py:830} INFO - Processing file /opt/airflow/dags/warehouse_dag.py for tasks to queue
[2026-09-17T14:41:01.442+0000] {logging_mixin.py:188} INFO - [2026-09-17T14:41:01.441+0000] {dagbag.py:545} INFO - Filling up the DagBag from /opt/airflow/dags/warehouse_dag.py
[2026-09-17T14:41:01.773+0000] {processor.py:840} INFO - DAG(s) 'youtube_warehouse' retrieved from /opt/airflow/dags/warehouse_dag.py
[2026-09-17T14:41:01.795+0000] {logging_mixin.py:188} INFO - [2026-09-17T14:41:01.794+0000] {dag.py:3096} INFO - Sync 1 DAGs
[2026-09-17T14:41:01.806+0000] {logging_mixin.py:188} INFO - [2026-09-17T14:41:01.806+0000] {dag.py:3954} INFO - Setting next_dagrun for youtube_warehouse to None, run_after=None
[2026-09-17T14:41:01.827+0000] {processor.py:183} INFO - Processing /opt/airflow/dags/warehouse_dag.py took 0.397 seconds
[2026-09-17T14:41:32.092+0000] {processor.py:161} INFO - Started process (PID=1675) to work on /opt/airflow/dags/warehouse_dag.py
[2026-09-17T14:41:32.094+0000] {processor.py:830} INFO - Processing file /opt/airflow/dags/warehouse_dag.py for tasks to queue
[2026-09-17T14:41:32.097+0000] {logging_mixin.py:188} INFO - [2026-09-17T14:41:32.097+0000] {dagbag.py:545} INFO - Filling up the DagBag from /opt/airflow/dags/warehouse_dag.py
[2026-09-17T14:41:32.433+0000] {processor.py:840} INFO - DAG(s) 'youtube_warehouse' retrieved from /opt/airflow/dags/warehouse_dag.py
[2026-09-17T14:41:32.454+0000] {logging_mixin.py:188} INFO - [2026-09-17T14:41:32.453+0000] {dag.py:3096} INFO - Sync 1 DAGs
[2026-09-17T14:41:32.465+0000] {logging_mixin.py:188} INFO - [2026-09-17T14:41:32.465+0000] {dag.py:3954} INFO - Setting next_dagrun for youtube_warehouse to None, run_after=None
[2026-09-17T14:41:32.497+0000] {processor.py:183} INFO - Processing /opt/airflow/dags/warehouse_dag.py took 0.410 seconds
[2026-09-17T14:42:02.692+0000] {processor.py:161} INFO - Started process (PID=1684) to work on /opt/airflow/dags/warehouse_dag.py
[2026-09-17T14:42:02.694+0000] {processor.py:830} INFO - Processing file /opt/airflow/dags/warehouse_dag.py for tasks to queue
[2026-09-17T14:42:02.697+0000] {logging_mixin.py:188} INFO - [2026-09-17T14:42:02.697+0000] {dagbag.py:545} INFO - Filling up the DagBag from /opt/airflow/dags/warehouse_dag.py
[2026-09-17T14:42:03.015+0000] {processor.py:840} INFO - DAG(s) 'youtube_warehouse' retrieved from /opt/airflow/dags/warehouse_dag.py
[2026-09-17T14:42:03.035+0000] {logging_mixin.py:188} INFO - [2026-09-17T14:42:03.034+0000] {dag.py:3096} INFO - Sync 1 DAGs
[2026-09-17T14:42:03.047+0000] {logging_mixin.py:188} INFO - [2026-09-17T14:42:03.047+0000] {dag.py:3954} INFO - Setting next_dagrun for youtube_warehouse to None, run_after=None
[2026-09-17T14:42:03.069+0000] {processor.py:183} INFO - Processing /opt/airflow/dags/warehouse_dag.py took 0.383 seconds
[2026-09-17T14:42:33.323+0000] {processor.py:161} INFO - Started process (PID=1693) to work on /opt/airflow/dags/warehouse_dag.py
[2026-09-17T14:42:33.325+0000] {processor.py:830} INFO - Processing file /opt/airflow/dags/warehouse_dag.py for tasks to queue
[2026-09-17T14:42:33.328+0000] {logging_mixin.py:188} INFO - [2026-09-17T14:42:33.328+0000] {dagbag.py:545} INFO - Filling up the DagBag from /opt/airflow/dags/warehouse_dag.py
[2026-09-17T14:42:33.703+0000] {processor.py:840} INFO - DAG(s) 'youtube_warehouse' retrieved from /opt/airflow/dags/warehouse_dag.py
[2026-09-17T14:42:33.722+0000] {logging_mixin.py:188} INFO - [2026-09-17T14:42:33.722+0000] {dag.py:3096} INFO - Sync 1 DAGs
[2026-09-17T14:42:33.734+0000] {logging_mixin.py:188} INFO - [2026-09-17T14:42:33.733+0000] {dag.py:3954} INFO - Setting next_dagrun for youtube_warehouse to None, run_after=None
[2026-09-17T14:42:33.758+0000] {processor.py:183} INFO - Processing /opt/airflow/dags/warehouse_dag.py took 0.441 seconds
[2026-09-17T14:43:03.997+0000] {processor.py:161} INFO - Started process (PID=1702) to work on /opt/airflow/dags/warehouse_dag.py
[2026-09-17T14:43:03.999+0000] {processor.py:830} INFO - Processing file /opt/airflow/dags/warehouse_dag.py for tasks to queue
[2026-09-17T14:43:04.003+0000] {logging_mixin.py:188} INFO - [2026-09-17T14:43:04.002+0000] {dagbag.py:545} INFO - Filling up the DagBag from /opt/airflow/dags/warehouse_dag.py
[2026-09-17T14:43:04.309+0000] {processor.py:840} INFO - DAG(s) 'youtube_warehouse' retrieved from /opt/airflow/dags/warehouse_dag.py
[2026-09-17T14:43:04.329+0000] {logging_mixin.py:188} INFO - [2026-09-17T14:43:04.329+0000] {dag.py:3096} INFO - Sync 1 DAGs
[2026-09-17T14:43:04.340+0000] {logging_mixin.py:188} INFO - [2026-09-17T14:43:04.340+0000] {dag.py:3954} INFO - Setting next_dagrun for youtube_warehouse to None, run_after=None
[2026-09-17T14:43:04.367+0000] {processor.py:183} INFO - Processing /opt/airflow/dags/warehouse_dag.py took 0.377 seconds
[2026-09-17T14:43:34.637+0000] {processor.py:161} INFO - Started process (PID=1711) to work on /opt/airflow/dags/warehouse_dag.py
[2026-09-17T14:43:34.640+0000] {processor.py:830} INFO - Processing file /opt/airflow/dags/warehouse_dag.py for tasks to queue
[2026-09-17T14:43:34.642+0000] {logging_mixin.py:188} INFO - [2026-09-17T14:43:34.642+0000] {dagbag.py:545} INFO - Filling up the DagBag from /opt/airflow/dags/warehouse_dag.py
[2026-09-17T14:43:34.936+0000] {processor.py:840} INFO - DAG(s) 'youtube_warehouse' retrieved from /opt/airflow/dags/warehouse_dag.py
[2026-09-17T14:43:34.957+0000] {logging_mixin.py:188} INFO - [2026-09-17T14:43:34.956+0000] {dag.py:3096} INFO - Sync 1 DAGs
[2026-09-17T14:43:34.968+0000] {logging_mixin.py:188} INFO - [2026-09-17T14:43:34.967+0000] {dag.py:3954} INFO - Setting next_dagrun for youtube_warehouse to None, run_after=None
[2026-09-17T14:43:34.991+0000] {processor.py:183} INFO - Processing /opt/airflow/dags/warehouse_dag.py took 0.359 seconds
[2026-09-17T14:44:05.278+0000] {processor.py:161} INFO - Started process (PID=1720) to work on /opt/airflow/dags/warehouse_dag.py
[2026-09-17T14:44:05.281+0000] {processor.py:830} INFO - Processing file /opt/airflow/dags/warehouse_dag.py for tasks to queue
[2026-09-17T14:44:05.285+0000] {logging_mixin.py:188} INFO - [2026-09-17T14:44:05.285+0000] {dagbag.py:545} INFO - Filling up the DagBag from /opt/airflow/dags/warehouse_dag.py
[2026-09-17T14:44:05.604+0000] {processor.py:840} INFO - DAG(s) 'youtube_warehouse' retrieved from /opt/airflow/dags/warehouse_dag.py
[2026-09-17T14:44:05.629+0000] {logging_mixin.py:188} INFO - [2026-09-17T14:44:05.628+0000] {dag.py:3096} INFO - Sync 1 DAGs
[2026-09-17T14:44:05.640+0000] {logging_mixin.py:188} INFO - [2026-09-17T14:44:05.639+0000] {dag.py:3954} INFO - Setting next_dagrun for youtube_warehouse to None, run_after=None
[2026-09-17T14:44:05.660+0000] {processor.py:183} INFO - Processing /opt/airflow/dags/warehouse_dag.py took 0.390 seconds
[2026-09-17T14:44:35.853+0000] {processor.py:161} INFO - Started process (PID=1729) to work on /opt/airflow/dags/warehouse_dag.py
[2026-09-17T14:44:35.855+0000] {processor.py:830} INFO - Processing file /opt/airflow/dags/warehouse_dag.py for tasks to queue
[2026-09-17T14:44:35.858+0000] {logging_mixin.py:188} INFO - [2026-09-17T14:44:35.857+0000] {dagbag.py:545} INFO - Filling up the DagBag from /opt/airflow/dags/warehouse_dag.py
[2026-09-17T14:44:36.174+0000] {processor.py:840} INFO - DAG(s) 'youtube_warehouse' retrieved from /opt/airflow/dags/warehouse_dag.py
[2026-09-17T14:44:36.198+0000] {logging_mixin.py:188} INFO - [2026-09-17T14:44:36.197+0000] {dag.py:3096} INFO - Sync 1 DAGs
[2026-09-17T14:44:36.211+0000] {logging_mixin.py:188} INFO - [2026-09-17T14:44:36.210+0000] {dag.py:3954} INFO - Setting next_dagrun for youtube_warehouse to None, run_after=None
[2026-09-17T14:44:36.232+0000] {processor.py:183} INFO - Processing /opt/airflow/dags/warehouse_dag.py took 0.385 seconds
[2026-09-17T14:45:06.504+0000] {processor.py:161} INFO - Started process (PID=1738) to work on /opt/airflow/dags/warehouse_dag.py
[2026-09-17T14:45:06.505+0000] {processor.py:830} INFO - Processing file /opt/airflow/dags/warehouse_dag.py for tasks to queue
[2026-09-17T14:45:06.508+0000] {logging_mixin.py:188} INFO - [2026-09-17T14:45:06.508+0000] {dagbag.py:545} INFO - Filling up the DagBag from /opt/airflow/dags/warehouse_dag.py
[2026-09-17T14:45:06.782+0000] {processor.py:840} INFO - DAG(s) 'youtube_warehouse' retrieved from /opt/airflow/dags/warehouse_dag.py
[2026-09-17T14:45:06.802+0000] {logging_mixin.py:188} INFO - [2026-09-17T14:45:06.802+0000] {dag.py:3096} INFO - Sync 1 DAGs
[2026-09-17T14:45:06.813+0000] {logging_mixin.py:188} INFO - [2026-09-17T14:45:06.813+0000] {dag.py:3954} INFO - Setting next_dagrun for youtube_warehouse to None, run_after=None
[2026-09-17T14:45:06.842+0000] {processor.py:183} INFO - Processing /opt/airflow/dags/warehouse_dag.py took 0.344 seconds
[2026-09-17T14:45:37.087+0000] {processor.py:161} INFO - Started process (PID=1747) to work on /opt/airflow/dags/warehouse_dag.py
[2026-09-17T14:45:37.090+0000] {processor.py:830} INFO - Processing file /opt/airflow/dags/warehouse_dag.py for tasks to queue
[2026-09-17T14:45:37.093+0000] {logging_mixin.py:188} INFO - [2026-09-17T14:45:37.092+0000] {dagbag.py:545} INFO - Filling up the DagBag from /opt/airflow/dags/warehouse_dag.py
[2026-09-17T14:45:37.405+0000] {processor.py:840} INFO - DAG(s) 'youtube_warehouse' retrieved from /opt/airflow/dags/warehouse_dag.py
[2026-09-17T14:45:37.426+0000] {logging_mixin.py:188} INFO - [2026-09-17T14:45:37.425+0000] {dag.py:3096} INFO - Sync 1 DAGs
[2026-09-17T14:45:37.438+0000] {logging_mixin.py:188} INFO - [2026-09-17T14:45:37.438+0000] {dag.py:3954} INFO - Setting next_dagrun for youtube_warehouse to None, run_after=None
[2026-09-17T14:45:37.470+0000] {processor.py:183} INFO - Processing /opt/airflow/dags/warehouse_dag.py took 0.388 seconds
[2026-09-17T14:46:07.645+0000] {processor.py:161} INFO - Started process (PID=1756) to work on /opt/airflow/dags/warehouse_dag.py
[2026-09-17T14:46:07.647+0000] {processor.py:830} INFO - Processing file /opt/airflow/dags/warehouse_dag.py for tasks to queue
[2026-09-17T14:46:07.651+0000] {logging_mixin.py:188} INFO - [2026-09-17T14:46:07.650+0000] {dagbag.py:545} INFO - Filling up the DagBag from /opt/airflow/dags/warehouse_dag.py
[2026-09-17T14:46:07.944+0000] {processor.py:840} INFO - DAG(s) 'youtube_warehouse' retrieved from /opt/airflow/dags/warehouse_dag.py
[2026-09-17T14:46:07.963+0000] {logging_mixin.py:188} INFO - [2026-09-17T14:46:07.962+0000] {dag.py:3096} INFO - Sync 1 DAGs
[2026-09-17T14:46:07.974+0000] {logging_mixin.py:188} INFO - [2026-09-17T14:46:07.973+0000] {dag.py:3954} INFO - Setting next_dagrun for youtube_warehouse to None, run_after=None
[2026-09-17T14:46:07.998+0000] {processor.py:183} INFO - Processing /opt/airflow/dags/warehouse_dag.py took 0.359 seconds
[2026-09-17T14:46:38.132+0000] {processor.py:161} INFO - Started process (PID=1765) to work on /opt/airflow/dags/warehouse_dag.py
[2026-09-17T14:46:38.134+0000] {processor.py:830} INFO - Processing file /opt/airflow/dags/warehouse_dag.py for tasks to queue
[2026-09-17T14:46:38.138+0000] {logging_mixin.py:188} INFO - [2026-09-17T14:46:38.138+0000] {dagbag.py:545} INFO - Filling up the DagBag from /opt/airflow/dags/warehouse_dag.py
[2026-09-17T14:46:38.499+0000] {processor.py:840} INFO - DAG(s) 'youtube_warehouse' retrieved from /opt/airflow/dags/warehouse_dag.py
[2026-09-17T14:46:38.518+0000] {logging_mixin.py:188} INFO - [2026-09-17T14:46:38.518+0000] {dag.py:3096} INFO - Sync 1 DAGs
[2026-09-17T14:46:38.530+0000] {logging_mixin.py:188} INFO - [2026-09-17T14:46:38.530+0000] {dag.py:3954} INFO - Setting next_dagrun for youtube_warehouse to None, run_after=None
[2026-09-17T14:46:38.555+0000] {processor.py:183} INFO - Processing /opt/airflow/dags/warehouse_dag.py took 0.430 seconds
[2026-09-17T14:47:08.682+0000] {processor.py:161} INFO - Started process (PID=1774) to work on /opt/airflow/dags/warehouse_dag.py
[2026-09-17T14:47:08.684+0000] {processor.py:830} INFO - Processing file /opt/airflow/dags/warehouse_dag.py for tasks to queue
[2026-09-17T14:47:08.688+0000] {logging_mixin.py:188} INFO - [2026-09-17T14:47:08.687+0000] {dagbag.py:545} INFO - Filling up the DagBag from /opt/airflow/dags/warehouse_dag.py
[2026-09-17T14:47:09.001+0000] {processor.py:840} INFO - DAG(s) 'youtube_warehouse' retrieved from /opt/airflow/dags/warehouse_dag.py
[2026-09-17T14:47:09.022+0000] {logging_mixin.py:188} INFO - [2026-09-17T14:47:09.021+0000] {dag.py:3096} INFO - Sync 1 DAGs
[2026-09-17T14:47:09.032+0000] {logging_mixin.py:188} INFO - [2026-09-17T14:47:09.032+0000] {dag.py:3954} INFO - Setting next_dagrun for youtube_warehouse to None, run_after=None
[2026-09-17T14:47:09.055+0000] {processor.py:183} INFO - Processing /opt/airflow/dags/warehouse_dag.py took 0.380 seconds
[2026-09-17T14:47:39.511+0000] {processor.py:161} INFO - Started process (PID=1789) to work on /opt/airflow/dags/warehouse_dag.py
[2026-09-17T14:47:39.514+0000] {processor.py:830} INFO - Processing file /opt/airflow/dags/warehouse_dag.py for tasks to queue
[2026-09-17T14:47:39.517+0000] {logging_mixin.py:188} INFO - [2026-09-17T14:47:39.517+0000] {dagbag.py:545} INFO - Filling up the DagBag from /opt/airflow/dags/warehouse_dag.py
[2026-09-17T14:47:39.820+0000] {processor.py:840} INFO - DAG(s) 'youtube_warehouse' retrieved from /opt/airflow/dags/warehouse_dag.py
[2026-09-17T14:47:39.839+0000] {logging_mixin.py:188} INFO - [2026-09-17T14:47:39.838+0000] {dag.py:3096} INFO - Sync 1 DAGs
[2026-09-17T14:47:39.850+0000] {logging_mixin.py:188} INFO - [2026-09-17T14:47:39.850+0000] {dag.py:3954} INFO - Setting next_dagrun for youtube_warehouse to None, run_after=None
[2026-09-17T14:47:39.875+0000] {processor.py:183} INFO - Processing /opt/airflow/dags/warehouse_dag.py took 0.369 seconds
[2026-09-17T14:48:09.971+0000] {processor.py:161} INFO - Started process (PID=1798) to work on /opt/airflow/dags/warehouse_dag.py
[2026-09-17T14:48:09.974+0000] {processor.py:830} INFO - Processing file /opt/airflow/dags/warehouse_dag.py for tasks to queue
[2026-09-17T14:48:09.978+0000] {logging_mixin.py:188} INFO - [2026-09-17T14:48:09.978+0000] {dagbag.py:545} INFO - Filling up the DagBag from /opt/airflow/dags/warehouse_dag.py
[2026-09-17T14:48:10.332+0000] {processor.py:840} INFO - DAG(s) 'youtube_warehouse' retrieved from /opt/airflow/dags/warehouse_dag.py
[2026-09-17T14:48:10.351+0000] {logging_mixin.py:188} INFO - [2026-09-17T14:48:10.351+0000] {dag.py:3096} INFO - Sync 1 DAGs
[2026-09-17T14:48:10.362+0000] {logging_mixin.py:188} INFO - [2026-09-17T14:48:10.362+0000] {dag.py:3954} INFO - Setting next_dagrun for youtube_warehouse to None, run_after=None
[2026-09-17T14:48:10.385+0000] {processor.py:183} INFO - Processing /opt/airflow/dags/warehouse_dag.py took 0.421 seconds
[2026-09-17T14:49:16.410+0000] {processor.py:161} INFO - Started process (PID=1801) to work on /opt/airflow/dags/warehouse_dag.py
[2026-09-17T14:49:16.417+0000] {processor.py:830} INFO - Processing file /opt/airflow/dags/warehouse_dag.py for tasks to queue
[2026-09-17T14:49:16.424+0000] {logging_mixin.py:188} INFO - [2026-09-17T14:49:16.423+0000] {dagbag.py:545} INFO - Filling up the DagBag from /opt/airflow/dags/warehouse_dag.py
[2026-09-17T14:49:17.047+0000] {processor.py:840} INFO - DAG(s) 'youtube_warehouse' retrieved from /opt/airflow/dags/warehouse_dag.py
[2026-09-17T14:49:17.106+0000] {logging_mixin.py:188} INFO - [2026-09-17T14:49:17.105+0000] {dag.py:3096} INFO - Sync 1 DAGs
[2026-09-17T14:49:17.127+0000] {logging_mixin.py:188} INFO - [2026-09-17T14:49:17.126+0000] {dag.py:3954} INFO - Setting next_dagrun for youtube_warehouse to None, run_after=None
[2026-09-17T14:49:17.162+0000] {processor.py:183} INFO - Processing /opt/airflow/dags/warehouse_dag.py took 0.761 seconds
[2026-09-17T14:49:47.414+0000] {processor.py:161} INFO - Started process (PID=1810) to work on /opt/airflow/dags/warehouse_dag.py
[2026-09-17T14:49:47.417+0000] {processor.py:830} INFO - Processing file /opt/airflow/dags/warehouse_dag.py for tasks to queue
[2026-09-17T14:49:47.420+0000] {logging_mixin.py:188} INFO - [2026-09-17T14:49:47.420+0000] {dagbag.py:545} INFO - Filling up the DagBag from /opt/airflow/dags/warehouse_dag.py
[2026-09-17T14:49:47.715+0000] {processor.py:840} INFO - DAG(s) 'youtube_warehouse' retrieved from /opt/airflow/dags/warehouse_dag.py
[2026-09-17T14:49:47.739+0000] {logging_mixin.py:188} INFO - [2026-09-17T14:49:47.738+0000] {dag.py:3096} INFO - Sync 1 DAGs
[2026-09-17T14:49:47.753+0000] {logging_mixin.py:188} INFO - [2026-09-17T14:49:47.753+0000] {dag.py:3954} INFO - Setting next_dagrun for youtube_warehouse to None, run_after=None
[2026-09-17T14:49:47.796+0000] {processor.py:183} INFO - Processing /opt/airflow/dags/warehouse_dag.py took 0.386 seconds
[2026-09-17T14:50:17.994+0000] {processor.py:161} INFO - Started process (PID=1819) to work on /opt/airflow/dags/warehouse_dag.py
[2026-09-17T14:50:17.996+0000] {processor.py:830} INFO - Processing file /opt/airflow/dags/warehouse_dag.py for tasks to queue
[2026-09-17T14:50:17.999+0000] {logging_mixin.py:188} INFO - [2026-09-17T14:50:17.999+0000] {dagbag.py:545} INFO - Filling up the DagBag from /opt/airflow/dags/warehouse_dag.py
[2026-09-17T14:50:18.324+0000] {processor.py:840} INFO - DAG(s) 'youtube_warehouse' retrieved from /opt/airflow/dags/warehouse_dag.py
[2026-09-17T14:50:18.347+0000] {logging_mixin.py:188} INFO - [2026-09-17T14:50:18.346+0000] {dag.py:3096} INFO - Sync 1 DAGs
[2026-09-17T14:50:18.360+0000] {logging_mixin.py:188} INFO - [2026-09-17T14:50:18.360+0000] {dag.py:3954} INFO - Setting next_dagrun for youtube_warehouse to None, run_after=None
[2026-09-17T14:50:18.392+0000] {processor.py:183} INFO - Processing /opt/airflow/dags/warehouse_dag.py took 0.404 seconds
[2026-09-17T14:50:48.682+0000] {processor.py:161} INFO - Started process (PID=1828) to work on /opt/airflow/dags/warehouse_dag.py
[2026-09-17T14:50:48.685+0000] {processor.py:830} INFO - Processing file /opt/airflow/dags/warehouse_dag.py for tasks to queue
[2026-09-17T14:50:48.688+0000] {logging_mixin.py:188} INFO - [2026-09-17T14:50:48.688+0000] {dagbag.py:545} INFO - Filling up the DagBag from /opt/airflow/dags/warehouse_dag.py
[2026-09-17T14:50:49.011+0000] {processor.py:840} INFO - DAG(s) 'youtube_warehouse' retrieved from /opt/airflow/dags/warehouse_dag.py
[2026-09-17T14:50:49.048+0000] {logging_mixin.py:188} INFO - [2026-09-17T14:50:49.047+0000] {dag.py:3096} INFO - Sync 1 DAGs
[2026-09-17T14:50:49.058+0000] {logging_mixin.py:188} INFO - [2026-09-17T14:50:49.058+0000] {dag.py:3954} INFO - Setting next_dagrun for youtube_warehouse to None, run_after=None
[2026-09-17T14:50:49.113+0000] {processor.py:183} INFO - Processing /opt/airflow/dags/warehouse_dag.py took 0.437 seconds
[2026-09-17T14:51:19.443+0000] {processor.py:161} INFO - Started process (PID=1837) to work on /opt/airflow/dags/warehouse_dag.py
[2026-09-17T14:51:19.446+0000] {processor.py:830} INFO - Processing file /opt/airflow/dags/warehouse_dag.py for tasks to queue
[2026-09-17T14:51:19.449+0000] {logging_mixin.py:188} INFO - [2026-09-17T14:51:19.449+0000] {dagbag.py:545} INFO - Filling up the DagBag from /opt/airflow/dags/warehouse_dag.py
[2026-09-17T14:51:19.771+0000] {processor.py:840} INFO - DAG(s) 'youtube_warehouse' retrieved from /opt/airflow/dags/warehouse_dag.py
[2026-09-17T14:51:19.791+0000] {logging_mixin.py:188} INFO - [2026-09-17T14:51:19.790+0000] {dag.py:3096} INFO - Sync 1 DAGs
[2026-09-17T14:51:19.802+0000] {logging_mixin.py:188} INFO - [2026-09-17T14:51:19.802+0000] {dag.py:3954} INFO - Setting next_dagrun for youtube_warehouse to None, run_after=None
[2026-09-17T14:51:19.848+0000] {processor.py:183} INFO - Processing /opt/airflow/dags/warehouse_dag.py took 0.410 seconds
[2026-09-17T14:51:50.159+0000] {processor.py:161} INFO - Started process (PID=1846) to work on /opt/airflow/dags/warehouse_dag.py
[2026-09-17T14:51:50.162+0000] {processor.py:830} INFO - Processing file /opt/airflow/dags/warehouse_dag.py for tasks to queue
[2026-09-17T14:51:50.165+0000] {logging_mixin.py:188} INFO - [2026-09-17T14:51:50.165+0000] {dagbag.py:545} INFO - Filling up the DagBag from /opt/airflow/dags/warehouse_dag.py
[2026-09-17T14:51:50.498+0000] {processor.py:840} INFO - DAG(s) 'youtube_warehouse' retrieved from /opt/airflow/dags/warehouse_dag.py
[2026-09-17T14:51:50.521+0000] {logging_mixin.py:188} INFO - [2026-09-17T14:51:50.521+0000] {dag.py:3096} INFO - Sync 1 DAGs
[2026-09-17T14:51:50.532+0000] {logging_mixin.py:188} INFO - [2026-09-17T14:51:50.532+0000] {dag.py:3954} INFO - Setting next_dagrun for youtube_warehouse to None, run_after=None
[2026-09-17T14:51:50.570+0000] {processor.py:183} INFO - Processing /opt/airflow/dags/warehouse_dag.py took 0.416 seconds
[2026-09-17T14:52:20.891+0000] {processor.py:161} INFO - Started process (PID=1855) to work on /opt/airflow/dags/warehouse_dag.py
[2026-09-17T14:52:20.893+0000] {processor.py:830} INFO - Processing file /opt/airflow/dags/warehouse_dag.py for tasks to queue
[2026-09-17T14:52:20.897+0000] {logging_mixin.py:188} INFO - [2026-09-17T14:52:20.896+0000] {dagbag.py:545} INFO - Filling up the DagBag from /opt/airflow/dags/warehouse_dag.py
[2026-09-17T14:52:21.241+0000] {processor.py:840} INFO - DAG(s) 'youtube_warehouse' retrieved from /opt/airflow/dags/warehouse_dag.py
[2026-09-17T14:52:21.261+0000] {logging_mixin.py:188} INFO - [2026-09-17T14:52:21.261+0000] {dag.py:3096} INFO - Sync 1 DAGs
[2026-09-17T14:52:21.272+0000] {logging_mixin.py:188} INFO - [2026-09-17T14:52:21.272+0000] {dag.py:3954} INFO - Setting next_dagrun for youtube_warehouse to None, run_after=None
[2026-09-17T14:52:21.308+0000] {processor.py:183} INFO - Processing /opt/airflow/dags/warehouse_dag.py took 0.425 seconds
[2026-09-17T14:52:51.487+0000] {processor.py:161} INFO - Started process (PID=1864) to work on /opt/airflow/dags/warehouse_dag.py
[2026-09-17T14:52:51.490+0000] {processor.py:830} INFO - Processing file /opt/airflow/dags/warehouse_dag.py for tasks to queue
[2026-09-17T14:52:51.492+0000] {logging_mixin.py:188} INFO - [2026-09-17T14:52:51.492+0000] {dagbag.py:545} INFO - Filling up the DagBag from /opt/airflow/dags/warehouse_dag.py
[2026-09-17T14:52:51.797+0000] {processor.py:840} INFO - DAG(s) 'youtube_warehouse' retrieved from /opt/airflow/dags/warehouse_dag.py
[2026-09-17T14:52:51.817+0000] {logging_mixin.py:188} INFO - [2026-09-17T14:52:51.817+0000] {dag.py:3096} INFO - Sync 1 DAGs
[2026-09-17T14:52:51.828+0000] {logging_mixin.py:188} INFO - [2026-09-17T14:52:51.828+0000] {dag.py:3954} INFO - Setting next_dagrun for youtube_warehouse to None, run_after=None
[2026-09-17T14:52:51.856+0000] {processor.py:183} INFO - Processing /opt/airflow/dags/warehouse_dag.py took 0.373 seconds
[2026-09-17T14:53:22.092+0000] {processor.py:161} INFO - Started process (PID=1873) to work on /opt/airflow/dags/warehouse_dag.py
[2026-09-17T14:53:22.094+0000] {processor.py:830} INFO - Processing file /opt/airflow/dags/warehouse_dag.py for tasks to queue
[2026-09-17T14:53:22.097+0000] {logging_mixin.py:188} INFO - [2026-09-17T14:53:22.097+0000] {dagbag.py:545} INFO - Filling up the DagBag from /opt/airflow/dags/warehouse_dag.py
[2026-09-17T14:53:22.412+0000] {processor.py:840} INFO - DAG(s) 'youtube_warehouse' retrieved from /opt/airflow/dags/warehouse_dag.py
[2026-09-17T14:53:22.431+0000] {logging_mixin.py:188} INFO - [2026-09-17T14:53:22.431+0000] {dag.py:3096} INFO - Sync 1 DAGs
[2026-09-17T14:53:22.442+0000] {logging_mixin.py:188} INFO - [2026-09-17T14:53:22.442+0000] {dag.py:3954} INFO - Setting next_dagrun for youtube_warehouse to None, run_after=None
[2026-09-17T14:53:22.475+0000] {processor.py:183} INFO - Processing /opt/airflow/dags/warehouse_dag.py took 0.389 seconds
[2026-09-17T14:53:52.764+0000] {processor.py:161} INFO - Started process (PID=1882) to work on /opt/airflow/dags/warehouse_dag.py
[2026-09-17T14:53:52.767+0000] {processor.py:830} INFO - Processing file /opt/airflow/dags/warehouse_dag.py for tasks to queue
[2026-09-17T14:53:52.769+0000] {logging_mixin.py:188} INFO - [2026-09-17T14:53:52.769+0000] {dagbag.py:545} INFO - Filling up the DagBag from /opt/airflow/dags/warehouse_dag.py
[2026-09-17T14:53:53.076+0000] {processor.py:840} INFO - DAG(s) 'youtube_warehouse' retrieved from /opt/airflow/dags/warehouse_dag.py
[2026-09-17T14:53:53.096+0000] {logging_mixin.py:188} INFO - [2026-09-17T14:53:53.095+0000] {dag.py:3096} INFO - Sync 1 DAGs
[2026-09-17T14:53:53.109+0000] {logging_mixin.py:188} INFO - [2026-09-17T14:53:53.108+0000] {dag.py:3954} INFO - Setting next_dagrun for youtube_warehouse to None, run_after=None
[2026-09-17T14:53:53.129+0000] {processor.py:183} INFO - Processing /opt/airflow/dags/warehouse_dag.py took 0.372 seconds
[2026-09-17T14:54:23.405+0000] {processor.py:161} INFO - Started process (PID=1891) to work on /opt/airflow/dags/warehouse_dag.py
[2026-09-17T14:54:23.407+0000] {processor.py:830} INFO - Processing file /opt/airflow/dags/warehouse_dag.py for tasks to queue
[2026-09-17T14:54:23.411+0000] {logging_mixin.py:188} INFO - [2026-09-17T14:54:23.410+0000] {dagbag.py:545} INFO - Filling up the DagBag from /opt/airflow/dags/warehouse_dag.py
[2026-09-17T14:54:23.762+0000] {processor.py:840} INFO - DAG(s) 'youtube_warehouse' retrieved from /opt/airflow/dags/warehouse_dag.py
[2026-09-17T14:54:23.788+0000] {logging_mixin.py:188} INFO - [2026-09-17T14:54:23.787+0000] {dag.py:3096} INFO - Sync 1 DAGs
[2026-09-17T14:54:23.802+0000] {logging_mixin.py:188} INFO - [2026-09-17T14:54:23.802+0000] {dag.py:3954} INFO - Setting next_dagrun for youtube_warehouse to None, run_after=None
[2026-09-17T14:54:23.830+0000] {processor.py:183} INFO - Processing /opt/airflow/dags/warehouse_dag.py took 0.434 seconds
[2026-09-17T14:54:54.034+0000] {processor.py:161} INFO - Started process (PID=1900) to work on /opt/airflow/dags/warehouse_dag.py
[2026-09-17T14:54:54.037+0000] {processor.py:830} INFO - Processing file /opt/airflow/dags/warehouse_dag.py for tasks to queue
[2026-09-17T14:54:54.040+0000] {logging_mixin.py:188} INFO - [2026-09-17T14:54:54.040+0000] {dagbag.py:545} INFO - Filling up the DagBag from /opt/airflow/dags/warehouse_dag.py
[2026-09-17T14:54:54.427+0000] {processor.py:840} INFO - DAG(s) 'youtube_warehouse' retrieved from /opt/airflow/dags/warehouse_dag.py
[2026-09-17T14:54:54.449+0000] {logging_mixin.py:188} INFO - [2026-09-17T14:54:54.448+0000] {dag.py:3096} INFO - Sync 1 DAGs
[2026-09-17T14:54:54.460+0000] {logging_mixin.py:188} INFO - [2026-09-17T14:54:54.460+0000] {dag.py:3954} INFO - Setting next_dagrun for youtube_warehouse to None, run_after=None
[2026-09-17T14:54:54.485+0000] {processor.py:183} INFO - Processing /opt/airflow/dags/warehouse_dag.py took 0.462 seconds
[2026-09-17T14:55:24.631+0000] {processor.py:161} INFO - Started process (PID=1909) to work on /opt/airflow/dags/warehouse_dag.py
[2026-09-17T14:55:24.633+0000] {processor.py:830} INFO - Processing file /opt/airflow/dags/warehouse_dag.py for tasks to queue
[2026-09-17T14:55:24.636+0000] {logging_mixin.py:188} INFO - [2026-09-17T14:55:24.635+0000] {dagbag.py:545} INFO - Filling up the DagBag from /opt/airflow/dags/warehouse_dag.py
[2026-09-17T14:55:24.933+0000] {processor.py:840} INFO - DAG(s) 'youtube_warehouse' retrieved from /opt/airflow/dags/warehouse_dag.py
[2026-09-17T14:55:24.952+0000] {logging_mixin.py:188} INFO - [2026-09-17T14:55:24.952+0000] {dag.py:3096} INFO - Sync 1 DAGs
[2026-09-17T14:55:24.964+0000] {logging_mixin.py:188} INFO - [2026-09-17T14:55:24.964+0000] {dag.py:3954} INFO - Setting next_dagrun for youtube_warehouse to None, run_after=None
[2026-09-17T14:55:24.987+0000] {processor.py:183} INFO - Processing /opt/airflow/dags/warehouse_dag.py took 0.362 seconds
[2026-09-17T14:55:55.276+0000] {processor.py:161} INFO - Started process (PID=1918) to work on /opt/airflow/dags/warehouse_dag.py
[2026-09-17T14:55:55.279+0000] {processor.py:830} INFO - Processing file /opt/airflow/dags/warehouse_dag.py for tasks to queue
[2026-09-17T14:55:55.283+0000] {logging_mixin.py:188} INFO - [2026-09-17T14:55:55.283+0000] {dagbag.py:545} INFO - Filling up the DagBag from /opt/airflow/dags/warehouse_dag.py
[2026-09-17T14:55:55.612+0000] {processor.py:840} INFO - DAG(s) 'youtube_warehouse' retrieved from /opt/airflow/dags/warehouse_dag.py
[2026-09-17T14:55:55.634+0000] {logging_mixin.py:188} INFO - [2026-09-17T14:55:55.633+0000] {dag.py:3096} INFO - Sync 1 DAGs
[2026-09-17T14:55:55.646+0000] {logging_mixin.py:188} INFO - [2026-09-17T14:55:55.646+0000] {dag.py:3954} INFO - Setting next_dagrun for youtube_warehouse to None, run_after=None
[2026-09-17T14:55:55.671+0000] {processor.py:183} INFO - Processing /opt/airflow/dags/warehouse_dag.py took 0.401 seconds
[2026-09-17T14:56:25.818+0000] {processor.py:161} INFO - Started process (PID=1927) to work on /opt/airflow/dags/warehouse_dag.py
[2026-09-17T14:56:25.821+0000] {processor.py:830} INFO - Processing file /opt/airflow/dags/warehouse_dag.py for tasks to queue
[2026-09-17T14:56:25.825+0000] {logging_mixin.py:188} INFO - [2026-09-17T14:56:25.825+0000] {dagbag.py:545} INFO - Filling up the DagBag from /opt/airflow/dags/warehouse_dag.py
[2026-09-17T14:56:26.148+0000] {processor.py:840} INFO - DAG(s) 'youtube_warehouse' retrieved from /opt/airflow/dags/warehouse_dag.py
[2026-09-17T14:56:26.170+0000] {logging_mixin.py:188} INFO - [2026-09-17T14:56:26.170+0000] {dag.py:3096} INFO - Sync 1 DAGs
[2026-09-17T14:56:26.182+0000] {logging_mixin.py:188} INFO - [2026-09-17T14:56:26.182+0000] {dag.py:3954} INFO - Setting next_dagrun for youtube_warehouse to None, run_after=None
[2026-09-17T14:56:26.207+0000] {processor.py:183} INFO - Processing /opt/airflow/dags/warehouse_dag.py took 0.401 seconds
[2026-09-17T14:56:56.425+0000] {processor.py:161} INFO - Started process (PID=1936) to work on /opt/airflow/dags/warehouse_dag.py
[2026-09-17T14:56:56.429+0000] {processor.py:830} INFO - Processing file /opt/airflow/dags/warehouse_dag.py for tasks to queue
[2026-09-17T14:56:56.435+0000] {logging_mixin.py:188} INFO - [2026-09-17T14:56:56.434+0000] {dagbag.py:545} INFO - Filling up the DagBag from /opt/airflow/dags/warehouse_dag.py
[2026-09-17T14:56:56.849+0000] {processor.py:840} INFO - DAG(s) 'youtube_warehouse' retrieved from /opt/airflow/dags/warehouse_dag.py
[2026-09-17T14:56:56.884+0000] {logging_mixin.py:188} INFO - [2026-09-17T14:56:56.883+0000] {dag.py:3096} INFO - Sync 1 DAGs
[2026-09-17T14:56:56.906+0000] {logging_mixin.py:188} INFO - [2026-09-17T14:56:56.905+0000] {dag.py:3954} INFO - Setting next_dagrun for youtube_warehouse to None, run_after=None
[2026-09-17T14:56:56.940+0000] {processor.py:183} INFO - Processing /opt/airflow/dags/warehouse_dag.py took 0.532 seconds
[2026-09-17T14:57:27.092+0000] {processor.py:161} INFO - Started process (PID=1945) to work on /opt/airflow/dags/warehouse_dag.py
[2026-09-17T14:57:27.094+0000] {processor.py:830} INFO - Processing file /opt/airflow/dags/warehouse_dag.py for tasks to queue
[2026-09-17T14:57:27.099+0000] {logging_mixin.py:188} INFO - [2026-09-17T14:57:27.098+0000] {dagbag.py:545} INFO - Filling up the DagBag from /opt/airflow/dags/warehouse_dag.py
[2026-09-17T14:57:27.463+0000] {processor.py:840} INFO - DAG(s) 'youtube_warehouse' retrieved from /opt/airflow/dags/warehouse_dag.py
[2026-09-17T14:57:27.483+0000] {logging_mixin.py:188} INFO - [2026-09-17T14:57:27.482+0000] {dag.py:3096} INFO - Sync 1 DAGs
[2026-09-17T14:57:27.493+0000] {logging_mixin.py:188} INFO - [2026-09-17T14:57:27.493+0000] {dag.py:3954} INFO - Setting next_dagrun for youtube_warehouse to None, run_after=None
[2026-09-17T14:57:27.533+0000] {processor.py:183} INFO - Processing /opt/airflow/dags/warehouse_dag.py took 0.450 seconds
[2026-09-17T14:57:57.684+0000] {processor.py:161} INFO - Started process (PID=1954) to work on /opt/airflow/dags/warehouse_dag.py
[2026-09-17T14:57:57.687+0000] {processor.py:830} INFO - Processing file /opt/airflow/dags/warehouse_dag.py for tasks to queue
[2026-09-17T14:57:57.691+0000] {logging_mixin.py:188} INFO - [2026-09-17T14:57:57.690+0000] {dagbag.py:545} INFO - Filling up the DagBag from /opt/airflow/dags/warehouse_dag.py
[2026-09-17T14:57:58.022+0000] {processor.py:840} INFO - DAG(s) 'youtube_warehouse' retrieved from /opt/airflow/dags/warehouse_dag.py
[2026-09-17T14:57:58.042+0000] {logging_mixin.py:188} INFO - [2026-09-17T14:57:58.042+0000] {dag.py:3096} INFO - Sync 1 DAGs
[2026-09-17T14:57:58.056+0000] {logging_mixin.py:188} INFO - [2026-09-17T14:57:58.056+0000] {dag.py:3954} INFO - Setting next_dagrun for youtube_warehouse to None, run_after=None
[2026-09-17T14:57:58.084+0000] {processor.py:183} INFO - Processing /opt/airflow/dags/warehouse_dag.py took 0.407 seconds
[2026-09-17T14:58:28.402+0000] {processor.py:161} INFO - Started process (PID=1963) to work on /opt/airflow/dags/warehouse_dag.py
[2026-09-17T14:58:28.404+0000] {processor.py:830} INFO - Processing file /opt/airflow/dags/warehouse_dag.py for tasks to queue
[2026-09-17T14:58:28.408+0000] {logging_mixin.py:188} INFO - [2026-09-17T14:58:28.407+0000] {dagbag.py:545} INFO - Filling up the DagBag from /opt/airflow/dags/warehouse_dag.py
[2026-09-17T14:58:28.728+0000] {processor.py:840} INFO - DAG(s) 'youtube_warehouse' retrieved from /opt/airflow/dags/warehouse_dag.py
[2026-09-17T14:58:28.747+0000] {logging_mixin.py:188} INFO - [2026-09-17T14:58:28.746+0000] {dag.py:3096} INFO - Sync 1 DAGs
[2026-09-17T14:58:28.760+0000] {logging_mixin.py:188} INFO - [2026-09-17T14:58:28.759+0000] {dag.py:3954} INFO - Setting next_dagrun for youtube_warehouse to None, run_after=None
[2026-09-17T14:58:28.793+0000] {processor.py:183} INFO - Processing /opt/airflow/dags/warehouse_dag.py took 0.396 seconds
[2026-09-17T14:58:59.026+0000] {processor.py:161} INFO - Started process (PID=1972) to work on /opt/airflow/dags/warehouse_dag.py
[2026-09-17T14:58:59.031+0000] {processor.py:830} INFO - Processing file /opt/airflow/dags/warehouse_dag.py for tasks to queue
[2026-09-17T14:58:59.040+0000] {logging_mixin.py:188} INFO - [2026-09-17T14:58:59.039+0000] {dagbag.py:545} INFO - Filling up the DagBag from /opt/airflow/dags/warehouse_dag.py
[2026-09-17T14:58:59.919+0000] {processor.py:840} INFO - DAG(s) 'youtube_warehouse' retrieved from /opt/airflow/dags/warehouse_dag.py
[2026-09-17T14:58:59.960+0000] {logging_mixin.py:188} INFO - [2026-09-17T14:58:59.959+0000] {dag.py:3096} INFO - Sync 1 DAGs
[2026-09-17T14:58:59.979+0000] {logging_mixin.py:188} INFO - [2026-09-17T14:58:59.979+0000] {dag.py:3954} INFO - Setting next_dagrun for youtube_warehouse to None, run_after=None
[2026-09-17T14:59:00.039+0000] {processor.py:183} INFO - Processing /opt/airflow/dags/warehouse_dag.py took 1.027 seconds
[2026-09-17T14:59:30.857+0000] {processor.py:161} INFO - Started process (PID=1981) to work on /opt/airflow/dags/warehouse_dag.py
[2026-09-17T14:59:30.860+0000] {processor.py:830} INFO - Processing file /opt/airflow/dags/warehouse_dag.py for tasks to queue
[2026-09-17T14:59:30.862+0000] {logging_mixin.py:188} INFO - [2026-09-17T14:59:30.862+0000] {dagbag.py:545} INFO - Filling up the DagBag from /opt/airflow/dags/warehouse_dag.py
[2026-09-17T14:59:31.230+0000] {processor.py:840} INFO - DAG(s) 'youtube_warehouse' retrieved from /opt/airflow/dags/warehouse_dag.py
[2026-09-17T14:59:31.255+0000] {logging_mixin.py:188} INFO - [2026-09-17T14:59:31.254+0000] {dag.py:3096} INFO - Sync 1 DAGs
[2026-09-17T14:59:31.269+0000] {logging_mixin.py:188} INFO - [2026-09-17T14:59:31.268+0000] {dag.py:3954} INFO - Setting next_dagrun for youtube_warehouse to None, run_after=None
[2026-09-17T14:59:31.327+0000] {processor.py:183} INFO - Processing /opt/airflow/dags/warehouse_dag.py took 0.475 seconds
[2026-09-17T15:00:01.719+0000] {processor.py:161} INFO - Started process (PID=1990) to work on /opt/airflow/dags/warehouse_dag.py
[2026-09-17T15:00:01.721+0000] {processor.py:830} INFO - Processing file /opt/airflow/dags/warehouse_dag.py for tasks to queue
[2026-09-17T15:00:01.724+0000] {logging_mixin.py:188} INFO - [2026-09-17T15:00:01.724+0000] {dagbag.py:545} INFO - Filling up the DagBag from /opt/airflow/dags/warehouse_dag.py
[2026-09-17T15:00:02.035+0000] {processor.py:840} INFO - DAG(s) 'youtube_warehouse' retrieved from /opt/airflow/dags/warehouse_dag.py
[2026-09-17T15:00:02.058+0000] {logging_mixin.py:188} INFO - [2026-09-17T15:00:02.058+0000] {dag.py:3096} INFO - Sync 1 DAGs
[2026-09-17T15:00:02.071+0000] {logging_mixin.py:188} INFO - [2026-09-17T15:00:02.071+0000] {dag.py:3954} INFO - Setting next_dagrun for youtube_warehouse to None, run_after=None
[2026-09-17T15:00:02.103+0000] {processor.py:183} INFO - Processing /opt/airflow/dags/warehouse_dag.py took 0.390 seconds
[2026-09-17T15:00:32.466+0000] {processor.py:161} INFO - Started process (PID=1999) to work on /opt/airflow/dags/warehouse_dag.py
[2026-09-17T15:00:32.469+0000] {processor.py:830} INFO - Processing file /opt/airflow/dags/warehouse_dag.py for tasks to queue
[2026-09-17T15:00:32.472+0000] {logging_mixin.py:188} INFO - [2026-09-17T15:00:32.472+0000] {dagbag.py:545} INFO - Filling up the DagBag from /opt/airflow/dags/warehouse_dag.py
[2026-09-17T15:00:33.214+0000] {processor.py:840} INFO - DAG(s) 'youtube_warehouse' retrieved from /opt/airflow/dags/warehouse_dag.py
[2026-09-17T15:00:33.270+0000] {logging_mixin.py:188} INFO - [2026-09-17T15:00:33.270+0000] {dag.py:3096} INFO - Sync 1 DAGs
[2026-09-17T15:00:33.321+0000] {logging_mixin.py:188} INFO - [2026-09-17T15:00:33.321+0000] {dag.py:3954} INFO - Setting next_dagrun for youtube_warehouse to None, run_after=None
[2026-09-17T15:00:33.377+0000] {processor.py:183} INFO - Processing /opt/airflow/dags/warehouse_dag.py took 0.917 seconds
[2026-09-17T15:01:03.983+0000] {processor.py:161} INFO - Started process (PID=2014) to work on /opt/airflow/dags/warehouse_dag.py
[2026-09-17T15:01:03.986+0000] {processor.py:830} INFO - Processing file /opt/airflow/dags/warehouse_dag.py for tasks to queue
[2026-09-17T15:01:03.991+0000] {logging_mixin.py:188} INFO - [2026-09-17T15:01:03.990+0000] {dagbag.py:545} INFO - Filling up the DagBag from /opt/airflow/dags/warehouse_dag.py
[2026-09-17T15:01:04.337+0000] {processor.py:840} INFO - DAG(s) 'youtube_warehouse' retrieved from /opt/airflow/dags/warehouse_dag.py
[2026-09-17T15:01:04.360+0000] {logging_mixin.py:188} INFO - [2026-09-17T15:01:04.359+0000] {dag.py:3096} INFO - Sync 1 DAGs
[2026-09-17T15:01:04.373+0000] {logging_mixin.py:188} INFO - [2026-09-17T15:01:04.373+0000] {dag.py:3954} INFO - Setting next_dagrun for youtube_warehouse to None, run_after=None
[2026-09-17T15:01:04.404+0000] {processor.py:183} INFO - Processing /opt/airflow/dags/warehouse_dag.py took 0.432 seconds
[2026-09-17T15:01:34.879+0000] {processor.py:161} INFO - Started process (PID=2023) to work on /opt/airflow/dags/warehouse_dag.py
[2026-09-17T15:01:34.881+0000] {processor.py:830} INFO - Processing file /opt/airflow/dags/warehouse_dag.py for tasks to queue
[2026-09-17T15:01:34.885+0000] {logging_mixin.py:188} INFO - [2026-09-17T15:01:34.885+0000] {dagbag.py:545} INFO - Filling up the DagBag from /opt/airflow/dags/warehouse_dag.py
[2026-09-17T15:01:35.228+0000] {processor.py:840} INFO - DAG(s) 'youtube_warehouse' retrieved from /opt/airflow/dags/warehouse_dag.py
[2026-09-17T15:01:35.254+0000] {logging_mixin.py:188} INFO - [2026-09-17T15:01:35.253+0000] {dag.py:3096} INFO - Sync 1 DAGs
[2026-09-17T15:01:35.270+0000] {logging_mixin.py:188} INFO - [2026-09-17T15:01:35.270+0000] {dag.py:3954} INFO - Setting next_dagrun for youtube_warehouse to None, run_after=None
[2026-09-17T15:01:35.308+0000] {processor.py:183} INFO - Processing /opt/airflow/dags/warehouse_dag.py took 0.436 seconds
[2026-09-17T15:02:05.580+0000] {processor.py:161} INFO - Started process (PID=2032) to work on /opt/airflow/dags/warehouse_dag.py
[2026-09-17T15:02:05.583+0000] {processor.py:830} INFO - Processing file /opt/airflow/dags/warehouse_dag.py for tasks to queue
[2026-09-17T15:02:05.587+0000] {logging_mixin.py:188} INFO - [2026-09-17T15:02:05.586+0000] {dagbag.py:545} INFO - Filling up the DagBag from /opt/airflow/dags/warehouse_dag.py
[2026-09-17T15:02:05.945+0000] {processor.py:840} INFO - DAG(s) 'youtube_warehouse' retrieved from /opt/airflow/dags/warehouse_dag.py
[2026-09-17T15:02:05.968+0000] {logging_mixin.py:188} INFO - [2026-09-17T15:02:05.968+0000] {dag.py:3096} INFO - Sync 1 DAGs
[2026-09-17T15:02:05.979+0000] {logging_mixin.py:188} INFO - [2026-09-17T15:02:05.978+0000] {dag.py:3954} INFO - Setting next_dagrun for youtube_warehouse to None, run_after=None
[2026-09-17T15:02:06.024+0000] {processor.py:183} INFO - Processing /opt/airflow/dags/warehouse_dag.py took 0.450 seconds
[2026-09-17T15:02:36.190+0000] {processor.py:161} INFO - Started process (PID=2041) to work on /opt/airflow/dags/warehouse_dag.py
[2026-09-17T15:02:36.193+0000] {processor.py:830} INFO - Processing file /opt/airflow/dags/warehouse_dag.py for tasks to queue
[2026-09-17T15:02:36.196+0000] {logging_mixin.py:188} INFO - [2026-09-17T15:02:36.195+0000] {dagbag.py:545} INFO - Filling up the DagBag from /opt/airflow/dags/warehouse_dag.py
[2026-09-17T15:02:36.502+0000] {processor.py:840} INFO - DAG(s) 'youtube_warehouse' retrieved from /opt/airflow/dags/warehouse_dag.py
[2026-09-17T15:02:36.553+0000] {logging_mixin.py:188} INFO - [2026-09-17T15:02:36.553+0000] {dag.py:3096} INFO - Sync 1 DAGs
[2026-09-17T15:02:36.568+0000] {logging_mixin.py:188} INFO - [2026-09-17T15:02:36.568+0000] {dag.py:3954} INFO - Setting next_dagrun for youtube_warehouse to None, run_after=None
[2026-09-17T15:02:36.599+0000] {processor.py:183} INFO - Processing /opt/airflow/dags/warehouse_dag.py took 0.414 seconds
[2026-09-17T15:03:06.870+0000] {processor.py:161} INFO - Started process (PID=2050) to work on /opt/airflow/dags/warehouse_dag.py
[2026-09-17T15:03:06.872+0000] {processor.py:830} INFO - Processing file /opt/airflow/dags/warehouse_dag.py for tasks to queue
[2026-09-17T15:03:06.876+0000] {logging_mixin.py:188} INFO - [2026-09-17T15:03:06.875+0000] {dagbag.py:545} INFO - Filling up the DagBag from /opt/airflow/dags/warehouse_dag.py
[2026-09-17T15:03:07.231+0000] {processor.py:840} INFO - DAG(s) 'youtube_warehouse' retrieved from /opt/airflow/dags/warehouse_dag.py
[2026-09-17T15:03:07.253+0000] {logging_mixin.py:188} INFO - [2026-09-17T15:03:07.253+0000] {dag.py:3096} INFO - Sync 1 DAGs
[2026-09-17T15:03:07.265+0000] {logging_mixin.py:188} INFO - [2026-09-17T15:03:07.265+0000] {dag.py:3954} INFO - Setting next_dagrun for youtube_warehouse to None, run_after=None
[2026-09-17T15:03:07.309+0000] {processor.py:183} INFO - Processing /opt/airflow/dags/warehouse_dag.py took 0.449 seconds
[2026-09-17T15:03:37.439+0000] {processor.py:161} INFO - Started process (PID=2059) to work on /opt/airflow/dags/warehouse_dag.py
[2026-09-17T15:03:37.441+0000] {processor.py:830} INFO - Processing file /opt/airflow/dags/warehouse_dag.py for tasks to queue
[2026-09-17T15:03:37.445+0000] {logging_mixin.py:188} INFO - [2026-09-17T15:03:37.444+0000] {dagbag.py:545} INFO - Filling up the DagBag from /opt/airflow/dags/warehouse_dag.py
[2026-09-17T15:03:37.751+0000] {processor.py:840} INFO - DAG(s) 'youtube_warehouse' retrieved from /opt/airflow/dags/warehouse_dag.py
[2026-09-17T15:03:37.776+0000] {logging_mixin.py:188} INFO - [2026-09-17T15:03:37.776+0000] {dag.py:3096} INFO - Sync 1 DAGs
[2026-09-17T15:03:37.789+0000] {logging_mixin.py:188} INFO - [2026-09-17T15:03:37.789+0000] {dag.py:3954} INFO - Setting next_dagrun for youtube_warehouse to None, run_after=None
[2026-09-17T15:03:37.819+0000] {processor.py:183} INFO - Processing /opt/airflow/dags/warehouse_dag.py took 0.388 seconds
[2026-09-17T15:04:08.044+0000] {processor.py:161} INFO - Started process (PID=2068) to work on /opt/airflow/dags/warehouse_dag.py
[2026-09-17T15:04:08.045+0000] {processor.py:830} INFO - Processing file /opt/airflow/dags/warehouse_dag.py for tasks to queue
[2026-09-17T15:04:08.048+0000] {logging_mixin.py:188} INFO - [2026-09-17T15:04:08.048+0000] {dagbag.py:545} INFO - Filling up the DagBag from /opt/airflow/dags/warehouse_dag.py
[2026-09-17T15:04:08.357+0000] {processor.py:840} INFO - DAG(s) 'youtube_warehouse' retrieved from /opt/airflow/dags/warehouse_dag.py
[2026-09-17T15:04:08.378+0000] {logging_mixin.py:188} INFO - [2026-09-17T15:04:08.377+0000] {dag.py:3096} INFO - Sync 1 DAGs
[2026-09-17T15:04:08.393+0000] {logging_mixin.py:188} INFO - [2026-09-17T15:04:08.393+0000] {dag.py:3954} INFO - Setting next_dagrun for youtube_warehouse to None, run_after=None
[2026-09-17T15:04:08.426+0000] {processor.py:183} INFO - Processing /opt/airflow/dags/warehouse_dag.py took 0.391 seconds
[2026-09-17T15:04:38.600+0000] {processor.py:161} INFO - Started process (PID=2077) to work on /opt/airflow/dags/warehouse_dag.py
[2026-09-17T15:04:38.602+0000] {processor.py:830} INFO - Processing file /opt/airflow/dags/warehouse_dag.py for tasks to queue
[2026-09-17T15:04:38.608+0000] {logging_mixin.py:188} INFO - [2026-09-17T15:04:38.607+0000] {dagbag.py:545} INFO - Filling up the DagBag from /opt/airflow/dags/warehouse_dag.py
[2026-09-17T15:04:38.925+0000] {processor.py:840} INFO - DAG(s) 'youtube_warehouse' retrieved from /opt/airflow/dags/warehouse_dag.py
[2026-09-17T15:04:38.946+0000] {logging_mixin.py:188} INFO - [2026-09-17T15:04:38.946+0000] {dag.py:3096} INFO - Sync 1 DAGs
[2026-09-17T15:04:38.960+0000] {logging_mixin.py:188} INFO - [2026-09-17T15:04:38.960+0000] {dag.py:3954} INFO - Setting next_dagrun for youtube_warehouse to None, run_after=None
[2026-09-17T15:04:38.982+0000] {processor.py:183} INFO - Processing /opt/airflow/dags/warehouse_dag.py took 0.388 seconds
[2026-09-17T15:05:09.221+0000] {processor.py:161} INFO - Started process (PID=2086) to work on /opt/airflow/dags/warehouse_dag.py
[2026-09-17T15:05:09.224+0000] {processor.py:830} INFO - Processing file /opt/airflow/dags/warehouse_dag.py for tasks to queue
[2026-09-17T15:05:09.230+0000] {logging_mixin.py:188} INFO - [2026-09-17T15:05:09.229+0000] {dagbag.py:545} INFO - Filling up the DagBag from /opt/airflow/dags/warehouse_dag.py
[2026-09-17T15:05:09.631+0000] {processor.py:840} INFO - DAG(s) 'youtube_warehouse' retrieved from /opt/airflow/dags/warehouse_dag.py
[2026-09-17T15:05:09.660+0000] {logging_mixin.py:188} INFO - [2026-09-17T15:05:09.660+0000] {dag.py:3096} INFO - Sync 1 DAGs
[2026-09-17T15:05:09.673+0000] {logging_mixin.py:188} INFO - [2026-09-17T15:05:09.672+0000] {dag.py:3954} INFO - Setting next_dagrun for youtube_warehouse to None, run_after=None
[2026-09-17T15:05:09.711+0000] {processor.py:183} INFO - Processing /opt/airflow/dags/warehouse_dag.py took 0.498 seconds
[2026-09-17T15:05:39.855+0000] {processor.py:161} INFO - Started process (PID=2095) to work on /opt/airflow/dags/warehouse_dag.py
[2026-09-17T15:05:39.858+0000] {processor.py:830} INFO - Processing file /opt/airflow/dags/warehouse_dag.py for tasks to queue
[2026-09-17T15:05:39.862+0000] {logging_mixin.py:188} INFO - [2026-09-17T15:05:39.861+0000] {dagbag.py:545} INFO - Filling up the DagBag from /opt/airflow/dags/warehouse_dag.py
[2026-09-17T15:05:40.167+0000] {processor.py:840} INFO - DAG(s) 'youtube_warehouse' retrieved from /opt/airflow/dags/warehouse_dag.py
[2026-09-17T15:05:40.188+0000] {logging_mixin.py:188} INFO - [2026-09-17T15:05:40.187+0000] {dag.py:3096} INFO - Sync 1 DAGs
[2026-09-17T15:05:40.200+0000] {logging_mixin.py:188} INFO - [2026-09-17T15:05:40.200+0000] {dag.py:3954} INFO - Setting next_dagrun for youtube_warehouse to None, run_after=None
[2026-09-17T15:05:40.226+0000] {processor.py:183} INFO - Processing /opt/airflow/dags/warehouse_dag.py took 0.379 seconds
[2026-09-17T15:06:10.495+0000] {processor.py:161} INFO - Started process (PID=2104) to work on /opt/airflow/dags/warehouse_dag.py
[2026-09-17T15:06:10.498+0000] {processor.py:830} INFO - Processing file /opt/airflow/dags/warehouse_dag.py for tasks to queue
[2026-09-17T15:06:10.500+0000] {logging_mixin.py:188} INFO - [2026-09-17T15:06:10.500+0000] {dagbag.py:545} INFO - Filling up the DagBag from /opt/airflow/dags/warehouse_dag.py
[2026-09-17T15:06:10.816+0000] {processor.py:840} INFO - DAG(s) 'youtube_warehouse' retrieved from /opt/airflow/dags/warehouse_dag.py
[2026-09-17T15:06:10.840+0000] {logging_mixin.py:188} INFO - [2026-09-17T15:06:10.839+0000] {dag.py:3096} INFO - Sync 1 DAGs
[2026-09-17T15:06:10.851+0000] {logging_mixin.py:188} INFO - [2026-09-17T15:06:10.851+0000] {dag.py:3954} INFO - Setting next_dagrun for youtube_warehouse to None, run_after=None
[2026-09-17T15:06:10.890+0000] {processor.py:183} INFO - Processing /opt/airflow/dags/warehouse_dag.py took 0.400 seconds
[2026-09-17T15:06:41.124+0000] {processor.py:161} INFO - Started process (PID=2113) to work on /opt/airflow/dags/warehouse_dag.py
[2026-09-17T15:06:41.127+0000] {processor.py:830} INFO - Processing file /opt/airflow/dags/warehouse_dag.py for tasks to queue
[2026-09-17T15:06:41.132+0000] {logging_mixin.py:188} INFO - [2026-09-17T15:06:41.131+0000] {dagbag.py:545} INFO - Filling up the DagBag from /opt/airflow/dags/warehouse_dag.py
[2026-09-17T15:06:41.444+0000] {processor.py:840} INFO - DAG(s) 'youtube_warehouse' retrieved from /opt/airflow/dags/warehouse_dag.py
[2026-09-17T15:06:41.469+0000] {logging_mixin.py:188} INFO - [2026-09-17T15:06:41.468+0000] {dag.py:3096} INFO - Sync 1 DAGs
[2026-09-17T15:06:41.480+0000] {logging_mixin.py:188} INFO - [2026-09-17T15:06:41.480+0000] {dag.py:3954} INFO - Setting next_dagrun for youtube_warehouse to None, run_after=None
[2026-09-17T15:06:41.512+0000] {processor.py:183} INFO - Processing /opt/airflow/dags/warehouse_dag.py took 0.397 seconds
[2026-09-17T15:07:11.683+0000] {processor.py:161} INFO - Started process (PID=2122) to work on /opt/airflow/dags/warehouse_dag.py
[2026-09-17T15:07:11.685+0000] {processor.py:830} INFO - Processing file /opt/airflow/dags/warehouse_dag.py for tasks to queue
[2026-09-17T15:07:11.688+0000] {logging_mixin.py:188} INFO - [2026-09-17T15:07:11.688+0000] {dagbag.py:545} INFO - Filling up the DagBag from /opt/airflow/dags/warehouse_dag.py
[2026-09-17T15:07:11.992+0000] {processor.py:840} INFO - DAG(s) 'youtube_warehouse' retrieved from /opt/airflow/dags/warehouse_dag.py
[2026-09-17T15:07:12.014+0000] {logging_mixin.py:188} INFO - [2026-09-17T15:07:12.013+0000] {dag.py:3096} INFO - Sync 1 DAGs
[2026-09-17T15:07:12.026+0000] {logging_mixin.py:188} INFO - [2026-09-17T15:07:12.026+0000] {dag.py:3954} INFO - Setting next_dagrun for youtube_warehouse to None, run_after=None
[2026-09-17T15:07:12.056+0000] {processor.py:183} INFO - Processing /opt/airflow/dags/warehouse_dag.py took 0.379 seconds
[2026-09-17T15:07:42.298+0000] {processor.py:161} INFO - Started process (PID=2131) to work on /opt/airflow/dags/warehouse_dag.py
[2026-09-17T15:07:42.300+0000] {processor.py:830} INFO - Processing file /opt/airflow/dags/warehouse_dag.py for tasks to queue
[2026-09-17T15:07:42.303+0000] {logging_mixin.py:188} INFO - [2026-09-17T15:07:42.303+0000] {dagbag.py:545} INFO - Filling up the DagBag from /opt/airflow/dags/warehouse_dag.py
[2026-09-17T15:07:42.625+0000] {processor.py:840} INFO - DAG(s) 'youtube_warehouse' retrieved from /opt/airflow/dags/warehouse_dag.py
[2026-09-17T15:07:42.647+0000] {logging_mixin.py:188} INFO - [2026-09-17T15:07:42.647+0000] {dag.py:3096} INFO - Sync 1 DAGs
[2026-09-17T15:07:42.660+0000] {logging_mixin.py:188} INFO - [2026-09-17T15:07:42.659+0000] {dag.py:3954} INFO - Setting next_dagrun for youtube_warehouse to None, run_after=None
[2026-09-17T15:07:42.683+0000] {processor.py:183} INFO - Processing /opt/airflow/dags/warehouse_dag.py took 0.392 seconds
[2026-09-17T15:08:12.820+0000] {processor.py:161} INFO - Started process (PID=2140) to work on /opt/airflow/dags/warehouse_dag.py
[2026-09-17T15:08:12.823+0000] {processor.py:830} INFO - Processing file /opt/airflow/dags/warehouse_dag.py for tasks to queue
[2026-09-17T15:08:12.828+0000] {logging_mixin.py:188} INFO - [2026-09-17T15:08:12.827+0000] {dagbag.py:545} INFO - Filling up the DagBag from /opt/airflow/dags/warehouse_dag.py
[2026-09-17T15:08:13.185+0000] {processor.py:840} INFO - DAG(s) 'youtube_warehouse' retrieved from /opt/airflow/dags/warehouse_dag.py
[2026-09-17T15:08:13.214+0000] {logging_mixin.py:188} INFO - [2026-09-17T15:08:13.213+0000] {dag.py:3096} INFO - Sync 1 DAGs
[2026-09-17T15:08:13.231+0000] {logging_mixin.py:188} INFO - [2026-09-17T15:08:13.231+0000] {dag.py:3954} INFO - Setting next_dagrun for youtube_warehouse to None, run_after=None
[2026-09-17T15:08:13.265+0000] {processor.py:183} INFO - Processing /opt/airflow/dags/warehouse_dag.py took 0.451 seconds
[2026-09-17T15:08:43.618+0000] {processor.py:161} INFO - Started process (PID=2149) to work on /opt/airflow/dags/warehouse_dag.py
[2026-09-17T15:08:43.621+0000] {processor.py:830} INFO - Processing file /opt/airflow/dags/warehouse_dag.py for tasks to queue
[2026-09-17T15:08:43.626+0000] {logging_mixin.py:188} INFO - [2026-09-17T15:08:43.625+0000] {dagbag.py:545} INFO - Filling up the DagBag from /opt/airflow/dags/warehouse_dag.py
[2026-09-17T15:08:43.987+0000] {processor.py:840} INFO - DAG(s) 'youtube_warehouse' retrieved from /opt/airflow/dags/warehouse_dag.py
[2026-09-17T15:08:44.013+0000] {logging_mixin.py:188} INFO - [2026-09-17T15:08:44.013+0000] {dag.py:3096} INFO - Sync 1 DAGs
[2026-09-17T15:08:44.024+0000] {logging_mixin.py:188} INFO - [2026-09-17T15:08:44.024+0000] {dag.py:3954} INFO - Setting next_dagrun for youtube_warehouse to None, run_after=None
[2026-09-17T15:08:44.050+0000] {processor.py:183} INFO - Processing /opt/airflow/dags/warehouse_dag.py took 0.441 seconds
[2026-09-17T15:09:14.184+0000] {processor.py:161} INFO - Started process (PID=2158) to work on /opt/airflow/dags/warehouse_dag.py
[2026-09-17T15:09:14.187+0000] {processor.py:830} INFO - Processing file /opt/airflow/dags/warehouse_dag.py for tasks to queue
[2026-09-17T15:09:14.189+0000] {logging_mixin.py:188} INFO - [2026-09-17T15:09:14.189+0000] {dagbag.py:545} INFO - Filling up the DagBag from /opt/airflow/dags/warehouse_dag.py
[2026-09-17T15:09:14.612+0000] {processor.py:840} INFO - DAG(s) 'youtube_warehouse' retrieved from /opt/airflow/dags/warehouse_dag.py
[2026-09-17T15:09:14.635+0000] {logging_mixin.py:188} INFO - [2026-09-17T15:09:14.635+0000] {dag.py:3096} INFO - Sync 1 DAGs
[2026-09-17T15:09:14.647+0000] {logging_mixin.py:188} INFO - [2026-09-17T15:09:14.647+0000] {dag.py:3954} INFO - Setting next_dagrun for youtube_warehouse to None, run_after=None
[2026-09-17T15:09:14.670+0000] {processor.py:183} INFO - Processing /opt/airflow/dags/warehouse_dag.py took 0.495 seconds
[2026-09-17T15:09:44.750+0000] {processor.py:161} INFO - Started process (PID=2167) to work on /opt/airflow/dags/warehouse_dag.py
[2026-09-17T15:09:44.752+0000] {processor.py:830} INFO - Processing file /opt/airflow/dags/warehouse_dag.py for tasks to queue
[2026-09-17T15:09:44.758+0000] {logging_mixin.py:188} INFO - [2026-09-17T15:09:44.758+0000] {dagbag.py:545} INFO - Filling up the DagBag from /opt/airflow/dags/warehouse_dag.py
[2026-09-17T15:09:45.149+0000] {processor.py:840} INFO - DAG(s) 'youtube_warehouse' retrieved from /opt/airflow/dags/warehouse_dag.py
[2026-09-17T15:09:45.184+0000] {logging_mixin.py:188} INFO - [2026-09-17T15:09:45.183+0000] {dag.py:3096} INFO - Sync 1 DAGs
[2026-09-17T15:09:45.203+0000] {logging_mixin.py:188} INFO - [2026-09-17T15:09:45.202+0000] {dag.py:3954} INFO - Setting next_dagrun for youtube_warehouse to None, run_after=None
[2026-09-17T15:09:45.236+0000] {processor.py:183} INFO - Processing /opt/airflow/dags/warehouse_dag.py took 0.492 seconds
[2026-09-17T15:10:15.373+0000] {processor.py:161} INFO - Started process (PID=2176) to work on /opt/airflow/dags/warehouse_dag.py
[2026-09-17T15:10:15.376+0000] {processor.py:830} INFO - Processing file /opt/airflow/dags/warehouse_dag.py for tasks to queue
[2026-09-17T15:10:15.381+0000] {logging_mixin.py:188} INFO - [2026-09-17T15:10:15.380+0000] {dagbag.py:545} INFO - Filling up the DagBag from /opt/airflow/dags/warehouse_dag.py
[2026-09-17T15:10:15.723+0000] {processor.py:840} INFO - DAG(s) 'youtube_warehouse' retrieved from /opt/airflow/dags/warehouse_dag.py
[2026-09-17T15:10:15.747+0000] {logging_mixin.py:188} INFO - [2026-09-17T15:10:15.746+0000] {dag.py:3096} INFO - Sync 1 DAGs
[2026-09-17T15:10:15.759+0000] {logging_mixin.py:188} INFO - [2026-09-17T15:10:15.758+0000] {dag.py:3954} INFO - Setting next_dagrun for youtube_warehouse to None, run_after=None
[2026-09-17T15:10:15.785+0000] {processor.py:183} INFO - Processing /opt/airflow/dags/warehouse_dag.py took 0.419 seconds
[2026-09-17T15:10:46.012+0000] {processor.py:161} INFO - Started process (PID=2185) to work on /opt/airflow/dags/warehouse_dag.py
[2026-09-17T15:10:46.015+0000] {processor.py:830} INFO - Processing file /opt/airflow/dags/warehouse_dag.py for tasks to queue
[2026-09-17T15:10:46.018+0000] {logging_mixin.py:188} INFO - [2026-09-17T15:10:46.018+0000] {dagbag.py:545} INFO - Filling up the DagBag from /opt/airflow/dags/warehouse_dag.py
[2026-09-17T15:10:46.389+0000] {processor.py:840} INFO - DAG(s) 'youtube_warehouse' retrieved from /opt/airflow/dags/warehouse_dag.py
[2026-09-17T15:10:46.426+0000] {logging_mixin.py:188} INFO - [2026-09-17T15:10:46.425+0000] {dag.py:3096} INFO - Sync 1 DAGs
[2026-09-17T15:10:46.440+0000] {logging_mixin.py:188} INFO - [2026-09-17T15:10:46.440+0000] {dag.py:3954} INFO - Setting next_dagrun for youtube_warehouse to None, run_after=None
[2026-09-17T15:10:51.258+0000] {processor.py:183} INFO - Processing /opt/airflow/dags/warehouse_dag.py took 5.253 seconds
[2026-09-17T15:11:21.642+0000] {processor.py:161} INFO - Started process (PID=2195) to work on /opt/airflow/dags/warehouse_dag.py
[2026-09-17T15:11:21.665+0000] {processor.py:830} INFO - Processing file /opt/airflow/dags/warehouse_dag.py for tasks to queue
[2026-09-17T15:11:21.669+0000] {logging_mixin.py:188} INFO - [2026-09-17T15:11:21.668+0000] {dagbag.py:545} INFO - Filling up the DagBag from /opt/airflow/dags/warehouse_dag.py
[2026-09-17T15:11:22.177+0000] {processor.py:840} INFO - DAG(s) 'youtube_warehouse' retrieved from /opt/airflow/dags/warehouse_dag.py
[2026-09-17T15:11:22.212+0000] {logging_mixin.py:188} INFO - [2026-09-17T15:11:22.211+0000] {dag.py:3096} INFO - Sync 1 DAGs
[2026-09-17T15:11:22.235+0000] {logging_mixin.py:188} INFO - [2026-09-17T15:11:22.235+0000] {dag.py:3954} INFO - Setting next_dagrun for youtube_warehouse to None, run_after=None
[2026-09-17T15:11:22.259+0000] {processor.py:183} INFO - Processing /opt/airflow/dags/warehouse_dag.py took 0.624 seconds
[2026-09-17T15:11:52.536+0000] {processor.py:161} INFO - Started process (PID=2204) to work on /opt/airflow/dags/warehouse_dag.py
[2026-09-17T15:11:52.540+0000] {processor.py:830} INFO - Processing file /opt/airflow/dags/warehouse_dag.py for tasks to queue
[2026-09-17T15:11:52.559+0000] {logging_mixin.py:188} INFO - [2026-09-17T15:11:52.558+0000] {dagbag.py:545} INFO - Filling up the DagBag from /opt/airflow/dags/warehouse_dag.py
[2026-09-17T15:11:53.037+0000] {processor.py:840} INFO - DAG(s) 'youtube_warehouse' retrieved from /opt/airflow/dags/warehouse_dag.py
[2026-09-17T15:11:53.095+0000] {logging_mixin.py:188} INFO - [2026-09-17T15:11:53.095+0000] {dag.py:3096} INFO - Sync 1 DAGs
[2026-09-17T15:11:53.110+0000] {logging_mixin.py:188} INFO - [2026-09-17T15:11:53.110+0000] {dag.py:3954} INFO - Setting next_dagrun for youtube_warehouse to None, run_after=None
[2026-09-17T15:11:53.150+0000] {processor.py:183} INFO - Processing /opt/airflow/dags/warehouse_dag.py took 0.658 seconds
[2026-09-17T15:12:23.665+0000] {processor.py:161} INFO - Started process (PID=2213) to work on /opt/airflow/dags/warehouse_dag.py
[2026-09-17T15:12:23.669+0000] {processor.py:830} INFO - Processing file /opt/airflow/dags/warehouse_dag.py for tasks to queue
[2026-09-17T15:12:23.675+0000] {logging_mixin.py:188} INFO - [2026-09-17T15:12:23.675+0000] {dagbag.py:545} INFO - Filling up the DagBag from /opt/airflow/dags/warehouse_dag.py
[2026-09-17T15:12:24.272+0000] {processor.py:840} INFO - DAG(s) 'youtube_warehouse' retrieved from /opt/airflow/dags/warehouse_dag.py
[2026-09-17T15:12:24.341+0000] {logging_mixin.py:188} INFO - [2026-09-17T15:12:24.341+0000] {dag.py:3096} INFO - Sync 1 DAGs
[2026-09-17T15:12:24.361+0000] {logging_mixin.py:188} INFO - [2026-09-17T15:12:24.361+0000] {dag.py:3954} INFO - Setting next_dagrun for youtube_warehouse to None, run_after=None
[2026-09-17T15:12:24.413+0000] {processor.py:183} INFO - Processing /opt/airflow/dags/warehouse_dag.py took 0.759 seconds
[2026-09-17T15:12:55.067+0000] {processor.py:161} INFO - Started process (PID=2222) to work on /opt/airflow/dags/warehouse_dag.py
[2026-09-17T15:12:55.070+0000] {processor.py:830} INFO - Processing file /opt/airflow/dags/warehouse_dag.py for tasks to queue
[2026-09-17T15:12:55.073+0000] {logging_mixin.py:188} INFO - [2026-09-17T15:12:55.072+0000] {dagbag.py:545} INFO - Filling up the DagBag from /opt/airflow/dags/warehouse_dag.py
[2026-09-17T15:12:55.483+0000] {processor.py:840} INFO - DAG(s) 'youtube_warehouse' retrieved from /opt/airflow/dags/warehouse_dag.py
[2026-09-17T15:12:55.535+0000] {logging_mixin.py:188} INFO - [2026-09-17T15:12:55.534+0000] {dag.py:3096} INFO - Sync 1 DAGs
[2026-09-17T15:12:55.549+0000] {logging_mixin.py:188} INFO - [2026-09-17T15:12:55.549+0000] {dag.py:3954} INFO - Setting next_dagrun for youtube_warehouse to None, run_after=None
[2026-09-17T15:12:55.575+0000] {processor.py:183} INFO - Processing /opt/airflow/dags/warehouse_dag.py took 0.514 seconds
[2026-09-17T15:13:25.702+0000] {processor.py:161} INFO - Started process (PID=2231) to work on /opt/airflow/dags/warehouse_dag.py
[2026-09-17T15:13:25.705+0000] {processor.py:830} INFO - Processing file /opt/airflow/dags/warehouse_dag.py for tasks to queue
[2026-09-17T15:13:25.708+0000] {logging_mixin.py:188} INFO - [2026-09-17T15:13:25.708+0000] {dagbag.py:545} INFO - Filling up the DagBag from /opt/airflow/dags/warehouse_dag.py
[2026-09-17T15:13:26.512+0000] {processor.py:840} INFO - DAG(s) 'youtube_warehouse' retrieved from /opt/airflow/dags/warehouse_dag.py
[2026-09-17T15:13:26.557+0000] {logging_mixin.py:188} INFO - [2026-09-17T15:13:26.557+0000] {dag.py:3096} INFO - Sync 1 DAGs
[2026-09-17T15:13:26.587+0000] {logging_mixin.py:188} INFO - [2026-09-17T15:13:26.586+0000] {dag.py:3954} INFO - Setting next_dagrun for youtube_warehouse to None, run_after=None
[2026-09-17T15:13:26.630+0000] {processor.py:183} INFO - Processing /opt/airflow/dags/warehouse_dag.py took 0.935 seconds
[2026-09-17T15:13:57.073+0000] {processor.py:161} INFO - Started process (PID=2240) to work on /opt/airflow/dags/warehouse_dag.py
[2026-09-17T15:13:57.087+0000] {processor.py:830} INFO - Processing file /opt/airflow/dags/warehouse_dag.py for tasks to queue
[2026-09-17T15:13:57.091+0000] {logging_mixin.py:188} INFO - [2026-09-17T15:13:57.091+0000] {dagbag.py:545} INFO - Filling up the DagBag from /opt/airflow/dags/warehouse_dag.py
[2026-09-17T15:13:57.516+0000] {processor.py:840} INFO - DAG(s) 'youtube_warehouse' retrieved from /opt/airflow/dags/warehouse_dag.py
[2026-09-17T15:13:57.536+0000] {logging_mixin.py:188} INFO - [2026-09-17T15:13:57.535+0000] {dag.py:3096} INFO - Sync 1 DAGs
[2026-09-17T15:13:57.549+0000] {logging_mixin.py:188} INFO - [2026-09-17T15:13:57.549+0000] {dag.py:3954} INFO - Setting next_dagrun for youtube_warehouse to None, run_after=None
[2026-09-17T15:13:57.590+0000] {processor.py:183} INFO - Processing /opt/airflow/dags/warehouse_dag.py took 0.523 seconds
[2026-09-17T15:14:28.419+0000] {processor.py:161} INFO - Started process (PID=2249) to work on /opt/airflow/dags/warehouse_dag.py
[2026-09-17T15:14:28.421+0000] {processor.py:830} INFO - Processing file /opt/airflow/dags/warehouse_dag.py for tasks to queue
[2026-09-17T15:14:28.424+0000] {logging_mixin.py:188} INFO - [2026-09-17T15:14:28.424+0000] {dagbag.py:545} INFO - Filling up the DagBag from /opt/airflow/dags/warehouse_dag.py
[2026-09-17T15:14:28.741+0000] {processor.py:840} INFO - DAG(s) 'youtube_warehouse' retrieved from /opt/airflow/dags/warehouse_dag.py
[2026-09-17T15:14:28.779+0000] {logging_mixin.py:188} INFO - [2026-09-17T15:14:28.778+0000] {dag.py:3096} INFO - Sync 1 DAGs
[2026-09-17T15:14:28.790+0000] {logging_mixin.py:188} INFO - [2026-09-17T15:14:28.790+0000] {dag.py:3954} INFO - Setting next_dagrun for youtube_warehouse to None, run_after=None
[2026-09-17T15:14:28.818+0000] {processor.py:183} INFO - Processing /opt/airflow/dags/warehouse_dag.py took 0.406 seconds
[2026-09-17T15:14:59.178+0000] {processor.py:161} INFO - Started process (PID=2258) to work on /opt/airflow/dags/warehouse_dag.py
[2026-09-17T15:14:59.179+0000] {processor.py:830} INFO - Processing file /opt/airflow/dags/warehouse_dag.py for tasks to queue
[2026-09-17T15:14:59.183+0000] {logging_mixin.py:188} INFO - [2026-09-17T15:14:59.182+0000] {dagbag.py:545} INFO - Filling up the DagBag from /opt/airflow/dags/warehouse_dag.py
[2026-09-17T15:14:59.483+0000] {processor.py:840} INFO - DAG(s) 'youtube_warehouse' retrieved from /opt/airflow/dags/warehouse_dag.py
[2026-09-17T15:14:59.503+0000] {logging_mixin.py:188} INFO - [2026-09-17T15:14:59.503+0000] {dag.py:3096} INFO - Sync 1 DAGs
[2026-09-17T15:14:59.515+0000] {logging_mixin.py:188} INFO - [2026-09-17T15:14:59.515+0000] {dag.py:3954} INFO - Setting next_dagrun for youtube_warehouse to None, run_after=None
[2026-09-17T15:14:59.558+0000] {processor.py:183} INFO - Processing /opt/airflow/dags/warehouse_dag.py took 0.384 seconds
[2026-09-17T15:15:29.824+0000] {processor.py:161} INFO - Started process (PID=2267) to work on /opt/airflow/dags/warehouse_dag.py
[2026-09-17T15:15:29.827+0000] {processor.py:830} INFO - Processing file /opt/airflow/dags/warehouse_dag.py for tasks to queue
[2026-09-17T15:15:29.829+0000] {logging_mixin.py:188} INFO - [2026-09-17T15:15:29.829+0000] {dagbag.py:545} INFO - Filling up the DagBag from /opt/airflow/dags/warehouse_dag.py
[2026-09-17T15:15:30.174+0000] {processor.py:840} INFO - DAG(s) 'youtube_warehouse' retrieved from /opt/airflow/dags/warehouse_dag.py
[2026-09-17T15:15:30.194+0000] {logging_mixin.py:188} INFO - [2026-09-17T15:15:30.194+0000] {dag.py:3096} INFO - Sync 1 DAGs
[2026-09-17T15:15:30.205+0000] {logging_mixin.py:188} INFO - [2026-09-17T15:15:30.205+0000] {dag.py:3954} INFO - Setting next_dagrun for youtube_warehouse to None, run_after=None
[2026-09-17T15:15:30.244+0000] {processor.py:183} INFO - Processing /opt/airflow/dags/warehouse_dag.py took 0.425 seconds
[2026-09-17T15:16:00.635+0000] {processor.py:161} INFO - Started process (PID=2276) to work on /opt/airflow/dags/warehouse_dag.py
[2026-09-17T15:16:00.662+0000] {processor.py:830} INFO - Processing file /opt/airflow/dags/warehouse_dag.py for tasks to queue
[2026-09-17T15:16:00.667+0000] {logging_mixin.py:188} INFO - [2026-09-17T15:16:00.666+0000] {dagbag.py:545} INFO - Filling up the DagBag from /opt/airflow/dags/warehouse_dag.py
[2026-09-17T15:16:01.429+0000] {processor.py:840} INFO - DAG(s) 'youtube_warehouse' retrieved from /opt/airflow/dags/warehouse_dag.py
[2026-09-17T15:16:01.465+0000] {logging_mixin.py:188} INFO - [2026-09-17T15:16:01.465+0000] {dag.py:3096} INFO - Sync 1 DAGs
[2026-09-17T15:16:01.477+0000] {logging_mixin.py:188} INFO - [2026-09-17T15:16:01.477+0000] {dag.py:3954} INFO - Setting next_dagrun for youtube_warehouse to None, run_after=None
[2026-09-17T15:16:01.514+0000] {processor.py:183} INFO - Processing /opt/airflow/dags/warehouse_dag.py took 0.886 seconds
[2026-09-17T15:16:31.903+0000] {processor.py:161} INFO - Started process (PID=2285) to work on /opt/airflow/dags/warehouse_dag.py
[2026-09-17T15:16:31.906+0000] {processor.py:830} INFO - Processing file /opt/airflow/dags/warehouse_dag.py for tasks to queue
[2026-09-17T15:16:31.909+0000] {logging_mixin.py:188} INFO - [2026-09-17T15:16:31.909+0000] {dagbag.py:545} INFO - Filling up the DagBag from /opt/airflow/dags/warehouse_dag.py
[2026-09-17T15:16:32.229+0000] {processor.py:840} INFO - DAG(s) 'youtube_warehouse' retrieved from /opt/airflow/dags/warehouse_dag.py
[2026-09-17T15:16:32.254+0000] {logging_mixin.py:188} INFO - [2026-09-17T15:16:32.253+0000] {dag.py:3096} INFO - Sync 1 DAGs
[2026-09-17T15:16:32.269+0000] {logging_mixin.py:188} INFO - [2026-09-17T15:16:32.268+0000] {dag.py:3954} INFO - Setting next_dagrun for youtube_warehouse to None, run_after=None
[2026-09-17T15:16:32.336+0000] {processor.py:183} INFO - Processing /opt/airflow/dags/warehouse_dag.py took 0.439 seconds
[2026-09-17T15:17:02.711+0000] {processor.py:161} INFO - Started process (PID=2294) to work on /opt/airflow/dags/warehouse_dag.py
[2026-09-17T15:17:02.714+0000] {processor.py:830} INFO - Processing file /opt/airflow/dags/warehouse_dag.py for tasks to queue
[2026-09-17T15:17:02.736+0000] {logging_mixin.py:188} INFO - [2026-09-17T15:17:02.736+0000] {dagbag.py:545} INFO - Filling up the DagBag from /opt/airflow/dags/warehouse_dag.py
[2026-09-17T15:17:03.050+0000] {processor.py:840} INFO - DAG(s) 'youtube_warehouse' retrieved from /opt/airflow/dags/warehouse_dag.py
[2026-09-17T15:17:03.072+0000] {logging_mixin.py:188} INFO - [2026-09-17T15:17:03.072+0000] {dag.py:3096} INFO - Sync 1 DAGs
[2026-09-17T15:17:03.084+0000] {logging_mixin.py:188} INFO - [2026-09-17T15:17:03.084+0000] {dag.py:3954} INFO - Setting next_dagrun for youtube_warehouse to None, run_after=None
[2026-09-17T15:17:03.128+0000] {processor.py:183} INFO - Processing /opt/airflow/dags/warehouse_dag.py took 0.423 seconds
[2026-09-17T15:17:33.397+0000] {processor.py:161} INFO - Started process (PID=2303) to work on /opt/airflow/dags/warehouse_dag.py
[2026-09-17T15:17:33.415+0000] {processor.py:830} INFO - Processing file /opt/airflow/dags/warehouse_dag.py for tasks to queue
[2026-09-17T15:17:33.418+0000] {logging_mixin.py:188} INFO - [2026-09-17T15:17:33.418+0000] {dagbag.py:545} INFO - Filling up the DagBag from /opt/airflow/dags/warehouse_dag.py
[2026-09-17T15:17:33.775+0000] {processor.py:840} INFO - DAG(s) 'youtube_warehouse' retrieved from /opt/airflow/dags/warehouse_dag.py
[2026-09-17T15:17:33.797+0000] {logging_mixin.py:188} INFO - [2026-09-17T15:17:33.797+0000] {dag.py:3096} INFO - Sync 1 DAGs
[2026-09-17T15:17:33.809+0000] {logging_mixin.py:188} INFO - [2026-09-17T15:17:33.809+0000] {dag.py:3954} INFO - Setting next_dagrun for youtube_warehouse to None, run_after=None
[2026-09-17T15:17:33.853+0000] {processor.py:183} INFO - Processing /opt/airflow/dags/warehouse_dag.py took 0.464 seconds
[2026-09-17T15:18:04.046+0000] {processor.py:161} INFO - Started process (PID=2312) to work on /opt/airflow/dags/warehouse_dag.py
[2026-09-17T15:18:04.080+0000] {processor.py:830} INFO - Processing file /opt/airflow/dags/warehouse_dag.py for tasks to queue
[2026-09-17T15:18:04.083+0000] {logging_mixin.py:188} INFO - [2026-09-17T15:18:04.083+0000] {dagbag.py:545} INFO - Filling up the DagBag from /opt/airflow/dags/warehouse_dag.py
[2026-09-17T15:18:04.435+0000] {processor.py:840} INFO - DAG(s) 'youtube_warehouse' retrieved from /opt/airflow/dags/warehouse_dag.py
[2026-09-17T15:18:04.493+0000] {logging_mixin.py:188} INFO - [2026-09-17T15:18:04.493+0000] {dag.py:3096} INFO - Sync 1 DAGs
[2026-09-17T15:18:04.538+0000] {logging_mixin.py:188} INFO - [2026-09-17T15:18:04.538+0000] {dag.py:3954} INFO - Setting next_dagrun for youtube_warehouse to None, run_after=None
[2026-09-17T15:18:04.573+0000] {processor.py:183} INFO - Processing /opt/airflow/dags/warehouse_dag.py took 0.534 seconds
[2026-09-17T15:18:35.339+0000] {processor.py:161} INFO - Started process (PID=2321) to work on /opt/airflow/dags/warehouse_dag.py
[2026-09-17T15:18:35.342+0000] {processor.py:830} INFO - Processing file /opt/airflow/dags/warehouse_dag.py for tasks to queue
[2026-09-17T15:18:35.347+0000] {logging_mixin.py:188} INFO - [2026-09-17T15:18:35.346+0000] {dagbag.py:545} INFO - Filling up the DagBag from /opt/airflow/dags/warehouse_dag.py
[2026-09-17T15:18:35.702+0000] {processor.py:840} INFO - DAG(s) 'youtube_warehouse' retrieved from /opt/airflow/dags/warehouse_dag.py
[2026-09-17T15:18:35.741+0000] {logging_mixin.py:188} INFO - [2026-09-17T15:18:35.740+0000] {dag.py:3096} INFO - Sync 1 DAGs
[2026-09-17T15:18:35.752+0000] {logging_mixin.py:188} INFO - [2026-09-17T15:18:35.751+0000] {dag.py:3954} INFO - Setting next_dagrun for youtube_warehouse to None, run_after=None
[2026-09-17T15:18:35.827+0000] {processor.py:183} INFO - Processing /opt/airflow/dags/warehouse_dag.py took 0.496 seconds
[2026-09-17T15:19:05.984+0000] {processor.py:161} INFO - Started process (PID=2330) to work on /opt/airflow/dags/warehouse_dag.py
[2026-09-17T15:19:05.986+0000] {processor.py:830} INFO - Processing file /opt/airflow/dags/warehouse_dag.py for tasks to queue
[2026-09-17T15:19:05.991+0000] {logging_mixin.py:188} INFO - [2026-09-17T15:19:05.989+0000] {dagbag.py:545} INFO - Filling up the DagBag from /opt/airflow/dags/warehouse_dag.py
[2026-09-17T15:19:06.325+0000] {processor.py:840} INFO - DAG(s) 'youtube_warehouse' retrieved from /opt/airflow/dags/warehouse_dag.py
[2026-09-17T15:19:06.376+0000] {logging_mixin.py:188} INFO - [2026-09-17T15:19:06.375+0000] {dag.py:3096} INFO - Sync 1 DAGs
[2026-09-17T15:19:06.388+0000] {logging_mixin.py:188} INFO - [2026-09-17T15:19:06.386+0000] {dag.py:3954} INFO - Setting next_dagrun for youtube_warehouse to None, run_after=None
[2026-09-17T15:19:06.430+0000] {processor.py:183} INFO - Processing /opt/airflow/dags/warehouse_dag.py took 0.452 seconds
[2026-09-17T15:19:36.845+0000] {processor.py:161} INFO - Started process (PID=2340) to work on /opt/airflow/dags/warehouse_dag.py
[2026-09-17T15:19:36.866+0000] {processor.py:830} INFO - Processing file /opt/airflow/dags/warehouse_dag.py for tasks to queue
[2026-09-17T15:19:36.870+0000] {logging_mixin.py:188} INFO - [2026-09-17T15:19:36.870+0000] {dagbag.py:545} INFO - Filling up the DagBag from /opt/airflow/dags/warehouse_dag.py
[2026-09-17T15:19:37.207+0000] {processor.py:840} INFO - DAG(s) 'youtube_warehouse' retrieved from /opt/airflow/dags/warehouse_dag.py
[2026-09-17T15:19:37.226+0000] {logging_mixin.py:188} INFO - [2026-09-17T15:19:37.226+0000] {dag.py:3096} INFO - Sync 1 DAGs
[2026-09-17T15:19:37.238+0000] {logging_mixin.py:188} INFO - [2026-09-17T15:19:37.238+0000] {dag.py:3954} INFO - Setting next_dagrun for youtube_warehouse to None, run_after=None
[2026-09-17T15:19:38.253+0000] {processor.py:183} INFO - Processing /opt/airflow/dags/warehouse_dag.py took 1.413 seconds
[2026-09-17T15:20:08.651+0000] {processor.py:161} INFO - Started process (PID=2355) to work on /opt/airflow/dags/warehouse_dag.py
[2026-09-17T15:20:08.654+0000] {processor.py:830} INFO - Processing file /opt/airflow/dags/warehouse_dag.py for tasks to queue
[2026-09-17T15:20:08.657+0000] {logging_mixin.py:188} INFO - [2026-09-17T15:20:08.657+0000] {dagbag.py:545} INFO - Filling up the DagBag from /opt/airflow/dags/warehouse_dag.py
[2026-09-17T15:20:09.024+0000] {processor.py:840} INFO - DAG(s) 'youtube_warehouse' retrieved from /opt/airflow/dags/warehouse_dag.py
[2026-09-17T15:20:09.075+0000] {logging_mixin.py:188} INFO - [2026-09-17T15:20:09.074+0000] {dag.py:3096} INFO - Sync 1 DAGs
[2026-09-17T15:20:09.087+0000] {logging_mixin.py:188} INFO - [2026-09-17T15:20:09.087+0000] {dag.py:3954} INFO - Setting next_dagrun for youtube_warehouse to None, run_after=None
[2026-09-17T15:20:09.148+0000] {processor.py:183} INFO - Processing /opt/airflow/dags/warehouse_dag.py took 0.503 seconds
[2026-09-17T15:20:39.952+0000] {processor.py:161} INFO - Started process (PID=2364) to work on /opt/airflow/dags/warehouse_dag.py
[2026-09-17T15:20:39.954+0000] {processor.py:830} INFO - Processing file /opt/airflow/dags/warehouse_dag.py for tasks to queue
[2026-09-17T15:20:39.956+0000] {logging_mixin.py:188} INFO - [2026-09-17T15:20:39.956+0000] {dagbag.py:545} INFO - Filling up the DagBag from /opt/airflow/dags/warehouse_dag.py
[2026-09-17T15:20:40.236+0000] {processor.py:840} INFO - DAG(s) 'youtube_warehouse' retrieved from /opt/airflow/dags/warehouse_dag.py
[2026-09-17T15:20:40.273+0000] {logging_mixin.py:188} INFO - [2026-09-17T15:20:40.272+0000] {dag.py:3096} INFO - Sync 1 DAGs
[2026-09-17T15:20:40.284+0000] {logging_mixin.py:188} INFO - [2026-09-17T15:20:40.283+0000] {dag.py:3954} INFO - Setting next_dagrun for youtube_warehouse to None, run_after=None
[2026-09-17T15:20:40.315+0000] {processor.py:183} INFO - Processing /opt/airflow/dags/warehouse_dag.py took 0.369 seconds
[2026-09-17T15:21:10.907+0000] {processor.py:161} INFO - Started process (PID=2373) to work on /opt/airflow/dags/warehouse_dag.py
[2026-09-17T15:21:10.909+0000] {processor.py:830} INFO - Processing file /opt/airflow/dags/warehouse_dag.py for tasks to queue
[2026-09-17T15:21:10.912+0000] {logging_mixin.py:188} INFO - [2026-09-17T15:21:10.911+0000] {dagbag.py:545} INFO - Filling up the DagBag from /opt/airflow/dags/warehouse_dag.py
[2026-09-17T15:21:11.195+0000] {processor.py:840} INFO - DAG(s) 'youtube_warehouse' retrieved from /opt/airflow/dags/warehouse_dag.py
[2026-09-17T15:21:11.214+0000] {logging_mixin.py:188} INFO - [2026-09-17T15:21:11.214+0000] {dag.py:3096} INFO - Sync 1 DAGs
[2026-09-17T15:21:11.225+0000] {logging_mixin.py:188} INFO - [2026-09-17T15:21:11.224+0000] {dag.py:3954} INFO - Setting next_dagrun for youtube_warehouse to None, run_after=None
[2026-09-17T15:21:11.264+0000] {processor.py:183} INFO - Processing /opt/airflow/dags/warehouse_dag.py took 0.362 seconds
[2026-09-17T15:21:41.496+0000] {processor.py:161} INFO - Started process (PID=2382) to work on /opt/airflow/dags/warehouse_dag.py
[2026-09-17T15:21:41.499+0000] {processor.py:830} INFO - Processing file /opt/airflow/dags/warehouse_dag.py for tasks to queue
[2026-09-17T15:21:41.502+0000] {logging_mixin.py:188} INFO - [2026-09-17T15:21:41.502+0000] {dagbag.py:545} INFO - Filling up the DagBag from /opt/airflow/dags/warehouse_dag.py
[2026-09-17T15:21:41.812+0000] {processor.py:840} INFO - DAG(s) 'youtube_warehouse' retrieved from /opt/airflow/dags/warehouse_dag.py
[2026-09-17T15:21:41.861+0000] {logging_mixin.py:188} INFO - [2026-09-17T15:21:41.861+0000] {dag.py:3096} INFO - Sync 1 DAGs
[2026-09-17T15:21:41.872+0000] {logging_mixin.py:188} INFO - [2026-09-17T15:21:41.872+0000] {dag.py:3954} INFO - Setting next_dagrun for youtube_warehouse to None, run_after=None
[2026-09-17T15:21:41.915+0000] {processor.py:183} INFO - Processing /opt/airflow/dags/warehouse_dag.py took 0.425 seconds
[2026-09-17T15:22:12.124+0000] {processor.py:161} INFO - Started process (PID=2391) to work on /opt/airflow/dags/warehouse_dag.py
[2026-09-17T15:22:12.127+0000] {processor.py:830} INFO - Processing file /opt/airflow/dags/warehouse_dag.py for tasks to queue
[2026-09-17T15:22:12.132+0000] {logging_mixin.py:188} INFO - [2026-09-17T15:22:12.132+0000] {dagbag.py:545} INFO - Filling up the DagBag from /opt/airflow/dags/warehouse_dag.py
[2026-09-17T15:22:12.467+0000] {processor.py:840} INFO - DAG(s) 'youtube_warehouse' retrieved from /opt/airflow/dags/warehouse_dag.py
[2026-09-17T15:22:12.506+0000] {logging_mixin.py:188} INFO - [2026-09-17T15:22:12.506+0000] {dag.py:3096} INFO - Sync 1 DAGs
[2026-09-17T15:22:12.519+0000] {logging_mixin.py:188} INFO - [2026-09-17T15:22:12.518+0000] {dag.py:3954} INFO - Setting next_dagrun for youtube_warehouse to None, run_after=None
[2026-09-17T15:22:12.723+0000] {processor.py:183} INFO - Processing /opt/airflow/dags/warehouse_dag.py took 0.604 seconds
[2026-09-17T15:22:43.570+0000] {processor.py:161} INFO - Started process (PID=2400) to work on /opt/airflow/dags/warehouse_dag.py
[2026-09-17T15:22:43.573+0000] {processor.py:830} INFO - Processing file /opt/airflow/dags/warehouse_dag.py for tasks to queue
[2026-09-17T15:22:43.576+0000] {logging_mixin.py:188} INFO - [2026-09-17T15:22:43.575+0000] {dagbag.py:545} INFO - Filling up the DagBag from /opt/airflow/dags/warehouse_dag.py
[2026-09-17T15:22:44.203+0000] {processor.py:840} INFO - DAG(s) 'youtube_warehouse' retrieved from /opt/airflow/dags/warehouse_dag.py
[2026-09-17T15:22:44.239+0000] {logging_mixin.py:188} INFO - [2026-09-17T15:22:44.238+0000] {dag.py:3096} INFO - Sync 1 DAGs
[2026-09-17T15:22:44.255+0000] {logging_mixin.py:188} INFO - [2026-09-17T15:22:44.254+0000] {dag.py:3954} INFO - Setting next_dagrun for youtube_warehouse to None, run_after=None
[2026-09-17T15:22:44.317+0000] {processor.py:183} INFO - Processing /opt/airflow/dags/warehouse_dag.py took 0.752 seconds
[2026-09-17T15:23:14.535+0000] {processor.py:161} INFO - Started process (PID=2409) to work on /opt/airflow/dags/warehouse_dag.py
[2026-09-17T15:23:14.538+0000] {processor.py:830} INFO - Processing file /opt/airflow/dags/warehouse_dag.py for tasks to queue
[2026-09-17T15:23:14.541+0000] {logging_mixin.py:188} INFO - [2026-09-17T15:23:14.540+0000] {dagbag.py:545} INFO - Filling up the DagBag from /opt/airflow/dags/warehouse_dag.py
[2026-09-17T15:23:15.187+0000] {processor.py:840} INFO - DAG(s) 'youtube_warehouse' retrieved from /opt/airflow/dags/warehouse_dag.py
[2026-09-17T15:23:15.229+0000] {logging_mixin.py:188} INFO - [2026-09-17T15:23:15.227+0000] {dag.py:3096} INFO - Sync 1 DAGs
[2026-09-17T15:23:15.246+0000] {logging_mixin.py:188} INFO - [2026-09-17T15:23:15.246+0000] {dag.py:3954} INFO - Setting next_dagrun for youtube_warehouse to None, run_after=None
[2026-09-17T15:23:15.289+0000] {processor.py:183} INFO - Processing /opt/airflow/dags/warehouse_dag.py took 0.760 seconds
[2026-09-17T15:23:45.692+0000] {processor.py:161} INFO - Started process (PID=2418) to work on /opt/airflow/dags/warehouse_dag.py
[2026-09-17T15:23:45.695+0000] {processor.py:830} INFO - Processing file /opt/airflow/dags/warehouse_dag.py for tasks to queue
[2026-09-17T15:23:45.698+0000] {logging_mixin.py:188} INFO - [2026-09-17T15:23:45.697+0000] {dagbag.py:545} INFO - Filling up the DagBag from /opt/airflow/dags/warehouse_dag.py
[2026-09-17T15:23:46.114+0000] {processor.py:840} INFO - DAG(s) 'youtube_warehouse' retrieved from /opt/airflow/dags/warehouse_dag.py
[2026-09-17T15:23:46.158+0000] {logging_mixin.py:188} INFO - [2026-09-17T15:23:46.158+0000] {dag.py:3096} INFO - Sync 1 DAGs
[2026-09-17T15:23:46.174+0000] {logging_mixin.py:188} INFO - [2026-09-17T15:23:46.174+0000] {dag.py:3954} INFO - Setting next_dagrun for youtube_warehouse to None, run_after=None
[2026-09-17T15:23:46.219+0000] {processor.py:183} INFO - Processing /opt/airflow/dags/warehouse_dag.py took 0.532 seconds
[2026-09-17T15:24:16.649+0000] {processor.py:161} INFO - Started process (PID=2427) to work on /opt/airflow/dags/warehouse_dag.py
[2026-09-17T15:24:16.651+0000] {processor.py:830} INFO - Processing file /opt/airflow/dags/warehouse_dag.py for tasks to queue
[2026-09-17T15:24:16.655+0000] {logging_mixin.py:188} INFO - [2026-09-17T15:24:16.655+0000] {dagbag.py:545} INFO - Filling up the DagBag from /opt/airflow/dags/warehouse_dag.py
[2026-09-17T15:24:16.959+0000] {processor.py:840} INFO - DAG(s) 'youtube_warehouse' retrieved from /opt/airflow/dags/warehouse_dag.py
[2026-09-17T15:24:16.993+0000] {logging_mixin.py:188} INFO - [2026-09-17T15:24:16.993+0000] {dag.py:3096} INFO - Sync 1 DAGs
[2026-09-17T15:24:17.004+0000] {logging_mixin.py:188} INFO - [2026-09-17T15:24:17.004+0000] {dag.py:3954} INFO - Setting next_dagrun for youtube_warehouse to None, run_after=None
[2026-09-17T15:24:17.046+0000] {processor.py:183} INFO - Processing /opt/airflow/dags/warehouse_dag.py took 0.405 seconds
[2026-09-17T15:24:47.288+0000] {processor.py:161} INFO - Started process (PID=2436) to work on /opt/airflow/dags/warehouse_dag.py
[2026-09-17T15:24:47.290+0000] {processor.py:830} INFO - Processing file /opt/airflow/dags/warehouse_dag.py for tasks to queue
[2026-09-17T15:24:47.295+0000] {logging_mixin.py:188} INFO - [2026-09-17T15:24:47.294+0000] {dagbag.py:545} INFO - Filling up the DagBag from /opt/airflow/dags/warehouse_dag.py
[2026-09-17T15:24:47.640+0000] {processor.py:840} INFO - DAG(s) 'youtube_warehouse' retrieved from /opt/airflow/dags/warehouse_dag.py
[2026-09-17T15:24:47.673+0000] {logging_mixin.py:188} INFO - [2026-09-17T15:24:47.672+0000] {dag.py:3096} INFO - Sync 1 DAGs
[2026-09-17T15:24:47.688+0000] {logging_mixin.py:188} INFO - [2026-09-17T15:24:47.688+0000] {dag.py:3954} INFO - Setting next_dagrun for youtube_warehouse to None, run_after=None
[2026-09-17T15:24:47.723+0000] {processor.py:183} INFO - Processing /opt/airflow/dags/warehouse_dag.py took 0.452 seconds
[2026-09-17T15:25:17.969+0000] {processor.py:161} INFO - Started process (PID=2445) to work on /opt/airflow/dags/warehouse_dag.py
[2026-09-17T15:25:17.997+0000] {processor.py:830} INFO - Processing file /opt/airflow/dags/warehouse_dag.py for tasks to queue
[2026-09-17T15:25:18.001+0000] {logging_mixin.py:188} INFO - [2026-09-17T15:25:18.001+0000] {dagbag.py:545} INFO - Filling up the DagBag from /opt/airflow/dags/warehouse_dag.py
[2026-09-17T15:25:18.401+0000] {processor.py:840} INFO - DAG(s) 'youtube_warehouse' retrieved from /opt/airflow/dags/warehouse_dag.py
[2026-09-17T15:25:18.422+0000] {logging_mixin.py:188} INFO - [2026-09-17T15:25:18.422+0000] {dag.py:3096} INFO - Sync 1 DAGs
[2026-09-17T15:25:18.436+0000] {logging_mixin.py:188} INFO - [2026-09-17T15:25:18.436+0000] {dag.py:3954} INFO - Setting next_dagrun for youtube_warehouse to None, run_after=None
[2026-09-17T15:25:18.797+0000] {processor.py:183} INFO - Processing /opt/airflow/dags/warehouse_dag.py took 0.837 seconds
[2026-09-17T15:25:49.297+0000] {processor.py:161} INFO - Started process (PID=2454) to work on /opt/airflow/dags/warehouse_dag.py
[2026-09-17T15:25:49.300+0000] {processor.py:830} INFO - Processing file /opt/airflow/dags/warehouse_dag.py for tasks to queue
[2026-09-17T15:25:49.302+0000] {logging_mixin.py:188} INFO - [2026-09-17T15:25:49.302+0000] {dagbag.py:545} INFO - Filling up the DagBag from /opt/airflow/dags/warehouse_dag.py
[2026-09-17T15:25:49.666+0000] {processor.py:840} INFO - DAG(s) 'youtube_warehouse' retrieved from /opt/airflow/dags/warehouse_dag.py
[2026-09-17T15:25:49.691+0000] {logging_mixin.py:188} INFO - [2026-09-17T15:25:49.691+0000] {dag.py:3096} INFO - Sync 1 DAGs
[2026-09-17T15:25:49.708+0000] {logging_mixin.py:188} INFO - [2026-09-17T15:25:49.708+0000] {dag.py:3954} INFO - Setting next_dagrun for youtube_warehouse to None, run_after=None
[2026-09-17T15:25:49.743+0000] {processor.py:183} INFO - Processing /opt/airflow/dags/warehouse_dag.py took 0.541 seconds
[2026-09-17T15:26:20.281+0000] {processor.py:161} INFO - Started process (PID=2463) to work on /opt/airflow/dags/warehouse_dag.py
[2026-09-17T15:26:20.291+0000] {processor.py:830} INFO - Processing file /opt/airflow/dags/warehouse_dag.py for tasks to queue
[2026-09-17T15:26:20.297+0000] {logging_mixin.py:188} INFO - [2026-09-17T15:26:20.297+0000] {dagbag.py:545} INFO - Filling up the DagBag from /opt/airflow/dags/warehouse_dag.py
[2026-09-17T15:26:20.831+0000] {processor.py:840} INFO - DAG(s) 'youtube_warehouse' retrieved from /opt/airflow/dags/warehouse_dag.py
[2026-09-17T15:26:20.878+0000] {logging_mixin.py:188} INFO - [2026-09-17T15:26:20.878+0000] {dag.py:3096} INFO - Sync 1 DAGs
[2026-09-17T15:26:20.909+0000] {logging_mixin.py:188} INFO - [2026-09-17T15:26:20.908+0000] {dag.py:3954} INFO - Setting next_dagrun for youtube_warehouse to None, run_after=None
[2026-09-17T15:26:20.955+0000] {processor.py:183} INFO - Processing /opt/airflow/dags/warehouse_dag.py took 0.684 seconds
[2026-09-17T15:26:51.753+0000] {processor.py:161} INFO - Started process (PID=2472) to work on /opt/airflow/dags/warehouse_dag.py
[2026-09-17T15:26:51.755+0000] {processor.py:830} INFO - Processing file /opt/airflow/dags/warehouse_dag.py for tasks to queue
[2026-09-17T15:26:51.758+0000] {logging_mixin.py:188} INFO - [2026-09-17T15:26:51.758+0000] {dagbag.py:545} INFO - Filling up the DagBag from /opt/airflow/dags/warehouse_dag.py
[2026-09-17T15:26:52.085+0000] {processor.py:840} INFO - DAG(s) 'youtube_warehouse' retrieved from /opt/airflow/dags/warehouse_dag.py
[2026-09-17T15:26:52.106+0000] {logging_mixin.py:188} INFO - [2026-09-17T15:26:52.106+0000] {dag.py:3096} INFO - Sync 1 DAGs
[2026-09-17T15:26:52.130+0000] {logging_mixin.py:188} INFO - [2026-09-17T15:26:52.129+0000] {dag.py:3954} INFO - Setting next_dagrun for youtube_warehouse to None, run_after=None
[2026-09-17T15:26:52.159+0000] {processor.py:183} INFO - Processing /opt/airflow/dags/warehouse_dag.py took 0.412 seconds
[2026-09-17T15:27:22.654+0000] {processor.py:161} INFO - Started process (PID=2481) to work on /opt/airflow/dags/warehouse_dag.py
[2026-09-17T15:27:22.657+0000] {processor.py:830} INFO - Processing file /opt/airflow/dags/warehouse_dag.py for tasks to queue
[2026-09-17T15:27:22.661+0000] {logging_mixin.py:188} INFO - [2026-09-17T15:27:22.661+0000] {dagbag.py:545} INFO - Filling up the DagBag from /opt/airflow/dags/warehouse_dag.py
[2026-09-17T15:27:23.263+0000] {processor.py:840} INFO - DAG(s) 'youtube_warehouse' retrieved from /opt/airflow/dags/warehouse_dag.py
[2026-09-17T15:27:23.302+0000] {logging_mixin.py:188} INFO - [2026-09-17T15:27:23.300+0000] {dag.py:3096} INFO - Sync 1 DAGs
[2026-09-17T15:27:23.338+0000] {logging_mixin.py:188} INFO - [2026-09-17T15:27:23.338+0000] {dag.py:3954} INFO - Setting next_dagrun for youtube_warehouse to None, run_after=None
[2026-09-17T15:27:23.404+0000] {processor.py:183} INFO - Processing /opt/airflow/dags/warehouse_dag.py took 0.760 seconds
[2026-09-17T15:27:54.009+0000] {processor.py:161} INFO - Started process (PID=2490) to work on /opt/airflow/dags/warehouse_dag.py
[2026-09-17T15:27:54.011+0000] {processor.py:830} INFO - Processing file /opt/airflow/dags/warehouse_dag.py for tasks to queue
[2026-09-17T15:27:54.014+0000] {logging_mixin.py:188} INFO - [2026-09-17T15:27:54.013+0000] {dagbag.py:545} INFO - Filling up the DagBag from /opt/airflow/dags/warehouse_dag.py
[2026-09-17T15:27:54.289+0000] {processor.py:840} INFO - DAG(s) 'youtube_warehouse' retrieved from /opt/airflow/dags/warehouse_dag.py
[2026-09-17T15:27:54.314+0000] {logging_mixin.py:188} INFO - [2026-09-17T15:27:54.314+0000] {dag.py:3096} INFO - Sync 1 DAGs
[2026-09-17T15:27:54.324+0000] {logging_mixin.py:188} INFO - [2026-09-17T15:27:54.324+0000] {dag.py:3954} INFO - Setting next_dagrun for youtube_warehouse to None, run_after=None
[2026-09-17T15:27:54.521+0000] {processor.py:183} INFO - Processing /opt/airflow/dags/warehouse_dag.py took 0.517 seconds
[2026-09-17T15:28:24.636+0000] {processor.py:161} INFO - Started process (PID=2499) to work on /opt/airflow/dags/warehouse_dag.py
[2026-09-17T15:28:24.657+0000] {processor.py:830} INFO - Processing file /opt/airflow/dags/warehouse_dag.py for tasks to queue
[2026-09-17T15:28:24.661+0000] {logging_mixin.py:188} INFO - [2026-09-17T15:28:24.660+0000] {dagbag.py:545} INFO - Filling up the DagBag from /opt/airflow/dags/warehouse_dag.py
[2026-09-17T15:28:25.268+0000] {processor.py:840} INFO - DAG(s) 'youtube_warehouse' retrieved from /opt/airflow/dags/warehouse_dag.py
[2026-09-17T15:28:25.307+0000] {logging_mixin.py:188} INFO - [2026-09-17T15:28:25.304+0000] {dag.py:3096} INFO - Sync 1 DAGs
[2026-09-17T15:28:25.329+0000] {logging_mixin.py:188} INFO - [2026-09-17T15:28:25.328+0000] {dag.py:3954} INFO - Setting next_dagrun for youtube_warehouse to None, run_after=None
[2026-09-17T15:28:25.384+0000] {processor.py:183} INFO - Processing /opt/airflow/dags/warehouse_dag.py took 0.755 seconds
[2026-09-17T15:28:55.795+0000] {processor.py:161} INFO - Started process (PID=2508) to work on /opt/airflow/dags/warehouse_dag.py
[2026-09-17T15:28:55.798+0000] {processor.py:830} INFO - Processing file /opt/airflow/dags/warehouse_dag.py for tasks to queue
[2026-09-17T15:28:55.801+0000] {logging_mixin.py:188} INFO - [2026-09-17T15:28:55.801+0000] {dagbag.py:545} INFO - Filling up the DagBag from /opt/airflow/dags/warehouse_dag.py
[2026-09-17T15:28:56.133+0000] {processor.py:840} INFO - DAG(s) 'youtube_warehouse' retrieved from /opt/airflow/dags/warehouse_dag.py
[2026-09-17T15:28:56.164+0000] {logging_mixin.py:188} INFO - [2026-09-17T15:28:56.164+0000] {dag.py:3096} INFO - Sync 1 DAGs
[2026-09-17T15:28:56.179+0000] {logging_mixin.py:188} INFO - [2026-09-17T15:28:56.179+0000] {dag.py:3954} INFO - Setting next_dagrun for youtube_warehouse to None, run_after=None
[2026-09-17T15:28:56.224+0000] {processor.py:183} INFO - Processing /opt/airflow/dags/warehouse_dag.py took 0.435 seconds
[2026-09-17T15:29:26.693+0000] {processor.py:161} INFO - Started process (PID=2517) to work on /opt/airflow/dags/warehouse_dag.py
[2026-09-17T15:29:26.695+0000] {processor.py:830} INFO - Processing file /opt/airflow/dags/warehouse_dag.py for tasks to queue
[2026-09-17T15:29:26.698+0000] {logging_mixin.py:188} INFO - [2026-09-17T15:29:26.698+0000] {dagbag.py:545} INFO - Filling up the DagBag from /opt/airflow/dags/warehouse_dag.py
[2026-09-17T15:29:27.031+0000] {processor.py:840} INFO - DAG(s) 'youtube_warehouse' retrieved from /opt/airflow/dags/warehouse_dag.py
[2026-09-17T15:29:27.075+0000] {logging_mixin.py:188} INFO - [2026-09-17T15:29:27.075+0000] {dag.py:3096} INFO - Sync 1 DAGs
[2026-09-17T15:29:27.088+0000] {logging_mixin.py:188} INFO - [2026-09-17T15:29:27.088+0000] {dag.py:3954} INFO - Setting next_dagrun for youtube_warehouse to None, run_after=None
[2026-09-17T15:29:27.137+0000] {processor.py:183} INFO - Processing /opt/airflow/dags/warehouse_dag.py took 0.450 seconds
[2026-09-17T15:29:57.463+0000] {processor.py:161} INFO - Started process (PID=2526) to work on /opt/airflow/dags/warehouse_dag.py
[2026-09-17T15:29:57.466+0000] {processor.py:830} INFO - Processing file /opt/airflow/dags/warehouse_dag.py for tasks to queue
[2026-09-17T15:29:57.469+0000] {logging_mixin.py:188} INFO - [2026-09-17T15:29:57.469+0000] {dagbag.py:545} INFO - Filling up the DagBag from /opt/airflow/dags/warehouse_dag.py
[2026-09-17T15:29:57.814+0000] {processor.py:840} INFO - DAG(s) 'youtube_warehouse' retrieved from /opt/airflow/dags/warehouse_dag.py
[2026-09-17T15:29:57.834+0000] {logging_mixin.py:188} INFO - [2026-09-17T15:29:57.833+0000] {dag.py:3096} INFO - Sync 1 DAGs
[2026-09-17T15:29:57.848+0000] {logging_mixin.py:188} INFO - [2026-09-17T15:29:57.848+0000] {dag.py:3954} INFO - Setting next_dagrun for youtube_warehouse to None, run_after=None
[2026-09-17T15:29:57.872+0000] {processor.py:183} INFO - Processing /opt/airflow/dags/warehouse_dag.py took 0.415 seconds
[2026-09-17T15:30:28.033+0000] {processor.py:161} INFO - Started process (PID=2535) to work on /opt/airflow/dags/warehouse_dag.py
[2026-09-17T15:30:28.057+0000] {processor.py:830} INFO - Processing file /opt/airflow/dags/warehouse_dag.py for tasks to queue
[2026-09-17T15:30:28.062+0000] {logging_mixin.py:188} INFO - [2026-09-17T15:30:28.061+0000] {dagbag.py:545} INFO - Filling up the DagBag from /opt/airflow/dags/warehouse_dag.py
[2026-09-17T15:30:28.403+0000] {processor.py:840} INFO - DAG(s) 'youtube_warehouse' retrieved from /opt/airflow/dags/warehouse_dag.py
[2026-09-17T15:30:28.441+0000] {logging_mixin.py:188} INFO - [2026-09-17T15:30:28.441+0000] {dag.py:3096} INFO - Sync 1 DAGs
[2026-09-17T15:30:28.452+0000] {logging_mixin.py:188} INFO - [2026-09-17T15:30:28.452+0000] {dag.py:3954} INFO - Setting next_dagrun for youtube_warehouse to None, run_after=None
[2026-09-17T15:30:28.473+0000] {processor.py:183} INFO - Processing /opt/airflow/dags/warehouse_dag.py took 0.448 seconds
[2026-09-17T15:30:58.778+0000] {processor.py:161} INFO - Started process (PID=2544) to work on /opt/airflow/dags/warehouse_dag.py
[2026-09-17T15:30:58.780+0000] {processor.py:830} INFO - Processing file /opt/airflow/dags/warehouse_dag.py for tasks to queue
[2026-09-17T15:30:58.784+0000] {logging_mixin.py:188} INFO - [2026-09-17T15:30:58.783+0000] {dagbag.py:545} INFO - Filling up the DagBag from /opt/airflow/dags/warehouse_dag.py
[2026-09-17T15:30:59.133+0000] {processor.py:840} INFO - DAG(s) 'youtube_warehouse' retrieved from /opt/airflow/dags/warehouse_dag.py
[2026-09-17T15:30:59.168+0000] {logging_mixin.py:188} INFO - [2026-09-17T15:30:59.167+0000] {dag.py:3096} INFO - Sync 1 DAGs
[2026-09-17T15:30:59.186+0000] {logging_mixin.py:188} INFO - [2026-09-17T15:30:59.185+0000] {dag.py:3954} INFO - Setting next_dagrun for youtube_warehouse to None, run_after=None
[2026-09-17T15:30:59.570+0000] {processor.py:183} INFO - Processing /opt/airflow/dags/warehouse_dag.py took 0.799 seconds
[2026-09-17T15:31:30.028+0000] {processor.py:161} INFO - Started process (PID=2553) to work on /opt/airflow/dags/warehouse_dag.py
[2026-09-17T15:31:30.050+0000] {processor.py:830} INFO - Processing file /opt/airflow/dags/warehouse_dag.py for tasks to queue
[2026-09-17T15:31:30.054+0000] {logging_mixin.py:188} INFO - [2026-09-17T15:31:30.054+0000] {dagbag.py:545} INFO - Filling up the DagBag from /opt/airflow/dags/warehouse_dag.py
[2026-09-17T15:31:30.440+0000] {processor.py:840} INFO - DAG(s) 'youtube_warehouse' retrieved from /opt/airflow/dags/warehouse_dag.py
[2026-09-17T15:31:30.465+0000] {logging_mixin.py:188} INFO - [2026-09-17T15:31:30.464+0000] {dag.py:3096} INFO - Sync 1 DAGs
[2026-09-17T15:31:30.476+0000] {logging_mixin.py:188} INFO - [2026-09-17T15:31:30.476+0000] {dag.py:3954} INFO - Setting next_dagrun for youtube_warehouse to None, run_after=None
[2026-09-17T15:31:30.511+0000] {processor.py:183} INFO - Processing /opt/airflow/dags/warehouse_dag.py took 0.489 seconds
[2026-09-17T15:32:00.772+0000] {processor.py:161} INFO - Started process (PID=2562) to work on /opt/airflow/dags/warehouse_dag.py
[2026-09-17T15:32:00.775+0000] {processor.py:830} INFO - Processing file /opt/airflow/dags/warehouse_dag.py for tasks to queue
[2026-09-17T15:32:00.779+0000] {logging_mixin.py:188} INFO - [2026-09-17T15:32:00.778+0000] {dagbag.py:545} INFO - Filling up the DagBag from /opt/airflow/dags/warehouse_dag.py
[2026-09-17T15:32:01.180+0000] {processor.py:840} INFO - DAG(s) 'youtube_warehouse' retrieved from /opt/airflow/dags/warehouse_dag.py
[2026-09-17T15:32:01.219+0000] {logging_mixin.py:188} INFO - [2026-09-17T15:32:01.219+0000] {dag.py:3096} INFO - Sync 1 DAGs
[2026-09-17T15:32:01.238+0000] {logging_mixin.py:188} INFO - [2026-09-17T15:32:01.238+0000] {dag.py:3954} INFO - Setting next_dagrun for youtube_warehouse to None, run_after=None
[2026-09-17T15:32:01.281+0000] {processor.py:183} INFO - Processing /opt/airflow/dags/warehouse_dag.py took 0.520 seconds
[2026-09-17T15:32:03.409+0000] {processor.py:161} INFO - Started process (PID=2564) to work on /opt/airflow/dags/warehouse_dag.py
[2026-09-17T15:32:03.412+0000] {processor.py:830} INFO - Processing file /opt/airflow/dags/warehouse_dag.py for tasks to queue
[2026-09-17T15:32:03.420+0000] {logging_mixin.py:188} INFO - [2026-09-17T15:32:03.419+0000] {dagbag.py:545} INFO - Filling up the DagBag from /opt/airflow/dags/warehouse_dag.py
[2026-09-17T15:32:04.086+0000] {logging_mixin.py:188} INFO - [2026-09-17T15:32:04.050+0000] {dagbag.py:355} ERROR - Failed to import: /opt/airflow/dags/warehouse_dag.py
Traceback (most recent call last):
  File "/home/airflow/.local/lib/python3.10/site-packages/airflow/models/dagbag.py", line 351, in parse
    loader.exec_module(new_module)
  File "<frozen importlib._bootstrap_external>", line 883, in exec_module
  File "<frozen importlib._bootstrap>", line 241, in _call_with_frames_removed
  File "/opt/airflow/dags/warehouse_dag.py", line 60, in <module>
    staging_task >> core_taskkkk
NameError: name 'core_taskkkk' is not defined
[2026-09-17T15:32:04.091+0000] {processor.py:842} WARNING - No viable dags retrieved from /opt/airflow/dags/warehouse_dag.py
[2026-09-17T15:32:04.148+0000] {processor.py:183} INFO - Processing /opt/airflow/dags/warehouse_dag.py took 0.766 seconds
[2026-09-17T15:32:05.846+0000] {processor.py:161} INFO - Started process (PID=2566) to work on /opt/airflow/dags/warehouse_dag.py
[2026-09-17T15:32:05.848+0000] {processor.py:830} INFO - Processing file /opt/airflow/dags/warehouse_dag.py for tasks to queue
[2026-09-17T15:32:05.852+0000] {logging_mixin.py:188} INFO - [2026-09-17T15:32:05.852+0000] {dagbag.py:545} INFO - Filling up the DagBag from /opt/airflow/dags/warehouse_dag.py
[2026-09-17T15:32:06.206+0000] {processor.py:840} INFO - DAG(s) 'youtube_warehouse' retrieved from /opt/airflow/dags/warehouse_dag.py
[2026-09-17T15:32:06.230+0000] {logging_mixin.py:188} INFO - [2026-09-17T15:32:06.230+0000] {dag.py:3096} INFO - Sync 1 DAGs
[2026-09-17T15:32:06.242+0000] {logging_mixin.py:188} INFO - [2026-09-17T15:32:06.242+0000] {dag.py:3954} INFO - Setting next_dagrun for youtube_warehouse to None, run_after=None
[2026-09-17T15:32:06.280+0000] {processor.py:183} INFO - Processing /opt/airflow/dags/warehouse_dag.py took 0.441 seconds
[2026-09-17T15:32:09.284+0000] {processor.py:161} INFO - Started process (PID=2574) to work on /opt/airflow/dags/warehouse_dag.py
[2026-09-17T15:32:09.286+0000] {processor.py:830} INFO - Processing file /opt/airflow/dags/warehouse_dag.py for tasks to queue
[2026-09-17T15:32:09.290+0000] {logging_mixin.py:188} INFO - [2026-09-17T15:32:09.289+0000] {dagbag.py:545} INFO - Filling up the DagBag from /opt/airflow/dags/warehouse_dag.py
[2026-09-17T15:32:09.673+0000] {processor.py:840} INFO - DAG(s) 'youtube_warehouse' retrieved from /opt/airflow/dags/warehouse_dag.py
[2026-09-17T15:32:09.695+0000] {logging_mixin.py:188} INFO - [2026-09-17T15:32:09.695+0000] {dag.py:3096} INFO - Sync 1 DAGs
[2026-09-17T15:32:09.708+0000] {logging_mixin.py:188} INFO - [2026-09-17T15:32:09.708+0000] {dag.py:3954} INFO - Setting next_dagrun for youtube_warehouse to None, run_after=None
[2026-09-17T15:32:09.738+0000] {processor.py:183} INFO - Processing /opt/airflow/dags/warehouse_dag.py took 0.461 seconds
[2026-09-17T15:32:39.966+0000] {processor.py:161} INFO - Started process (PID=2583) to work on /opt/airflow/dags/warehouse_dag.py
[2026-09-17T15:32:39.969+0000] {processor.py:830} INFO - Processing file /opt/airflow/dags/warehouse_dag.py for tasks to queue
[2026-09-17T15:32:39.972+0000] {logging_mixin.py:188} INFO - [2026-09-17T15:32:39.972+0000] {dagbag.py:545} INFO - Filling up the DagBag from /opt/airflow/dags/warehouse_dag.py
[2026-09-17T15:32:40.332+0000] {processor.py:840} INFO - DAG(s) 'youtube_warehouse' retrieved from /opt/airflow/dags/warehouse_dag.py
[2026-09-17T15:32:40.355+0000] {logging_mixin.py:188} INFO - [2026-09-17T15:32:40.355+0000] {dag.py:3096} INFO - Sync 1 DAGs
[2026-09-17T15:32:40.368+0000] {logging_mixin.py:188} INFO - [2026-09-17T15:32:40.368+0000] {dag.py:3954} INFO - Setting next_dagrun for youtube_warehouse to None, run_after=None
[2026-09-17T15:32:40.388+0000] {processor.py:183} INFO - Processing /opt/airflow/dags/warehouse_dag.py took 0.428 seconds
[2026-09-17T15:33:10.618+0000] {processor.py:161} INFO - Started process (PID=2592) to work on /opt/airflow/dags/warehouse_dag.py
[2026-09-17T15:33:10.622+0000] {processor.py:830} INFO - Processing file /opt/airflow/dags/warehouse_dag.py for tasks to queue
[2026-09-17T15:33:10.637+0000] {logging_mixin.py:188} INFO - [2026-09-17T15:33:10.636+0000] {dagbag.py:545} INFO - Filling up the DagBag from /opt/airflow/dags/warehouse_dag.py
[2026-09-17T15:33:11.199+0000] {processor.py:840} INFO - DAG(s) 'youtube_warehouse' retrieved from /opt/airflow/dags/warehouse_dag.py
[2026-09-17T15:33:11.249+0000] {logging_mixin.py:188} INFO - [2026-09-17T15:33:11.249+0000] {dag.py:3096} INFO - Sync 1 DAGs
[2026-09-17T15:33:11.263+0000] {logging_mixin.py:188} INFO - [2026-09-17T15:33:11.263+0000] {dag.py:3954} INFO - Setting next_dagrun for youtube_warehouse to None, run_after=None
[2026-09-17T15:33:11.312+0000] {processor.py:183} INFO - Processing /opt/airflow/dags/warehouse_dag.py took 0.712 seconds
[2026-09-17T15:33:41.424+0000] {processor.py:161} INFO - Started process (PID=2601) to work on /opt/airflow/dags/warehouse_dag.py
[2026-09-17T15:33:41.427+0000] {processor.py:830} INFO - Processing file /opt/airflow/dags/warehouse_dag.py for tasks to queue
[2026-09-17T15:33:41.430+0000] {logging_mixin.py:188} INFO - [2026-09-17T15:33:41.430+0000] {dagbag.py:545} INFO - Filling up the DagBag from /opt/airflow/dags/warehouse_dag.py
[2026-09-17T15:33:41.842+0000] {processor.py:840} INFO - DAG(s) 'youtube_warehouse' retrieved from /opt/airflow/dags/warehouse_dag.py
[2026-09-17T15:33:41.897+0000] {logging_mixin.py:188} INFO - [2026-09-17T15:33:41.896+0000] {dag.py:3096} INFO - Sync 1 DAGs
[2026-09-17T15:33:41.912+0000] {logging_mixin.py:188} INFO - [2026-09-17T15:33:41.912+0000] {dag.py:3954} INFO - Setting next_dagrun for youtube_warehouse to None, run_after=None
[2026-09-17T15:33:42.212+0000] {processor.py:183} INFO - Processing /opt/airflow/dags/warehouse_dag.py took 0.796 seconds
[2026-09-17T15:34:12.585+0000] {processor.py:161} INFO - Started process (PID=2611) to work on /opt/airflow/dags/warehouse_dag.py
[2026-09-17T15:34:12.587+0000] {processor.py:830} INFO - Processing file /opt/airflow/dags/warehouse_dag.py for tasks to queue
[2026-09-17T15:34:12.590+0000] {logging_mixin.py:188} INFO - [2026-09-17T15:34:12.590+0000] {dagbag.py:545} INFO - Filling up the DagBag from /opt/airflow/dags/warehouse_dag.py
[2026-09-17T15:34:13.015+0000] {processor.py:840} INFO - DAG(s) 'youtube_warehouse' retrieved from /opt/airflow/dags/warehouse_dag.py
[2026-09-17T15:34:13.069+0000] {logging_mixin.py:188} INFO - [2026-09-17T15:34:13.069+0000] {dag.py:3096} INFO - Sync 1 DAGs
[2026-09-17T15:34:13.296+0000] {logging_mixin.py:188} INFO - [2026-09-17T15:34:13.296+0000] {dag.py:3954} INFO - Setting next_dagrun for youtube_warehouse to None, run_after=None
[2026-09-17T15:34:13.335+0000] {processor.py:183} INFO - Processing /opt/airflow/dags/warehouse_dag.py took 0.756 seconds
[2026-09-17T15:34:43.730+0000] {processor.py:161} INFO - Started process (PID=2620) to work on /opt/airflow/dags/warehouse_dag.py
[2026-09-17T15:34:43.745+0000] {processor.py:830} INFO - Processing file /opt/airflow/dags/warehouse_dag.py for tasks to queue
[2026-09-17T15:34:43.787+0000] {logging_mixin.py:188} INFO - [2026-09-17T15:34:43.785+0000] {dagbag.py:545} INFO - Filling up the DagBag from /opt/airflow/dags/warehouse_dag.py
[2026-09-17T15:34:44.647+0000] {processor.py:840} INFO - DAG(s) 'youtube_warehouse' retrieved from /opt/airflow/dags/warehouse_dag.py
[2026-09-17T15:34:44.672+0000] {logging_mixin.py:188} INFO - [2026-09-17T15:34:44.672+0000] {dag.py:3096} INFO - Sync 1 DAGs
[2026-09-17T15:34:44.688+0000] {logging_mixin.py:188} INFO - [2026-09-17T15:34:44.688+0000] {dag.py:3954} INFO - Setting next_dagrun for youtube_warehouse to None, run_after=None
[2026-09-17T15:34:44.715+0000] {processor.py:183} INFO - Processing /opt/airflow/dags/warehouse_dag.py took 0.994 seconds
[2026-09-17T15:35:15.190+0000] {processor.py:161} INFO - Started process (PID=2629) to work on /opt/airflow/dags/warehouse_dag.py
[2026-09-17T15:35:15.199+0000] {processor.py:830} INFO - Processing file /opt/airflow/dags/warehouse_dag.py for tasks to queue
[2026-09-17T15:35:15.204+0000] {logging_mixin.py:188} INFO - [2026-09-17T15:35:15.203+0000] {dagbag.py:545} INFO - Filling up the DagBag from /opt/airflow/dags/warehouse_dag.py
[2026-09-17T15:35:15.818+0000] {processor.py:840} INFO - DAG(s) 'youtube_warehouse' retrieved from /opt/airflow/dags/warehouse_dag.py
[2026-09-17T15:35:15.874+0000] {logging_mixin.py:188} INFO - [2026-09-17T15:35:15.873+0000] {dag.py:3096} INFO - Sync 1 DAGs
[2026-09-17T15:35:15.902+0000] {logging_mixin.py:188} INFO - [2026-09-17T15:35:15.901+0000] {dag.py:3954} INFO - Setting next_dagrun for youtube_warehouse to None, run_after=None
[2026-09-17T15:35:15.948+0000] {processor.py:183} INFO - Processing /opt/airflow/dags/warehouse_dag.py took 0.768 seconds
[2026-09-17T15:35:46.732+0000] {processor.py:161} INFO - Started process (PID=2638) to work on /opt/airflow/dags/warehouse_dag.py
[2026-09-17T15:35:46.735+0000] {processor.py:830} INFO - Processing file /opt/airflow/dags/warehouse_dag.py for tasks to queue
[2026-09-17T15:35:46.738+0000] {logging_mixin.py:188} INFO - [2026-09-17T15:35:46.738+0000] {dagbag.py:545} INFO - Filling up the DagBag from /opt/airflow/dags/warehouse_dag.py
[2026-09-17T15:35:47.149+0000] {processor.py:840} INFO - DAG(s) 'youtube_warehouse' retrieved from /opt/airflow/dags/warehouse_dag.py
[2026-09-17T15:35:47.169+0000] {logging_mixin.py:188} INFO - [2026-09-17T15:35:47.169+0000] {dag.py:3096} INFO - Sync 1 DAGs
[2026-09-17T15:35:47.181+0000] {logging_mixin.py:188} INFO - [2026-09-17T15:35:47.181+0000] {dag.py:3954} INFO - Setting next_dagrun for youtube_warehouse to None, run_after=None
[2026-09-17T15:35:47.221+0000] {processor.py:183} INFO - Processing /opt/airflow/dags/warehouse_dag.py took 0.497 seconds
[2026-09-17T15:36:17.863+0000] {processor.py:161} INFO - Started process (PID=2647) to work on /opt/airflow/dags/warehouse_dag.py
[2026-09-17T15:36:17.866+0000] {processor.py:830} INFO - Processing file /opt/airflow/dags/warehouse_dag.py for tasks to queue
[2026-09-17T15:36:17.871+0000] {logging_mixin.py:188} INFO - [2026-09-17T15:36:17.870+0000] {dagbag.py:545} INFO - Filling up the DagBag from /opt/airflow/dags/warehouse_dag.py
[2026-09-17T15:36:18.603+0000] {processor.py:840} INFO - DAG(s) 'youtube_warehouse' retrieved from /opt/airflow/dags/warehouse_dag.py
[2026-09-17T15:36:18.642+0000] {logging_mixin.py:188} INFO - [2026-09-17T15:36:18.642+0000] {dag.py:3096} INFO - Sync 1 DAGs
[2026-09-17T15:36:18.658+0000] {logging_mixin.py:188} INFO - [2026-09-17T15:36:18.657+0000] {dag.py:3954} INFO - Setting next_dagrun for youtube_warehouse to None, run_after=None
[2026-09-17T15:36:21.751+0000] {processor.py:183} INFO - Processing /opt/airflow/dags/warehouse_dag.py took 3.900 seconds
[2026-09-17T15:36:52.223+0000] {processor.py:161} INFO - Started process (PID=2656) to work on /opt/airflow/dags/warehouse_dag.py
[2026-09-17T15:36:52.225+0000] {processor.py:830} INFO - Processing file /opt/airflow/dags/warehouse_dag.py for tasks to queue
[2026-09-17T15:36:52.228+0000] {logging_mixin.py:188} INFO - [2026-09-17T15:36:52.228+0000] {dagbag.py:545} INFO - Filling up the DagBag from /opt/airflow/dags/warehouse_dag.py
[2026-09-17T15:36:52.556+0000] {processor.py:840} INFO - DAG(s) 'youtube_warehouse' retrieved from /opt/airflow/dags/warehouse_dag.py
[2026-09-17T15:36:52.597+0000] {logging_mixin.py:188} INFO - [2026-09-17T15:36:52.597+0000] {dag.py:3096} INFO - Sync 1 DAGs
[2026-09-17T15:36:52.742+0000] {logging_mixin.py:188} INFO - [2026-09-17T15:36:52.742+0000] {dag.py:3954} INFO - Setting next_dagrun for youtube_warehouse to None, run_after=None
[2026-09-17T15:36:52.785+0000] {processor.py:183} INFO - Processing /opt/airflow/dags/warehouse_dag.py took 0.611 seconds
[2026-09-17T15:37:28.658+0000] {processor.py:161} INFO - Started process (PID=2659) to work on /opt/airflow/dags/warehouse_dag.py
[2026-09-17T15:37:28.660+0000] {processor.py:830} INFO - Processing file /opt/airflow/dags/warehouse_dag.py for tasks to queue
[2026-09-17T15:37:28.667+0000] {logging_mixin.py:188} INFO - [2026-09-17T15:37:28.666+0000] {dagbag.py:545} INFO - Filling up the DagBag from /opt/airflow/dags/warehouse_dag.py
[2026-09-17T15:37:29.906+0000] {processor.py:840} INFO - DAG(s) 'youtube_warehouse' retrieved from /opt/airflow/dags/warehouse_dag.py
[2026-09-17T15:37:29.958+0000] {logging_mixin.py:188} INFO - [2026-09-17T15:37:29.958+0000] {dag.py:3096} INFO - Sync 1 DAGs
[2026-09-17T15:37:29.978+0000] {logging_mixin.py:188} INFO - [2026-09-17T15:37:29.977+0000] {dag.py:3954} INFO - Setting next_dagrun for youtube_warehouse to None, run_after=None
[2026-09-17T15:37:30.038+0000] {processor.py:183} INFO - Processing /opt/airflow/dags/warehouse_dag.py took 1.392 seconds
[2026-09-17T15:38:00.214+0000] {processor.py:161} INFO - Started process (PID=2673) to work on /opt/airflow/dags/warehouse_dag.py
[2026-09-17T15:38:00.217+0000] {processor.py:830} INFO - Processing file /opt/airflow/dags/warehouse_dag.py for tasks to queue
[2026-09-17T15:38:00.223+0000] {logging_mixin.py:188} INFO - [2026-09-17T15:38:00.222+0000] {dagbag.py:545} INFO - Filling up the DagBag from /opt/airflow/dags/warehouse_dag.py
[2026-09-17T15:38:01.199+0000] {processor.py:840} INFO - DAG(s) 'youtube_warehouse' retrieved from /opt/airflow/dags/warehouse_dag.py
[2026-09-17T15:38:01.260+0000] {logging_mixin.py:188} INFO - [2026-09-17T15:38:01.259+0000] {dag.py:3096} INFO - Sync 1 DAGs
[2026-09-17T15:38:01.284+0000] {logging_mixin.py:188} INFO - [2026-09-17T15:38:01.284+0000] {dag.py:3954} INFO - Setting next_dagrun for youtube_warehouse to None, run_after=None
[2026-09-17T15:38:01.328+0000] {processor.py:183} INFO - Processing /opt/airflow/dags/warehouse_dag.py took 1.130 seconds
[2026-09-17T15:38:31.622+0000] {processor.py:161} INFO - Started process (PID=2682) to work on /opt/airflow/dags/warehouse_dag.py
[2026-09-17T15:38:31.625+0000] {processor.py:830} INFO - Processing file /opt/airflow/dags/warehouse_dag.py for tasks to queue
[2026-09-17T15:38:31.628+0000] {logging_mixin.py:188} INFO - [2026-09-17T15:38:31.628+0000] {dagbag.py:545} INFO - Filling up the DagBag from /opt/airflow/dags/warehouse_dag.py
[2026-09-17T15:38:32.078+0000] {processor.py:840} INFO - DAG(s) 'youtube_warehouse' retrieved from /opt/airflow/dags/warehouse_dag.py
[2026-09-17T15:38:32.100+0000] {logging_mixin.py:188} INFO - [2026-09-17T15:38:32.099+0000] {dag.py:3096} INFO - Sync 1 DAGs
[2026-09-17T15:38:32.113+0000] {logging_mixin.py:188} INFO - [2026-09-17T15:38:32.112+0000] {dag.py:3954} INFO - Setting next_dagrun for youtube_warehouse to None, run_after=None
[2026-09-17T15:38:32.157+0000] {processor.py:183} INFO - Processing /opt/airflow/dags/warehouse_dag.py took 0.543 seconds
[2026-09-17T15:39:02.342+0000] {processor.py:161} INFO - Started process (PID=2691) to work on /opt/airflow/dags/warehouse_dag.py
[2026-09-17T15:39:02.344+0000] {processor.py:830} INFO - Processing file /opt/airflow/dags/warehouse_dag.py for tasks to queue
[2026-09-17T15:39:02.351+0000] {logging_mixin.py:188} INFO - [2026-09-17T15:39:02.350+0000] {dagbag.py:545} INFO - Filling up the DagBag from /opt/airflow/dags/warehouse_dag.py
[2026-09-17T15:39:02.750+0000] {processor.py:840} INFO - DAG(s) 'youtube_warehouse' retrieved from /opt/airflow/dags/warehouse_dag.py
[2026-09-17T15:39:02.806+0000] {logging_mixin.py:188} INFO - [2026-09-17T15:39:02.805+0000] {dag.py:3096} INFO - Sync 1 DAGs
[2026-09-17T15:39:02.820+0000] {logging_mixin.py:188} INFO - [2026-09-17T15:39:02.820+0000] {dag.py:3954} INFO - Setting next_dagrun for youtube_warehouse to None, run_after=None
[2026-09-17T15:39:02.854+0000] {processor.py:183} INFO - Processing /opt/airflow/dags/warehouse_dag.py took 0.517 seconds
[2026-09-17T15:39:33.030+0000] {processor.py:161} INFO - Started process (PID=2700) to work on /opt/airflow/dags/warehouse_dag.py
[2026-09-17T15:39:33.033+0000] {processor.py:830} INFO - Processing file /opt/airflow/dags/warehouse_dag.py for tasks to queue
[2026-09-17T15:39:33.037+0000] {logging_mixin.py:188} INFO - [2026-09-17T15:39:33.037+0000] {dagbag.py:545} INFO - Filling up the DagBag from /opt/airflow/dags/warehouse_dag.py
[2026-09-17T15:39:33.407+0000] {processor.py:840} INFO - DAG(s) 'youtube_warehouse' retrieved from /opt/airflow/dags/warehouse_dag.py
[2026-09-17T15:39:33.457+0000] {logging_mixin.py:188} INFO - [2026-09-17T15:39:33.457+0000] {dag.py:3096} INFO - Sync 1 DAGs
[2026-09-17T15:39:33.472+0000] {logging_mixin.py:188} INFO - [2026-09-17T15:39:33.471+0000] {dag.py:3954} INFO - Setting next_dagrun for youtube_warehouse to None, run_after=None
[2026-09-17T15:39:33.939+0000] {processor.py:183} INFO - Processing /opt/airflow/dags/warehouse_dag.py took 0.917 seconds
[2026-09-17T15:40:04.080+0000] {processor.py:161} INFO - Started process (PID=2710) to work on /opt/airflow/dags/warehouse_dag.py
[2026-09-17T15:40:04.082+0000] {processor.py:830} INFO - Processing file /opt/airflow/dags/warehouse_dag.py for tasks to queue
[2026-09-17T15:40:04.086+0000] {logging_mixin.py:188} INFO - [2026-09-17T15:40:04.085+0000] {dagbag.py:545} INFO - Filling up the DagBag from /opt/airflow/dags/warehouse_dag.py
[2026-09-17T15:40:04.553+0000] {processor.py:840} INFO - DAG(s) 'youtube_warehouse' retrieved from /opt/airflow/dags/warehouse_dag.py
[2026-09-17T15:40:04.581+0000] {logging_mixin.py:188} INFO - [2026-09-17T15:40:04.580+0000] {dag.py:3096} INFO - Sync 1 DAGs
[2026-09-17T15:40:04.762+0000] {logging_mixin.py:188} INFO - [2026-09-17T15:40:04.761+0000] {dag.py:3954} INFO - Setting next_dagrun for youtube_warehouse to None, run_after=None
[2026-09-17T15:40:04.806+0000] {processor.py:183} INFO - Processing /opt/airflow/dags/warehouse_dag.py took 0.747 seconds
[2026-09-17T15:40:35.262+0000] {processor.py:161} INFO - Started process (PID=2719) to work on /opt/airflow/dags/warehouse_dag.py
[2026-09-17T15:40:35.274+0000] {processor.py:830} INFO - Processing file /opt/airflow/dags/warehouse_dag.py for tasks to queue
[2026-09-17T15:40:35.277+0000] {logging_mixin.py:188} INFO - [2026-09-17T15:40:35.277+0000] {dagbag.py:545} INFO - Filling up the DagBag from /opt/airflow/dags/warehouse_dag.py
[2026-09-17T15:40:35.798+0000] {processor.py:840} INFO - DAG(s) 'youtube_warehouse' retrieved from /opt/airflow/dags/warehouse_dag.py
[2026-09-17T15:40:35.844+0000] {logging_mixin.py:188} INFO - [2026-09-17T15:40:35.843+0000] {dag.py:3096} INFO - Sync 1 DAGs
[2026-09-17T15:40:35.860+0000] {logging_mixin.py:188} INFO - [2026-09-17T15:40:35.860+0000] {dag.py:3954} INFO - Setting next_dagrun for youtube_warehouse to None, run_after=None
[2026-09-17T15:40:35.912+0000] {processor.py:183} INFO - Processing /opt/airflow/dags/warehouse_dag.py took 0.657 seconds
[2026-09-17T15:41:06.285+0000] {processor.py:161} INFO - Started process (PID=2728) to work on /opt/airflow/dags/warehouse_dag.py
[2026-09-17T15:41:06.293+0000] {processor.py:830} INFO - Processing file /opt/airflow/dags/warehouse_dag.py for tasks to queue
[2026-09-17T15:41:06.306+0000] {logging_mixin.py:188} INFO - [2026-09-17T15:41:06.301+0000] {dagbag.py:545} INFO - Filling up the DagBag from /opt/airflow/dags/warehouse_dag.py
[2026-09-17T15:41:06.945+0000] {processor.py:840} INFO - DAG(s) 'youtube_warehouse' retrieved from /opt/airflow/dags/warehouse_dag.py
[2026-09-17T15:41:06.981+0000] {logging_mixin.py:188} INFO - [2026-09-17T15:41:06.980+0000] {dag.py:3096} INFO - Sync 1 DAGs
[2026-09-17T15:41:07.004+0000] {logging_mixin.py:188} INFO - [2026-09-17T15:41:07.004+0000] {dag.py:3954} INFO - Setting next_dagrun for youtube_warehouse to None, run_after=None
[2026-09-17T15:41:07.050+0000] {processor.py:183} INFO - Processing /opt/airflow/dags/warehouse_dag.py took 0.784 seconds
[2026-09-17T15:41:37.421+0000] {processor.py:161} INFO - Started process (PID=2737) to work on /opt/airflow/dags/warehouse_dag.py
[2026-09-17T15:41:37.423+0000] {processor.py:830} INFO - Processing file /opt/airflow/dags/warehouse_dag.py for tasks to queue
[2026-09-17T15:41:37.427+0000] {logging_mixin.py:188} INFO - [2026-09-17T15:41:37.427+0000] {dagbag.py:545} INFO - Filling up the DagBag from /opt/airflow/dags/warehouse_dag.py
[2026-09-17T15:41:37.786+0000] {processor.py:840} INFO - DAG(s) 'youtube_warehouse' retrieved from /opt/airflow/dags/warehouse_dag.py
[2026-09-17T15:41:37.805+0000] {logging_mixin.py:188} INFO - [2026-09-17T15:41:37.805+0000] {dag.py:3096} INFO - Sync 1 DAGs
[2026-09-17T15:41:37.816+0000] {logging_mixin.py:188} INFO - [2026-09-17T15:41:37.816+0000] {dag.py:3954} INFO - Setting next_dagrun for youtube_warehouse to None, run_after=None
[2026-09-17T15:41:37.859+0000] {processor.py:183} INFO - Processing /opt/airflow/dags/warehouse_dag.py took 0.446 seconds
[2026-09-17T15:42:08.231+0000] {processor.py:161} INFO - Started process (PID=2746) to work on /opt/airflow/dags/warehouse_dag.py
[2026-09-17T15:42:08.234+0000] {processor.py:830} INFO - Processing file /opt/airflow/dags/warehouse_dag.py for tasks to queue
[2026-09-17T15:42:08.270+0000] {logging_mixin.py:188} INFO - [2026-09-17T15:42:08.269+0000] {dagbag.py:545} INFO - Filling up the DagBag from /opt/airflow/dags/warehouse_dag.py
[2026-09-17T15:42:08.648+0000] {processor.py:840} INFO - DAG(s) 'youtube_warehouse' retrieved from /opt/airflow/dags/warehouse_dag.py
[2026-09-17T15:42:08.691+0000] {logging_mixin.py:188} INFO - [2026-09-17T15:42:08.690+0000] {dag.py:3096} INFO - Sync 1 DAGs
[2026-09-17T15:42:08.706+0000] {logging_mixin.py:188} INFO - [2026-09-17T15:42:08.705+0000] {dag.py:3954} INFO - Setting next_dagrun for youtube_warehouse to None, run_after=None
[2026-09-17T15:42:08.743+0000] {processor.py:183} INFO - Processing /opt/airflow/dags/warehouse_dag.py took 0.518 seconds
[2026-09-17T15:42:38.994+0000] {processor.py:161} INFO - Started process (PID=2755) to work on /opt/airflow/dags/warehouse_dag.py
[2026-09-17T15:42:38.996+0000] {processor.py:830} INFO - Processing file /opt/airflow/dags/warehouse_dag.py for tasks to queue
[2026-09-17T15:42:38.998+0000] {logging_mixin.py:188} INFO - [2026-09-17T15:42:38.998+0000] {dagbag.py:545} INFO - Filling up the DagBag from /opt/airflow/dags/warehouse_dag.py
[2026-09-17T15:42:39.364+0000] {processor.py:840} INFO - DAG(s) 'youtube_warehouse' retrieved from /opt/airflow/dags/warehouse_dag.py
[2026-09-17T15:42:39.399+0000] {logging_mixin.py:188} INFO - [2026-09-17T15:42:39.399+0000] {dag.py:3096} INFO - Sync 1 DAGs
[2026-09-17T15:42:39.412+0000] {logging_mixin.py:188} INFO - [2026-09-17T15:42:39.412+0000] {dag.py:3954} INFO - Setting next_dagrun for youtube_warehouse to None, run_after=None
[2026-09-17T15:42:39.810+0000] {processor.py:183} INFO - Processing /opt/airflow/dags/warehouse_dag.py took 0.822 seconds
[2026-09-17T15:43:10.206+0000] {processor.py:161} INFO - Started process (PID=2764) to work on /opt/airflow/dags/warehouse_dag.py
[2026-09-17T15:43:10.208+0000] {processor.py:830} INFO - Processing file /opt/airflow/dags/warehouse_dag.py for tasks to queue
[2026-09-17T15:43:10.211+0000] {logging_mixin.py:188} INFO - [2026-09-17T15:43:10.211+0000] {dagbag.py:545} INFO - Filling up the DagBag from /opt/airflow/dags/warehouse_dag.py
[2026-09-17T15:43:11.346+0000] {processor.py:840} INFO - DAG(s) 'youtube_warehouse' retrieved from /opt/airflow/dags/warehouse_dag.py
[2026-09-17T15:43:11.589+0000] {logging_mixin.py:188} INFO - [2026-09-17T15:43:11.586+0000] {dag.py:3096} INFO - Sync 1 DAGs
[2026-09-17T15:43:13.412+0000] {logging_mixin.py:188} INFO - [2026-09-17T15:43:13.410+0000] {dag.py:3954} INFO - Setting next_dagrun for youtube_warehouse to None, run_after=None
[2026-09-17T15:43:13.548+0000] {processor.py:183} INFO - Processing /opt/airflow/dags/warehouse_dag.py took 3.355 seconds
[2026-09-17T15:43:44.147+0000] {processor.py:161} INFO - Started process (PID=2773) to work on /opt/airflow/dags/warehouse_dag.py
[2026-09-17T15:43:44.154+0000] {processor.py:830} INFO - Processing file /opt/airflow/dags/warehouse_dag.py for tasks to queue
[2026-09-17T15:43:44.164+0000] {logging_mixin.py:188} INFO - [2026-09-17T15:43:44.163+0000] {dagbag.py:545} INFO - Filling up the DagBag from /opt/airflow/dags/warehouse_dag.py
[2026-09-17T15:43:44.858+0000] {processor.py:840} INFO - DAG(s) 'youtube_warehouse' retrieved from /opt/airflow/dags/warehouse_dag.py
[2026-09-17T15:43:44.907+0000] {logging_mixin.py:188} INFO - [2026-09-17T15:43:44.906+0000] {dag.py:3096} INFO - Sync 1 DAGs
[2026-09-17T15:43:44.930+0000] {logging_mixin.py:188} INFO - [2026-09-17T15:43:44.930+0000] {dag.py:3954} INFO - Setting next_dagrun for youtube_warehouse to None, run_after=None
[2026-09-17T15:43:44.996+0000] {processor.py:183} INFO - Processing /opt/airflow/dags/warehouse_dag.py took 0.880 seconds
[2026-09-17T15:44:15.597+0000] {processor.py:161} INFO - Started process (PID=2782) to work on /opt/airflow/dags/warehouse_dag.py
[2026-09-17T15:44:15.599+0000] {processor.py:830} INFO - Processing file /opt/airflow/dags/warehouse_dag.py for tasks to queue
[2026-09-17T15:44:15.602+0000] {logging_mixin.py:188} INFO - [2026-09-17T15:44:15.602+0000] {dagbag.py:545} INFO - Filling up the DagBag from /opt/airflow/dags/warehouse_dag.py
[2026-09-17T15:44:15.895+0000] {processor.py:840} INFO - DAG(s) 'youtube_warehouse' retrieved from /opt/airflow/dags/warehouse_dag.py
[2026-09-17T15:44:15.918+0000] {logging_mixin.py:188} INFO - [2026-09-17T15:44:15.918+0000] {dag.py:3096} INFO - Sync 1 DAGs
[2026-09-17T15:44:15.934+0000] {logging_mixin.py:188} INFO - [2026-09-17T15:44:15.933+0000] {dag.py:3954} INFO - Setting next_dagrun for youtube_warehouse to None, run_after=None
[2026-09-17T15:44:15.982+0000] {processor.py:183} INFO - Processing /opt/airflow/dags/warehouse_dag.py took 0.391 seconds
[2026-09-17T15:44:46.111+0000] {processor.py:161} INFO - Started process (PID=2791) to work on /opt/airflow/dags/warehouse_dag.py
[2026-09-17T15:44:46.115+0000] {processor.py:830} INFO - Processing file /opt/airflow/dags/warehouse_dag.py for tasks to queue
[2026-09-17T15:44:46.118+0000] {logging_mixin.py:188} INFO - [2026-09-17T15:44:46.117+0000] {dagbag.py:545} INFO - Filling up the DagBag from /opt/airflow/dags/warehouse_dag.py
[2026-09-17T15:44:46.433+0000] {processor.py:840} INFO - DAG(s) 'youtube_warehouse' retrieved from /opt/airflow/dags/warehouse_dag.py
[2026-09-17T15:44:46.456+0000] {logging_mixin.py:188} INFO - [2026-09-17T15:44:46.455+0000] {dag.py:3096} INFO - Sync 1 DAGs
[2026-09-17T15:44:46.468+0000] {logging_mixin.py:188} INFO - [2026-09-17T15:44:46.468+0000] {dag.py:3954} INFO - Setting next_dagrun for youtube_warehouse to None, run_after=None
[2026-09-17T15:44:46.490+0000] {processor.py:183} INFO - Processing /opt/airflow/dags/warehouse_dag.py took 0.387 seconds
[2026-09-17T15:45:16.864+0000] {processor.py:161} INFO - Started process (PID=2800) to work on /opt/airflow/dags/warehouse_dag.py
[2026-09-17T15:45:16.866+0000] {processor.py:830} INFO - Processing file /opt/airflow/dags/warehouse_dag.py for tasks to queue
[2026-09-17T15:45:16.869+0000] {logging_mixin.py:188} INFO - [2026-09-17T15:45:16.868+0000] {dagbag.py:545} INFO - Filling up the DagBag from /opt/airflow/dags/warehouse_dag.py
[2026-09-17T15:45:17.415+0000] {processor.py:840} INFO - DAG(s) 'youtube_warehouse' retrieved from /opt/airflow/dags/warehouse_dag.py
[2026-09-17T15:45:17.435+0000] {logging_mixin.py:188} INFO - [2026-09-17T15:45:17.435+0000] {dag.py:3096} INFO - Sync 1 DAGs
[2026-09-17T15:45:17.448+0000] {logging_mixin.py:188} INFO - [2026-09-17T15:45:17.448+0000] {dag.py:3954} INFO - Setting next_dagrun for youtube_warehouse to None, run_after=None
[2026-09-17T15:45:17.635+0000] {processor.py:183} INFO - Processing /opt/airflow/dags/warehouse_dag.py took 0.776 seconds
[2026-09-17T15:45:48.321+0000] {processor.py:161} INFO - Started process (PID=2809) to work on /opt/airflow/dags/warehouse_dag.py
[2026-09-17T15:45:48.323+0000] {processor.py:830} INFO - Processing file /opt/airflow/dags/warehouse_dag.py for tasks to queue
[2026-09-17T15:45:48.327+0000] {logging_mixin.py:188} INFO - [2026-09-17T15:45:48.327+0000] {dagbag.py:545} INFO - Filling up the DagBag from /opt/airflow/dags/warehouse_dag.py
[2026-09-17T15:45:48.652+0000] {processor.py:840} INFO - DAG(s) 'youtube_warehouse' retrieved from /opt/airflow/dags/warehouse_dag.py
[2026-09-17T15:45:48.674+0000] {logging_mixin.py:188} INFO - [2026-09-17T15:45:48.672+0000] {dag.py:3096} INFO - Sync 1 DAGs
[2026-09-17T15:45:48.894+0000] {logging_mixin.py:188} INFO - [2026-09-17T15:45:48.894+0000] {dag.py:3954} INFO - Setting next_dagrun for youtube_warehouse to None, run_after=None
[2026-09-17T15:45:48.925+0000] {processor.py:183} INFO - Processing /opt/airflow/dags/warehouse_dag.py took 0.609 seconds
[2026-09-17T15:46:19.020+0000] {processor.py:161} INFO - Started process (PID=2818) to work on /opt/airflow/dags/warehouse_dag.py
[2026-09-17T15:46:19.023+0000] {processor.py:830} INFO - Processing file /opt/airflow/dags/warehouse_dag.py for tasks to queue
[2026-09-17T15:46:19.028+0000] {logging_mixin.py:188} INFO - [2026-09-17T15:46:19.027+0000] {dagbag.py:545} INFO - Filling up the DagBag from /opt/airflow/dags/warehouse_dag.py
[2026-09-17T15:46:19.369+0000] {processor.py:840} INFO - DAG(s) 'youtube_warehouse' retrieved from /opt/airflow/dags/warehouse_dag.py
[2026-09-17T15:46:19.407+0000] {logging_mixin.py:188} INFO - [2026-09-17T15:46:19.406+0000] {dag.py:3096} INFO - Sync 1 DAGs
[2026-09-17T15:46:19.419+0000] {logging_mixin.py:188} INFO - [2026-09-17T15:46:19.419+0000] {dag.py:3954} INFO - Setting next_dagrun for youtube_warehouse to None, run_after=None
[2026-09-17T15:46:19.463+0000] {processor.py:183} INFO - Processing /opt/airflow/dags/warehouse_dag.py took 0.461 seconds
[2026-09-17T15:46:49.671+0000] {processor.py:161} INFO - Started process (PID=2827) to work on /opt/airflow/dags/warehouse_dag.py
[2026-09-17T15:46:49.674+0000] {processor.py:830} INFO - Processing file /opt/airflow/dags/warehouse_dag.py for tasks to queue
[2026-09-17T15:46:49.678+0000] {logging_mixin.py:188} INFO - [2026-09-17T15:46:49.678+0000] {dagbag.py:545} INFO - Filling up the DagBag from /opt/airflow/dags/warehouse_dag.py
[2026-09-17T15:46:50.039+0000] {processor.py:840} INFO - DAG(s) 'youtube_warehouse' retrieved from /opt/airflow/dags/warehouse_dag.py
[2026-09-17T15:46:50.062+0000] {logging_mixin.py:188} INFO - [2026-09-17T15:46:50.061+0000] {dag.py:3096} INFO - Sync 1 DAGs
[2026-09-17T15:46:50.073+0000] {logging_mixin.py:188} INFO - [2026-09-17T15:46:50.073+0000] {dag.py:3954} INFO - Setting next_dagrun for youtube_warehouse to None, run_after=None
[2026-09-17T15:46:50.117+0000] {processor.py:183} INFO - Processing /opt/airflow/dags/warehouse_dag.py took 0.452 seconds
[2026-09-17T15:47:20.252+0000] {processor.py:161} INFO - Started process (PID=2836) to work on /opt/airflow/dags/warehouse_dag.py
[2026-09-17T15:47:20.256+0000] {processor.py:830} INFO - Processing file /opt/airflow/dags/warehouse_dag.py for tasks to queue
[2026-09-17T15:47:20.263+0000] {logging_mixin.py:188} INFO - [2026-09-17T15:47:20.262+0000] {dagbag.py:545} INFO - Filling up the DagBag from /opt/airflow/dags/warehouse_dag.py
[2026-09-17T15:47:20.669+0000] {processor.py:840} INFO - DAG(s) 'youtube_warehouse' retrieved from /opt/airflow/dags/warehouse_dag.py
[2026-09-17T15:47:20.716+0000] {logging_mixin.py:188} INFO - [2026-09-17T15:47:20.715+0000] {dag.py:3096} INFO - Sync 1 DAGs
[2026-09-17T15:47:20.734+0000] {logging_mixin.py:188} INFO - [2026-09-17T15:47:20.734+0000] {dag.py:3954} INFO - Setting next_dagrun for youtube_warehouse to None, run_after=None
[2026-09-17T15:47:20.764+0000] {processor.py:183} INFO - Processing /opt/airflow/dags/warehouse_dag.py took 0.531 seconds
[2026-09-17T15:47:50.924+0000] {processor.py:161} INFO - Started process (PID=2845) to work on /opt/airflow/dags/warehouse_dag.py
[2026-09-17T15:47:50.928+0000] {processor.py:830} INFO - Processing file /opt/airflow/dags/warehouse_dag.py for tasks to queue
[2026-09-17T15:47:50.931+0000] {logging_mixin.py:188} INFO - [2026-09-17T15:47:50.931+0000] {dagbag.py:545} INFO - Filling up the DagBag from /opt/airflow/dags/warehouse_dag.py
[2026-09-17T15:47:51.389+0000] {processor.py:840} INFO - DAG(s) 'youtube_warehouse' retrieved from /opt/airflow/dags/warehouse_dag.py
[2026-09-17T15:47:51.435+0000] {logging_mixin.py:188} INFO - [2026-09-17T15:47:51.435+0000] {dag.py:3096} INFO - Sync 1 DAGs
[2026-09-17T15:47:51.450+0000] {logging_mixin.py:188} INFO - [2026-09-17T15:47:51.450+0000] {dag.py:3954} INFO - Setting next_dagrun for youtube_warehouse to None, run_after=None
[2026-09-17T15:47:51.504+0000] {processor.py:183} INFO - Processing /opt/airflow/dags/warehouse_dag.py took 0.585 seconds
[2026-09-17T15:48:21.579+0000] {processor.py:161} INFO - Started process (PID=2854) to work on /opt/airflow/dags/warehouse_dag.py
[2026-09-17T15:48:21.581+0000] {processor.py:830} INFO - Processing file /opt/airflow/dags/warehouse_dag.py for tasks to queue
[2026-09-17T15:48:21.585+0000] {logging_mixin.py:188} INFO - [2026-09-17T15:48:21.585+0000] {dagbag.py:545} INFO - Filling up the DagBag from /opt/airflow/dags/warehouse_dag.py
[2026-09-17T15:48:21.979+0000] {processor.py:840} INFO - DAG(s) 'youtube_warehouse' retrieved from /opt/airflow/dags/warehouse_dag.py
[2026-09-17T15:48:22.005+0000] {logging_mixin.py:188} INFO - [2026-09-17T15:48:22.004+0000] {dag.py:3096} INFO - Sync 1 DAGs
[2026-09-17T15:48:22.021+0000] {logging_mixin.py:188} INFO - [2026-09-17T15:48:22.020+0000] {dag.py:3954} INFO - Setting next_dagrun for youtube_warehouse to None, run_after=None
[2026-09-17T15:48:22.222+0000] {processor.py:183} INFO - Processing /opt/airflow/dags/warehouse_dag.py took 0.651 seconds
[2026-09-17T15:48:52.636+0000] {processor.py:161} INFO - Started process (PID=2863) to work on /opt/airflow/dags/warehouse_dag.py
[2026-09-17T15:48:52.638+0000] {processor.py:830} INFO - Processing file /opt/airflow/dags/warehouse_dag.py for tasks to queue
[2026-09-17T15:48:52.640+0000] {logging_mixin.py:188} INFO - [2026-09-17T15:48:52.640+0000] {dagbag.py:545} INFO - Filling up the DagBag from /opt/airflow/dags/warehouse_dag.py
[2026-09-17T15:48:53.000+0000] {processor.py:840} INFO - DAG(s) 'youtube_warehouse' retrieved from /opt/airflow/dags/warehouse_dag.py
[2026-09-17T15:48:53.039+0000] {logging_mixin.py:188} INFO - [2026-09-17T15:48:53.038+0000] {dag.py:3096} INFO - Sync 1 DAGs
[2026-09-17T15:48:53.186+0000] {logging_mixin.py:188} INFO - [2026-09-17T15:48:53.186+0000] {dag.py:3954} INFO - Setting next_dagrun for youtube_warehouse to None, run_after=None
[2026-09-17T15:48:53.240+0000] {processor.py:183} INFO - Processing /opt/airflow/dags/warehouse_dag.py took 0.610 seconds
[2026-09-17T15:49:23.509+0000] {processor.py:161} INFO - Started process (PID=2872) to work on /opt/airflow/dags/warehouse_dag.py
[2026-09-17T15:49:23.513+0000] {processor.py:830} INFO - Processing file /opt/airflow/dags/warehouse_dag.py for tasks to queue
[2026-09-17T15:49:23.525+0000] {logging_mixin.py:188} INFO - [2026-09-17T15:49:23.522+0000] {dagbag.py:545} INFO - Filling up the DagBag from /opt/airflow/dags/warehouse_dag.py
[2026-09-17T15:49:24.405+0000] {processor.py:840} INFO - DAG(s) 'youtube_warehouse' retrieved from /opt/airflow/dags/warehouse_dag.py
[2026-09-17T15:49:24.520+0000] {logging_mixin.py:188} INFO - [2026-09-17T15:49:24.518+0000] {dag.py:3096} INFO - Sync 1 DAGs
[2026-09-17T15:49:24.594+0000] {logging_mixin.py:188} INFO - [2026-09-17T15:49:24.593+0000] {dag.py:3954} INFO - Setting next_dagrun for youtube_warehouse to None, run_after=None
[2026-09-17T15:49:24.677+0000] {processor.py:183} INFO - Processing /opt/airflow/dags/warehouse_dag.py took 1.177 seconds
[2026-09-17T15:49:55.243+0000] {processor.py:161} INFO - Started process (PID=2881) to work on /opt/airflow/dags/warehouse_dag.py
[2026-09-17T15:49:55.262+0000] {processor.py:830} INFO - Processing file /opt/airflow/dags/warehouse_dag.py for tasks to queue
[2026-09-17T15:49:55.273+0000] {logging_mixin.py:188} INFO - [2026-09-17T15:49:55.272+0000] {dagbag.py:545} INFO - Filling up the DagBag from /opt/airflow/dags/warehouse_dag.py
[2026-09-17T15:49:56.291+0000] {processor.py:840} INFO - DAG(s) 'youtube_warehouse' retrieved from /opt/airflow/dags/warehouse_dag.py
[2026-09-17T15:49:56.385+0000] {logging_mixin.py:188} INFO - [2026-09-17T15:49:56.384+0000] {dag.py:3096} INFO - Sync 1 DAGs
[2026-09-17T15:49:56.561+0000] {logging_mixin.py:188} INFO - [2026-09-17T15:49:56.560+0000] {dag.py:3954} INFO - Setting next_dagrun for youtube_warehouse to None, run_after=None
[2026-09-17T15:49:56.836+0000] {processor.py:183} INFO - Processing /opt/airflow/dags/warehouse_dag.py took 1.621 seconds
[2026-09-17T15:50:27.721+0000] {processor.py:161} INFO - Started process (PID=2890) to work on /opt/airflow/dags/warehouse_dag.py
[2026-09-17T15:50:27.723+0000] {processor.py:830} INFO - Processing file /opt/airflow/dags/warehouse_dag.py for tasks to queue
[2026-09-17T15:50:27.727+0000] {logging_mixin.py:188} INFO - [2026-09-17T15:50:27.726+0000] {dagbag.py:545} INFO - Filling up the DagBag from /opt/airflow/dags/warehouse_dag.py
[2026-09-17T15:50:28.045+0000] {processor.py:840} INFO - DAG(s) 'youtube_warehouse' retrieved from /opt/airflow/dags/warehouse_dag.py
[2026-09-17T15:50:28.150+0000] {logging_mixin.py:188} INFO - [2026-09-17T15:50:28.150+0000] {dag.py:3096} INFO - Sync 1 DAGs
[2026-09-17T15:50:28.161+0000] {logging_mixin.py:188} INFO - [2026-09-17T15:50:28.160+0000] {dag.py:3954} INFO - Setting next_dagrun for youtube_warehouse to None, run_after=None
[2026-09-17T15:50:28.218+0000] {processor.py:183} INFO - Processing /opt/airflow/dags/warehouse_dag.py took 0.506 seconds
[2026-09-17T15:50:58.600+0000] {processor.py:161} INFO - Started process (PID=2899) to work on /opt/airflow/dags/warehouse_dag.py
[2026-09-17T15:50:58.604+0000] {processor.py:830} INFO - Processing file /opt/airflow/dags/warehouse_dag.py for tasks to queue
[2026-09-17T15:50:58.607+0000] {logging_mixin.py:188} INFO - [2026-09-17T15:50:58.607+0000] {dagbag.py:545} INFO - Filling up the DagBag from /opt/airflow/dags/warehouse_dag.py
[2026-09-17T15:50:58.976+0000] {processor.py:840} INFO - DAG(s) 'youtube_warehouse' retrieved from /opt/airflow/dags/warehouse_dag.py
[2026-09-17T15:50:59.005+0000] {logging_mixin.py:188} INFO - [2026-09-17T15:50:59.005+0000] {dag.py:3096} INFO - Sync 1 DAGs
[2026-09-17T15:50:59.018+0000] {logging_mixin.py:188} INFO - [2026-09-17T15:50:59.017+0000] {dag.py:3954} INFO - Setting next_dagrun for youtube_warehouse to None, run_after=None
[2026-09-17T15:50:59.252+0000] {processor.py:183} INFO - Processing /opt/airflow/dags/warehouse_dag.py took 0.659 seconds
[2026-09-17T15:51:29.781+0000] {processor.py:161} INFO - Started process (PID=2908) to work on /opt/airflow/dags/warehouse_dag.py
[2026-09-17T15:51:29.785+0000] {processor.py:830} INFO - Processing file /opt/airflow/dags/warehouse_dag.py for tasks to queue
[2026-09-17T15:51:29.789+0000] {logging_mixin.py:188} INFO - [2026-09-17T15:51:29.788+0000] {dagbag.py:545} INFO - Filling up the DagBag from /opt/airflow/dags/warehouse_dag.py
[2026-09-17T15:51:30.221+0000] {processor.py:840} INFO - DAG(s) 'youtube_warehouse' retrieved from /opt/airflow/dags/warehouse_dag.py
[2026-09-17T15:51:30.245+0000] {logging_mixin.py:188} INFO - [2026-09-17T15:51:30.245+0000] {dag.py:3096} INFO - Sync 1 DAGs
[2026-09-17T15:51:30.477+0000] {logging_mixin.py:188} INFO - [2026-09-17T15:51:30.476+0000] {dag.py:3954} INFO - Setting next_dagrun for youtube_warehouse to None, run_after=None
[2026-09-17T15:51:30.508+0000] {processor.py:183} INFO - Processing /opt/airflow/dags/warehouse_dag.py took 0.732 seconds
[2026-09-17T15:52:01.356+0000] {processor.py:161} INFO - Started process (PID=2917) to work on /opt/airflow/dags/warehouse_dag.py
[2026-09-17T15:52:01.358+0000] {processor.py:830} INFO - Processing file /opt/airflow/dags/warehouse_dag.py for tasks to queue
[2026-09-17T15:52:01.361+0000] {logging_mixin.py:188} INFO - [2026-09-17T15:52:01.360+0000] {dagbag.py:545} INFO - Filling up the DagBag from /opt/airflow/dags/warehouse_dag.py
[2026-09-17T15:52:01.694+0000] {processor.py:840} INFO - DAG(s) 'youtube_warehouse' retrieved from /opt/airflow/dags/warehouse_dag.py
[2026-09-17T15:52:01.865+0000] {logging_mixin.py:188} INFO - [2026-09-17T15:52:01.865+0000] {dag.py:3096} INFO - Sync 1 DAGs
[2026-09-17T15:52:01.877+0000] {logging_mixin.py:188} INFO - [2026-09-17T15:52:01.877+0000] {dag.py:3954} INFO - Setting next_dagrun for youtube_warehouse to None, run_after=None
[2026-09-17T15:52:01.905+0000] {processor.py:183} INFO - Processing /opt/airflow/dags/warehouse_dag.py took 0.558 seconds
[2026-09-17T15:52:32.178+0000] {processor.py:161} INFO - Started process (PID=2932) to work on /opt/airflow/dags/warehouse_dag.py
[2026-09-17T15:52:32.181+0000] {processor.py:830} INFO - Processing file /opt/airflow/dags/warehouse_dag.py for tasks to queue
[2026-09-17T15:52:32.192+0000] {logging_mixin.py:188} INFO - [2026-09-17T15:52:32.190+0000] {dagbag.py:545} INFO - Filling up the DagBag from /opt/airflow/dags/warehouse_dag.py
[2026-09-17T15:52:32.646+0000] {processor.py:840} INFO - DAG(s) 'youtube_warehouse' retrieved from /opt/airflow/dags/warehouse_dag.py
[2026-09-17T15:52:32.668+0000] {logging_mixin.py:188} INFO - [2026-09-17T15:52:32.668+0000] {dag.py:3096} INFO - Sync 1 DAGs
[2026-09-17T15:52:32.680+0000] {logging_mixin.py:188} INFO - [2026-09-17T15:52:32.679+0000] {dag.py:3954} INFO - Setting next_dagrun for youtube_warehouse to None, run_after=None
[2026-09-17T15:52:32.725+0000] {processor.py:183} INFO - Processing /opt/airflow/dags/warehouse_dag.py took 0.554 seconds
[2026-09-17T15:53:03.581+0000] {processor.py:161} INFO - Started process (PID=2941) to work on /opt/airflow/dags/warehouse_dag.py
[2026-09-17T15:53:03.583+0000] {processor.py:830} INFO - Processing file /opt/airflow/dags/warehouse_dag.py for tasks to queue
[2026-09-17T15:53:03.603+0000] {logging_mixin.py:188} INFO - [2026-09-17T15:53:03.602+0000] {dagbag.py:545} INFO - Filling up the DagBag from /opt/airflow/dags/warehouse_dag.py
[2026-09-17T15:53:04.007+0000] {processor.py:840} INFO - DAG(s) 'youtube_warehouse' retrieved from /opt/airflow/dags/warehouse_dag.py
[2026-09-17T15:53:04.035+0000] {logging_mixin.py:188} INFO - [2026-09-17T15:53:04.034+0000] {dag.py:3096} INFO - Sync 1 DAGs
[2026-09-17T15:53:04.050+0000] {logging_mixin.py:188} INFO - [2026-09-17T15:53:04.050+0000] {dag.py:3954} INFO - Setting next_dagrun for youtube_warehouse to None, run_after=None
[2026-09-17T15:53:04.078+0000] {processor.py:183} INFO - Processing /opt/airflow/dags/warehouse_dag.py took 0.502 seconds
[2026-09-17T15:53:34.410+0000] {processor.py:161} INFO - Started process (PID=2950) to work on /opt/airflow/dags/warehouse_dag.py
[2026-09-17T15:53:34.413+0000] {processor.py:830} INFO - Processing file /opt/airflow/dags/warehouse_dag.py for tasks to queue
[2026-09-17T15:53:34.416+0000] {logging_mixin.py:188} INFO - [2026-09-17T15:53:34.416+0000] {dagbag.py:545} INFO - Filling up the DagBag from /opt/airflow/dags/warehouse_dag.py
[2026-09-17T15:53:34.798+0000] {processor.py:840} INFO - DAG(s) 'youtube_warehouse' retrieved from /opt/airflow/dags/warehouse_dag.py
[2026-09-17T15:53:34.822+0000] {logging_mixin.py:188} INFO - [2026-09-17T15:53:34.821+0000] {dag.py:3096} INFO - Sync 1 DAGs
[2026-09-17T15:53:34.833+0000] {logging_mixin.py:188} INFO - [2026-09-17T15:53:34.833+0000] {dag.py:3954} INFO - Setting next_dagrun for youtube_warehouse to None, run_after=None
[2026-09-17T15:53:34.894+0000] {processor.py:183} INFO - Processing /opt/airflow/dags/warehouse_dag.py took 0.492 seconds
[2026-09-17T15:54:05.048+0000] {processor.py:161} INFO - Started process (PID=2959) to work on /opt/airflow/dags/warehouse_dag.py
[2026-09-17T15:54:05.050+0000] {processor.py:830} INFO - Processing file /opt/airflow/dags/warehouse_dag.py for tasks to queue
[2026-09-17T15:54:05.057+0000] {logging_mixin.py:188} INFO - [2026-09-17T15:54:05.055+0000] {dagbag.py:545} INFO - Filling up the DagBag from /opt/airflow/dags/warehouse_dag.py
[2026-09-17T15:54:05.385+0000] {processor.py:840} INFO - DAG(s) 'youtube_warehouse' retrieved from /opt/airflow/dags/warehouse_dag.py
[2026-09-17T15:54:05.417+0000] {logging_mixin.py:188} INFO - [2026-09-17T15:54:05.417+0000] {dag.py:3096} INFO - Sync 1 DAGs
[2026-09-17T15:54:05.432+0000] {logging_mixin.py:188} INFO - [2026-09-17T15:54:05.431+0000] {dag.py:3954} INFO - Setting next_dagrun for youtube_warehouse to None, run_after=None
[2026-09-17T15:54:05.643+0000] {processor.py:183} INFO - Processing /opt/airflow/dags/warehouse_dag.py took 0.602 seconds
[2026-09-17T15:54:36.421+0000] {processor.py:161} INFO - Started process (PID=2967) to work on /opt/airflow/dags/warehouse_dag.py
[2026-09-17T15:54:36.423+0000] {processor.py:830} INFO - Processing file /opt/airflow/dags/warehouse_dag.py for tasks to queue
[2026-09-17T15:54:36.426+0000] {logging_mixin.py:188} INFO - [2026-09-17T15:54:36.426+0000] {dagbag.py:545} INFO - Filling up the DagBag from /opt/airflow/dags/warehouse_dag.py
[2026-09-17T15:54:36.729+0000] {processor.py:840} INFO - DAG(s) 'youtube_warehouse' retrieved from /opt/airflow/dags/warehouse_dag.py
[2026-09-17T15:54:36.775+0000] {logging_mixin.py:188} INFO - [2026-09-17T15:54:36.775+0000] {dag.py:3096} INFO - Sync 1 DAGs
[2026-09-17T15:54:36.912+0000] {logging_mixin.py:188} INFO - [2026-09-17T15:54:36.912+0000] {dag.py:3954} INFO - Setting next_dagrun for youtube_warehouse to None, run_after=None
[2026-09-17T15:54:36.942+0000] {processor.py:183} INFO - Processing /opt/airflow/dags/warehouse_dag.py took 0.530 seconds
[2026-09-17T15:55:07.080+0000] {processor.py:161} INFO - Started process (PID=2976) to work on /opt/airflow/dags/warehouse_dag.py
[2026-09-17T15:55:07.082+0000] {processor.py:830} INFO - Processing file /opt/airflow/dags/warehouse_dag.py for tasks to queue
[2026-09-17T15:55:07.085+0000] {logging_mixin.py:188} INFO - [2026-09-17T15:55:07.085+0000] {dagbag.py:545} INFO - Filling up the DagBag from /opt/airflow/dags/warehouse_dag.py
[2026-09-17T15:55:07.433+0000] {processor.py:840} INFO - DAG(s) 'youtube_warehouse' retrieved from /opt/airflow/dags/warehouse_dag.py
[2026-09-17T15:55:07.602+0000] {logging_mixin.py:188} INFO - [2026-09-17T15:55:07.602+0000] {dag.py:3096} INFO - Sync 1 DAGs
[2026-09-17T15:55:07.613+0000] {logging_mixin.py:188} INFO - [2026-09-17T15:55:07.613+0000] {dag.py:3954} INFO - Setting next_dagrun for youtube_warehouse to None, run_after=None
[2026-09-17T15:55:07.668+0000] {processor.py:183} INFO - Processing /opt/airflow/dags/warehouse_dag.py took 0.593 seconds
[2026-09-17T15:55:38.442+0000] {processor.py:161} INFO - Started process (PID=2985) to work on /opt/airflow/dags/warehouse_dag.py
[2026-09-17T15:55:38.446+0000] {processor.py:830} INFO - Processing file /opt/airflow/dags/warehouse_dag.py for tasks to queue
[2026-09-17T15:55:38.449+0000] {logging_mixin.py:188} INFO - [2026-09-17T15:55:38.448+0000] {dagbag.py:545} INFO - Filling up the DagBag from /opt/airflow/dags/warehouse_dag.py
[2026-09-17T15:55:38.784+0000] {processor.py:840} INFO - DAG(s) 'youtube_warehouse' retrieved from /opt/airflow/dags/warehouse_dag.py
[2026-09-17T15:55:38.815+0000] {logging_mixin.py:188} INFO - [2026-09-17T15:55:38.815+0000] {dag.py:3096} INFO - Sync 1 DAGs
[2026-09-17T15:55:38.833+0000] {logging_mixin.py:188} INFO - [2026-09-17T15:55:38.832+0000] {dag.py:3954} INFO - Setting next_dagrun for youtube_warehouse to None, run_after=None
[2026-09-17T15:55:38.875+0000] {processor.py:183} INFO - Processing /opt/airflow/dags/warehouse_dag.py took 0.446 seconds
[2026-09-17T15:56:09.405+0000] {processor.py:161} INFO - Started process (PID=2994) to work on /opt/airflow/dags/warehouse_dag.py
[2026-09-17T15:56:09.407+0000] {processor.py:830} INFO - Processing file /opt/airflow/dags/warehouse_dag.py for tasks to queue
[2026-09-17T15:56:09.412+0000] {logging_mixin.py:188} INFO - [2026-09-17T15:56:09.411+0000] {dagbag.py:545} INFO - Filling up the DagBag from /opt/airflow/dags/warehouse_dag.py
[2026-09-17T15:56:09.929+0000] {processor.py:840} INFO - DAG(s) 'youtube_warehouse' retrieved from /opt/airflow/dags/warehouse_dag.py
[2026-09-17T15:56:09.958+0000] {logging_mixin.py:188} INFO - [2026-09-17T15:56:09.956+0000] {dag.py:3096} INFO - Sync 1 DAGs
[2026-09-17T15:56:09.969+0000] {logging_mixin.py:188} INFO - [2026-09-17T15:56:09.969+0000] {dag.py:3954} INFO - Setting next_dagrun for youtube_warehouse to None, run_after=None
[2026-09-17T15:56:10.000+0000] {processor.py:183} INFO - Processing /opt/airflow/dags/warehouse_dag.py took 0.601 seconds
[2026-09-17T15:56:40.714+0000] {processor.py:161} INFO - Started process (PID=3003) to work on /opt/airflow/dags/warehouse_dag.py
[2026-09-17T15:56:40.717+0000] {processor.py:830} INFO - Processing file /opt/airflow/dags/warehouse_dag.py for tasks to queue
[2026-09-17T15:56:40.720+0000] {logging_mixin.py:188} INFO - [2026-09-17T15:56:40.720+0000] {dagbag.py:545} INFO - Filling up the DagBag from /opt/airflow/dags/warehouse_dag.py
[2026-09-17T15:56:41.097+0000] {processor.py:840} INFO - DAG(s) 'youtube_warehouse' retrieved from /opt/airflow/dags/warehouse_dag.py
[2026-09-17T15:56:41.125+0000] {logging_mixin.py:188} INFO - [2026-09-17T15:56:41.124+0000] {dag.py:3096} INFO - Sync 1 DAGs
[2026-09-17T15:56:41.137+0000] {logging_mixin.py:188} INFO - [2026-09-17T15:56:41.137+0000] {dag.py:3954} INFO - Setting next_dagrun for youtube_warehouse to None, run_after=None
[2026-09-17T15:56:41.334+0000] {processor.py:183} INFO - Processing /opt/airflow/dags/warehouse_dag.py took 0.627 seconds
[2026-09-17T15:57:12.110+0000] {processor.py:161} INFO - Started process (PID=3012) to work on /opt/airflow/dags/warehouse_dag.py
[2026-09-17T15:57:12.114+0000] {processor.py:830} INFO - Processing file /opt/airflow/dags/warehouse_dag.py for tasks to queue
[2026-09-17T15:57:12.117+0000] {logging_mixin.py:188} INFO - [2026-09-17T15:57:12.117+0000] {dagbag.py:545} INFO - Filling up the DagBag from /opt/airflow/dags/warehouse_dag.py
[2026-09-17T15:57:12.450+0000] {processor.py:840} INFO - DAG(s) 'youtube_warehouse' retrieved from /opt/airflow/dags/warehouse_dag.py
[2026-09-17T15:57:12.474+0000] {logging_mixin.py:188} INFO - [2026-09-17T15:57:12.473+0000] {dag.py:3096} INFO - Sync 1 DAGs
[2026-09-17T15:57:12.649+0000] {logging_mixin.py:188} INFO - [2026-09-17T15:57:12.649+0000] {dag.py:3954} INFO - Setting next_dagrun for youtube_warehouse to None, run_after=None
[2026-09-17T15:57:12.671+0000] {processor.py:183} INFO - Processing /opt/airflow/dags/warehouse_dag.py took 0.569 seconds
[2026-09-17T15:57:42.972+0000] {processor.py:161} INFO - Started process (PID=3021) to work on /opt/airflow/dags/warehouse_dag.py
[2026-09-17T15:57:42.974+0000] {processor.py:830} INFO - Processing file /opt/airflow/dags/warehouse_dag.py for tasks to queue
[2026-09-17T15:57:42.979+0000] {logging_mixin.py:188} INFO - [2026-09-17T15:57:42.979+0000] {dagbag.py:545} INFO - Filling up the DagBag from /opt/airflow/dags/warehouse_dag.py
[2026-09-17T15:57:43.486+0000] {processor.py:840} INFO - DAG(s) 'youtube_warehouse' retrieved from /opt/airflow/dags/warehouse_dag.py
[2026-09-17T15:57:43.697+0000] {logging_mixin.py:188} INFO - [2026-09-17T15:57:43.697+0000] {dag.py:3096} INFO - Sync 1 DAGs
[2026-09-17T15:57:43.708+0000] {logging_mixin.py:188} INFO - [2026-09-17T15:57:43.707+0000] {dag.py:3954} INFO - Setting next_dagrun for youtube_warehouse to None, run_after=None
[2026-09-17T15:57:43.746+0000] {processor.py:183} INFO - Processing /opt/airflow/dags/warehouse_dag.py took 0.780 seconds
[2026-09-17T15:58:14.192+0000] {processor.py:161} INFO - Started process (PID=3031) to work on /opt/airflow/dags/warehouse_dag.py
[2026-09-17T15:58:14.195+0000] {processor.py:830} INFO - Processing file /opt/airflow/dags/warehouse_dag.py for tasks to queue
[2026-09-17T15:58:14.200+0000] {logging_mixin.py:188} INFO - [2026-09-17T15:58:14.199+0000] {dagbag.py:545} INFO - Filling up the DagBag from /opt/airflow/dags/warehouse_dag.py
[2026-09-17T15:58:14.565+0000] {processor.py:840} INFO - DAG(s) 'youtube_warehouse' retrieved from /opt/airflow/dags/warehouse_dag.py
[2026-09-17T15:58:14.592+0000] {logging_mixin.py:188} INFO - [2026-09-17T15:58:14.592+0000] {dag.py:3096} INFO - Sync 1 DAGs
[2026-09-17T15:58:14.605+0000] {logging_mixin.py:188} INFO - [2026-09-17T15:58:14.604+0000] {dag.py:3954} INFO - Setting next_dagrun for youtube_warehouse to None, run_after=None
[2026-09-17T15:58:14.636+0000] {processor.py:183} INFO - Processing /opt/airflow/dags/warehouse_dag.py took 0.453 seconds
[2026-09-17T15:58:45.072+0000] {processor.py:161} INFO - Started process (PID=3040) to work on /opt/airflow/dags/warehouse_dag.py
[2026-09-17T15:58:45.074+0000] {processor.py:830} INFO - Processing file /opt/airflow/dags/warehouse_dag.py for tasks to queue
[2026-09-17T15:58:45.077+0000] {logging_mixin.py:188} INFO - [2026-09-17T15:58:45.077+0000] {dagbag.py:545} INFO - Filling up the DagBag from /opt/airflow/dags/warehouse_dag.py
[2026-09-17T15:58:45.398+0000] {processor.py:840} INFO - DAG(s) 'youtube_warehouse' retrieved from /opt/airflow/dags/warehouse_dag.py
[2026-09-17T15:58:45.418+0000] {logging_mixin.py:188} INFO - [2026-09-17T15:58:45.418+0000] {dag.py:3096} INFO - Sync 1 DAGs
[2026-09-17T15:58:45.430+0000] {logging_mixin.py:188} INFO - [2026-09-17T15:58:45.429+0000] {dag.py:3954} INFO - Setting next_dagrun for youtube_warehouse to None, run_after=None
[2026-09-17T15:58:45.451+0000] {processor.py:183} INFO - Processing /opt/airflow/dags/warehouse_dag.py took 0.384 seconds
[2026-09-17T15:59:15.619+0000] {processor.py:161} INFO - Started process (PID=3049) to work on /opt/airflow/dags/warehouse_dag.py
[2026-09-17T15:59:15.621+0000] {processor.py:830} INFO - Processing file /opt/airflow/dags/warehouse_dag.py for tasks to queue
[2026-09-17T15:59:15.625+0000] {logging_mixin.py:188} INFO - [2026-09-17T15:59:15.625+0000] {dagbag.py:545} INFO - Filling up the DagBag from /opt/airflow/dags/warehouse_dag.py
[2026-09-17T15:59:16.034+0000] {processor.py:840} INFO - DAG(s) 'youtube_warehouse' retrieved from /opt/airflow/dags/warehouse_dag.py
[2026-09-17T15:59:16.068+0000] {logging_mixin.py:188} INFO - [2026-09-17T15:59:16.068+0000] {dag.py:3096} INFO - Sync 1 DAGs
[2026-09-17T15:59:16.081+0000] {logging_mixin.py:188} INFO - [2026-09-17T15:59:16.081+0000] {dag.py:3954} INFO - Setting next_dagrun for youtube_warehouse to None, run_after=None
[2026-09-17T15:59:16.124+0000] {processor.py:183} INFO - Processing /opt/airflow/dags/warehouse_dag.py took 0.512 seconds
[2026-09-17T15:59:46.968+0000] {processor.py:161} INFO - Started process (PID=3058) to work on /opt/airflow/dags/warehouse_dag.py
[2026-09-17T15:59:46.971+0000] {processor.py:830} INFO - Processing file /opt/airflow/dags/warehouse_dag.py for tasks to queue
[2026-09-17T15:59:46.981+0000] {logging_mixin.py:188} INFO - [2026-09-17T15:59:46.980+0000] {dagbag.py:545} INFO - Filling up the DagBag from /opt/airflow/dags/warehouse_dag.py
[2026-09-17T15:59:47.480+0000] {processor.py:840} INFO - DAG(s) 'youtube_warehouse' retrieved from /opt/airflow/dags/warehouse_dag.py
[2026-09-17T15:59:47.511+0000] {logging_mixin.py:188} INFO - [2026-09-17T15:59:47.509+0000] {dag.py:3096} INFO - Sync 1 DAGs
[2026-09-17T15:59:47.535+0000] {logging_mixin.py:188} INFO - [2026-09-17T15:59:47.535+0000] {dag.py:3954} INFO - Setting next_dagrun for youtube_warehouse to None, run_after=None
[2026-09-17T15:59:47.823+0000] {processor.py:183} INFO - Processing /opt/airflow/dags/warehouse_dag.py took 0.867 seconds
[2026-09-17T16:00:18.502+0000] {processor.py:161} INFO - Started process (PID=3067) to work on /opt/airflow/dags/warehouse_dag.py
[2026-09-17T16:00:18.508+0000] {processor.py:830} INFO - Processing file /opt/airflow/dags/warehouse_dag.py for tasks to queue
[2026-09-17T16:00:18.511+0000] {logging_mixin.py:188} INFO - [2026-09-17T16:00:18.511+0000] {dagbag.py:545} INFO - Filling up the DagBag from /opt/airflow/dags/warehouse_dag.py
[2026-09-17T16:00:18.993+0000] {processor.py:840} INFO - DAG(s) 'youtube_warehouse' retrieved from /opt/airflow/dags/warehouse_dag.py
[2026-09-17T16:00:19.016+0000] {logging_mixin.py:188} INFO - [2026-09-17T16:00:19.016+0000] {dag.py:3096} INFO - Sync 1 DAGs
[2026-09-17T16:00:19.222+0000] {logging_mixin.py:188} INFO - [2026-09-17T16:00:19.222+0000] {dag.py:3954} INFO - Setting next_dagrun for youtube_warehouse to None, run_after=None
[2026-09-17T16:00:19.319+0000] {processor.py:183} INFO - Processing /opt/airflow/dags/warehouse_dag.py took 0.822 seconds
[2026-09-17T16:00:49.900+0000] {processor.py:161} INFO - Started process (PID=3076) to work on /opt/airflow/dags/warehouse_dag.py
[2026-09-17T16:00:49.912+0000] {processor.py:830} INFO - Processing file /opt/airflow/dags/warehouse_dag.py for tasks to queue
[2026-09-17T16:00:49.916+0000] {logging_mixin.py:188} INFO - [2026-09-17T16:00:49.916+0000] {dagbag.py:545} INFO - Filling up the DagBag from /opt/airflow/dags/warehouse_dag.py
[2026-09-17T16:00:50.432+0000] {processor.py:840} INFO - DAG(s) 'youtube_warehouse' retrieved from /opt/airflow/dags/warehouse_dag.py
[2026-09-17T16:00:50.602+0000] {logging_mixin.py:188} INFO - [2026-09-17T16:00:50.602+0000] {dag.py:3096} INFO - Sync 1 DAGs
[2026-09-17T16:00:50.615+0000] {logging_mixin.py:188} INFO - [2026-09-17T16:00:50.615+0000] {dag.py:3954} INFO - Setting next_dagrun for youtube_warehouse to None, run_after=None
[2026-09-17T16:00:50.639+0000] {processor.py:183} INFO - Processing /opt/airflow/dags/warehouse_dag.py took 0.748 seconds
[2026-09-17T16:01:21.441+0000] {processor.py:161} INFO - Started process (PID=3085) to work on /opt/airflow/dags/warehouse_dag.py
[2026-09-17T16:01:21.444+0000] {processor.py:830} INFO - Processing file /opt/airflow/dags/warehouse_dag.py for tasks to queue
[2026-09-17T16:01:21.450+0000] {logging_mixin.py:188} INFO - [2026-09-17T16:01:21.449+0000] {dagbag.py:545} INFO - Filling up the DagBag from /opt/airflow/dags/warehouse_dag.py
[2026-09-17T16:01:21.993+0000] {processor.py:840} INFO - DAG(s) 'youtube_warehouse' retrieved from /opt/airflow/dags/warehouse_dag.py
[2026-09-17T16:01:22.025+0000] {logging_mixin.py:188} INFO - [2026-09-17T16:01:22.025+0000] {dag.py:3096} INFO - Sync 1 DAGs
[2026-09-17T16:01:22.045+0000] {logging_mixin.py:188} INFO - [2026-09-17T16:01:22.045+0000] {dag.py:3954} INFO - Setting next_dagrun for youtube_warehouse to None, run_after=None
[2026-09-17T16:01:22.074+0000] {processor.py:183} INFO - Processing /opt/airflow/dags/warehouse_dag.py took 0.639 seconds
[2026-09-17T16:01:52.490+0000] {processor.py:161} INFO - Started process (PID=3094) to work on /opt/airflow/dags/warehouse_dag.py
[2026-09-17T16:01:52.496+0000] {processor.py:830} INFO - Processing file /opt/airflow/dags/warehouse_dag.py for tasks to queue
[2026-09-17T16:01:52.505+0000] {logging_mixin.py:188} INFO - [2026-09-17T16:01:52.504+0000] {dagbag.py:545} INFO - Filling up the DagBag from /opt/airflow/dags/warehouse_dag.py
[2026-09-17T16:01:53.032+0000] {processor.py:840} INFO - DAG(s) 'youtube_warehouse' retrieved from /opt/airflow/dags/warehouse_dag.py
[2026-09-17T16:01:53.084+0000] {logging_mixin.py:188} INFO - [2026-09-17T16:01:53.084+0000] {dag.py:3096} INFO - Sync 1 DAGs
[2026-09-17T16:01:53.119+0000] {logging_mixin.py:188} INFO - [2026-09-17T16:01:53.118+0000] {dag.py:3954} INFO - Setting next_dagrun for youtube_warehouse to None, run_after=None
[2026-09-17T16:01:53.157+0000] {processor.py:183} INFO - Processing /opt/airflow/dags/warehouse_dag.py took 0.673 seconds
[2026-09-17T16:02:23.575+0000] {processor.py:161} INFO - Started process (PID=3103) to work on /opt/airflow/dags/warehouse_dag.py
[2026-09-17T16:02:23.601+0000] {processor.py:830} INFO - Processing file /opt/airflow/dags/warehouse_dag.py for tasks to queue
[2026-09-17T16:02:23.612+0000] {logging_mixin.py:188} INFO - [2026-09-17T16:02:23.611+0000] {dagbag.py:545} INFO - Filling up the DagBag from /opt/airflow/dags/warehouse_dag.py
[2026-09-17T16:02:24.636+0000] {processor.py:840} INFO - DAG(s) 'youtube_warehouse' retrieved from /opt/airflow/dags/warehouse_dag.py
[2026-09-17T16:02:24.693+0000] {logging_mixin.py:188} INFO - [2026-09-17T16:02:24.691+0000] {dag.py:3096} INFO - Sync 1 DAGs
[2026-09-17T16:02:24.728+0000] {logging_mixin.py:188} INFO - [2026-09-17T16:02:24.728+0000] {dag.py:3954} INFO - Setting next_dagrun for youtube_warehouse to None, run_after=None
[2026-09-17T16:02:25.122+0000] {processor.py:183} INFO - Processing /opt/airflow/dags/warehouse_dag.py took 1.579 seconds
[2026-09-17T16:02:55.929+0000] {processor.py:161} INFO - Started process (PID=3112) to work on /opt/airflow/dags/warehouse_dag.py
[2026-09-17T16:02:55.931+0000] {processor.py:830} INFO - Processing file /opt/airflow/dags/warehouse_dag.py for tasks to queue
[2026-09-17T16:02:55.935+0000] {logging_mixin.py:188} INFO - [2026-09-17T16:02:55.934+0000] {dagbag.py:545} INFO - Filling up the DagBag from /opt/airflow/dags/warehouse_dag.py
[2026-09-17T16:02:56.370+0000] {processor.py:840} INFO - DAG(s) 'youtube_warehouse' retrieved from /opt/airflow/dags/warehouse_dag.py
[2026-09-17T16:02:56.393+0000] {logging_mixin.py:188} INFO - [2026-09-17T16:02:56.393+0000] {dag.py:3096} INFO - Sync 1 DAGs
[2026-09-17T16:02:56.544+0000] {logging_mixin.py:188} INFO - [2026-09-17T16:02:56.544+0000] {dag.py:3954} INFO - Setting next_dagrun for youtube_warehouse to None, run_after=None
[2026-09-17T16:02:56.576+0000] {processor.py:183} INFO - Processing /opt/airflow/dags/warehouse_dag.py took 0.651 seconds
[2026-09-17T16:03:27.404+0000] {processor.py:161} INFO - Started process (PID=3121) to work on /opt/airflow/dags/warehouse_dag.py
[2026-09-17T16:03:27.407+0000] {processor.py:830} INFO - Processing file /opt/airflow/dags/warehouse_dag.py for tasks to queue
[2026-09-17T16:03:27.410+0000] {logging_mixin.py:188} INFO - [2026-09-17T16:03:27.410+0000] {dagbag.py:545} INFO - Filling up the DagBag from /opt/airflow/dags/warehouse_dag.py
[2026-09-17T16:03:27.868+0000] {processor.py:840} INFO - DAG(s) 'youtube_warehouse' retrieved from /opt/airflow/dags/warehouse_dag.py
[2026-09-17T16:03:28.358+0000] {logging_mixin.py:188} INFO - [2026-09-17T16:03:28.357+0000] {dag.py:3096} INFO - Sync 1 DAGs
[2026-09-17T16:03:28.385+0000] {logging_mixin.py:188} INFO - [2026-09-17T16:03:28.383+0000] {dag.py:3954} INFO - Setting next_dagrun for youtube_warehouse to None, run_after=None
[2026-09-17T16:03:28.442+0000] {processor.py:183} INFO - Processing /opt/airflow/dags/warehouse_dag.py took 1.046 seconds
[2026-09-17T16:03:58.941+0000] {processor.py:161} INFO - Started process (PID=3130) to work on /opt/airflow/dags/warehouse_dag.py
[2026-09-17T16:03:58.944+0000] {processor.py:830} INFO - Processing file /opt/airflow/dags/warehouse_dag.py for tasks to queue
[2026-09-17T16:03:58.948+0000] {logging_mixin.py:188} INFO - [2026-09-17T16:03:58.947+0000] {dagbag.py:545} INFO - Filling up the DagBag from /opt/airflow/dags/warehouse_dag.py
[2026-09-17T16:03:59.430+0000] {processor.py:840} INFO - DAG(s) 'youtube_warehouse' retrieved from /opt/airflow/dags/warehouse_dag.py
[2026-09-17T16:03:59.456+0000] {logging_mixin.py:188} INFO - [2026-09-17T16:03:59.456+0000] {dag.py:3096} INFO - Sync 1 DAGs
[2026-09-17T16:03:59.469+0000] {logging_mixin.py:188} INFO - [2026-09-17T16:03:59.468+0000] {dag.py:3954} INFO - Setting next_dagrun for youtube_warehouse to None, run_after=None
[2026-09-17T16:03:59.493+0000] {processor.py:183} INFO - Processing /opt/airflow/dags/warehouse_dag.py took 0.558 seconds
[2026-09-17T16:04:29.731+0000] {processor.py:161} INFO - Started process (PID=3139) to work on /opt/airflow/dags/warehouse_dag.py
[2026-09-17T16:04:29.735+0000] {processor.py:830} INFO - Processing file /opt/airflow/dags/warehouse_dag.py for tasks to queue
[2026-09-17T16:04:29.741+0000] {logging_mixin.py:188} INFO - [2026-09-17T16:04:29.741+0000] {dagbag.py:545} INFO - Filling up the DagBag from /opt/airflow/dags/warehouse_dag.py
[2026-09-17T16:04:30.190+0000] {processor.py:840} INFO - DAG(s) 'youtube_warehouse' retrieved from /opt/airflow/dags/warehouse_dag.py
[2026-09-17T16:04:30.265+0000] {logging_mixin.py:188} INFO - [2026-09-17T16:04:30.264+0000] {dag.py:3096} INFO - Sync 1 DAGs
[2026-09-17T16:04:30.281+0000] {logging_mixin.py:188} INFO - [2026-09-17T16:04:30.280+0000] {dag.py:3954} INFO - Setting next_dagrun for youtube_warehouse to None, run_after=None
[2026-09-17T16:04:30.322+0000] {processor.py:183} INFO - Processing /opt/airflow/dags/warehouse_dag.py took 0.596 seconds
[2026-09-17T16:05:01.131+0000] {processor.py:161} INFO - Started process (PID=3148) to work on /opt/airflow/dags/warehouse_dag.py
[2026-09-17T16:05:01.134+0000] {processor.py:830} INFO - Processing file /opt/airflow/dags/warehouse_dag.py for tasks to queue
[2026-09-17T16:05:01.139+0000] {logging_mixin.py:188} INFO - [2026-09-17T16:05:01.138+0000] {dagbag.py:545} INFO - Filling up the DagBag from /opt/airflow/dags/warehouse_dag.py
[2026-09-17T16:05:01.528+0000] {processor.py:840} INFO - DAG(s) 'youtube_warehouse' retrieved from /opt/airflow/dags/warehouse_dag.py
[2026-09-17T16:05:01.562+0000] {logging_mixin.py:188} INFO - [2026-09-17T16:05:01.562+0000] {dag.py:3096} INFO - Sync 1 DAGs
[2026-09-17T16:05:01.582+0000] {logging_mixin.py:188} INFO - [2026-09-17T16:05:01.581+0000] {dag.py:3954} INFO - Setting next_dagrun for youtube_warehouse to None, run_after=None
[2026-09-17T16:05:01.622+0000] {processor.py:183} INFO - Processing /opt/airflow/dags/warehouse_dag.py took 0.502 seconds
[2026-09-17T16:05:31.751+0000] {processor.py:161} INFO - Started process (PID=3157) to work on /opt/airflow/dags/warehouse_dag.py
[2026-09-17T16:05:31.756+0000] {processor.py:830} INFO - Processing file /opt/airflow/dags/warehouse_dag.py for tasks to queue
[2026-09-17T16:05:31.805+0000] {logging_mixin.py:188} INFO - [2026-09-17T16:05:31.804+0000] {dagbag.py:545} INFO - Filling up the DagBag from /opt/airflow/dags/warehouse_dag.py
[2026-09-17T16:05:32.295+0000] {processor.py:840} INFO - DAG(s) 'youtube_warehouse' retrieved from /opt/airflow/dags/warehouse_dag.py
[2026-09-17T16:05:32.331+0000] {logging_mixin.py:188} INFO - [2026-09-17T16:05:32.331+0000] {dag.py:3096} INFO - Sync 1 DAGs
[2026-09-17T16:05:32.560+0000] {logging_mixin.py:188} INFO - [2026-09-17T16:05:32.560+0000] {dag.py:3954} INFO - Setting next_dagrun for youtube_warehouse to None, run_after=None
[2026-09-17T16:05:32.615+0000] {processor.py:183} INFO - Processing /opt/airflow/dags/warehouse_dag.py took 0.872 seconds
[2026-09-17T16:06:03.414+0000] {processor.py:161} INFO - Started process (PID=3166) to work on /opt/airflow/dags/warehouse_dag.py
[2026-09-17T16:06:03.416+0000] {processor.py:830} INFO - Processing file /opt/airflow/dags/warehouse_dag.py for tasks to queue
[2026-09-17T16:06:03.428+0000] {logging_mixin.py:188} INFO - [2026-09-17T16:06:03.426+0000] {dagbag.py:545} INFO - Filling up the DagBag from /opt/airflow/dags/warehouse_dag.py
[2026-09-17T16:06:03.946+0000] {processor.py:840} INFO - DAG(s) 'youtube_warehouse' retrieved from /opt/airflow/dags/warehouse_dag.py
[2026-09-17T16:06:03.993+0000] {logging_mixin.py:188} INFO - [2026-09-17T16:06:03.993+0000] {dag.py:3096} INFO - Sync 1 DAGs
[2026-09-17T16:06:04.210+0000] {logging_mixin.py:188} INFO - [2026-09-17T16:06:04.210+0000] {dag.py:3954} INFO - Setting next_dagrun for youtube_warehouse to None, run_after=None
[2026-09-17T16:06:04.262+0000] {processor.py:183} INFO - Processing /opt/airflow/dags/warehouse_dag.py took 0.873 seconds
[2026-09-17T16:06:34.990+0000] {processor.py:161} INFO - Started process (PID=3182) to work on /opt/airflow/dags/warehouse_dag.py
[2026-09-17T16:06:34.993+0000] {processor.py:830} INFO - Processing file /opt/airflow/dags/warehouse_dag.py for tasks to queue
[2026-09-17T16:06:34.997+0000] {logging_mixin.py:188} INFO - [2026-09-17T16:06:34.997+0000] {dagbag.py:545} INFO - Filling up the DagBag from /opt/airflow/dags/warehouse_dag.py
[2026-09-17T16:06:35.443+0000] {processor.py:840} INFO - DAG(s) 'youtube_warehouse' retrieved from /opt/airflow/dags/warehouse_dag.py
[2026-09-17T16:06:35.479+0000] {logging_mixin.py:188} INFO - [2026-09-17T16:06:35.479+0000] {dag.py:3096} INFO - Sync 1 DAGs
[2026-09-17T16:06:35.492+0000] {logging_mixin.py:188} INFO - [2026-09-17T16:06:35.491+0000] {dag.py:3954} INFO - Setting next_dagrun for youtube_warehouse to None, run_after=None
[2026-09-17T16:06:35.516+0000] {processor.py:183} INFO - Processing /opt/airflow/dags/warehouse_dag.py took 0.534 seconds
[2026-09-17T16:07:05.811+0000] {processor.py:161} INFO - Started process (PID=3192) to work on /opt/airflow/dags/warehouse_dag.py
[2026-09-17T16:07:05.813+0000] {processor.py:830} INFO - Processing file /opt/airflow/dags/warehouse_dag.py for tasks to queue
[2026-09-17T16:07:05.816+0000] {logging_mixin.py:188} INFO - [2026-09-17T16:07:05.815+0000] {dagbag.py:545} INFO - Filling up the DagBag from /opt/airflow/dags/warehouse_dag.py
[2026-09-17T16:07:06.152+0000] {processor.py:840} INFO - DAG(s) 'youtube_warehouse' retrieved from /opt/airflow/dags/warehouse_dag.py
[2026-09-17T16:07:06.191+0000] {logging_mixin.py:188} INFO - [2026-09-17T16:07:06.190+0000] {dag.py:3096} INFO - Sync 1 DAGs
[2026-09-17T16:07:06.203+0000] {logging_mixin.py:188} INFO - [2026-09-17T16:07:06.202+0000] {dag.py:3954} INFO - Setting next_dagrun for youtube_warehouse to None, run_after=None
[2026-09-17T16:07:06.258+0000] {processor.py:183} INFO - Processing /opt/airflow/dags/warehouse_dag.py took 0.453 seconds
[2026-09-17T16:07:36.429+0000] {processor.py:161} INFO - Started process (PID=3201) to work on /opt/airflow/dags/warehouse_dag.py
[2026-09-17T16:07:36.429+0000] {processor.py:830} INFO - Processing file /opt/airflow/dags/warehouse_dag.py for tasks to queue
[2026-09-17T16:07:36.431+0000] {logging_mixin.py:188} INFO - [2026-09-17T16:07:36.431+0000] {dagbag.py:545} INFO - Filling up the DagBag from /opt/airflow/dags/warehouse_dag.py
[2026-09-17T16:07:36.729+0000] {processor.py:840} INFO - DAG(s) 'youtube_warehouse' retrieved from /opt/airflow/dags/warehouse_dag.py
[2026-09-17T16:07:36.750+0000] {logging_mixin.py:188} INFO - [2026-09-17T16:07:36.750+0000] {dag.py:3096} INFO - Sync 1 DAGs
[2026-09-17T16:07:36.762+0000] {logging_mixin.py:188} INFO - [2026-09-17T16:07:36.761+0000] {dag.py:3954} INFO - Setting next_dagrun for youtube_warehouse to None, run_after=None
[2026-09-17T16:07:36.782+0000] {processor.py:183} INFO - Processing /opt/airflow/dags/warehouse_dag.py took 0.361 seconds
[2026-09-17T16:08:07.192+0000] {processor.py:161} INFO - Started process (PID=3210) to work on /opt/airflow/dags/warehouse_dag.py
[2026-09-17T16:08:07.194+0000] {processor.py:830} INFO - Processing file /opt/airflow/dags/warehouse_dag.py for tasks to queue
[2026-09-17T16:08:07.198+0000] {logging_mixin.py:188} INFO - [2026-09-17T16:08:07.197+0000] {dagbag.py:545} INFO - Filling up the DagBag from /opt/airflow/dags/warehouse_dag.py
[2026-09-17T16:08:07.496+0000] {processor.py:840} INFO - DAG(s) 'youtube_warehouse' retrieved from /opt/airflow/dags/warehouse_dag.py
[2026-09-17T16:08:07.545+0000] {logging_mixin.py:188} INFO - [2026-09-17T16:08:07.544+0000] {dag.py:3096} INFO - Sync 1 DAGs
[2026-09-17T16:08:07.557+0000] {logging_mixin.py:188} INFO - [2026-09-17T16:08:07.557+0000] {dag.py:3954} INFO - Setting next_dagrun for youtube_warehouse to None, run_after=None
[2026-09-17T16:08:07.699+0000] {processor.py:183} INFO - Processing /opt/airflow/dags/warehouse_dag.py took 0.513 seconds
[2026-09-17T16:08:37.810+0000] {processor.py:161} INFO - Started process (PID=3219) to work on /opt/airflow/dags/warehouse_dag.py
[2026-09-17T16:08:37.812+0000] {processor.py:830} INFO - Processing file /opt/airflow/dags/warehouse_dag.py for tasks to queue
[2026-09-17T16:08:37.815+0000] {logging_mixin.py:188} INFO - [2026-09-17T16:08:37.815+0000] {dagbag.py:545} INFO - Filling up the DagBag from /opt/airflow/dags/warehouse_dag.py
[2026-09-17T16:08:38.129+0000] {processor.py:840} INFO - DAG(s) 'youtube_warehouse' retrieved from /opt/airflow/dags/warehouse_dag.py
[2026-09-17T16:08:38.152+0000] {logging_mixin.py:188} INFO - [2026-09-17T16:08:38.152+0000] {dag.py:3096} INFO - Sync 1 DAGs
[2026-09-17T16:08:38.291+0000] {logging_mixin.py:188} INFO - [2026-09-17T16:08:38.291+0000] {dag.py:3954} INFO - Setting next_dagrun for youtube_warehouse to None, run_after=None
[2026-09-17T16:08:38.312+0000] {processor.py:183} INFO - Processing /opt/airflow/dags/warehouse_dag.py took 0.508 seconds
[2026-09-17T16:09:09.190+0000] {processor.py:161} INFO - Started process (PID=3228) to work on /opt/airflow/dags/warehouse_dag.py
[2026-09-17T16:09:09.192+0000] {processor.py:830} INFO - Processing file /opt/airflow/dags/warehouse_dag.py for tasks to queue
[2026-09-17T16:09:09.195+0000] {logging_mixin.py:188} INFO - [2026-09-17T16:09:09.195+0000] {dagbag.py:545} INFO - Filling up the DagBag from /opt/airflow/dags/warehouse_dag.py
[2026-09-17T16:09:09.522+0000] {processor.py:840} INFO - DAG(s) 'youtube_warehouse' retrieved from /opt/airflow/dags/warehouse_dag.py
[2026-09-17T16:09:09.661+0000] {logging_mixin.py:188} INFO - [2026-09-17T16:09:09.661+0000] {dag.py:3096} INFO - Sync 1 DAGs
[2026-09-17T16:09:09.671+0000] {logging_mixin.py:188} INFO - [2026-09-17T16:09:09.670+0000] {dag.py:3954} INFO - Setting next_dagrun for youtube_warehouse to None, run_after=None
[2026-09-17T16:09:09.705+0000] {processor.py:183} INFO - Processing /opt/airflow/dags/warehouse_dag.py took 0.521 seconds
[2026-09-17T16:09:39.800+0000] {processor.py:161} INFO - Started process (PID=3237) to work on /opt/airflow/dags/warehouse_dag.py
[2026-09-17T16:09:39.803+0000] {processor.py:830} INFO - Processing file /opt/airflow/dags/warehouse_dag.py for tasks to queue
[2026-09-17T16:09:39.807+0000] {logging_mixin.py:188} INFO - [2026-09-17T16:09:39.807+0000] {dagbag.py:545} INFO - Filling up the DagBag from /opt/airflow/dags/warehouse_dag.py
[2026-09-17T16:09:40.166+0000] {processor.py:840} INFO - DAG(s) 'youtube_warehouse' retrieved from /opt/airflow/dags/warehouse_dag.py
[2026-09-17T16:09:40.187+0000] {logging_mixin.py:188} INFO - [2026-09-17T16:09:40.186+0000] {dag.py:3096} INFO - Sync 1 DAGs
[2026-09-17T16:09:40.198+0000] {logging_mixin.py:188} INFO - [2026-09-17T16:09:40.197+0000] {dag.py:3954} INFO - Setting next_dagrun for youtube_warehouse to None, run_after=None
[2026-09-17T16:09:40.236+0000] {processor.py:183} INFO - Processing /opt/airflow/dags/warehouse_dag.py took 0.443 seconds
[2026-09-17T16:10:10.386+0000] {processor.py:161} INFO - Started process (PID=3246) to work on /opt/airflow/dags/warehouse_dag.py
[2026-09-17T16:10:10.390+0000] {processor.py:830} INFO - Processing file /opt/airflow/dags/warehouse_dag.py for tasks to queue
[2026-09-17T16:10:10.394+0000] {logging_mixin.py:188} INFO - [2026-09-17T16:10:10.393+0000] {dagbag.py:545} INFO - Filling up the DagBag from /opt/airflow/dags/warehouse_dag.py
[2026-09-17T16:10:10.740+0000] {processor.py:840} INFO - DAG(s) 'youtube_warehouse' retrieved from /opt/airflow/dags/warehouse_dag.py
[2026-09-17T16:10:10.763+0000] {logging_mixin.py:188} INFO - [2026-09-17T16:10:10.763+0000] {dag.py:3096} INFO - Sync 1 DAGs
[2026-09-17T16:10:10.777+0000] {logging_mixin.py:188} INFO - [2026-09-17T16:10:10.776+0000] {dag.py:3954} INFO - Setting next_dagrun for youtube_warehouse to None, run_after=None
[2026-09-17T16:10:10.806+0000] {processor.py:183} INFO - Processing /opt/airflow/dags/warehouse_dag.py took 0.425 seconds
[2026-09-17T16:10:41.182+0000] {processor.py:161} INFO - Started process (PID=3255) to work on /opt/airflow/dags/warehouse_dag.py
[2026-09-17T16:10:41.184+0000] {processor.py:830} INFO - Processing file /opt/airflow/dags/warehouse_dag.py for tasks to queue
[2026-09-17T16:10:41.187+0000] {logging_mixin.py:188} INFO - [2026-09-17T16:10:41.187+0000] {dagbag.py:545} INFO - Filling up the DagBag from /opt/airflow/dags/warehouse_dag.py
[2026-09-17T16:10:41.539+0000] {processor.py:840} INFO - DAG(s) 'youtube_warehouse' retrieved from /opt/airflow/dags/warehouse_dag.py
[2026-09-17T16:10:41.559+0000] {logging_mixin.py:188} INFO - [2026-09-17T16:10:41.559+0000] {dag.py:3096} INFO - Sync 1 DAGs
[2026-09-17T16:10:41.570+0000] {logging_mixin.py:188} INFO - [2026-09-17T16:10:41.569+0000] {dag.py:3954} INFO - Setting next_dagrun for youtube_warehouse to None, run_after=None
[2026-09-17T16:10:41.612+0000] {processor.py:183} INFO - Processing /opt/airflow/dags/warehouse_dag.py took 0.437 seconds
[2026-09-17T16:11:11.756+0000] {processor.py:161} INFO - Started process (PID=3264) to work on /opt/airflow/dags/warehouse_dag.py
[2026-09-17T16:11:11.759+0000] {processor.py:830} INFO - Processing file /opt/airflow/dags/warehouse_dag.py for tasks to queue
[2026-09-17T16:11:11.762+0000] {logging_mixin.py:188} INFO - [2026-09-17T16:11:11.761+0000] {dagbag.py:545} INFO - Filling up the DagBag from /opt/airflow/dags/warehouse_dag.py
[2026-09-17T16:11:12.072+0000] {processor.py:840} INFO - DAG(s) 'youtube_warehouse' retrieved from /opt/airflow/dags/warehouse_dag.py
[2026-09-17T16:11:12.092+0000] {logging_mixin.py:188} INFO - [2026-09-17T16:11:12.092+0000] {dag.py:3096} INFO - Sync 1 DAGs
[2026-09-17T16:11:12.280+0000] {logging_mixin.py:188} INFO - [2026-09-17T16:11:12.280+0000] {dag.py:3954} INFO - Setting next_dagrun for youtube_warehouse to None, run_after=None
[2026-09-17T16:11:12.303+0000] {processor.py:183} INFO - Processing /opt/airflow/dags/warehouse_dag.py took 0.553 seconds
[2026-09-17T16:11:42.645+0000] {processor.py:161} INFO - Started process (PID=3273) to work on /opt/airflow/dags/warehouse_dag.py
[2026-09-17T16:11:42.647+0000] {processor.py:830} INFO - Processing file /opt/airflow/dags/warehouse_dag.py for tasks to queue
[2026-09-17T16:11:42.651+0000] {logging_mixin.py:188} INFO - [2026-09-17T16:11:42.650+0000] {dagbag.py:545} INFO - Filling up the DagBag from /opt/airflow/dags/warehouse_dag.py
[2026-09-17T16:11:42.972+0000] {processor.py:840} INFO - DAG(s) 'youtube_warehouse' retrieved from /opt/airflow/dags/warehouse_dag.py
[2026-09-17T16:11:42.996+0000] {logging_mixin.py:188} INFO - [2026-09-17T16:11:42.996+0000] {dag.py:3096} INFO - Sync 1 DAGs
[2026-09-17T16:11:43.129+0000] {logging_mixin.py:188} INFO - [2026-09-17T16:11:43.129+0000] {dag.py:3954} INFO - Setting next_dagrun for youtube_warehouse to None, run_after=None
[2026-09-17T16:11:43.168+0000] {processor.py:183} INFO - Processing /opt/airflow/dags/warehouse_dag.py took 0.528 seconds
[2026-09-17T16:12:13.492+0000] {processor.py:161} INFO - Started process (PID=3283) to work on /opt/airflow/dags/warehouse_dag.py
[2026-09-17T16:12:13.495+0000] {processor.py:830} INFO - Processing file /opt/airflow/dags/warehouse_dag.py for tasks to queue
[2026-09-17T16:12:13.497+0000] {logging_mixin.py:188} INFO - [2026-09-17T16:12:13.497+0000] {dagbag.py:545} INFO - Filling up the DagBag from /opt/airflow/dags/warehouse_dag.py
[2026-09-17T16:12:13.831+0000] {processor.py:840} INFO - DAG(s) 'youtube_warehouse' retrieved from /opt/airflow/dags/warehouse_dag.py
[2026-09-17T16:12:13.983+0000] {logging_mixin.py:188} INFO - [2026-09-17T16:12:13.983+0000] {dag.py:3096} INFO - Sync 1 DAGs
[2026-09-17T16:12:13.993+0000] {logging_mixin.py:188} INFO - [2026-09-17T16:12:13.993+0000] {dag.py:3954} INFO - Setting next_dagrun for youtube_warehouse to None, run_after=None
[2026-09-17T16:12:14.015+0000] {processor.py:183} INFO - Processing /opt/airflow/dags/warehouse_dag.py took 0.529 seconds
[2026-09-17T16:12:44.390+0000] {processor.py:161} INFO - Started process (PID=3292) to work on /opt/airflow/dags/warehouse_dag.py
[2026-09-17T16:12:44.392+0000] {processor.py:830} INFO - Processing file /opt/airflow/dags/warehouse_dag.py for tasks to queue
[2026-09-17T16:12:44.396+0000] {logging_mixin.py:188} INFO - [2026-09-17T16:12:44.396+0000] {dagbag.py:545} INFO - Filling up the DagBag from /opt/airflow/dags/warehouse_dag.py
[2026-09-17T16:12:44.745+0000] {processor.py:840} INFO - DAG(s) 'youtube_warehouse' retrieved from /opt/airflow/dags/warehouse_dag.py
[2026-09-17T16:12:44.792+0000] {logging_mixin.py:188} INFO - [2026-09-17T16:12:44.792+0000] {dag.py:3096} INFO - Sync 1 DAGs
[2026-09-17T16:12:44.812+0000] {logging_mixin.py:188} INFO - [2026-09-17T16:12:44.811+0000] {dag.py:3954} INFO - Setting next_dagrun for youtube_warehouse to None, run_after=None
[2026-09-17T16:12:44.872+0000] {processor.py:183} INFO - Processing /opt/airflow/dags/warehouse_dag.py took 0.488 seconds
[2026-09-17T16:13:15.032+0000] {processor.py:161} INFO - Started process (PID=3301) to work on /opt/airflow/dags/warehouse_dag.py
[2026-09-17T16:13:15.034+0000] {processor.py:830} INFO - Processing file /opt/airflow/dags/warehouse_dag.py for tasks to queue
[2026-09-17T16:13:15.039+0000] {logging_mixin.py:188} INFO - [2026-09-17T16:13:15.039+0000] {dagbag.py:545} INFO - Filling up the DagBag from /opt/airflow/dags/warehouse_dag.py
[2026-09-17T16:13:15.308+0000] {processor.py:840} INFO - DAG(s) 'youtube_warehouse' retrieved from /opt/airflow/dags/warehouse_dag.py
[2026-09-17T16:13:15.351+0000] {logging_mixin.py:188} INFO - [2026-09-17T16:13:15.351+0000] {dag.py:3096} INFO - Sync 1 DAGs
[2026-09-17T16:13:15.363+0000] {logging_mixin.py:188} INFO - [2026-09-17T16:13:15.363+0000] {dag.py:3954} INFO - Setting next_dagrun for youtube_warehouse to None, run_after=None
[2026-09-17T16:13:15.406+0000] {processor.py:183} INFO - Processing /opt/airflow/dags/warehouse_dag.py took 0.381 seconds
[2026-09-17T16:13:45.794+0000] {processor.py:161} INFO - Started process (PID=3310) to work on /opt/airflow/dags/warehouse_dag.py
[2026-09-17T16:13:45.796+0000] {processor.py:830} INFO - Processing file /opt/airflow/dags/warehouse_dag.py for tasks to queue
[2026-09-17T16:13:45.800+0000] {logging_mixin.py:188} INFO - [2026-09-17T16:13:45.799+0000] {dagbag.py:545} INFO - Filling up the DagBag from /opt/airflow/dags/warehouse_dag.py
[2026-09-17T16:13:46.184+0000] {processor.py:840} INFO - DAG(s) 'youtube_warehouse' retrieved from /opt/airflow/dags/warehouse_dag.py
[2026-09-17T16:13:46.204+0000] {logging_mixin.py:188} INFO - [2026-09-17T16:13:46.204+0000] {dag.py:3096} INFO - Sync 1 DAGs
[2026-09-17T16:13:46.216+0000] {logging_mixin.py:188} INFO - [2026-09-17T16:13:46.216+0000] {dag.py:3954} INFO - Setting next_dagrun for youtube_warehouse to None, run_after=None
[2026-09-17T16:13:46.371+0000] {processor.py:183} INFO - Processing /opt/airflow/dags/warehouse_dag.py took 0.583 seconds
[2026-09-17T16:14:16.521+0000] {processor.py:161} INFO - Started process (PID=3319) to work on /opt/airflow/dags/warehouse_dag.py
[2026-09-17T16:14:16.523+0000] {processor.py:830} INFO - Processing file /opt/airflow/dags/warehouse_dag.py for tasks to queue
[2026-09-17T16:14:16.526+0000] {logging_mixin.py:188} INFO - [2026-09-17T16:14:16.526+0000] {dagbag.py:545} INFO - Filling up the DagBag from /opt/airflow/dags/warehouse_dag.py
[2026-09-17T16:14:16.821+0000] {processor.py:840} INFO - DAG(s) 'youtube_warehouse' retrieved from /opt/airflow/dags/warehouse_dag.py
[2026-09-17T16:14:16.842+0000] {logging_mixin.py:188} INFO - [2026-09-17T16:14:16.842+0000] {dag.py:3096} INFO - Sync 1 DAGs
[2026-09-17T16:14:16.974+0000] {logging_mixin.py:188} INFO - [2026-09-17T16:14:16.974+0000] {dag.py:3954} INFO - Setting next_dagrun for youtube_warehouse to None, run_after=None
[2026-09-17T16:14:17.000+0000] {processor.py:183} INFO - Processing /opt/airflow/dags/warehouse_dag.py took 0.484 seconds
[2026-09-17T16:14:47.222+0000] {processor.py:161} INFO - Started process (PID=3328) to work on /opt/airflow/dags/warehouse_dag.py
[2026-09-17T16:14:47.228+0000] {processor.py:830} INFO - Processing file /opt/airflow/dags/warehouse_dag.py for tasks to queue
[2026-09-17T16:14:47.231+0000] {logging_mixin.py:188} INFO - [2026-09-17T16:14:47.231+0000] {dagbag.py:545} INFO - Filling up the DagBag from /opt/airflow/dags/warehouse_dag.py
[2026-09-17T16:14:47.529+0000] {processor.py:840} INFO - DAG(s) 'youtube_warehouse' retrieved from /opt/airflow/dags/warehouse_dag.py
[2026-09-17T16:14:47.551+0000] {logging_mixin.py:188} INFO - [2026-09-17T16:14:47.551+0000] {dag.py:3096} INFO - Sync 1 DAGs
[2026-09-17T16:14:47.678+0000] {logging_mixin.py:188} INFO - [2026-09-17T16:14:47.677+0000] {dag.py:3954} INFO - Setting next_dagrun for youtube_warehouse to None, run_after=None
[2026-09-17T16:14:47.716+0000] {processor.py:183} INFO - Processing /opt/airflow/dags/warehouse_dag.py took 0.504 seconds
[2026-09-17T16:15:17.851+0000] {processor.py:161} INFO - Started process (PID=3337) to work on /opt/airflow/dags/warehouse_dag.py
[2026-09-17T16:15:17.853+0000] {processor.py:830} INFO - Processing file /opt/airflow/dags/warehouse_dag.py for tasks to queue
[2026-09-17T16:15:17.856+0000] {logging_mixin.py:188} INFO - [2026-09-17T16:15:17.856+0000] {dagbag.py:545} INFO - Filling up the DagBag from /opt/airflow/dags/warehouse_dag.py
[2026-09-17T16:15:18.291+0000] {processor.py:840} INFO - DAG(s) 'youtube_warehouse' retrieved from /opt/airflow/dags/warehouse_dag.py
[2026-09-17T16:15:18.313+0000] {logging_mixin.py:188} INFO - [2026-09-17T16:15:18.313+0000] {dag.py:3096} INFO - Sync 1 DAGs
[2026-09-17T16:15:18.324+0000] {logging_mixin.py:188} INFO - [2026-09-17T16:15:18.324+0000] {dag.py:3954} INFO - Setting next_dagrun for youtube_warehouse to None, run_after=None
[2026-09-17T16:15:18.358+0000] {processor.py:183} INFO - Processing /opt/airflow/dags/warehouse_dag.py took 0.512 seconds
[2026-09-17T16:15:48.467+0000] {processor.py:161} INFO - Started process (PID=3346) to work on /opt/airflow/dags/warehouse_dag.py
[2026-09-17T16:15:48.470+0000] {processor.py:830} INFO - Processing file /opt/airflow/dags/warehouse_dag.py for tasks to queue
[2026-09-17T16:15:48.472+0000] {logging_mixin.py:188} INFO - [2026-09-17T16:15:48.472+0000] {dagbag.py:545} INFO - Filling up the DagBag from /opt/airflow/dags/warehouse_dag.py
[2026-09-17T16:15:48.809+0000] {processor.py:840} INFO - DAG(s) 'youtube_warehouse' retrieved from /opt/airflow/dags/warehouse_dag.py
[2026-09-17T16:15:48.848+0000] {logging_mixin.py:188} INFO - [2026-09-17T16:15:48.847+0000] {dag.py:3096} INFO - Sync 1 DAGs
[2026-09-17T16:15:48.860+0000] {logging_mixin.py:188} INFO - [2026-09-17T16:15:48.860+0000] {dag.py:3954} INFO - Setting next_dagrun for youtube_warehouse to None, run_after=None
[2026-09-17T16:15:48.909+0000] {processor.py:183} INFO - Processing /opt/airflow/dags/warehouse_dag.py took 0.447 seconds
[2026-09-17T16:16:19.184+0000] {processor.py:161} INFO - Started process (PID=3355) to work on /opt/airflow/dags/warehouse_dag.py
[2026-09-17T16:16:19.186+0000] {processor.py:830} INFO - Processing file /opt/airflow/dags/warehouse_dag.py for tasks to queue
[2026-09-17T16:16:19.189+0000] {logging_mixin.py:188} INFO - [2026-09-17T16:16:19.189+0000] {dagbag.py:545} INFO - Filling up the DagBag from /opt/airflow/dags/warehouse_dag.py
[2026-09-17T16:16:19.486+0000] {processor.py:840} INFO - DAG(s) 'youtube_warehouse' retrieved from /opt/airflow/dags/warehouse_dag.py
[2026-09-17T16:16:19.507+0000] {logging_mixin.py:188} INFO - [2026-09-17T16:16:19.507+0000] {dag.py:3096} INFO - Sync 1 DAGs
[2026-09-17T16:16:19.518+0000] {logging_mixin.py:188} INFO - [2026-09-17T16:16:19.518+0000] {dag.py:3954} INFO - Setting next_dagrun for youtube_warehouse to None, run_after=None
[2026-09-17T16:16:19.546+0000] {processor.py:183} INFO - Processing /opt/airflow/dags/warehouse_dag.py took 0.367 seconds
[2026-09-17T16:16:49.877+0000] {processor.py:161} INFO - Started process (PID=3364) to work on /opt/airflow/dags/warehouse_dag.py
[2026-09-17T16:16:49.880+0000] {processor.py:830} INFO - Processing file /opt/airflow/dags/warehouse_dag.py for tasks to queue
[2026-09-17T16:16:49.884+0000] {logging_mixin.py:188} INFO - [2026-09-17T16:16:49.883+0000] {dagbag.py:545} INFO - Filling up the DagBag from /opt/airflow/dags/warehouse_dag.py
[2026-09-17T16:16:50.195+0000] {processor.py:840} INFO - DAG(s) 'youtube_warehouse' retrieved from /opt/airflow/dags/warehouse_dag.py
[2026-09-17T16:16:50.217+0000] {logging_mixin.py:188} INFO - [2026-09-17T16:16:50.217+0000] {dag.py:3096} INFO - Sync 1 DAGs
[2026-09-17T16:16:50.230+0000] {logging_mixin.py:188} INFO - [2026-09-17T16:16:50.230+0000] {dag.py:3954} INFO - Setting next_dagrun for youtube_warehouse to None, run_after=None
[2026-09-17T16:16:50.382+0000] {processor.py:183} INFO - Processing /opt/airflow/dags/warehouse_dag.py took 0.510 seconds
[2026-09-17T16:17:20.497+0000] {processor.py:161} INFO - Started process (PID=3373) to work on /opt/airflow/dags/warehouse_dag.py
[2026-09-17T16:17:20.499+0000] {processor.py:830} INFO - Processing file /opt/airflow/dags/warehouse_dag.py for tasks to queue
[2026-09-17T16:17:20.502+0000] {logging_mixin.py:188} INFO - [2026-09-17T16:17:20.502+0000] {dagbag.py:545} INFO - Filling up the DagBag from /opt/airflow/dags/warehouse_dag.py
[2026-09-17T16:17:20.798+0000] {processor.py:840} INFO - DAG(s) 'youtube_warehouse' retrieved from /opt/airflow/dags/warehouse_dag.py
[2026-09-17T16:17:20.819+0000] {logging_mixin.py:188} INFO - [2026-09-17T16:17:20.818+0000] {dag.py:3096} INFO - Sync 1 DAGs
[2026-09-17T16:17:20.956+0000] {logging_mixin.py:188} INFO - [2026-09-17T16:17:20.956+0000] {dag.py:3954} INFO - Setting next_dagrun for youtube_warehouse to None, run_after=None
[2026-09-17T16:17:21.000+0000] {processor.py:183} INFO - Processing /opt/airflow/dags/warehouse_dag.py took 0.509 seconds
[2026-09-17T16:17:51.234+0000] {processor.py:161} INFO - Started process (PID=3382) to work on /opt/airflow/dags/warehouse_dag.py
[2026-09-17T16:17:51.236+0000] {processor.py:830} INFO - Processing file /opt/airflow/dags/warehouse_dag.py for tasks to queue
[2026-09-17T16:17:51.239+0000] {logging_mixin.py:188} INFO - [2026-09-17T16:17:51.239+0000] {dagbag.py:545} INFO - Filling up the DagBag from /opt/airflow/dags/warehouse_dag.py
[2026-09-17T16:17:51.545+0000] {processor.py:840} INFO - DAG(s) 'youtube_warehouse' retrieved from /opt/airflow/dags/warehouse_dag.py
[2026-09-17T16:17:51.693+0000] {logging_mixin.py:188} INFO - [2026-09-17T16:17:51.693+0000] {dag.py:3096} INFO - Sync 1 DAGs
[2026-09-17T16:17:51.702+0000] {logging_mixin.py:188} INFO - [2026-09-17T16:17:51.702+0000] {dag.py:3954} INFO - Setting next_dagrun for youtube_warehouse to None, run_after=None
[2026-09-17T16:17:51.744+0000] {processor.py:183} INFO - Processing /opt/airflow/dags/warehouse_dag.py took 0.516 seconds
[2026-09-17T16:18:21.867+0000] {processor.py:161} INFO - Started process (PID=3391) to work on /opt/airflow/dags/warehouse_dag.py
[2026-09-17T16:18:21.869+0000] {processor.py:830} INFO - Processing file /opt/airflow/dags/warehouse_dag.py for tasks to queue
[2026-09-17T16:18:21.872+0000] {logging_mixin.py:188} INFO - [2026-09-17T16:18:21.872+0000] {dagbag.py:545} INFO - Filling up the DagBag from /opt/airflow/dags/warehouse_dag.py
[2026-09-17T16:18:22.183+0000] {processor.py:840} INFO - DAG(s) 'youtube_warehouse' retrieved from /opt/airflow/dags/warehouse_dag.py
[2026-09-17T16:18:22.203+0000] {logging_mixin.py:188} INFO - [2026-09-17T16:18:22.202+0000] {dag.py:3096} INFO - Sync 1 DAGs
[2026-09-17T16:18:22.214+0000] {logging_mixin.py:188} INFO - [2026-09-17T16:18:22.214+0000] {dag.py:3954} INFO - Setting next_dagrun for youtube_warehouse to None, run_after=None
[2026-09-17T16:18:22.252+0000] {processor.py:183} INFO - Processing /opt/airflow/dags/warehouse_dag.py took 0.390 seconds
[2026-09-17T16:18:52.537+0000] {processor.py:161} INFO - Started process (PID=3400) to work on /opt/airflow/dags/warehouse_dag.py
[2026-09-17T16:18:52.539+0000] {processor.py:830} INFO - Processing file /opt/airflow/dags/warehouse_dag.py for tasks to queue
[2026-09-17T16:18:52.542+0000] {logging_mixin.py:188} INFO - [2026-09-17T16:18:52.542+0000] {dagbag.py:545} INFO - Filling up the DagBag from /opt/airflow/dags/warehouse_dag.py
[2026-09-17T16:18:52.907+0000] {processor.py:840} INFO - DAG(s) 'youtube_warehouse' retrieved from /opt/airflow/dags/warehouse_dag.py
[2026-09-17T16:18:52.935+0000] {logging_mixin.py:188} INFO - [2026-09-17T16:18:52.934+0000] {dag.py:3096} INFO - Sync 1 DAGs
[2026-09-17T16:18:52.949+0000] {logging_mixin.py:188} INFO - [2026-09-17T16:18:52.948+0000] {dag.py:3954} INFO - Setting next_dagrun for youtube_warehouse to None, run_after=None
[2026-09-17T16:18:52.988+0000] {processor.py:183} INFO - Processing /opt/airflow/dags/warehouse_dag.py took 0.456 seconds
[2026-09-17T16:19:23.203+0000] {processor.py:161} INFO - Started process (PID=3409) to work on /opt/airflow/dags/warehouse_dag.py
[2026-09-17T16:19:23.205+0000] {processor.py:830} INFO - Processing file /opt/airflow/dags/warehouse_dag.py for tasks to queue
[2026-09-17T16:19:23.208+0000] {logging_mixin.py:188} INFO - [2026-09-17T16:19:23.208+0000] {dagbag.py:545} INFO - Filling up the DagBag from /opt/airflow/dags/warehouse_dag.py
[2026-09-17T16:19:23.536+0000] {processor.py:840} INFO - DAG(s) 'youtube_warehouse' retrieved from /opt/airflow/dags/warehouse_dag.py
[2026-09-17T16:19:23.573+0000] {logging_mixin.py:188} INFO - [2026-09-17T16:19:23.572+0000] {dag.py:3096} INFO - Sync 1 DAGs
[2026-09-17T16:19:23.589+0000] {logging_mixin.py:188} INFO - [2026-09-17T16:19:23.588+0000] {dag.py:3954} INFO - Setting next_dagrun for youtube_warehouse to None, run_after=None
[2026-09-17T16:19:23.767+0000] {processor.py:183} INFO - Processing /opt/airflow/dags/warehouse_dag.py took 0.569 seconds
[2026-09-17T17:21:32.828+0000] {processor.py:161} INFO - Started process (PID=3418) to work on /opt/airflow/dags/warehouse_dag.py
[2026-09-17T17:21:32.832+0000] {processor.py:830} INFO - Processing file /opt/airflow/dags/warehouse_dag.py for tasks to queue
[2026-09-17T17:21:32.847+0000] {logging_mixin.py:188} INFO - [2026-09-17T17:21:32.846+0000] {dagbag.py:545} INFO - Filling up the DagBag from /opt/airflow/dags/warehouse_dag.py
[2026-09-17T17:21:35.009+0000] {processor.py:840} INFO - DAG(s) 'youtube_warehouse' retrieved from /opt/airflow/dags/warehouse_dag.py
[2026-09-17T17:21:35.143+0000] {logging_mixin.py:188} INFO - [2026-09-17T17:21:35.142+0000] {dag.py:3096} INFO - Sync 1 DAGs
[2026-09-17T17:21:35.785+0000] {logging_mixin.py:188} INFO - [2026-09-17T17:21:35.785+0000] {dag.py:3954} INFO - Setting next_dagrun for youtube_warehouse to None, run_after=None
[2026-09-17T17:21:35.912+0000] {processor.py:183} INFO - Processing /opt/airflow/dags/warehouse_dag.py took 3.120 seconds
[2026-09-17T17:22:06.460+0000] {processor.py:161} INFO - Started process (PID=3427) to work on /opt/airflow/dags/warehouse_dag.py
[2026-09-17T17:22:06.465+0000] {processor.py:830} INFO - Processing file /opt/airflow/dags/warehouse_dag.py for tasks to queue
[2026-09-17T17:22:06.470+0000] {logging_mixin.py:188} INFO - [2026-09-17T17:22:06.469+0000] {dagbag.py:545} INFO - Filling up the DagBag from /opt/airflow/dags/warehouse_dag.py
[2026-09-17T17:22:07.229+0000] {processor.py:840} INFO - DAG(s) 'youtube_warehouse' retrieved from /opt/airflow/dags/warehouse_dag.py
[2026-09-17T17:22:07.270+0000] {logging_mixin.py:188} INFO - [2026-09-17T17:22:07.270+0000] {dag.py:3096} INFO - Sync 1 DAGs
[2026-09-17T17:22:07.909+0000] {logging_mixin.py:188} INFO - [2026-09-17T17:22:07.908+0000] {dag.py:3954} INFO - Setting next_dagrun for youtube_warehouse to None, run_after=None
[2026-09-17T17:22:07.956+0000] {processor.py:183} INFO - Processing /opt/airflow/dags/warehouse_dag.py took 1.660 seconds
[2026-09-17T17:22:38.765+0000] {processor.py:161} INFO - Started process (PID=3436) to work on /opt/airflow/dags/warehouse_dag.py
[2026-09-17T17:22:38.800+0000] {processor.py:830} INFO - Processing file /opt/airflow/dags/warehouse_dag.py for tasks to queue
[2026-09-17T17:22:38.805+0000] {logging_mixin.py:188} INFO - [2026-09-17T17:22:38.805+0000] {dagbag.py:545} INFO - Filling up the DagBag from /opt/airflow/dags/warehouse_dag.py
[2026-09-17T17:22:40.831+0000] {processor.py:840} INFO - DAG(s) 'youtube_warehouse' retrieved from /opt/airflow/dags/warehouse_dag.py
[2026-09-17T17:22:40.895+0000] {logging_mixin.py:188} INFO - [2026-09-17T17:22:40.894+0000] {dag.py:3096} INFO - Sync 1 DAGs
[2026-09-17T17:22:41.127+0000] {logging_mixin.py:188} INFO - [2026-09-17T17:22:41.127+0000] {dag.py:3954} INFO - Setting next_dagrun for youtube_warehouse to None, run_after=None
[2026-09-17T17:22:41.331+0000] {processor.py:183} INFO - Processing /opt/airflow/dags/warehouse_dag.py took 2.710 seconds
[2026-09-17T17:23:11.586+0000] {processor.py:161} INFO - Started process (PID=3445) to work on /opt/airflow/dags/warehouse_dag.py
[2026-09-17T17:23:11.589+0000] {processor.py:830} INFO - Processing file /opt/airflow/dags/warehouse_dag.py for tasks to queue
[2026-09-17T17:23:11.592+0000] {logging_mixin.py:188} INFO - [2026-09-17T17:23:11.592+0000] {dagbag.py:545} INFO - Filling up the DagBag from /opt/airflow/dags/warehouse_dag.py
[2026-09-17T17:23:12.021+0000] {processor.py:840} INFO - DAG(s) 'youtube_warehouse' retrieved from /opt/airflow/dags/warehouse_dag.py
[2026-09-17T17:23:12.048+0000] {logging_mixin.py:188} INFO - [2026-09-17T17:23:12.048+0000] {dag.py:3096} INFO - Sync 1 DAGs
[2026-09-17T17:23:12.065+0000] {logging_mixin.py:188} INFO - [2026-09-17T17:23:12.064+0000] {dag.py:3954} INFO - Setting next_dagrun for youtube_warehouse to None, run_after=None
[2026-09-17T17:23:12.099+0000] {processor.py:183} INFO - Processing /opt/airflow/dags/warehouse_dag.py took 0.522 seconds
[2026-09-17T17:23:42.603+0000] {processor.py:161} INFO - Started process (PID=3454) to work on /opt/airflow/dags/warehouse_dag.py
[2026-09-17T17:23:42.605+0000] {processor.py:830} INFO - Processing file /opt/airflow/dags/warehouse_dag.py for tasks to queue
[2026-09-17T17:23:42.608+0000] {logging_mixin.py:188} INFO - [2026-09-17T17:23:42.608+0000] {dagbag.py:545} INFO - Filling up the DagBag from /opt/airflow/dags/warehouse_dag.py
[2026-09-17T17:23:43.019+0000] {processor.py:840} INFO - DAG(s) 'youtube_warehouse' retrieved from /opt/airflow/dags/warehouse_dag.py
[2026-09-17T17:23:43.041+0000] {logging_mixin.py:188} INFO - [2026-09-17T17:23:43.041+0000] {dag.py:3096} INFO - Sync 1 DAGs
[2026-09-17T17:23:43.055+0000] {logging_mixin.py:188} INFO - [2026-09-17T17:23:43.054+0000] {dag.py:3954} INFO - Setting next_dagrun for youtube_warehouse to None, run_after=None
[2026-09-17T17:23:43.107+0000] {processor.py:183} INFO - Processing /opt/airflow/dags/warehouse_dag.py took 0.511 seconds
[2026-09-17T17:24:37.983+0000] {processor.py:161} INFO - Started process (PID=3463) to work on /opt/airflow/dags/warehouse_dag.py
[2026-09-17T17:24:37.989+0000] {processor.py:830} INFO - Processing file /opt/airflow/dags/warehouse_dag.py for tasks to queue
[2026-09-17T17:24:37.994+0000] {logging_mixin.py:188} INFO - [2026-09-17T17:24:37.993+0000] {dagbag.py:545} INFO - Filling up the DagBag from /opt/airflow/dags/warehouse_dag.py
[2026-09-17T17:24:38.648+0000] {processor.py:840} INFO - DAG(s) 'youtube_warehouse' retrieved from /opt/airflow/dags/warehouse_dag.py
[2026-09-17T17:24:38.686+0000] {logging_mixin.py:188} INFO - [2026-09-17T17:24:38.686+0000] {dag.py:3096} INFO - Sync 1 DAGs
[2026-09-17T17:24:38.702+0000] {logging_mixin.py:188} INFO - [2026-09-17T17:24:38.702+0000] {dag.py:3954} INFO - Setting next_dagrun for youtube_warehouse to None, run_after=None
[2026-09-17T17:24:38.985+0000] {processor.py:183} INFO - Processing /opt/airflow/dags/warehouse_dag.py took 1.012 seconds
[2026-09-17T17:25:09.307+0000] {processor.py:161} INFO - Started process (PID=3473) to work on /opt/airflow/dags/warehouse_dag.py
[2026-09-17T17:25:09.309+0000] {processor.py:830} INFO - Processing file /opt/airflow/dags/warehouse_dag.py for tasks to queue
[2026-09-17T17:25:09.313+0000] {logging_mixin.py:188} INFO - [2026-09-17T17:25:09.313+0000] {dagbag.py:545} INFO - Filling up the DagBag from /opt/airflow/dags/warehouse_dag.py
[2026-09-17T17:25:09.664+0000] {processor.py:840} INFO - DAG(s) 'youtube_warehouse' retrieved from /opt/airflow/dags/warehouse_dag.py
[2026-09-17T17:25:09.720+0000] {logging_mixin.py:188} INFO - [2026-09-17T17:25:09.720+0000] {dag.py:3096} INFO - Sync 1 DAGs
[2026-09-17T17:25:09.918+0000] {logging_mixin.py:188} INFO - [2026-09-17T17:25:09.918+0000] {dag.py:3954} INFO - Setting next_dagrun for youtube_warehouse to None, run_after=None
[2026-09-17T17:25:09.952+0000] {processor.py:183} INFO - Processing /opt/airflow/dags/warehouse_dag.py took 0.652 seconds
[2026-09-17T17:25:40.309+0000] {processor.py:161} INFO - Started process (PID=3481) to work on /opt/airflow/dags/warehouse_dag.py
[2026-09-17T17:25:40.312+0000] {processor.py:830} INFO - Processing file /opt/airflow/dags/warehouse_dag.py for tasks to queue
[2026-09-17T17:25:40.316+0000] {logging_mixin.py:188} INFO - [2026-09-17T17:25:40.315+0000] {dagbag.py:545} INFO - Filling up the DagBag from /opt/airflow/dags/warehouse_dag.py
[2026-09-17T17:25:40.675+0000] {processor.py:840} INFO - DAG(s) 'youtube_warehouse' retrieved from /opt/airflow/dags/warehouse_dag.py
[2026-09-17T17:25:40.861+0000] {logging_mixin.py:188} INFO - [2026-09-17T17:25:40.861+0000] {dag.py:3096} INFO - Sync 1 DAGs
[2026-09-17T17:25:40.873+0000] {logging_mixin.py:188} INFO - [2026-09-17T17:25:40.873+0000] {dag.py:3954} INFO - Setting next_dagrun for youtube_warehouse to None, run_after=None
[2026-09-17T17:25:40.914+0000] {processor.py:183} INFO - Processing /opt/airflow/dags/warehouse_dag.py took 0.616 seconds
[2026-09-17T17:26:11.182+0000] {processor.py:161} INFO - Started process (PID=3492) to work on /opt/airflow/dags/warehouse_dag.py
[2026-09-17T17:26:11.183+0000] {processor.py:830} INFO - Processing file /opt/airflow/dags/warehouse_dag.py for tasks to queue
[2026-09-17T17:26:11.186+0000] {logging_mixin.py:188} INFO - [2026-09-17T17:26:11.185+0000] {dagbag.py:545} INFO - Filling up the DagBag from /opt/airflow/dags/warehouse_dag.py
[2026-09-17T17:26:11.747+0000] {processor.py:840} INFO - DAG(s) 'youtube_warehouse' retrieved from /opt/airflow/dags/warehouse_dag.py
[2026-09-17T17:26:11.789+0000] {logging_mixin.py:188} INFO - [2026-09-17T17:26:11.789+0000] {dag.py:3096} INFO - Sync 1 DAGs
[2026-09-17T17:26:11.800+0000] {logging_mixin.py:188} INFO - [2026-09-17T17:26:11.800+0000] {dag.py:3954} INFO - Setting next_dagrun for youtube_warehouse to None, run_after=None
[2026-09-17T17:26:11.825+0000] {processor.py:183} INFO - Processing /opt/airflow/dags/warehouse_dag.py took 0.649 seconds
[2026-09-17T17:26:42.454+0000] {processor.py:161} INFO - Started process (PID=3501) to work on /opt/airflow/dags/warehouse_dag.py
[2026-09-17T17:26:42.456+0000] {processor.py:830} INFO - Processing file /opt/airflow/dags/warehouse_dag.py for tasks to queue
[2026-09-17T17:26:42.459+0000] {logging_mixin.py:188} INFO - [2026-09-17T17:26:42.458+0000] {dagbag.py:545} INFO - Filling up the DagBag from /opt/airflow/dags/warehouse_dag.py
[2026-09-17T17:26:42.874+0000] {processor.py:840} INFO - DAG(s) 'youtube_warehouse' retrieved from /opt/airflow/dags/warehouse_dag.py
[2026-09-17T17:26:42.893+0000] {logging_mixin.py:188} INFO - [2026-09-17T17:26:42.893+0000] {dag.py:3096} INFO - Sync 1 DAGs
[2026-09-17T17:26:42.903+0000] {logging_mixin.py:188} INFO - [2026-09-17T17:26:42.902+0000] {dag.py:3954} INFO - Setting next_dagrun for youtube_warehouse to None, run_after=None
[2026-09-17T17:26:42.926+0000] {processor.py:183} INFO - Processing /opt/airflow/dags/warehouse_dag.py took 0.479 seconds
[2026-09-17T17:27:13.816+0000] {processor.py:161} INFO - Started process (PID=3510) to work on /opt/airflow/dags/warehouse_dag.py
[2026-09-17T17:27:13.818+0000] {processor.py:830} INFO - Processing file /opt/airflow/dags/warehouse_dag.py for tasks to queue
[2026-09-17T17:27:13.821+0000] {logging_mixin.py:188} INFO - [2026-09-17T17:27:13.821+0000] {dagbag.py:545} INFO - Filling up the DagBag from /opt/airflow/dags/warehouse_dag.py
[2026-09-17T17:27:14.100+0000] {processor.py:840} INFO - DAG(s) 'youtube_warehouse' retrieved from /opt/airflow/dags/warehouse_dag.py
[2026-09-17T17:27:14.121+0000] {logging_mixin.py:188} INFO - [2026-09-17T17:27:14.120+0000] {dag.py:3096} INFO - Sync 1 DAGs
[2026-09-17T17:27:14.131+0000] {logging_mixin.py:188} INFO - [2026-09-17T17:27:14.131+0000] {dag.py:3954} INFO - Setting next_dagrun for youtube_warehouse to None, run_after=None
[2026-09-17T17:27:14.177+0000] {processor.py:183} INFO - Processing /opt/airflow/dags/warehouse_dag.py took 0.367 seconds
[2026-09-17T17:27:44.549+0000] {processor.py:161} INFO - Started process (PID=3519) to work on /opt/airflow/dags/warehouse_dag.py
[2026-09-17T17:27:44.552+0000] {processor.py:830} INFO - Processing file /opt/airflow/dags/warehouse_dag.py for tasks to queue
[2026-09-17T17:27:44.556+0000] {logging_mixin.py:188} INFO - [2026-09-17T17:27:44.556+0000] {dagbag.py:545} INFO - Filling up the DagBag from /opt/airflow/dags/warehouse_dag.py
[2026-09-17T17:27:45.054+0000] {processor.py:840} INFO - DAG(s) 'youtube_warehouse' retrieved from /opt/airflow/dags/warehouse_dag.py
[2026-09-17T17:27:45.081+0000] {logging_mixin.py:188} INFO - [2026-09-17T17:27:45.080+0000] {dag.py:3096} INFO - Sync 1 DAGs
[2026-09-17T17:27:45.096+0000] {logging_mixin.py:188} INFO - [2026-09-17T17:27:45.096+0000] {dag.py:3954} INFO - Setting next_dagrun for youtube_warehouse to None, run_after=None
[2026-09-17T17:27:45.283+0000] {processor.py:183} INFO - Processing /opt/airflow/dags/warehouse_dag.py took 0.748 seconds
[2026-09-17T17:28:15.419+0000] {processor.py:161} INFO - Started process (PID=3528) to work on /opt/airflow/dags/warehouse_dag.py
[2026-09-17T17:28:15.421+0000] {processor.py:830} INFO - Processing file /opt/airflow/dags/warehouse_dag.py for tasks to queue
[2026-09-17T17:28:15.425+0000] {logging_mixin.py:188} INFO - [2026-09-17T17:28:15.425+0000] {dagbag.py:545} INFO - Filling up the DagBag from /opt/airflow/dags/warehouse_dag.py
[2026-09-17T17:28:15.793+0000] {processor.py:840} INFO - DAG(s) 'youtube_warehouse' retrieved from /opt/airflow/dags/warehouse_dag.py
[2026-09-17T17:28:15.824+0000] {logging_mixin.py:188} INFO - [2026-09-17T17:28:15.823+0000] {dag.py:3096} INFO - Sync 1 DAGs
[2026-09-17T17:28:15.996+0000] {logging_mixin.py:188} INFO - [2026-09-17T17:28:15.996+0000] {dag.py:3954} INFO - Setting next_dagrun for youtube_warehouse to None, run_after=None
[2026-09-17T17:28:16.053+0000] {processor.py:183} INFO - Processing /opt/airflow/dags/warehouse_dag.py took 0.646 seconds
[2026-09-17T17:28:46.767+0000] {processor.py:161} INFO - Started process (PID=3543) to work on /opt/airflow/dags/warehouse_dag.py
[2026-09-17T17:28:46.770+0000] {processor.py:830} INFO - Processing file /opt/airflow/dags/warehouse_dag.py for tasks to queue
[2026-09-17T17:28:46.773+0000] {logging_mixin.py:188} INFO - [2026-09-17T17:28:46.773+0000] {dagbag.py:545} INFO - Filling up the DagBag from /opt/airflow/dags/warehouse_dag.py
[2026-09-17T17:28:47.120+0000] {processor.py:840} INFO - DAG(s) 'youtube_warehouse' retrieved from /opt/airflow/dags/warehouse_dag.py
[2026-09-17T17:28:47.327+0000] {logging_mixin.py:188} INFO - [2026-09-17T17:28:47.327+0000] {dag.py:3096} INFO - Sync 1 DAGs
[2026-09-17T17:28:47.340+0000] {logging_mixin.py:188} INFO - [2026-09-17T17:28:47.340+0000] {dag.py:3954} INFO - Setting next_dagrun for youtube_warehouse to None, run_after=None
[2026-09-17T17:28:47.369+0000] {processor.py:183} INFO - Processing /opt/airflow/dags/warehouse_dag.py took 0.608 seconds
[2026-09-17T17:29:18.155+0000] {processor.py:161} INFO - Started process (PID=3552) to work on /opt/airflow/dags/warehouse_dag.py
[2026-09-17T17:29:18.161+0000] {processor.py:830} INFO - Processing file /opt/airflow/dags/warehouse_dag.py for tasks to queue
[2026-09-17T17:29:18.173+0000] {logging_mixin.py:188} INFO - [2026-09-17T17:29:18.172+0000] {dagbag.py:545} INFO - Filling up the DagBag from /opt/airflow/dags/warehouse_dag.py
[2026-09-17T17:29:18.754+0000] {processor.py:840} INFO - DAG(s) 'youtube_warehouse' retrieved from /opt/airflow/dags/warehouse_dag.py
[2026-09-17T17:29:18.785+0000] {logging_mixin.py:188} INFO - [2026-09-17T17:29:18.785+0000] {dag.py:3096} INFO - Sync 1 DAGs
[2026-09-17T17:29:18.800+0000] {logging_mixin.py:188} INFO - [2026-09-17T17:29:18.800+0000] {dag.py:3954} INFO - Setting next_dagrun for youtube_warehouse to None, run_after=None
[2026-09-17T17:29:18.842+0000] {processor.py:183} INFO - Processing /opt/airflow/dags/warehouse_dag.py took 0.694 seconds
[2026-09-17T17:29:49.070+0000] {processor.py:161} INFO - Started process (PID=3561) to work on /opt/airflow/dags/warehouse_dag.py
[2026-09-17T17:29:49.072+0000] {processor.py:830} INFO - Processing file /opt/airflow/dags/warehouse_dag.py for tasks to queue
[2026-09-17T17:29:49.075+0000] {logging_mixin.py:188} INFO - [2026-09-17T17:29:49.075+0000] {dagbag.py:545} INFO - Filling up the DagBag from /opt/airflow/dags/warehouse_dag.py
[2026-09-17T17:29:49.522+0000] {processor.py:840} INFO - DAG(s) 'youtube_warehouse' retrieved from /opt/airflow/dags/warehouse_dag.py
[2026-09-17T17:29:49.540+0000] {logging_mixin.py:188} INFO - [2026-09-17T17:29:49.539+0000] {dag.py:3096} INFO - Sync 1 DAGs
[2026-09-17T17:29:49.551+0000] {logging_mixin.py:188} INFO - [2026-09-17T17:29:49.550+0000] {dag.py:3954} INFO - Setting next_dagrun for youtube_warehouse to None, run_after=None
[2026-09-17T17:29:49.587+0000] {processor.py:183} INFO - Processing /opt/airflow/dags/warehouse_dag.py took 0.526 seconds
[2026-09-17T17:30:19.800+0000] {processor.py:161} INFO - Started process (PID=3570) to work on /opt/airflow/dags/warehouse_dag.py
[2026-09-17T17:30:19.803+0000] {processor.py:830} INFO - Processing file /opt/airflow/dags/warehouse_dag.py for tasks to queue
[2026-09-17T17:30:19.805+0000] {logging_mixin.py:188} INFO - [2026-09-17T17:30:19.805+0000] {dagbag.py:545} INFO - Filling up the DagBag from /opt/airflow/dags/warehouse_dag.py
[2026-09-17T17:30:20.121+0000] {processor.py:840} INFO - DAG(s) 'youtube_warehouse' retrieved from /opt/airflow/dags/warehouse_dag.py
[2026-09-17T17:30:20.149+0000] {logging_mixin.py:188} INFO - [2026-09-17T17:30:20.148+0000] {dag.py:3096} INFO - Sync 1 DAGs
[2026-09-17T17:30:20.163+0000] {logging_mixin.py:188} INFO - [2026-09-17T17:30:20.162+0000] {dag.py:3954} INFO - Setting next_dagrun for youtube_warehouse to None, run_after=None
[2026-09-17T17:30:20.345+0000] {processor.py:183} INFO - Processing /opt/airflow/dags/warehouse_dag.py took 0.552 seconds
[2026-09-17T17:30:50.777+0000] {processor.py:161} INFO - Started process (PID=3579) to work on /opt/airflow/dags/warehouse_dag.py
[2026-09-17T17:30:50.779+0000] {processor.py:830} INFO - Processing file /opt/airflow/dags/warehouse_dag.py for tasks to queue
[2026-09-17T17:30:50.782+0000] {logging_mixin.py:188} INFO - [2026-09-17T17:30:50.782+0000] {dagbag.py:545} INFO - Filling up the DagBag from /opt/airflow/dags/warehouse_dag.py
[2026-09-17T17:30:51.145+0000] {processor.py:840} INFO - DAG(s) 'youtube_warehouse' retrieved from /opt/airflow/dags/warehouse_dag.py
[2026-09-17T17:30:51.170+0000] {logging_mixin.py:188} INFO - [2026-09-17T17:30:51.169+0000] {dag.py:3096} INFO - Sync 1 DAGs
[2026-09-17T17:30:51.334+0000] {logging_mixin.py:188} INFO - [2026-09-17T17:30:51.333+0000] {dag.py:3954} INFO - Setting next_dagrun for youtube_warehouse to None, run_after=None
[2026-09-17T17:30:51.383+0000] {processor.py:183} INFO - Processing /opt/airflow/dags/warehouse_dag.py took 0.614 seconds
[2026-09-17T17:31:21.642+0000] {processor.py:161} INFO - Started process (PID=3588) to work on /opt/airflow/dags/warehouse_dag.py
[2026-09-17T17:31:21.644+0000] {processor.py:830} INFO - Processing file /opt/airflow/dags/warehouse_dag.py for tasks to queue
[2026-09-17T17:31:21.650+0000] {logging_mixin.py:188} INFO - [2026-09-17T17:31:21.650+0000] {dagbag.py:545} INFO - Filling up the DagBag from /opt/airflow/dags/warehouse_dag.py
[2026-09-17T17:31:22.112+0000] {processor.py:840} INFO - DAG(s) 'youtube_warehouse' retrieved from /opt/airflow/dags/warehouse_dag.py
[2026-09-17T17:31:22.307+0000] {logging_mixin.py:188} INFO - [2026-09-17T17:31:22.306+0000] {dag.py:3096} INFO - Sync 1 DAGs
[2026-09-17T17:31:22.319+0000] {logging_mixin.py:188} INFO - [2026-09-17T17:31:22.319+0000] {dag.py:3954} INFO - Setting next_dagrun for youtube_warehouse to None, run_after=None
[2026-09-17T17:31:22.367+0000] {processor.py:183} INFO - Processing /opt/airflow/dags/warehouse_dag.py took 0.741 seconds
[2026-09-17T17:31:52.906+0000] {processor.py:161} INFO - Started process (PID=3597) to work on /opt/airflow/dags/warehouse_dag.py
[2026-09-17T17:31:52.909+0000] {processor.py:830} INFO - Processing file /opt/airflow/dags/warehouse_dag.py for tasks to queue
[2026-09-17T17:31:52.911+0000] {logging_mixin.py:188} INFO - [2026-09-17T17:31:52.911+0000] {dagbag.py:545} INFO - Filling up the DagBag from /opt/airflow/dags/warehouse_dag.py
[2026-09-17T17:31:53.410+0000] {processor.py:840} INFO - DAG(s) 'youtube_warehouse' retrieved from /opt/airflow/dags/warehouse_dag.py
[2026-09-17T17:31:53.431+0000] {logging_mixin.py:188} INFO - [2026-09-17T17:31:53.430+0000] {dag.py:3096} INFO - Sync 1 DAGs
[2026-09-17T17:31:53.443+0000] {logging_mixin.py:188} INFO - [2026-09-17T17:31:53.443+0000] {dag.py:3954} INFO - Setting next_dagrun for youtube_warehouse to None, run_after=None
[2026-09-17T17:31:53.489+0000] {processor.py:183} INFO - Processing /opt/airflow/dags/warehouse_dag.py took 0.590 seconds
[2026-09-17T17:32:23.956+0000] {processor.py:161} INFO - Started process (PID=3606) to work on /opt/airflow/dags/warehouse_dag.py
[2026-09-17T17:32:23.958+0000] {processor.py:830} INFO - Processing file /opt/airflow/dags/warehouse_dag.py for tasks to queue
[2026-09-17T17:32:23.962+0000] {logging_mixin.py:188} INFO - [2026-09-17T17:32:23.962+0000] {dagbag.py:545} INFO - Filling up the DagBag from /opt/airflow/dags/warehouse_dag.py
[2026-09-17T17:32:24.824+0000] {processor.py:840} INFO - DAG(s) 'youtube_warehouse' retrieved from /opt/airflow/dags/warehouse_dag.py
[2026-09-17T17:32:24.880+0000] {logging_mixin.py:188} INFO - [2026-09-17T17:32:24.879+0000] {dag.py:3096} INFO - Sync 1 DAGs
[2026-09-17T17:32:24.915+0000] {logging_mixin.py:188} INFO - [2026-09-17T17:32:24.915+0000] {dag.py:3954} INFO - Setting next_dagrun for youtube_warehouse to None, run_after=None
[2026-09-17T17:32:24.983+0000] {processor.py:183} INFO - Processing /opt/airflow/dags/warehouse_dag.py took 1.097 seconds
[2026-09-17T17:32:55.373+0000] {processor.py:161} INFO - Started process (PID=3615) to work on /opt/airflow/dags/warehouse_dag.py
[2026-09-17T17:32:55.376+0000] {processor.py:830} INFO - Processing file /opt/airflow/dags/warehouse_dag.py for tasks to queue
[2026-09-17T17:32:55.380+0000] {logging_mixin.py:188} INFO - [2026-09-17T17:32:55.380+0000] {dagbag.py:545} INFO - Filling up the DagBag from /opt/airflow/dags/warehouse_dag.py
[2026-09-17T17:32:55.919+0000] {processor.py:840} INFO - DAG(s) 'youtube_warehouse' retrieved from /opt/airflow/dags/warehouse_dag.py
[2026-09-17T17:32:55.980+0000] {logging_mixin.py:188} INFO - [2026-09-17T17:32:55.979+0000] {dag.py:3096} INFO - Sync 1 DAGs
[2026-09-17T17:32:56.003+0000] {logging_mixin.py:188} INFO - [2026-09-17T17:32:56.003+0000] {dag.py:3954} INFO - Setting next_dagrun for youtube_warehouse to None, run_after=None
[2026-09-17T17:32:56.062+0000] {processor.py:183} INFO - Processing /opt/airflow/dags/warehouse_dag.py took 0.701 seconds
[2026-09-17T17:33:26.341+0000] {processor.py:161} INFO - Started process (PID=3624) to work on /opt/airflow/dags/warehouse_dag.py
[2026-09-17T17:33:26.345+0000] {processor.py:830} INFO - Processing file /opt/airflow/dags/warehouse_dag.py for tasks to queue
[2026-09-17T17:33:26.351+0000] {logging_mixin.py:188} INFO - [2026-09-17T17:33:26.350+0000] {dagbag.py:545} INFO - Filling up the DagBag from /opt/airflow/dags/warehouse_dag.py
[2026-09-17T17:33:26.967+0000] {processor.py:840} INFO - DAG(s) 'youtube_warehouse' retrieved from /opt/airflow/dags/warehouse_dag.py
[2026-09-17T17:33:27.009+0000] {logging_mixin.py:188} INFO - [2026-09-17T17:33:27.008+0000] {dag.py:3096} INFO - Sync 1 DAGs
[2026-09-17T17:33:27.040+0000] {logging_mixin.py:188} INFO - [2026-09-17T17:33:27.040+0000] {dag.py:3954} INFO - Setting next_dagrun for youtube_warehouse to None, run_after=None
[2026-09-17T17:33:27.316+0000] {processor.py:183} INFO - Processing /opt/airflow/dags/warehouse_dag.py took 0.993 seconds
[2026-09-17T17:33:57.717+0000] {processor.py:161} INFO - Started process (PID=3633) to work on /opt/airflow/dags/warehouse_dag.py
[2026-09-17T17:33:57.719+0000] {processor.py:830} INFO - Processing file /opt/airflow/dags/warehouse_dag.py for tasks to queue
[2026-09-17T17:33:57.722+0000] {logging_mixin.py:188} INFO - [2026-09-17T17:33:57.721+0000] {dagbag.py:545} INFO - Filling up the DagBag from /opt/airflow/dags/warehouse_dag.py
[2026-09-17T17:33:58.089+0000] {processor.py:840} INFO - DAG(s) 'youtube_warehouse' retrieved from /opt/airflow/dags/warehouse_dag.py
[2026-09-17T17:33:58.119+0000] {logging_mixin.py:188} INFO - [2026-09-17T17:33:58.119+0000] {dag.py:3096} INFO - Sync 1 DAGs
[2026-09-17T17:33:58.296+0000] {logging_mixin.py:188} INFO - [2026-09-17T17:33:58.295+0000] {dag.py:3954} INFO - Setting next_dagrun for youtube_warehouse to None, run_after=None
[2026-09-17T17:33:58.335+0000] {processor.py:183} INFO - Processing /opt/airflow/dags/warehouse_dag.py took 0.625 seconds
[2026-09-17T17:34:28.519+0000] {processor.py:161} INFO - Started process (PID=3642) to work on /opt/airflow/dags/warehouse_dag.py
[2026-09-17T17:34:28.521+0000] {processor.py:830} INFO - Processing file /opt/airflow/dags/warehouse_dag.py for tasks to queue
[2026-09-17T17:34:28.523+0000] {logging_mixin.py:188} INFO - [2026-09-17T17:34:28.523+0000] {dagbag.py:545} INFO - Filling up the DagBag from /opt/airflow/dags/warehouse_dag.py
[2026-09-17T17:34:28.792+0000] {processor.py:840} INFO - DAG(s) 'youtube_warehouse' retrieved from /opt/airflow/dags/warehouse_dag.py
[2026-09-17T17:34:28.971+0000] {logging_mixin.py:188} INFO - [2026-09-17T17:34:28.971+0000] {dag.py:3096} INFO - Sync 1 DAGs
[2026-09-17T17:34:28.982+0000] {logging_mixin.py:188} INFO - [2026-09-17T17:34:28.982+0000] {dag.py:3954} INFO - Setting next_dagrun for youtube_warehouse to None, run_after=None
[2026-09-17T17:34:29.023+0000] {processor.py:183} INFO - Processing /opt/airflow/dags/warehouse_dag.py took 0.510 seconds
[2026-09-17T17:34:59.835+0000] {processor.py:161} INFO - Started process (PID=3651) to work on /opt/airflow/dags/warehouse_dag.py
[2026-09-17T17:34:59.838+0000] {processor.py:830} INFO - Processing file /opt/airflow/dags/warehouse_dag.py for tasks to queue
[2026-09-17T17:34:59.841+0000] {logging_mixin.py:188} INFO - [2026-09-17T17:34:59.841+0000] {dagbag.py:545} INFO - Filling up the DagBag from /opt/airflow/dags/warehouse_dag.py
[2026-09-17T17:35:00.285+0000] {processor.py:840} INFO - DAG(s) 'youtube_warehouse' retrieved from /opt/airflow/dags/warehouse_dag.py
[2026-09-17T17:35:00.306+0000] {logging_mixin.py:188} INFO - [2026-09-17T17:35:00.306+0000] {dag.py:3096} INFO - Sync 1 DAGs
[2026-09-17T17:35:00.319+0000] {logging_mixin.py:188} INFO - [2026-09-17T17:35:00.319+0000] {dag.py:3954} INFO - Setting next_dagrun for youtube_warehouse to None, run_after=None
[2026-09-17T17:35:00.342+0000] {processor.py:183} INFO - Processing /opt/airflow/dags/warehouse_dag.py took 0.515 seconds
[2026-09-17T17:35:30.612+0000] {processor.py:161} INFO - Started process (PID=3660) to work on /opt/airflow/dags/warehouse_dag.py
[2026-09-17T17:35:30.615+0000] {processor.py:830} INFO - Processing file /opt/airflow/dags/warehouse_dag.py for tasks to queue
[2026-09-17T17:35:30.618+0000] {logging_mixin.py:188} INFO - [2026-09-17T17:35:30.618+0000] {dagbag.py:545} INFO - Filling up the DagBag from /opt/airflow/dags/warehouse_dag.py
[2026-09-17T17:35:31.060+0000] {processor.py:840} INFO - DAG(s) 'youtube_warehouse' retrieved from /opt/airflow/dags/warehouse_dag.py
[2026-09-17T17:35:31.079+0000] {logging_mixin.py:188} INFO - [2026-09-17T17:35:31.078+0000] {dag.py:3096} INFO - Sync 1 DAGs
[2026-09-17T17:35:31.090+0000] {logging_mixin.py:188} INFO - [2026-09-17T17:35:31.090+0000] {dag.py:3954} INFO - Setting next_dagrun for youtube_warehouse to None, run_after=None
[2026-09-17T17:35:31.129+0000] {processor.py:183} INFO - Processing /opt/airflow/dags/warehouse_dag.py took 0.523 seconds
[2026-09-17T17:36:01.194+0000] {processor.py:161} INFO - Started process (PID=3669) to work on /opt/airflow/dags/warehouse_dag.py
[2026-09-17T17:36:01.196+0000] {processor.py:830} INFO - Processing file /opt/airflow/dags/warehouse_dag.py for tasks to queue
[2026-09-17T17:36:01.199+0000] {logging_mixin.py:188} INFO - [2026-09-17T17:36:01.199+0000] {dagbag.py:545} INFO - Filling up the DagBag from /opt/airflow/dags/warehouse_dag.py
[2026-09-17T17:36:01.473+0000] {processor.py:840} INFO - DAG(s) 'youtube_warehouse' retrieved from /opt/airflow/dags/warehouse_dag.py
[2026-09-17T17:36:01.495+0000] {logging_mixin.py:188} INFO - [2026-09-17T17:36:01.495+0000] {dag.py:3096} INFO - Sync 1 DAGs
[2026-09-17T17:36:01.507+0000] {logging_mixin.py:188} INFO - [2026-09-17T17:36:01.507+0000] {dag.py:3954} INFO - Setting next_dagrun for youtube_warehouse to None, run_after=None
[2026-09-17T17:36:01.670+0000] {processor.py:183} INFO - Processing /opt/airflow/dags/warehouse_dag.py took 0.482 seconds
[2026-09-17T17:36:31.826+0000] {processor.py:161} INFO - Started process (PID=3678) to work on /opt/airflow/dags/warehouse_dag.py
[2026-09-17T17:36:31.827+0000] {processor.py:830} INFO - Processing file /opt/airflow/dags/warehouse_dag.py for tasks to queue
[2026-09-17T17:36:31.830+0000] {logging_mixin.py:188} INFO - [2026-09-17T17:36:31.830+0000] {dagbag.py:545} INFO - Filling up the DagBag from /opt/airflow/dags/warehouse_dag.py
[2026-09-17T17:36:32.105+0000] {processor.py:840} INFO - DAG(s) 'youtube_warehouse' retrieved from /opt/airflow/dags/warehouse_dag.py
[2026-09-17T17:36:32.125+0000] {logging_mixin.py:188} INFO - [2026-09-17T17:36:32.125+0000] {dag.py:3096} INFO - Sync 1 DAGs
[2026-09-17T17:36:32.260+0000] {logging_mixin.py:188} INFO - [2026-09-17T17:36:32.260+0000] {dag.py:3954} INFO - Setting next_dagrun for youtube_warehouse to None, run_after=None
[2026-09-17T17:36:32.289+0000] {processor.py:183} INFO - Processing /opt/airflow/dags/warehouse_dag.py took 0.469 seconds
[2026-09-17T17:37:03.200+0000] {processor.py:161} INFO - Started process (PID=3687) to work on /opt/airflow/dags/warehouse_dag.py
[2026-09-17T17:37:03.202+0000] {processor.py:830} INFO - Processing file /opt/airflow/dags/warehouse_dag.py for tasks to queue
[2026-09-17T17:37:03.205+0000] {logging_mixin.py:188} INFO - [2026-09-17T17:37:03.204+0000] {dagbag.py:545} INFO - Filling up the DagBag from /opt/airflow/dags/warehouse_dag.py
[2026-09-17T17:37:03.491+0000] {processor.py:840} INFO - DAG(s) 'youtube_warehouse' retrieved from /opt/airflow/dags/warehouse_dag.py
[2026-09-17T17:37:03.662+0000] {logging_mixin.py:188} INFO - [2026-09-17T17:37:03.662+0000] {dag.py:3096} INFO - Sync 1 DAGs
[2026-09-17T17:37:03.672+0000] {logging_mixin.py:188} INFO - [2026-09-17T17:37:03.672+0000] {dag.py:3954} INFO - Setting next_dagrun for youtube_warehouse to None, run_after=None
[2026-09-17T17:37:03.705+0000] {processor.py:183} INFO - Processing /opt/airflow/dags/warehouse_dag.py took 0.511 seconds
[2026-09-17T17:37:33.832+0000] {processor.py:161} INFO - Started process (PID=3696) to work on /opt/airflow/dags/warehouse_dag.py
[2026-09-17T17:37:33.834+0000] {processor.py:830} INFO - Processing file /opt/airflow/dags/warehouse_dag.py for tasks to queue
[2026-09-17T17:37:33.837+0000] {logging_mixin.py:188} INFO - [2026-09-17T17:37:33.836+0000] {dagbag.py:545} INFO - Filling up the DagBag from /opt/airflow/dags/warehouse_dag.py
[2026-09-17T17:37:34.266+0000] {processor.py:840} INFO - DAG(s) 'youtube_warehouse' retrieved from /opt/airflow/dags/warehouse_dag.py
[2026-09-17T17:37:34.284+0000] {logging_mixin.py:188} INFO - [2026-09-17T17:37:34.283+0000] {dag.py:3096} INFO - Sync 1 DAGs
[2026-09-17T17:37:34.294+0000] {logging_mixin.py:188} INFO - [2026-09-17T17:37:34.293+0000] {dag.py:3954} INFO - Setting next_dagrun for youtube_warehouse to None, run_after=None
[2026-09-17T17:37:34.335+0000] {processor.py:183} INFO - Processing /opt/airflow/dags/warehouse_dag.py took 0.508 seconds
[2026-09-17T17:38:05.142+0000] {processor.py:161} INFO - Started process (PID=3705) to work on /opt/airflow/dags/warehouse_dag.py
[2026-09-17T17:38:05.145+0000] {processor.py:830} INFO - Processing file /opt/airflow/dags/warehouse_dag.py for tasks to queue
[2026-09-17T17:38:05.147+0000] {logging_mixin.py:188} INFO - [2026-09-17T17:38:05.147+0000] {dagbag.py:545} INFO - Filling up the DagBag from /opt/airflow/dags/warehouse_dag.py
[2026-09-17T17:38:05.539+0000] {processor.py:840} INFO - DAG(s) 'youtube_warehouse' retrieved from /opt/airflow/dags/warehouse_dag.py
[2026-09-17T17:38:05.556+0000] {logging_mixin.py:188} INFO - [2026-09-17T17:38:05.555+0000] {dag.py:3096} INFO - Sync 1 DAGs
[2026-09-17T17:38:05.566+0000] {logging_mixin.py:188} INFO - [2026-09-17T17:38:05.565+0000] {dag.py:3954} INFO - Setting next_dagrun for youtube_warehouse to None, run_after=None
[2026-09-17T17:38:05.601+0000] {processor.py:183} INFO - Processing /opt/airflow/dags/warehouse_dag.py took 0.465 seconds
[2026-09-17T17:38:35.805+0000] {processor.py:161} INFO - Started process (PID=3714) to work on /opt/airflow/dags/warehouse_dag.py
[2026-09-17T17:38:35.807+0000] {processor.py:830} INFO - Processing file /opt/airflow/dags/warehouse_dag.py for tasks to queue
[2026-09-17T17:38:35.810+0000] {logging_mixin.py:188} INFO - [2026-09-17T17:38:35.809+0000] {dagbag.py:545} INFO - Filling up the DagBag from /opt/airflow/dags/warehouse_dag.py
[2026-09-17T17:38:36.216+0000] {processor.py:840} INFO - DAG(s) 'youtube_warehouse' retrieved from /opt/airflow/dags/warehouse_dag.py
[2026-09-17T17:38:36.235+0000] {logging_mixin.py:188} INFO - [2026-09-17T17:38:36.235+0000] {dag.py:3096} INFO - Sync 1 DAGs
[2026-09-17T17:38:36.245+0000] {logging_mixin.py:188} INFO - [2026-09-17T17:38:36.245+0000] {dag.py:3954} INFO - Setting next_dagrun for youtube_warehouse to None, run_after=None
[2026-09-17T17:38:36.296+0000] {processor.py:183} INFO - Processing /opt/airflow/dags/warehouse_dag.py took 0.497 seconds
[2026-09-17T17:39:07.152+0000] {processor.py:161} INFO - Started process (PID=3723) to work on /opt/airflow/dags/warehouse_dag.py
[2026-09-17T17:39:07.154+0000] {processor.py:830} INFO - Processing file /opt/airflow/dags/warehouse_dag.py for tasks to queue
[2026-09-17T17:39:07.156+0000] {logging_mixin.py:188} INFO - [2026-09-17T17:39:07.156+0000] {dagbag.py:545} INFO - Filling up the DagBag from /opt/airflow/dags/warehouse_dag.py
[2026-09-17T17:39:07.427+0000] {processor.py:840} INFO - DAG(s) 'youtube_warehouse' retrieved from /opt/airflow/dags/warehouse_dag.py
[2026-09-17T17:39:07.448+0000] {logging_mixin.py:188} INFO - [2026-09-17T17:39:07.448+0000] {dag.py:3096} INFO - Sync 1 DAGs
[2026-09-17T17:39:07.460+0000] {logging_mixin.py:188} INFO - [2026-09-17T17:39:07.460+0000] {dag.py:3954} INFO - Setting next_dagrun for youtube_warehouse to None, run_after=None
[2026-09-17T17:39:07.632+0000] {processor.py:183} INFO - Processing /opt/airflow/dags/warehouse_dag.py took 0.485 seconds
[2026-09-17T17:39:37.877+0000] {processor.py:161} INFO - Started process (PID=3732) to work on /opt/airflow/dags/warehouse_dag.py
[2026-09-17T17:39:37.878+0000] {processor.py:830} INFO - Processing file /opt/airflow/dags/warehouse_dag.py for tasks to queue
[2026-09-17T17:39:37.880+0000] {logging_mixin.py:188} INFO - [2026-09-17T17:39:37.880+0000] {dagbag.py:545} INFO - Filling up the DagBag from /opt/airflow/dags/warehouse_dag.py
[2026-09-17T17:39:38.141+0000] {processor.py:840} INFO - DAG(s) 'youtube_warehouse' retrieved from /opt/airflow/dags/warehouse_dag.py
[2026-09-17T17:39:38.162+0000] {logging_mixin.py:188} INFO - [2026-09-17T17:39:38.162+0000] {dag.py:3096} INFO - Sync 1 DAGs
[2026-09-17T17:39:38.299+0000] {logging_mixin.py:188} INFO - [2026-09-17T17:39:38.299+0000] {dag.py:3954} INFO - Setting next_dagrun for youtube_warehouse to None, run_after=None
[2026-09-17T17:39:38.338+0000] {processor.py:183} INFO - Processing /opt/airflow/dags/warehouse_dag.py took 0.466 seconds
[2026-09-17T17:40:08.417+0000] {processor.py:161} INFO - Started process (PID=3741) to work on /opt/airflow/dags/warehouse_dag.py
[2026-09-17T17:40:08.419+0000] {processor.py:830} INFO - Processing file /opt/airflow/dags/warehouse_dag.py for tasks to queue
[2026-09-17T17:40:08.422+0000] {logging_mixin.py:188} INFO - [2026-09-17T17:40:08.422+0000] {dagbag.py:545} INFO - Filling up the DagBag from /opt/airflow/dags/warehouse_dag.py
[2026-09-17T17:40:08.765+0000] {processor.py:840} INFO - DAG(s) 'youtube_warehouse' retrieved from /opt/airflow/dags/warehouse_dag.py
[2026-09-17T17:40:08.916+0000] {logging_mixin.py:188} INFO - [2026-09-17T17:40:08.916+0000] {dag.py:3096} INFO - Sync 1 DAGs
[2026-09-17T17:40:08.927+0000] {logging_mixin.py:188} INFO - [2026-09-17T17:40:08.927+0000] {dag.py:3954} INFO - Setting next_dagrun for youtube_warehouse to None, run_after=None
[2026-09-17T17:40:08.966+0000] {processor.py:183} INFO - Processing /opt/airflow/dags/warehouse_dag.py took 0.554 seconds
[2026-09-17T17:40:39.762+0000] {processor.py:161} INFO - Started process (PID=3751) to work on /opt/airflow/dags/warehouse_dag.py
[2026-09-17T17:40:39.765+0000] {processor.py:830} INFO - Processing file /opt/airflow/dags/warehouse_dag.py for tasks to queue
[2026-09-17T17:40:39.771+0000] {logging_mixin.py:188} INFO - [2026-09-17T17:40:39.771+0000] {dagbag.py:545} INFO - Filling up the DagBag from /opt/airflow/dags/warehouse_dag.py
[2026-09-17T17:40:40.414+0000] {processor.py:840} INFO - DAG(s) 'youtube_warehouse' retrieved from /opt/airflow/dags/warehouse_dag.py
[2026-09-17T17:40:40.443+0000] {logging_mixin.py:188} INFO - [2026-09-17T17:40:40.442+0000] {dag.py:3096} INFO - Sync 1 DAGs
[2026-09-17T17:40:40.465+0000] {logging_mixin.py:188} INFO - [2026-09-17T17:40:40.464+0000] {dag.py:3954} INFO - Setting next_dagrun for youtube_warehouse to None, run_after=None
[2026-09-17T17:40:40.515+0000] {processor.py:183} INFO - Processing /opt/airflow/dags/warehouse_dag.py took 0.767 seconds
[2026-09-17T17:41:11.322+0000] {processor.py:161} INFO - Started process (PID=3760) to work on /opt/airflow/dags/warehouse_dag.py
[2026-09-17T17:41:11.324+0000] {processor.py:830} INFO - Processing file /opt/airflow/dags/warehouse_dag.py for tasks to queue
[2026-09-17T17:41:11.327+0000] {logging_mixin.py:188} INFO - [2026-09-17T17:41:11.327+0000] {dagbag.py:545} INFO - Filling up the DagBag from /opt/airflow/dags/warehouse_dag.py
[2026-09-17T17:41:11.941+0000] {processor.py:840} INFO - DAG(s) 'youtube_warehouse' retrieved from /opt/airflow/dags/warehouse_dag.py
[2026-09-17T17:41:11.963+0000] {logging_mixin.py:188} INFO - [2026-09-17T17:41:11.962+0000] {dag.py:3096} INFO - Sync 1 DAGs
[2026-09-17T17:41:11.975+0000] {logging_mixin.py:188} INFO - [2026-09-17T17:41:11.975+0000] {dag.py:3954} INFO - Setting next_dagrun for youtube_warehouse to None, run_after=None
[2026-09-17T17:41:12.027+0000] {processor.py:183} INFO - Processing /opt/airflow/dags/warehouse_dag.py took 0.712 seconds
[2026-09-17T17:41:42.108+0000] {processor.py:161} INFO - Started process (PID=3769) to work on /opt/airflow/dags/warehouse_dag.py
[2026-09-17T17:41:42.111+0000] {processor.py:830} INFO - Processing file /opt/airflow/dags/warehouse_dag.py for tasks to queue
[2026-09-17T17:41:42.115+0000] {logging_mixin.py:188} INFO - [2026-09-17T17:41:42.114+0000] {dagbag.py:545} INFO - Filling up the DagBag from /opt/airflow/dags/warehouse_dag.py
[2026-09-17T17:41:42.680+0000] {processor.py:840} INFO - DAG(s) 'youtube_warehouse' retrieved from /opt/airflow/dags/warehouse_dag.py
[2026-09-17T17:41:42.706+0000] {logging_mixin.py:188} INFO - [2026-09-17T17:41:42.706+0000] {dag.py:3096} INFO - Sync 1 DAGs
[2026-09-17T17:41:42.721+0000] {logging_mixin.py:188} INFO - [2026-09-17T17:41:42.721+0000] {dag.py:3954} INFO - Setting next_dagrun for youtube_warehouse to None, run_after=None
[2026-09-17T17:41:42.764+0000] {processor.py:183} INFO - Processing /opt/airflow/dags/warehouse_dag.py took 0.663 seconds
[2026-09-17T17:42:13.618+0000] {processor.py:161} INFO - Started process (PID=3778) to work on /opt/airflow/dags/warehouse_dag.py
[2026-09-17T17:42:13.621+0000] {processor.py:830} INFO - Processing file /opt/airflow/dags/warehouse_dag.py for tasks to queue
[2026-09-17T17:42:13.624+0000] {logging_mixin.py:188} INFO - [2026-09-17T17:42:13.624+0000] {dagbag.py:545} INFO - Filling up the DagBag from /opt/airflow/dags/warehouse_dag.py
[2026-09-17T17:42:14.796+0000] {processor.py:840} INFO - DAG(s) 'youtube_warehouse' retrieved from /opt/airflow/dags/warehouse_dag.py
[2026-09-17T17:42:15.087+0000] {logging_mixin.py:188} INFO - [2026-09-17T17:42:15.086+0000] {dag.py:3096} INFO - Sync 1 DAGs
[2026-09-17T17:42:15.433+0000] {logging_mixin.py:188} INFO - [2026-09-17T17:42:15.432+0000] {dag.py:3954} INFO - Setting next_dagrun for youtube_warehouse to None, run_after=None
[2026-09-17T17:42:15.458+0000] {processor.py:183} INFO - Processing /opt/airflow/dags/warehouse_dag.py took 1.848 seconds
[2026-09-17T17:42:46.268+0000] {processor.py:161} INFO - Started process (PID=3787) to work on /opt/airflow/dags/warehouse_dag.py
[2026-09-17T17:42:46.270+0000] {processor.py:830} INFO - Processing file /opt/airflow/dags/warehouse_dag.py for tasks to queue
[2026-09-17T17:42:46.274+0000] {logging_mixin.py:188} INFO - [2026-09-17T17:42:46.274+0000] {dagbag.py:545} INFO - Filling up the DagBag from /opt/airflow/dags/warehouse_dag.py
[2026-09-17T17:42:46.722+0000] {processor.py:840} INFO - DAG(s) 'youtube_warehouse' retrieved from /opt/airflow/dags/warehouse_dag.py
[2026-09-17T17:42:46.898+0000] {logging_mixin.py:188} INFO - [2026-09-17T17:42:46.897+0000] {dag.py:3096} INFO - Sync 1 DAGs
[2026-09-17T17:42:46.910+0000] {logging_mixin.py:188} INFO - [2026-09-17T17:42:46.910+0000] {dag.py:3954} INFO - Setting next_dagrun for youtube_warehouse to None, run_after=None
[2026-09-17T17:42:46.957+0000] {processor.py:183} INFO - Processing /opt/airflow/dags/warehouse_dag.py took 0.698 seconds
[2026-09-17T17:43:17.209+0000] {processor.py:161} INFO - Started process (PID=3796) to work on /opt/airflow/dags/warehouse_dag.py
[2026-09-17T17:43:17.213+0000] {processor.py:830} INFO - Processing file /opt/airflow/dags/warehouse_dag.py for tasks to queue
[2026-09-17T17:43:17.219+0000] {logging_mixin.py:188} INFO - [2026-09-17T17:43:17.218+0000] {dagbag.py:545} INFO - Filling up the DagBag from /opt/airflow/dags/warehouse_dag.py
[2026-09-17T17:43:18.291+0000] {processor.py:840} INFO - DAG(s) 'youtube_warehouse' retrieved from /opt/airflow/dags/warehouse_dag.py
[2026-09-17T17:43:18.315+0000] {logging_mixin.py:188} INFO - [2026-09-17T17:43:18.314+0000] {dag.py:3096} INFO - Sync 1 DAGs
[2026-09-17T17:43:18.330+0000] {logging_mixin.py:188} INFO - [2026-09-17T17:43:18.330+0000] {dag.py:3954} INFO - Setting next_dagrun for youtube_warehouse to None, run_after=None
[2026-09-17T17:43:18.371+0000] {processor.py:183} INFO - Processing /opt/airflow/dags/warehouse_dag.py took 1.183 seconds
[2026-09-17T17:43:48.767+0000] {processor.py:161} INFO - Started process (PID=3806) to work on /opt/airflow/dags/warehouse_dag.py
[2026-09-17T17:43:48.769+0000] {processor.py:830} INFO - Processing file /opt/airflow/dags/warehouse_dag.py for tasks to queue
[2026-09-17T17:43:48.774+0000] {logging_mixin.py:188} INFO - [2026-09-17T17:43:48.773+0000] {dagbag.py:545} INFO - Filling up the DagBag from /opt/airflow/dags/warehouse_dag.py
[2026-09-17T17:43:49.288+0000] {processor.py:840} INFO - DAG(s) 'youtube_warehouse' retrieved from /opt/airflow/dags/warehouse_dag.py
[2026-09-17T17:43:49.309+0000] {logging_mixin.py:188} INFO - [2026-09-17T17:43:49.308+0000] {dag.py:3096} INFO - Sync 1 DAGs
[2026-09-17T17:43:49.321+0000] {logging_mixin.py:188} INFO - [2026-09-17T17:43:49.320+0000] {dag.py:3954} INFO - Setting next_dagrun for youtube_warehouse to None, run_after=None
[2026-09-17T17:43:49.367+0000] {processor.py:183} INFO - Processing /opt/airflow/dags/warehouse_dag.py took 0.611 seconds
[2026-09-17T17:44:20.214+0000] {processor.py:161} INFO - Started process (PID=3821) to work on /opt/airflow/dags/warehouse_dag.py
[2026-09-17T17:44:20.216+0000] {processor.py:830} INFO - Processing file /opt/airflow/dags/warehouse_dag.py for tasks to queue
[2026-09-17T17:44:20.220+0000] {logging_mixin.py:188} INFO - [2026-09-17T17:44:20.219+0000] {dagbag.py:545} INFO - Filling up the DagBag from /opt/airflow/dags/warehouse_dag.py
[2026-09-17T17:44:20.808+0000] {processor.py:840} INFO - DAG(s) 'youtube_warehouse' retrieved from /opt/airflow/dags/warehouse_dag.py
[2026-09-17T17:44:20.830+0000] {logging_mixin.py:188} INFO - [2026-09-17T17:44:20.829+0000] {dag.py:3096} INFO - Sync 1 DAGs
[2026-09-17T17:44:20.843+0000] {logging_mixin.py:188} INFO - [2026-09-17T17:44:20.843+0000] {dag.py:3954} INFO - Setting next_dagrun for youtube_warehouse to None, run_after=None
[2026-09-17T17:44:20.879+0000] {processor.py:183} INFO - Processing /opt/airflow/dags/warehouse_dag.py took 0.671 seconds
[2026-09-17T17:44:51.088+0000] {processor.py:161} INFO - Started process (PID=3830) to work on /opt/airflow/dags/warehouse_dag.py
[2026-09-17T17:44:51.091+0000] {processor.py:830} INFO - Processing file /opt/airflow/dags/warehouse_dag.py for tasks to queue
[2026-09-17T17:44:51.094+0000] {logging_mixin.py:188} INFO - [2026-09-17T17:44:51.094+0000] {dagbag.py:545} INFO - Filling up the DagBag from /opt/airflow/dags/warehouse_dag.py
[2026-09-17T17:44:51.599+0000] {processor.py:840} INFO - DAG(s) 'youtube_warehouse' retrieved from /opt/airflow/dags/warehouse_dag.py
[2026-09-17T17:44:51.619+0000] {logging_mixin.py:188} INFO - [2026-09-17T17:44:51.619+0000] {dag.py:3096} INFO - Sync 1 DAGs
[2026-09-17T17:44:51.631+0000] {logging_mixin.py:188} INFO - [2026-09-17T17:44:51.631+0000] {dag.py:3954} INFO - Setting next_dagrun for youtube_warehouse to None, run_after=None
[2026-09-17T17:44:51.685+0000] {processor.py:183} INFO - Processing /opt/airflow/dags/warehouse_dag.py took 0.604 seconds
[2026-09-17T17:45:22.135+0000] {processor.py:161} INFO - Started process (PID=3839) to work on /opt/airflow/dags/warehouse_dag.py
[2026-09-17T17:45:22.137+0000] {processor.py:830} INFO - Processing file /opt/airflow/dags/warehouse_dag.py for tasks to queue
[2026-09-17T17:45:22.142+0000] {logging_mixin.py:188} INFO - [2026-09-17T17:45:22.141+0000] {dagbag.py:545} INFO - Filling up the DagBag from /opt/airflow/dags/warehouse_dag.py
[2026-09-17T17:45:22.515+0000] {processor.py:840} INFO - DAG(s) 'youtube_warehouse' retrieved from /opt/airflow/dags/warehouse_dag.py
[2026-09-17T17:45:22.541+0000] {logging_mixin.py:188} INFO - [2026-09-17T17:45:22.540+0000] {dag.py:3096} INFO - Sync 1 DAGs
[2026-09-17T17:45:22.707+0000] {logging_mixin.py:188} INFO - [2026-09-17T17:45:22.706+0000] {dag.py:3954} INFO - Setting next_dagrun for youtube_warehouse to None, run_after=None
[2026-09-17T17:45:22.752+0000] {processor.py:183} INFO - Processing /opt/airflow/dags/warehouse_dag.py took 0.624 seconds
[2026-09-17T17:45:52.945+0000] {processor.py:161} INFO - Started process (PID=3848) to work on /opt/airflow/dags/warehouse_dag.py
[2026-09-17T17:45:52.947+0000] {processor.py:830} INFO - Processing file /opt/airflow/dags/warehouse_dag.py for tasks to queue
[2026-09-17T17:45:52.950+0000] {logging_mixin.py:188} INFO - [2026-09-17T17:45:52.949+0000] {dagbag.py:545} INFO - Filling up the DagBag from /opt/airflow/dags/warehouse_dag.py
[2026-09-17T17:45:53.258+0000] {processor.py:840} INFO - DAG(s) 'youtube_warehouse' retrieved from /opt/airflow/dags/warehouse_dag.py
[2026-09-17T17:45:53.429+0000] {logging_mixin.py:188} INFO - [2026-09-17T17:45:53.429+0000] {dag.py:3096} INFO - Sync 1 DAGs
[2026-09-17T17:45:53.439+0000] {logging_mixin.py:188} INFO - [2026-09-17T17:45:53.439+0000] {dag.py:3954} INFO - Setting next_dagrun for youtube_warehouse to None, run_after=None
[2026-09-17T17:45:53.481+0000] {processor.py:183} INFO - Processing /opt/airflow/dags/warehouse_dag.py took 0.541 seconds
[2026-09-17T17:46:24.268+0000] {processor.py:161} INFO - Started process (PID=3857) to work on /opt/airflow/dags/warehouse_dag.py
[2026-09-17T17:46:24.270+0000] {processor.py:830} INFO - Processing file /opt/airflow/dags/warehouse_dag.py for tasks to queue
[2026-09-17T17:46:24.272+0000] {logging_mixin.py:188} INFO - [2026-09-17T17:46:24.272+0000] {dagbag.py:545} INFO - Filling up the DagBag from /opt/airflow/dags/warehouse_dag.py
[2026-09-17T17:46:24.688+0000] {processor.py:840} INFO - DAG(s) 'youtube_warehouse' retrieved from /opt/airflow/dags/warehouse_dag.py
[2026-09-17T17:46:24.706+0000] {logging_mixin.py:188} INFO - [2026-09-17T17:46:24.705+0000] {dag.py:3096} INFO - Sync 1 DAGs
[2026-09-17T17:46:24.716+0000] {logging_mixin.py:188} INFO - [2026-09-17T17:46:24.715+0000] {dag.py:3954} INFO - Setting next_dagrun for youtube_warehouse to None, run_after=None
[2026-09-17T17:46:24.733+0000] {processor.py:183} INFO - Processing /opt/airflow/dags/warehouse_dag.py took 0.471 seconds
[2026-09-17T17:46:54.823+0000] {processor.py:161} INFO - Started process (PID=3866) to work on /opt/airflow/dags/warehouse_dag.py
[2026-09-17T17:46:54.824+0000] {processor.py:830} INFO - Processing file /opt/airflow/dags/warehouse_dag.py for tasks to queue
[2026-09-17T17:46:54.827+0000] {logging_mixin.py:188} INFO - [2026-09-17T17:46:54.826+0000] {dagbag.py:545} INFO - Filling up the DagBag from /opt/airflow/dags/warehouse_dag.py
[2026-09-17T17:46:55.237+0000] {processor.py:840} INFO - DAG(s) 'youtube_warehouse' retrieved from /opt/airflow/dags/warehouse_dag.py
[2026-09-17T17:46:55.255+0000] {logging_mixin.py:188} INFO - [2026-09-17T17:46:55.254+0000] {dag.py:3096} INFO - Sync 1 DAGs
[2026-09-17T17:46:55.284+0000] {logging_mixin.py:188} INFO - [2026-09-17T17:46:55.284+0000] {dag.py:3954} INFO - Setting next_dagrun for youtube_warehouse to None, run_after=None
[2026-09-17T17:46:55.311+0000] {processor.py:183} INFO - Processing /opt/airflow/dags/warehouse_dag.py took 0.495 seconds
[2026-09-17T17:47:25.554+0000] {processor.py:161} INFO - Started process (PID=3875) to work on /opt/airflow/dags/warehouse_dag.py
[2026-09-17T17:47:25.556+0000] {processor.py:830} INFO - Processing file /opt/airflow/dags/warehouse_dag.py for tasks to queue
[2026-09-17T17:47:25.559+0000] {logging_mixin.py:188} INFO - [2026-09-17T17:47:25.559+0000] {dagbag.py:545} INFO - Filling up the DagBag from /opt/airflow/dags/warehouse_dag.py
[2026-09-17T17:47:25.968+0000] {processor.py:840} INFO - DAG(s) 'youtube_warehouse' retrieved from /opt/airflow/dags/warehouse_dag.py
[2026-09-17T17:47:25.986+0000] {logging_mixin.py:188} INFO - [2026-09-17T17:47:25.985+0000] {dag.py:3096} INFO - Sync 1 DAGs
[2026-09-17T17:47:26.020+0000] {logging_mixin.py:188} INFO - [2026-09-17T17:47:26.019+0000] {dag.py:3954} INFO - Setting next_dagrun for youtube_warehouse to None, run_after=None
[2026-09-17T17:47:26.044+0000] {processor.py:183} INFO - Processing /opt/airflow/dags/warehouse_dag.py took 0.495 seconds
[2026-09-17T17:47:56.870+0000] {processor.py:161} INFO - Started process (PID=3884) to work on /opt/airflow/dags/warehouse_dag.py
[2026-09-17T17:47:56.871+0000] {processor.py:830} INFO - Processing file /opt/airflow/dags/warehouse_dag.py for tasks to queue
[2026-09-17T17:47:56.874+0000] {logging_mixin.py:188} INFO - [2026-09-17T17:47:56.873+0000] {dagbag.py:545} INFO - Filling up the DagBag from /opt/airflow/dags/warehouse_dag.py
[2026-09-17T17:47:57.155+0000] {processor.py:840} INFO - DAG(s) 'youtube_warehouse' retrieved from /opt/airflow/dags/warehouse_dag.py
[2026-09-17T17:47:57.176+0000] {logging_mixin.py:188} INFO - [2026-09-17T17:47:57.176+0000] {dag.py:3096} INFO - Sync 1 DAGs
[2026-09-17T17:47:57.316+0000] {logging_mixin.py:188} INFO - [2026-09-17T17:47:57.315+0000] {dag.py:3954} INFO - Setting next_dagrun for youtube_warehouse to None, run_after=None
[2026-09-17T17:47:57.362+0000] {processor.py:183} INFO - Processing /opt/airflow/dags/warehouse_dag.py took 0.498 seconds
[2026-09-17T17:48:27.600+0000] {processor.py:161} INFO - Started process (PID=3893) to work on /opt/airflow/dags/warehouse_dag.py
[2026-09-17T17:48:27.602+0000] {processor.py:830} INFO - Processing file /opt/airflow/dags/warehouse_dag.py for tasks to queue
[2026-09-17T17:48:27.605+0000] {logging_mixin.py:188} INFO - [2026-09-17T17:48:27.604+0000] {dagbag.py:545} INFO - Filling up the DagBag from /opt/airflow/dags/warehouse_dag.py
[2026-09-17T17:48:27.884+0000] {processor.py:840} INFO - DAG(s) 'youtube_warehouse' retrieved from /opt/airflow/dags/warehouse_dag.py
[2026-09-17T17:48:28.038+0000] {logging_mixin.py:188} INFO - [2026-09-17T17:48:28.037+0000] {dag.py:3096} INFO - Sync 1 DAGs
[2026-09-17T17:48:28.055+0000] {logging_mixin.py:188} INFO - [2026-09-17T17:48:28.055+0000] {dag.py:3954} INFO - Setting next_dagrun for youtube_warehouse to None, run_after=None
[2026-09-17T17:48:28.091+0000] {processor.py:183} INFO - Processing /opt/airflow/dags/warehouse_dag.py took 0.499 seconds
[2026-09-17T17:48:58.298+0000] {processor.py:161} INFO - Started process (PID=3902) to work on /opt/airflow/dags/warehouse_dag.py
[2026-09-17T17:48:58.301+0000] {processor.py:830} INFO - Processing file /opt/airflow/dags/warehouse_dag.py for tasks to queue
[2026-09-17T17:48:58.304+0000] {logging_mixin.py:188} INFO - [2026-09-17T17:48:58.304+0000] {dagbag.py:545} INFO - Filling up the DagBag from /opt/airflow/dags/warehouse_dag.py
[2026-09-17T17:48:58.817+0000] {processor.py:840} INFO - DAG(s) 'youtube_warehouse' retrieved from /opt/airflow/dags/warehouse_dag.py
[2026-09-17T17:48:58.848+0000] {logging_mixin.py:188} INFO - [2026-09-17T17:48:58.848+0000] {dag.py:3096} INFO - Sync 1 DAGs
[2026-09-17T17:48:58.863+0000] {logging_mixin.py:188} INFO - [2026-09-17T17:48:58.863+0000] {dag.py:3954} INFO - Setting next_dagrun for youtube_warehouse to None, run_after=None
[2026-09-17T17:48:58.922+0000] {processor.py:183} INFO - Processing /opt/airflow/dags/warehouse_dag.py took 0.632 seconds
[2026-09-17T17:49:29.340+0000] {processor.py:161} INFO - Started process (PID=3911) to work on /opt/airflow/dags/warehouse_dag.py
[2026-09-17T17:49:29.342+0000] {processor.py:830} INFO - Processing file /opt/airflow/dags/warehouse_dag.py for tasks to queue
[2026-09-17T17:49:29.348+0000] {logging_mixin.py:188} INFO - [2026-09-17T17:49:29.347+0000] {dagbag.py:545} INFO - Filling up the DagBag from /opt/airflow/dags/warehouse_dag.py
[2026-09-17T17:49:29.882+0000] {processor.py:840} INFO - DAG(s) 'youtube_warehouse' retrieved from /opt/airflow/dags/warehouse_dag.py
[2026-09-17T17:49:29.904+0000] {logging_mixin.py:188} INFO - [2026-09-17T17:49:29.904+0000] {dag.py:3096} INFO - Sync 1 DAGs
[2026-09-17T17:49:29.918+0000] {logging_mixin.py:188} INFO - [2026-09-17T17:49:29.918+0000] {dag.py:3954} INFO - Setting next_dagrun for youtube_warehouse to None, run_after=None
[2026-09-17T17:49:29.943+0000] {processor.py:183} INFO - Processing /opt/airflow/dags/warehouse_dag.py took 0.614 seconds
[2026-09-17T17:50:00.182+0000] {processor.py:161} INFO - Started process (PID=3920) to work on /opt/airflow/dags/warehouse_dag.py
[2026-09-17T17:50:00.184+0000] {processor.py:830} INFO - Processing file /opt/airflow/dags/warehouse_dag.py for tasks to queue
[2026-09-17T17:50:00.187+0000] {logging_mixin.py:188} INFO - [2026-09-17T17:50:00.187+0000] {dagbag.py:545} INFO - Filling up the DagBag from /opt/airflow/dags/warehouse_dag.py
[2026-09-17T17:50:00.701+0000] {processor.py:840} INFO - DAG(s) 'youtube_warehouse' retrieved from /opt/airflow/dags/warehouse_dag.py
[2026-09-17T17:50:00.722+0000] {logging_mixin.py:188} INFO - [2026-09-17T17:50:00.721+0000] {dag.py:3096} INFO - Sync 1 DAGs
[2026-09-17T17:50:00.734+0000] {logging_mixin.py:188} INFO - [2026-09-17T17:50:00.733+0000] {dag.py:3954} INFO - Setting next_dagrun for youtube_warehouse to None, run_after=None
[2026-09-17T17:50:00.775+0000] {processor.py:183} INFO - Processing /opt/airflow/dags/warehouse_dag.py took 0.602 seconds
[2026-09-17T17:50:31.601+0000] {processor.py:161} INFO - Started process (PID=3929) to work on /opt/airflow/dags/warehouse_dag.py
[2026-09-17T17:50:31.604+0000] {processor.py:830} INFO - Processing file /opt/airflow/dags/warehouse_dag.py for tasks to queue
[2026-09-17T17:50:31.607+0000] {logging_mixin.py:188} INFO - [2026-09-17T17:50:31.606+0000] {dagbag.py:545} INFO - Filling up the DagBag from /opt/airflow/dags/warehouse_dag.py
[2026-09-17T17:50:32.132+0000] {processor.py:840} INFO - DAG(s) 'youtube_warehouse' retrieved from /opt/airflow/dags/warehouse_dag.py
[2026-09-17T17:50:32.151+0000] {logging_mixin.py:188} INFO - [2026-09-17T17:50:32.151+0000] {dag.py:3096} INFO - Sync 1 DAGs
[2026-09-17T17:50:32.163+0000] {logging_mixin.py:188} INFO - [2026-09-17T17:50:32.163+0000] {dag.py:3954} INFO - Setting next_dagrun for youtube_warehouse to None, run_after=None
[2026-09-17T17:50:32.216+0000] {processor.py:183} INFO - Processing /opt/airflow/dags/warehouse_dag.py took 0.622 seconds
[2026-09-17T17:51:02.406+0000] {processor.py:161} INFO - Started process (PID=3938) to work on /opt/airflow/dags/warehouse_dag.py
[2026-09-17T17:51:02.408+0000] {processor.py:830} INFO - Processing file /opt/airflow/dags/warehouse_dag.py for tasks to queue
[2026-09-17T17:51:02.410+0000] {logging_mixin.py:188} INFO - [2026-09-17T17:51:02.410+0000] {dagbag.py:545} INFO - Filling up the DagBag from /opt/airflow/dags/warehouse_dag.py
[2026-09-17T17:51:02.738+0000] {processor.py:840} INFO - DAG(s) 'youtube_warehouse' retrieved from /opt/airflow/dags/warehouse_dag.py
[2026-09-17T17:51:02.766+0000] {logging_mixin.py:188} INFO - [2026-09-17T17:51:02.766+0000] {dag.py:3096} INFO - Sync 1 DAGs
[2026-09-17T17:51:02.933+0000] {logging_mixin.py:188} INFO - [2026-09-17T17:51:02.933+0000] {dag.py:3954} INFO - Setting next_dagrun for youtube_warehouse to None, run_after=None
[2026-09-17T17:51:02.970+0000] {processor.py:183} INFO - Processing /opt/airflow/dags/warehouse_dag.py took 0.571 seconds
[2026-09-17T17:51:33.060+0000] {processor.py:161} INFO - Started process (PID=3947) to work on /opt/airflow/dags/warehouse_dag.py
[2026-09-17T17:51:33.062+0000] {processor.py:830} INFO - Processing file /opt/airflow/dags/warehouse_dag.py for tasks to queue
[2026-09-17T17:51:33.066+0000] {logging_mixin.py:188} INFO - [2026-09-17T17:51:33.066+0000] {dagbag.py:545} INFO - Filling up the DagBag from /opt/airflow/dags/warehouse_dag.py
[2026-09-17T17:51:33.707+0000] {processor.py:840} INFO - DAG(s) 'youtube_warehouse' retrieved from /opt/airflow/dags/warehouse_dag.py
[2026-09-17T17:51:33.734+0000] {logging_mixin.py:188} INFO - [2026-09-17T17:51:33.733+0000] {dag.py:3096} INFO - Sync 1 DAGs
[2026-09-17T17:51:33.762+0000] {logging_mixin.py:188} INFO - [2026-09-17T17:51:33.762+0000] {dag.py:3954} INFO - Setting next_dagrun for youtube_warehouse to None, run_after=None
[2026-09-17T17:51:33.816+0000] {processor.py:183} INFO - Processing /opt/airflow/dags/warehouse_dag.py took 0.762 seconds
[2026-09-17T17:52:04.263+0000] {processor.py:161} INFO - Started process (PID=3956) to work on /opt/airflow/dags/warehouse_dag.py
[2026-09-17T17:52:04.293+0000] {processor.py:830} INFO - Processing file /opt/airflow/dags/warehouse_dag.py for tasks to queue
[2026-09-17T17:52:04.297+0000] {logging_mixin.py:188} INFO - [2026-09-17T17:52:04.297+0000] {dagbag.py:545} INFO - Filling up the DagBag from /opt/airflow/dags/warehouse_dag.py
[2026-09-17T17:52:04.811+0000] {processor.py:840} INFO - DAG(s) 'youtube_warehouse' retrieved from /opt/airflow/dags/warehouse_dag.py
[2026-09-17T17:52:04.831+0000] {logging_mixin.py:188} INFO - [2026-09-17T17:52:04.831+0000] {dag.py:3096} INFO - Sync 1 DAGs
[2026-09-17T17:52:04.856+0000] {logging_mixin.py:188} INFO - [2026-09-17T17:52:04.856+0000] {dag.py:3954} INFO - Setting next_dagrun for youtube_warehouse to None, run_after=None
[2026-09-17T17:52:04.879+0000] {processor.py:183} INFO - Processing /opt/airflow/dags/warehouse_dag.py took 0.627 seconds
[2026-09-17T17:52:34.978+0000] {processor.py:161} INFO - Started process (PID=3965) to work on /opt/airflow/dags/warehouse_dag.py
[2026-09-17T17:52:34.981+0000] {processor.py:830} INFO - Processing file /opt/airflow/dags/warehouse_dag.py for tasks to queue
[2026-09-17T17:52:35.002+0000] {logging_mixin.py:188} INFO - [2026-09-17T17:52:35.000+0000] {dagbag.py:545} INFO - Filling up the DagBag from /opt/airflow/dags/warehouse_dag.py
[2026-09-17T17:52:35.663+0000] {processor.py:840} INFO - DAG(s) 'youtube_warehouse' retrieved from /opt/airflow/dags/warehouse_dag.py
[2026-09-17T17:52:35.686+0000] {logging_mixin.py:188} INFO - [2026-09-17T17:52:35.685+0000] {dag.py:3096} INFO - Sync 1 DAGs
[2026-09-17T17:52:35.699+0000] {logging_mixin.py:188} INFO - [2026-09-17T17:52:35.698+0000] {dag.py:3954} INFO - Setting next_dagrun for youtube_warehouse to None, run_after=None
[2026-09-17T17:52:35.730+0000] {processor.py:183} INFO - Processing /opt/airflow/dags/warehouse_dag.py took 0.765 seconds
[2026-09-17T17:53:06.138+0000] {processor.py:161} INFO - Started process (PID=3974) to work on /opt/airflow/dags/warehouse_dag.py
[2026-09-17T17:53:06.140+0000] {processor.py:830} INFO - Processing file /opt/airflow/dags/warehouse_dag.py for tasks to queue
[2026-09-17T17:53:06.144+0000] {logging_mixin.py:188} INFO - [2026-09-17T17:53:06.143+0000] {dagbag.py:545} INFO - Filling up the DagBag from /opt/airflow/dags/warehouse_dag.py
[2026-09-17T17:53:06.636+0000] {processor.py:840} INFO - DAG(s) 'youtube_warehouse' retrieved from /opt/airflow/dags/warehouse_dag.py
[2026-09-17T17:53:06.658+0000] {logging_mixin.py:188} INFO - [2026-09-17T17:53:06.657+0000] {dag.py:3096} INFO - Sync 1 DAGs
[2026-09-17T17:53:06.669+0000] {logging_mixin.py:188} INFO - [2026-09-17T17:53:06.669+0000] {dag.py:3954} INFO - Setting next_dagrun for youtube_warehouse to None, run_after=None
[2026-09-17T17:53:06.714+0000] {processor.py:183} INFO - Processing /opt/airflow/dags/warehouse_dag.py took 0.585 seconds
[2026-09-17T17:53:37.027+0000] {processor.py:161} INFO - Started process (PID=3983) to work on /opt/airflow/dags/warehouse_dag.py
[2026-09-17T17:53:37.032+0000] {processor.py:830} INFO - Processing file /opt/airflow/dags/warehouse_dag.py for tasks to queue
[2026-09-17T17:53:37.040+0000] {logging_mixin.py:188} INFO - [2026-09-17T17:53:37.039+0000] {dagbag.py:545} INFO - Filling up the DagBag from /opt/airflow/dags/warehouse_dag.py
[2026-09-17T17:53:37.810+0000] {processor.py:840} INFO - DAG(s) 'youtube_warehouse' retrieved from /opt/airflow/dags/warehouse_dag.py
[2026-09-17T17:53:37.829+0000] {logging_mixin.py:188} INFO - [2026-09-17T17:53:37.829+0000] {dag.py:3096} INFO - Sync 1 DAGs
[2026-09-17T17:53:37.841+0000] {logging_mixin.py:188} INFO - [2026-09-17T17:53:37.841+0000] {dag.py:3954} INFO - Setting next_dagrun for youtube_warehouse to None, run_after=None
[2026-09-17T17:53:37.862+0000] {processor.py:183} INFO - Processing /opt/airflow/dags/warehouse_dag.py took 0.857 seconds
[2026-09-17T17:54:08.018+0000] {processor.py:161} INFO - Started process (PID=3992) to work on /opt/airflow/dags/warehouse_dag.py
[2026-09-17T17:54:08.020+0000] {processor.py:830} INFO - Processing file /opt/airflow/dags/warehouse_dag.py for tasks to queue
[2026-09-17T17:54:08.023+0000] {logging_mixin.py:188} INFO - [2026-09-17T17:54:08.023+0000] {dagbag.py:545} INFO - Filling up the DagBag from /opt/airflow/dags/warehouse_dag.py
[2026-09-17T17:54:08.307+0000] {processor.py:840} INFO - DAG(s) 'youtube_warehouse' retrieved from /opt/airflow/dags/warehouse_dag.py
[2026-09-17T17:54:08.469+0000] {logging_mixin.py:188} INFO - [2026-09-17T17:54:08.469+0000] {dag.py:3096} INFO - Sync 1 DAGs
[2026-09-17T17:54:08.479+0000] {logging_mixin.py:188} INFO - [2026-09-17T17:54:08.478+0000] {dag.py:3954} INFO - Setting next_dagrun for youtube_warehouse to None, run_after=None
[2026-09-17T17:54:08.525+0000] {processor.py:183} INFO - Processing /opt/airflow/dags/warehouse_dag.py took 0.514 seconds
[2026-09-17T17:54:38.749+0000] {processor.py:161} INFO - Started process (PID=4001) to work on /opt/airflow/dags/warehouse_dag.py
[2026-09-17T17:54:38.751+0000] {processor.py:830} INFO - Processing file /opt/airflow/dags/warehouse_dag.py for tasks to queue
[2026-09-17T17:54:38.755+0000] {logging_mixin.py:188} INFO - [2026-09-17T17:54:38.754+0000] {dagbag.py:545} INFO - Filling up the DagBag from /opt/airflow/dags/warehouse_dag.py
[2026-09-17T17:54:39.168+0000] {processor.py:840} INFO - DAG(s) 'youtube_warehouse' retrieved from /opt/airflow/dags/warehouse_dag.py
[2026-09-17T17:54:39.189+0000] {logging_mixin.py:188} INFO - [2026-09-17T17:54:39.189+0000] {dag.py:3096} INFO - Sync 1 DAGs
[2026-09-17T17:54:39.200+0000] {logging_mixin.py:188} INFO - [2026-09-17T17:54:39.199+0000] {dag.py:3954} INFO - Setting next_dagrun for youtube_warehouse to None, run_after=None
[2026-09-17T17:54:39.242+0000] {processor.py:183} INFO - Processing /opt/airflow/dags/warehouse_dag.py took 0.499 seconds
[2026-09-17T17:55:10.103+0000] {processor.py:161} INFO - Started process (PID=4010) to work on /opt/airflow/dags/warehouse_dag.py
[2026-09-17T17:55:10.105+0000] {processor.py:830} INFO - Processing file /opt/airflow/dags/warehouse_dag.py for tasks to queue
[2026-09-17T17:55:10.108+0000] {logging_mixin.py:188} INFO - [2026-09-17T17:55:10.108+0000] {dagbag.py:545} INFO - Filling up the DagBag from /opt/airflow/dags/warehouse_dag.py
[2026-09-17T17:55:10.516+0000] {processor.py:840} INFO - DAG(s) 'youtube_warehouse' retrieved from /opt/airflow/dags/warehouse_dag.py
[2026-09-17T17:55:10.533+0000] {logging_mixin.py:188} INFO - [2026-09-17T17:55:10.533+0000] {dag.py:3096} INFO - Sync 1 DAGs
[2026-09-17T17:55:10.546+0000] {logging_mixin.py:188} INFO - [2026-09-17T17:55:10.546+0000] {dag.py:3954} INFO - Setting next_dagrun for youtube_warehouse to None, run_after=None
[2026-09-17T17:55:10.566+0000] {processor.py:183} INFO - Processing /opt/airflow/dags/warehouse_dag.py took 0.468 seconds
[2026-09-17T17:55:40.748+0000] {processor.py:161} INFO - Started process (PID=4019) to work on /opt/airflow/dags/warehouse_dag.py
[2026-09-17T17:55:40.750+0000] {processor.py:830} INFO - Processing file /opt/airflow/dags/warehouse_dag.py for tasks to queue
[2026-09-17T17:55:40.753+0000] {logging_mixin.py:188} INFO - [2026-09-17T17:55:40.752+0000] {dagbag.py:545} INFO - Filling up the DagBag from /opt/airflow/dags/warehouse_dag.py
[2026-09-17T17:55:41.158+0000] {processor.py:840} INFO - DAG(s) 'youtube_warehouse' retrieved from /opt/airflow/dags/warehouse_dag.py
[2026-09-17T17:55:41.199+0000] {logging_mixin.py:188} INFO - [2026-09-17T17:55:41.199+0000] {dag.py:3096} INFO - Sync 1 DAGs
[2026-09-17T17:55:41.210+0000] {logging_mixin.py:188} INFO - [2026-09-17T17:55:41.210+0000] {dag.py:3954} INFO - Setting next_dagrun for youtube_warehouse to None, run_after=None
[2026-09-17T17:55:41.251+0000] {processor.py:183} INFO - Processing /opt/airflow/dags/warehouse_dag.py took 0.510 seconds
[2026-09-17T17:56:12.115+0000] {processor.py:161} INFO - Started process (PID=4028) to work on /opt/airflow/dags/warehouse_dag.py
[2026-09-17T17:56:12.117+0000] {processor.py:830} INFO - Processing file /opt/airflow/dags/warehouse_dag.py for tasks to queue
[2026-09-17T17:56:12.120+0000] {logging_mixin.py:188} INFO - [2026-09-17T17:56:12.120+0000] {dagbag.py:545} INFO - Filling up the DagBag from /opt/airflow/dags/warehouse_dag.py
[2026-09-17T17:56:12.540+0000] {processor.py:840} INFO - DAG(s) 'youtube_warehouse' retrieved from /opt/airflow/dags/warehouse_dag.py
[2026-09-17T17:56:12.559+0000] {logging_mixin.py:188} INFO - [2026-09-17T17:56:12.558+0000] {dag.py:3096} INFO - Sync 1 DAGs
[2026-09-17T17:56:12.572+0000] {logging_mixin.py:188} INFO - [2026-09-17T17:56:12.572+0000] {dag.py:3954} INFO - Setting next_dagrun for youtube_warehouse to None, run_after=None
[2026-09-17T17:56:12.617+0000] {processor.py:183} INFO - Processing /opt/airflow/dags/warehouse_dag.py took 0.508 seconds
[2026-09-17T17:56:42.767+0000] {processor.py:161} INFO - Started process (PID=4037) to work on /opt/airflow/dags/warehouse_dag.py
[2026-09-17T17:56:42.768+0000] {processor.py:830} INFO - Processing file /opt/airflow/dags/warehouse_dag.py for tasks to queue
[2026-09-17T17:56:42.771+0000] {logging_mixin.py:188} INFO - [2026-09-17T17:56:42.771+0000] {dagbag.py:545} INFO - Filling up the DagBag from /opt/airflow/dags/warehouse_dag.py
[2026-09-17T17:56:43.209+0000] {processor.py:840} INFO - DAG(s) 'youtube_warehouse' retrieved from /opt/airflow/dags/warehouse_dag.py
[2026-09-17T17:56:43.227+0000] {logging_mixin.py:188} INFO - [2026-09-17T17:56:43.227+0000] {dag.py:3096} INFO - Sync 1 DAGs
[2026-09-17T17:56:43.238+0000] {logging_mixin.py:188} INFO - [2026-09-17T17:56:43.238+0000] {dag.py:3954} INFO - Setting next_dagrun for youtube_warehouse to None, run_after=None
[2026-09-17T17:56:43.275+0000] {processor.py:183} INFO - Processing /opt/airflow/dags/warehouse_dag.py took 0.514 seconds
[2026-09-17T17:57:14.087+0000] {processor.py:161} INFO - Started process (PID=4046) to work on /opt/airflow/dags/warehouse_dag.py
[2026-09-17T17:57:14.089+0000] {processor.py:830} INFO - Processing file /opt/airflow/dags/warehouse_dag.py for tasks to queue
[2026-09-17T17:57:14.092+0000] {logging_mixin.py:188} INFO - [2026-09-17T17:57:14.092+0000] {dagbag.py:545} INFO - Filling up the DagBag from /opt/airflow/dags/warehouse_dag.py
[2026-09-17T17:57:14.503+0000] {processor.py:840} INFO - DAG(s) 'youtube_warehouse' retrieved from /opt/airflow/dags/warehouse_dag.py
[2026-09-17T17:57:14.521+0000] {logging_mixin.py:188} INFO - [2026-09-17T17:57:14.520+0000] {dag.py:3096} INFO - Sync 1 DAGs
[2026-09-17T17:57:14.531+0000] {logging_mixin.py:188} INFO - [2026-09-17T17:57:14.530+0000] {dag.py:3954} INFO - Setting next_dagrun for youtube_warehouse to None, run_after=None
[2026-09-17T17:57:14.568+0000] {processor.py:183} INFO - Processing /opt/airflow/dags/warehouse_dag.py took 0.488 seconds
[2026-09-17T17:57:44.845+0000] {processor.py:161} INFO - Started process (PID=4055) to work on /opt/airflow/dags/warehouse_dag.py
[2026-09-17T17:57:44.847+0000] {processor.py:830} INFO - Processing file /opt/airflow/dags/warehouse_dag.py for tasks to queue
[2026-09-17T17:57:44.850+0000] {logging_mixin.py:188} INFO - [2026-09-17T17:57:44.849+0000] {dagbag.py:545} INFO - Filling up the DagBag from /opt/airflow/dags/warehouse_dag.py
[2026-09-17T17:57:45.334+0000] {processor.py:840} INFO - DAG(s) 'youtube_warehouse' retrieved from /opt/airflow/dags/warehouse_dag.py
[2026-09-17T17:57:45.360+0000] {logging_mixin.py:188} INFO - [2026-09-17T17:57:45.360+0000] {dag.py:3096} INFO - Sync 1 DAGs
[2026-09-17T17:57:45.372+0000] {logging_mixin.py:188} INFO - [2026-09-17T17:57:45.372+0000] {dag.py:3954} INFO - Setting next_dagrun for youtube_warehouse to None, run_after=None
[2026-09-17T17:57:45.426+0000] {processor.py:183} INFO - Processing /opt/airflow/dags/warehouse_dag.py took 0.589 seconds
[2026-09-17T17:58:16.171+0000] {processor.py:161} INFO - Started process (PID=4064) to work on /opt/airflow/dags/warehouse_dag.py
[2026-09-17T17:58:16.173+0000] {processor.py:830} INFO - Processing file /opt/airflow/dags/warehouse_dag.py for tasks to queue
[2026-09-17T17:58:16.175+0000] {logging_mixin.py:188} INFO - [2026-09-17T17:58:16.175+0000] {dagbag.py:545} INFO - Filling up the DagBag from /opt/airflow/dags/warehouse_dag.py
[2026-09-17T17:58:16.593+0000] {processor.py:840} INFO - DAG(s) 'youtube_warehouse' retrieved from /opt/airflow/dags/warehouse_dag.py
[2026-09-17T17:58:16.612+0000] {logging_mixin.py:188} INFO - [2026-09-17T17:58:16.611+0000] {dag.py:3096} INFO - Sync 1 DAGs
[2026-09-17T17:58:16.624+0000] {logging_mixin.py:188} INFO - [2026-09-17T17:58:16.624+0000] {dag.py:3954} INFO - Setting next_dagrun for youtube_warehouse to None, run_after=None
[2026-09-17T17:58:16.670+0000] {processor.py:183} INFO - Processing /opt/airflow/dags/warehouse_dag.py took 0.508 seconds
[2026-09-17T17:58:46.913+0000] {processor.py:161} INFO - Started process (PID=4074) to work on /opt/airflow/dags/warehouse_dag.py
[2026-09-17T17:58:46.915+0000] {processor.py:830} INFO - Processing file /opt/airflow/dags/warehouse_dag.py for tasks to queue
[2026-09-17T17:58:46.918+0000] {logging_mixin.py:188} INFO - [2026-09-17T17:58:46.917+0000] {dagbag.py:545} INFO - Filling up the DagBag from /opt/airflow/dags/warehouse_dag.py
[2026-09-17T17:58:47.337+0000] {processor.py:840} INFO - DAG(s) 'youtube_warehouse' retrieved from /opt/airflow/dags/warehouse_dag.py
[2026-09-17T17:58:47.355+0000] {logging_mixin.py:188} INFO - [2026-09-17T17:58:47.355+0000] {dag.py:3096} INFO - Sync 1 DAGs
[2026-09-17T17:58:47.368+0000] {logging_mixin.py:188} INFO - [2026-09-17T17:58:47.368+0000] {dag.py:3954} INFO - Setting next_dagrun for youtube_warehouse to None, run_after=None
[2026-09-17T17:58:47.418+0000] {processor.py:183} INFO - Processing /opt/airflow/dags/warehouse_dag.py took 0.511 seconds
[2026-09-17T17:59:18.270+0000] {processor.py:161} INFO - Started process (PID=4083) to work on /opt/airflow/dags/warehouse_dag.py
[2026-09-17T17:59:18.272+0000] {processor.py:830} INFO - Processing file /opt/airflow/dags/warehouse_dag.py for tasks to queue
[2026-09-17T17:59:18.275+0000] {logging_mixin.py:188} INFO - [2026-09-17T17:59:18.275+0000] {dagbag.py:545} INFO - Filling up the DagBag from /opt/airflow/dags/warehouse_dag.py
[2026-09-17T17:59:18.729+0000] {processor.py:840} INFO - DAG(s) 'youtube_warehouse' retrieved from /opt/airflow/dags/warehouse_dag.py
[2026-09-17T17:59:18.745+0000] {logging_mixin.py:188} INFO - [2026-09-17T17:59:18.745+0000] {dag.py:3096} INFO - Sync 1 DAGs
[2026-09-17T17:59:18.757+0000] {logging_mixin.py:188} INFO - [2026-09-17T17:59:18.757+0000] {dag.py:3954} INFO - Setting next_dagrun for youtube_warehouse to None, run_after=None
[2026-09-17T17:59:18.795+0000] {processor.py:183} INFO - Processing /opt/airflow/dags/warehouse_dag.py took 0.533 seconds
[2026-09-17T17:59:48.987+0000] {processor.py:161} INFO - Started process (PID=4092) to work on /opt/airflow/dags/warehouse_dag.py
[2026-09-17T17:59:48.988+0000] {processor.py:830} INFO - Processing file /opt/airflow/dags/warehouse_dag.py for tasks to queue
[2026-09-17T17:59:48.991+0000] {logging_mixin.py:188} INFO - [2026-09-17T17:59:48.990+0000] {dagbag.py:545} INFO - Filling up the DagBag from /opt/airflow/dags/warehouse_dag.py
[2026-09-17T17:59:49.461+0000] {processor.py:840} INFO - DAG(s) 'youtube_warehouse' retrieved from /opt/airflow/dags/warehouse_dag.py
[2026-09-17T17:59:49.486+0000] {logging_mixin.py:188} INFO - [2026-09-17T17:59:49.485+0000] {dag.py:3096} INFO - Sync 1 DAGs
[2026-09-17T17:59:49.498+0000] {logging_mixin.py:188} INFO - [2026-09-17T17:59:49.498+0000] {dag.py:3954} INFO - Setting next_dagrun for youtube_warehouse to None, run_after=None
[2026-09-17T17:59:49.540+0000] {processor.py:183} INFO - Processing /opt/airflow/dags/warehouse_dag.py took 0.559 seconds
[2026-09-17T18:00:20.332+0000] {processor.py:161} INFO - Started process (PID=4101) to work on /opt/airflow/dags/warehouse_dag.py
[2026-09-17T18:00:20.334+0000] {processor.py:830} INFO - Processing file /opt/airflow/dags/warehouse_dag.py for tasks to queue
[2026-09-17T18:00:20.337+0000] {logging_mixin.py:188} INFO - [2026-09-17T18:00:20.337+0000] {dagbag.py:545} INFO - Filling up the DagBag from /opt/airflow/dags/warehouse_dag.py
[2026-09-17T18:00:20.761+0000] {processor.py:840} INFO - DAG(s) 'youtube_warehouse' retrieved from /opt/airflow/dags/warehouse_dag.py
[2026-09-17T18:00:20.779+0000] {logging_mixin.py:188} INFO - [2026-09-17T18:00:20.779+0000] {dag.py:3096} INFO - Sync 1 DAGs
[2026-09-17T18:00:20.788+0000] {logging_mixin.py:188} INFO - [2026-09-17T18:00:20.788+0000] {dag.py:3954} INFO - Setting next_dagrun for youtube_warehouse to None, run_after=None
[2026-09-17T18:00:20.825+0000] {processor.py:183} INFO - Processing /opt/airflow/dags/warehouse_dag.py took 0.499 seconds
[2026-09-17T18:00:51.024+0000] {processor.py:161} INFO - Started process (PID=4110) to work on /opt/airflow/dags/warehouse_dag.py
[2026-09-17T18:00:51.026+0000] {processor.py:830} INFO - Processing file /opt/airflow/dags/warehouse_dag.py for tasks to queue
[2026-09-17T18:00:51.029+0000] {logging_mixin.py:188} INFO - [2026-09-17T18:00:51.029+0000] {dagbag.py:545} INFO - Filling up the DagBag from /opt/airflow/dags/warehouse_dag.py
[2026-09-17T18:00:51.460+0000] {processor.py:840} INFO - DAG(s) 'youtube_warehouse' retrieved from /opt/airflow/dags/warehouse_dag.py
[2026-09-17T18:00:51.480+0000] {logging_mixin.py:188} INFO - [2026-09-17T18:00:51.479+0000] {dag.py:3096} INFO - Sync 1 DAGs
[2026-09-17T18:00:51.490+0000] {logging_mixin.py:188} INFO - [2026-09-17T18:00:51.490+0000] {dag.py:3954} INFO - Setting next_dagrun for youtube_warehouse to None, run_after=None
[2026-09-17T18:00:51.529+0000] {processor.py:183} INFO - Processing /opt/airflow/dags/warehouse_dag.py took 0.514 seconds
[2026-09-17T18:01:22.306+0000] {processor.py:161} INFO - Started process (PID=4125) to work on /opt/airflow/dags/warehouse_dag.py
[2026-09-17T18:01:22.308+0000] {processor.py:830} INFO - Processing file /opt/airflow/dags/warehouse_dag.py for tasks to queue
[2026-09-17T18:01:22.310+0000] {logging_mixin.py:188} INFO - [2026-09-17T18:01:22.309+0000] {dagbag.py:545} INFO - Filling up the DagBag from /opt/airflow/dags/warehouse_dag.py
[2026-09-17T18:01:22.807+0000] {processor.py:840} INFO - DAG(s) 'youtube_warehouse' retrieved from /opt/airflow/dags/warehouse_dag.py
[2026-09-17T18:01:22.838+0000] {logging_mixin.py:188} INFO - [2026-09-17T18:01:22.837+0000] {dag.py:3096} INFO - Sync 1 DAGs
[2026-09-17T18:01:22.851+0000] {logging_mixin.py:188} INFO - [2026-09-17T18:01:22.851+0000] {dag.py:3954} INFO - Setting next_dagrun for youtube_warehouse to None, run_after=None
[2026-09-17T18:01:22.883+0000] {processor.py:183} INFO - Processing /opt/airflow/dags/warehouse_dag.py took 0.583 seconds
[2026-09-17T18:01:53.540+0000] {processor.py:161} INFO - Started process (PID=4134) to work on /opt/airflow/dags/warehouse_dag.py
[2026-09-17T18:01:53.560+0000] {processor.py:830} INFO - Processing file /opt/airflow/dags/warehouse_dag.py for tasks to queue
[2026-09-17T18:01:53.590+0000] {logging_mixin.py:188} INFO - [2026-09-17T18:01:53.588+0000] {dagbag.py:545} INFO - Filling up the DagBag from /opt/airflow/dags/warehouse_dag.py
[2026-09-17T18:02:05.870+0000] {processor.py:840} INFO - DAG(s) 'youtube_warehouse' retrieved from /opt/airflow/dags/warehouse_dag.py
[2026-09-17T18:02:06.037+0000] {logging_mixin.py:188} INFO - [2026-09-17T18:02:06.035+0000] {dag.py:3096} INFO - Sync 1 DAGs
[2026-09-17T18:02:06.265+0000] {logging_mixin.py:188} INFO - [2026-09-17T18:02:06.264+0000] {dag.py:3954} INFO - Setting next_dagrun for youtube_warehouse to None, run_after=None
[2026-09-17T18:02:07.069+0000] {processor.py:183} INFO - Processing /opt/airflow/dags/warehouse_dag.py took 13.657 seconds
[2026-09-17T18:02:37.516+0000] {processor.py:161} INFO - Started process (PID=4143) to work on /opt/airflow/dags/warehouse_dag.py
[2026-09-17T18:02:37.544+0000] {processor.py:830} INFO - Processing file /opt/airflow/dags/warehouse_dag.py for tasks to queue
[2026-09-17T18:02:37.552+0000] {logging_mixin.py:188} INFO - [2026-09-17T18:02:37.550+0000] {dagbag.py:545} INFO - Filling up the DagBag from /opt/airflow/dags/warehouse_dag.py
[2026-09-17T18:02:39.896+0000] {processor.py:840} INFO - DAG(s) 'youtube_warehouse' retrieved from /opt/airflow/dags/warehouse_dag.py
[2026-09-17T18:02:39.981+0000] {logging_mixin.py:188} INFO - [2026-09-17T18:02:39.979+0000] {dag.py:3096} INFO - Sync 1 DAGs
[2026-09-17T18:02:40.020+0000] {logging_mixin.py:188} INFO - [2026-09-17T18:02:40.019+0000] {dag.py:3954} INFO - Setting next_dagrun for youtube_warehouse to None, run_after=None
[2026-09-17T18:02:40.088+0000] {processor.py:183} INFO - Processing /opt/airflow/dags/warehouse_dag.py took 2.777 seconds
[2026-09-17T18:03:10.666+0000] {processor.py:161} INFO - Started process (PID=4152) to work on /opt/airflow/dags/warehouse_dag.py
[2026-09-17T18:03:10.669+0000] {processor.py:830} INFO - Processing file /opt/airflow/dags/warehouse_dag.py for tasks to queue
[2026-09-17T18:03:10.673+0000] {logging_mixin.py:188} INFO - [2026-09-17T18:03:10.672+0000] {dagbag.py:545} INFO - Filling up the DagBag from /opt/airflow/dags/warehouse_dag.py
[2026-09-17T18:03:11.800+0000] {processor.py:840} INFO - DAG(s) 'youtube_warehouse' retrieved from /opt/airflow/dags/warehouse_dag.py
[2026-09-17T18:03:11.846+0000] {logging_mixin.py:188} INFO - [2026-09-17T18:03:11.845+0000] {dag.py:3096} INFO - Sync 1 DAGs
[2026-09-17T18:03:11.878+0000] {logging_mixin.py:188} INFO - [2026-09-17T18:03:11.878+0000] {dag.py:3954} INFO - Setting next_dagrun for youtube_warehouse to None, run_after=None
[2026-09-17T18:03:11.911+0000] {processor.py:183} INFO - Processing /opt/airflow/dags/warehouse_dag.py took 1.253 seconds
[2026-09-17T18:03:42.881+0000] {processor.py:161} INFO - Started process (PID=4162) to work on /opt/airflow/dags/warehouse_dag.py
[2026-09-17T18:03:42.907+0000] {processor.py:830} INFO - Processing file /opt/airflow/dags/warehouse_dag.py for tasks to queue
[2026-09-17T18:03:42.916+0000] {logging_mixin.py:188} INFO - [2026-09-17T18:03:42.914+0000] {dagbag.py:545} INFO - Filling up the DagBag from /opt/airflow/dags/warehouse_dag.py
[2026-09-17T18:03:48.050+0000] {processor.py:840} INFO - DAG(s) 'youtube_warehouse' retrieved from /opt/airflow/dags/warehouse_dag.py
[2026-09-17T18:03:48.087+0000] {logging_mixin.py:188} INFO - [2026-09-17T18:03:48.087+0000] {dag.py:3096} INFO - Sync 1 DAGs
[2026-09-17T18:03:48.104+0000] {logging_mixin.py:188} INFO - [2026-09-17T18:03:48.104+0000] {dag.py:3954} INFO - Setting next_dagrun for youtube_warehouse to None, run_after=None
[2026-09-17T18:03:48.527+0000] {processor.py:183} INFO - Processing /opt/airflow/dags/warehouse_dag.py took 5.727 seconds
[2026-09-17T18:04:18.960+0000] {processor.py:161} INFO - Started process (PID=4171) to work on /opt/airflow/dags/warehouse_dag.py
[2026-09-17T18:04:18.968+0000] {processor.py:830} INFO - Processing file /opt/airflow/dags/warehouse_dag.py for tasks to queue
[2026-09-17T18:04:18.974+0000] {logging_mixin.py:188} INFO - [2026-09-17T18:04:18.973+0000] {dagbag.py:545} INFO - Filling up the DagBag from /opt/airflow/dags/warehouse_dag.py
[2026-09-17T18:04:21.411+0000] {processor.py:840} INFO - DAG(s) 'youtube_warehouse' retrieved from /opt/airflow/dags/warehouse_dag.py
[2026-09-17T18:04:21.471+0000] {logging_mixin.py:188} INFO - [2026-09-17T18:04:21.470+0000] {dag.py:3096} INFO - Sync 1 DAGs
[2026-09-17T18:04:21.506+0000] {logging_mixin.py:188} INFO - [2026-09-17T18:04:21.506+0000] {dag.py:3954} INFO - Setting next_dagrun for youtube_warehouse to None, run_after=None
[2026-09-17T18:04:21.557+0000] {processor.py:183} INFO - Processing /opt/airflow/dags/warehouse_dag.py took 2.617 seconds
[2026-09-17T18:04:51.745+0000] {processor.py:161} INFO - Started process (PID=4180) to work on /opt/airflow/dags/warehouse_dag.py
[2026-09-17T18:04:51.749+0000] {processor.py:830} INFO - Processing file /opt/airflow/dags/warehouse_dag.py for tasks to queue
[2026-09-17T18:04:51.755+0000] {logging_mixin.py:188} INFO - [2026-09-17T18:04:51.754+0000] {dagbag.py:545} INFO - Filling up the DagBag from /opt/airflow/dags/warehouse_dag.py
[2026-09-17T18:04:52.484+0000] {processor.py:840} INFO - DAG(s) 'youtube_warehouse' retrieved from /opt/airflow/dags/warehouse_dag.py
[2026-09-17T18:04:52.524+0000] {logging_mixin.py:188} INFO - [2026-09-17T18:04:52.524+0000] {dag.py:3096} INFO - Sync 1 DAGs
[2026-09-17T18:04:52.548+0000] {logging_mixin.py:188} INFO - [2026-09-17T18:04:52.548+0000] {dag.py:3954} INFO - Setting next_dagrun for youtube_warehouse to None, run_after=None
[2026-09-17T18:04:52.580+0000] {processor.py:183} INFO - Processing /opt/airflow/dags/warehouse_dag.py took 0.847 seconds
[2026-09-17T18:05:22.935+0000] {processor.py:161} INFO - Started process (PID=4189) to work on /opt/airflow/dags/warehouse_dag.py
[2026-09-17T18:05:22.954+0000] {processor.py:830} INFO - Processing file /opt/airflow/dags/warehouse_dag.py for tasks to queue
[2026-09-17T18:05:22.961+0000] {logging_mixin.py:188} INFO - [2026-09-17T18:05:22.960+0000] {dagbag.py:545} INFO - Filling up the DagBag from /opt/airflow/dags/warehouse_dag.py
[2026-09-17T18:05:23.697+0000] {processor.py:840} INFO - DAG(s) 'youtube_warehouse' retrieved from /opt/airflow/dags/warehouse_dag.py
[2026-09-17T18:05:23.722+0000] {logging_mixin.py:188} INFO - [2026-09-17T18:05:23.721+0000] {dag.py:3096} INFO - Sync 1 DAGs
[2026-09-17T18:05:23.737+0000] {logging_mixin.py:188} INFO - [2026-09-17T18:05:23.736+0000] {dag.py:3954} INFO - Setting next_dagrun for youtube_warehouse to None, run_after=None
[2026-09-17T18:05:23.763+0000] {processor.py:183} INFO - Processing /opt/airflow/dags/warehouse_dag.py took 0.842 seconds
[2026-09-17T18:05:54.371+0000] {processor.py:161} INFO - Started process (PID=4198) to work on /opt/airflow/dags/warehouse_dag.py
[2026-09-17T18:05:54.405+0000] {processor.py:830} INFO - Processing file /opt/airflow/dags/warehouse_dag.py for tasks to queue
[2026-09-17T18:05:54.492+0000] {logging_mixin.py:188} INFO - [2026-09-17T18:05:54.491+0000] {dagbag.py:545} INFO - Filling up the DagBag from /opt/airflow/dags/warehouse_dag.py
[2026-09-17T18:05:56.892+0000] {processor.py:840} INFO - DAG(s) 'youtube_warehouse' retrieved from /opt/airflow/dags/warehouse_dag.py
[2026-09-17T18:05:56.980+0000] {logging_mixin.py:188} INFO - [2026-09-17T18:05:56.979+0000] {dag.py:3096} INFO - Sync 1 DAGs
[2026-09-17T18:05:57.039+0000] {logging_mixin.py:188} INFO - [2026-09-17T18:05:57.038+0000] {dag.py:3954} INFO - Setting next_dagrun for youtube_warehouse to None, run_after=None
[2026-09-17T18:05:57.106+0000] {processor.py:183} INFO - Processing /opt/airflow/dags/warehouse_dag.py took 2.791 seconds
[2026-09-17T18:06:28.537+0000] {processor.py:161} INFO - Started process (PID=4213) to work on /opt/airflow/dags/warehouse_dag.py
[2026-09-17T18:06:28.552+0000] {processor.py:830} INFO - Processing file /opt/airflow/dags/warehouse_dag.py for tasks to queue
[2026-09-17T18:06:28.575+0000] {logging_mixin.py:188} INFO - [2026-09-17T18:06:28.573+0000] {dagbag.py:545} INFO - Filling up the DagBag from /opt/airflow/dags/warehouse_dag.py
[2026-09-17T18:06:33.861+0000] {processor.py:840} INFO - DAG(s) 'youtube_warehouse' retrieved from /opt/airflow/dags/warehouse_dag.py
[2026-09-17T18:06:33.977+0000] {logging_mixin.py:188} INFO - [2026-09-17T18:06:33.975+0000] {dag.py:3096} INFO - Sync 1 DAGs
[2026-09-17T18:06:34.034+0000] {logging_mixin.py:188} INFO - [2026-09-17T18:06:34.033+0000] {dag.py:3954} INFO - Setting next_dagrun for youtube_warehouse to None, run_after=None
[2026-09-17T18:06:34.133+0000] {processor.py:183} INFO - Processing /opt/airflow/dags/warehouse_dag.py took 5.634 seconds
[2026-09-17T18:07:04.700+0000] {processor.py:161} INFO - Started process (PID=4222) to work on /opt/airflow/dags/warehouse_dag.py
[2026-09-17T18:07:04.703+0000] {processor.py:830} INFO - Processing file /opt/airflow/dags/warehouse_dag.py for tasks to queue
[2026-09-17T18:07:04.727+0000] {logging_mixin.py:188} INFO - [2026-09-17T18:07:04.719+0000] {dagbag.py:545} INFO - Filling up the DagBag from /opt/airflow/dags/warehouse_dag.py
[2026-09-17T18:07:06.797+0000] {processor.py:840} INFO - DAG(s) 'youtube_warehouse' retrieved from /opt/airflow/dags/warehouse_dag.py
[2026-09-17T18:07:06.896+0000] {logging_mixin.py:188} INFO - [2026-09-17T18:07:06.895+0000] {dag.py:3096} INFO - Sync 1 DAGs
[2026-09-17T18:07:06.932+0000] {logging_mixin.py:188} INFO - [2026-09-17T18:07:06.932+0000] {dag.py:3954} INFO - Setting next_dagrun for youtube_warehouse to None, run_after=None
[2026-09-17T18:07:06.982+0000] {processor.py:183} INFO - Processing /opt/airflow/dags/warehouse_dag.py took 2.304 seconds
[2026-09-17T18:07:37.800+0000] {processor.py:161} INFO - Started process (PID=4231) to work on /opt/airflow/dags/warehouse_dag.py
[2026-09-17T18:07:37.815+0000] {processor.py:830} INFO - Processing file /opt/airflow/dags/warehouse_dag.py for tasks to queue
[2026-09-17T18:07:37.820+0000] {logging_mixin.py:188} INFO - [2026-09-17T18:07:37.819+0000] {dagbag.py:545} INFO - Filling up the DagBag from /opt/airflow/dags/warehouse_dag.py
[2026-09-17T18:07:38.658+0000] {processor.py:840} INFO - DAG(s) 'youtube_warehouse' retrieved from /opt/airflow/dags/warehouse_dag.py
[2026-09-17T18:07:38.682+0000] {logging_mixin.py:188} INFO - [2026-09-17T18:07:38.682+0000] {dag.py:3096} INFO - Sync 1 DAGs
[2026-09-17T18:07:38.700+0000] {logging_mixin.py:188} INFO - [2026-09-17T18:07:38.700+0000] {dag.py:3954} INFO - Setting next_dagrun for youtube_warehouse to None, run_after=None
[2026-09-17T18:07:38.737+0000] {processor.py:183} INFO - Processing /opt/airflow/dags/warehouse_dag.py took 0.952 seconds
[2026-09-17T18:08:09.083+0000] {processor.py:161} INFO - Started process (PID=4241) to work on /opt/airflow/dags/warehouse_dag.py
[2026-09-17T18:08:09.088+0000] {processor.py:830} INFO - Processing file /opt/airflow/dags/warehouse_dag.py for tasks to queue
[2026-09-17T18:08:09.097+0000] {logging_mixin.py:188} INFO - [2026-09-17T18:08:09.096+0000] {dagbag.py:545} INFO - Filling up the DagBag from /opt/airflow/dags/warehouse_dag.py
[2026-09-17T18:08:09.899+0000] {processor.py:840} INFO - DAG(s) 'youtube_warehouse' retrieved from /opt/airflow/dags/warehouse_dag.py
[2026-09-17T18:08:09.949+0000] {logging_mixin.py:188} INFO - [2026-09-17T18:08:09.949+0000] {dag.py:3096} INFO - Sync 1 DAGs
[2026-09-17T18:08:09.997+0000] {logging_mixin.py:188} INFO - [2026-09-17T18:08:09.997+0000] {dag.py:3954} INFO - Setting next_dagrun for youtube_warehouse to None, run_after=None
[2026-09-17T18:08:10.081+0000] {processor.py:183} INFO - Processing /opt/airflow/dags/warehouse_dag.py took 1.013 seconds
[2026-09-17T18:08:40.840+0000] {processor.py:161} INFO - Started process (PID=4250) to work on /opt/airflow/dags/warehouse_dag.py
[2026-09-17T18:08:40.849+0000] {processor.py:830} INFO - Processing file /opt/airflow/dags/warehouse_dag.py for tasks to queue
[2026-09-17T18:08:40.857+0000] {logging_mixin.py:188} INFO - [2026-09-17T18:08:40.856+0000] {dagbag.py:545} INFO - Filling up the DagBag from /opt/airflow/dags/warehouse_dag.py
[2026-09-17T18:08:42.789+0000] {processor.py:840} INFO - DAG(s) 'youtube_warehouse' retrieved from /opt/airflow/dags/warehouse_dag.py
[2026-09-17T18:08:42.875+0000] {logging_mixin.py:188} INFO - [2026-09-17T18:08:42.874+0000] {dag.py:3096} INFO - Sync 1 DAGs
[2026-09-17T18:08:42.912+0000] {logging_mixin.py:188} INFO - [2026-09-17T18:08:42.911+0000] {dag.py:3954} INFO - Setting next_dagrun for youtube_warehouse to None, run_after=None
[2026-09-17T18:08:42.973+0000] {processor.py:183} INFO - Processing /opt/airflow/dags/warehouse_dag.py took 2.154 seconds
[2026-09-17T18:09:13.487+0000] {processor.py:161} INFO - Started process (PID=4259) to work on /opt/airflow/dags/warehouse_dag.py
[2026-09-17T18:09:13.502+0000] {processor.py:830} INFO - Processing file /opt/airflow/dags/warehouse_dag.py for tasks to queue
[2026-09-17T18:09:13.515+0000] {logging_mixin.py:188} INFO - [2026-09-17T18:09:13.514+0000] {dagbag.py:545} INFO - Filling up the DagBag from /opt/airflow/dags/warehouse_dag.py
[2026-09-17T18:09:14.861+0000] {processor.py:840} INFO - DAG(s) 'youtube_warehouse' retrieved from /opt/airflow/dags/warehouse_dag.py
[2026-09-17T18:09:14.982+0000] {logging_mixin.py:188} INFO - [2026-09-17T18:09:14.982+0000] {dag.py:3096} INFO - Sync 1 DAGs
[2026-09-17T18:09:15.029+0000] {logging_mixin.py:188} INFO - [2026-09-17T18:09:15.029+0000] {dag.py:3954} INFO - Setting next_dagrun for youtube_warehouse to None, run_after=None
[2026-09-17T18:09:15.084+0000] {processor.py:183} INFO - Processing /opt/airflow/dags/warehouse_dag.py took 1.634 seconds
[2026-09-17T18:09:45.696+0000] {processor.py:161} INFO - Started process (PID=4268) to work on /opt/airflow/dags/warehouse_dag.py
[2026-09-17T18:09:45.700+0000] {processor.py:830} INFO - Processing file /opt/airflow/dags/warehouse_dag.py for tasks to queue
[2026-09-17T18:09:45.707+0000] {logging_mixin.py:188} INFO - [2026-09-17T18:09:45.706+0000] {dagbag.py:545} INFO - Filling up the DagBag from /opt/airflow/dags/warehouse_dag.py
[2026-09-17T18:09:50.827+0000] {processor.py:840} INFO - DAG(s) 'youtube_warehouse' retrieved from /opt/airflow/dags/warehouse_dag.py
[2026-09-17T18:09:50.917+0000] {logging_mixin.py:188} INFO - [2026-09-17T18:09:50.916+0000] {dag.py:3096} INFO - Sync 1 DAGs
[2026-09-17T18:09:50.963+0000] {logging_mixin.py:188} INFO - [2026-09-17T18:09:50.962+0000] {dag.py:3954} INFO - Setting next_dagrun for youtube_warehouse to None, run_after=None
[2026-09-17T18:09:51.050+0000] {processor.py:183} INFO - Processing /opt/airflow/dags/warehouse_dag.py took 5.393 seconds
[2026-09-17T18:10:21.719+0000] {processor.py:161} INFO - Started process (PID=4277) to work on /opt/airflow/dags/warehouse_dag.py
[2026-09-17T18:10:21.730+0000] {processor.py:830} INFO - Processing file /opt/airflow/dags/warehouse_dag.py for tasks to queue
[2026-09-17T18:10:21.771+0000] {logging_mixin.py:188} INFO - [2026-09-17T18:10:21.762+0000] {dagbag.py:545} INFO - Filling up the DagBag from /opt/airflow/dags/warehouse_dag.py
[2026-09-17T18:10:25.636+0000] {processor.py:840} INFO - DAG(s) 'youtube_warehouse' retrieved from /opt/airflow/dags/warehouse_dag.py
[2026-09-17T18:10:26.033+0000] {logging_mixin.py:188} INFO - [2026-09-17T18:10:26.032+0000] {dag.py:3096} INFO - Sync 1 DAGs
[2026-09-17T18:10:26.298+0000] {logging_mixin.py:188} INFO - [2026-09-17T18:10:26.297+0000] {dag.py:3954} INFO - Setting next_dagrun for youtube_warehouse to None, run_after=None
[2026-09-17T18:10:26.717+0000] {processor.py:183} INFO - Processing /opt/airflow/dags/warehouse_dag.py took 5.034 seconds
[2026-09-17T18:10:57.161+0000] {processor.py:161} INFO - Started process (PID=4286) to work on /opt/airflow/dags/warehouse_dag.py
[2026-09-17T18:10:57.167+0000] {processor.py:830} INFO - Processing file /opt/airflow/dags/warehouse_dag.py for tasks to queue
[2026-09-17T18:10:57.173+0000] {logging_mixin.py:188} INFO - [2026-09-17T18:10:57.171+0000] {dagbag.py:545} INFO - Filling up the DagBag from /opt/airflow/dags/warehouse_dag.py
[2026-09-17T18:10:59.245+0000] {processor.py:840} INFO - DAG(s) 'youtube_warehouse' retrieved from /opt/airflow/dags/warehouse_dag.py
[2026-09-17T18:10:59.658+0000] {logging_mixin.py:188} INFO - [2026-09-17T18:10:59.656+0000] {dag.py:3096} INFO - Sync 1 DAGs
[2026-09-17T18:10:59.733+0000] {logging_mixin.py:188} INFO - [2026-09-17T18:10:59.732+0000] {dag.py:3954} INFO - Setting next_dagrun for youtube_warehouse to None, run_after=None
[2026-09-17T18:10:59.821+0000] {processor.py:183} INFO - Processing /opt/airflow/dags/warehouse_dag.py took 2.777 seconds
[2026-09-17T18:11:30.492+0000] {processor.py:161} INFO - Started process (PID=4301) to work on /opt/airflow/dags/warehouse_dag.py
[2026-09-17T18:11:30.537+0000] {processor.py:830} INFO - Processing file /opt/airflow/dags/warehouse_dag.py for tasks to queue
[2026-09-17T18:11:30.568+0000] {logging_mixin.py:188} INFO - [2026-09-17T18:11:30.566+0000] {dagbag.py:545} INFO - Filling up the DagBag from /opt/airflow/dags/warehouse_dag.py
[2026-09-17T18:11:34.632+0000] {processor.py:840} INFO - DAG(s) 'youtube_warehouse' retrieved from /opt/airflow/dags/warehouse_dag.py
[2026-09-17T18:11:34.841+0000] {logging_mixin.py:188} INFO - [2026-09-17T18:11:34.840+0000] {dag.py:3096} INFO - Sync 1 DAGs
[2026-09-17T18:11:34.877+0000] {logging_mixin.py:188} INFO - [2026-09-17T18:11:34.876+0000] {dag.py:3954} INFO - Setting next_dagrun for youtube_warehouse to None, run_after=None
[2026-09-17T18:11:34.936+0000] {processor.py:183} INFO - Processing /opt/airflow/dags/warehouse_dag.py took 4.517 seconds
[2026-09-17T18:12:05.895+0000] {processor.py:161} INFO - Started process (PID=4310) to work on /opt/airflow/dags/warehouse_dag.py
[2026-09-17T18:12:05.920+0000] {processor.py:830} INFO - Processing file /opt/airflow/dags/warehouse_dag.py for tasks to queue
[2026-09-17T18:12:05.933+0000] {logging_mixin.py:188} INFO - [2026-09-17T18:12:05.931+0000] {dagbag.py:545} INFO - Filling up the DagBag from /opt/airflow/dags/warehouse_dag.py
[2026-09-17T18:12:08.483+0000] {processor.py:840} INFO - DAG(s) 'youtube_warehouse' retrieved from /opt/airflow/dags/warehouse_dag.py
[2026-09-17T18:12:08.745+0000] {logging_mixin.py:188} INFO - [2026-09-17T18:12:08.744+0000] {dag.py:3096} INFO - Sync 1 DAGs
[2026-09-17T18:12:09.022+0000] {logging_mixin.py:188} INFO - [2026-09-17T18:12:09.021+0000] {dag.py:3954} INFO - Setting next_dagrun for youtube_warehouse to None, run_after=None
[2026-09-17T18:12:09.389+0000] {processor.py:183} INFO - Processing /opt/airflow/dags/warehouse_dag.py took 3.552 seconds
[2026-09-17T18:12:40.435+0000] {processor.py:161} INFO - Started process (PID=4319) to work on /opt/airflow/dags/warehouse_dag.py
[2026-09-17T18:12:40.443+0000] {processor.py:830} INFO - Processing file /opt/airflow/dags/warehouse_dag.py for tasks to queue
[2026-09-17T18:12:40.455+0000] {logging_mixin.py:188} INFO - [2026-09-17T18:12:40.454+0000] {dagbag.py:545} INFO - Filling up the DagBag from /opt/airflow/dags/warehouse_dag.py
[2026-09-17T18:12:44.279+0000] {processor.py:840} INFO - DAG(s) 'youtube_warehouse' retrieved from /opt/airflow/dags/warehouse_dag.py
[2026-09-17T18:12:44.378+0000] {logging_mixin.py:188} INFO - [2026-09-17T18:12:44.377+0000] {dag.py:3096} INFO - Sync 1 DAGs
[2026-09-17T18:12:44.414+0000] {logging_mixin.py:188} INFO - [2026-09-17T18:12:44.413+0000] {dag.py:3954} INFO - Setting next_dagrun for youtube_warehouse to None, run_after=None
[2026-09-17T18:12:44.494+0000] {processor.py:183} INFO - Processing /opt/airflow/dags/warehouse_dag.py took 4.084 seconds
[2026-09-17T18:13:15.297+0000] {processor.py:161} INFO - Started process (PID=4328) to work on /opt/airflow/dags/warehouse_dag.py
[2026-09-17T18:13:15.303+0000] {processor.py:830} INFO - Processing file /opt/airflow/dags/warehouse_dag.py for tasks to queue
[2026-09-17T18:13:15.311+0000] {logging_mixin.py:188} INFO - [2026-09-17T18:13:15.311+0000] {dagbag.py:545} INFO - Filling up the DagBag from /opt/airflow/dags/warehouse_dag.py
[2026-09-17T18:13:16.098+0000] {processor.py:840} INFO - DAG(s) 'youtube_warehouse' retrieved from /opt/airflow/dags/warehouse_dag.py
[2026-09-17T18:13:16.145+0000] {logging_mixin.py:188} INFO - [2026-09-17T18:13:16.145+0000] {dag.py:3096} INFO - Sync 1 DAGs
[2026-09-17T18:13:16.166+0000] {logging_mixin.py:188} INFO - [2026-09-17T18:13:16.165+0000] {dag.py:3954} INFO - Setting next_dagrun for youtube_warehouse to None, run_after=None
[2026-09-17T18:13:16.204+0000] {processor.py:183} INFO - Processing /opt/airflow/dags/warehouse_dag.py took 0.937 seconds
[2026-09-17T18:13:53.758+0000] {processor.py:161} INFO - Started process (PID=4337) to work on /opt/airflow/dags/warehouse_dag.py
[2026-09-17T18:13:54.157+0000] {processor.py:830} INFO - Processing file /opt/airflow/dags/warehouse_dag.py for tasks to queue
[2026-09-17T18:13:54.340+0000] {logging_mixin.py:188} INFO - [2026-09-17T18:13:54.338+0000] {dagbag.py:545} INFO - Filling up the DagBag from /opt/airflow/dags/warehouse_dag.py
[2026-09-17T18:14:09.600+0000] {processor.py:840} INFO - DAG(s) 'youtube_warehouse' retrieved from /opt/airflow/dags/warehouse_dag.py
[2026-09-17T18:14:09.789+0000] {logging_mixin.py:188} INFO - [2026-09-17T18:14:09.788+0000] {dag.py:3096} INFO - Sync 1 DAGs
[2026-09-17T18:14:09.940+0000] {logging_mixin.py:188} INFO - [2026-09-17T18:14:09.939+0000] {dag.py:3954} INFO - Setting next_dagrun for youtube_warehouse to None, run_after=None
[2026-09-17T18:14:10.234+0000] {processor.py:183} INFO - Processing /opt/airflow/dags/warehouse_dag.py took 16.593 seconds
[2026-09-17T18:14:41.474+0000] {processor.py:161} INFO - Started process (PID=4353) to work on /opt/airflow/dags/warehouse_dag.py
[2026-09-17T18:14:41.494+0000] {processor.py:830} INFO - Processing file /opt/airflow/dags/warehouse_dag.py for tasks to queue
[2026-09-17T18:14:41.498+0000] {logging_mixin.py:188} INFO - [2026-09-17T18:14:41.497+0000] {dagbag.py:545} INFO - Filling up the DagBag from /opt/airflow/dags/warehouse_dag.py
[2026-09-17T18:14:45.080+0000] {processor.py:840} INFO - DAG(s) 'youtube_warehouse' retrieved from /opt/airflow/dags/warehouse_dag.py
[2026-09-17T18:14:45.198+0000] {logging_mixin.py:188} INFO - [2026-09-17T18:14:45.197+0000] {dag.py:3096} INFO - Sync 1 DAGs
[2026-09-17T18:14:45.254+0000] {logging_mixin.py:188} INFO - [2026-09-17T18:14:45.253+0000] {dag.py:3954} INFO - Setting next_dagrun for youtube_warehouse to None, run_after=None
[2026-09-17T18:14:45.726+0000] {processor.py:183} INFO - Processing /opt/airflow/dags/warehouse_dag.py took 4.264 seconds
[2026-09-17T18:15:18.209+0000] {processor.py:161} INFO - Started process (PID=4362) to work on /opt/airflow/dags/warehouse_dag.py
[2026-09-17T18:15:18.220+0000] {processor.py:830} INFO - Processing file /opt/airflow/dags/warehouse_dag.py for tasks to queue
[2026-09-17T18:15:18.233+0000] {logging_mixin.py:188} INFO - [2026-09-17T18:15:18.232+0000] {dagbag.py:545} INFO - Filling up the DagBag from /opt/airflow/dags/warehouse_dag.py
[2026-09-17T18:15:23.740+0000] {processor.py:840} INFO - DAG(s) 'youtube_warehouse' retrieved from /opt/airflow/dags/warehouse_dag.py
[2026-09-17T18:15:24.059+0000] {logging_mixin.py:188} INFO - [2026-09-17T18:15:24.059+0000] {dag.py:3096} INFO - Sync 1 DAGs
[2026-09-17T18:15:24.089+0000] {logging_mixin.py:188} INFO - [2026-09-17T18:15:24.088+0000] {dag.py:3954} INFO - Setting next_dagrun for youtube_warehouse to None, run_after=None
[2026-09-17T18:15:24.131+0000] {processor.py:183} INFO - Processing /opt/airflow/dags/warehouse_dag.py took 6.179 seconds
[2026-09-17T18:15:55.067+0000] {processor.py:161} INFO - Started process (PID=4371) to work on /opt/airflow/dags/warehouse_dag.py
[2026-09-17T18:15:55.084+0000] {processor.py:830} INFO - Processing file /opt/airflow/dags/warehouse_dag.py for tasks to queue
[2026-09-17T18:15:55.108+0000] {logging_mixin.py:188} INFO - [2026-09-17T18:15:55.107+0000] {dagbag.py:545} INFO - Filling up the DagBag from /opt/airflow/dags/warehouse_dag.py
[2026-09-17T18:15:57.640+0000] {processor.py:840} INFO - DAG(s) 'youtube_warehouse' retrieved from /opt/airflow/dags/warehouse_dag.py
[2026-09-17T18:15:57.731+0000] {logging_mixin.py:188} INFO - [2026-09-17T18:15:57.730+0000] {dag.py:3096} INFO - Sync 1 DAGs
[2026-09-17T18:15:57.764+0000] {logging_mixin.py:188} INFO - [2026-09-17T18:15:57.763+0000] {dag.py:3954} INFO - Setting next_dagrun for youtube_warehouse to None, run_after=None
[2026-09-17T18:15:57.992+0000] {processor.py:183} INFO - Processing /opt/airflow/dags/warehouse_dag.py took 2.965 seconds
[2026-09-17T18:16:29.004+0000] {processor.py:161} INFO - Started process (PID=4380) to work on /opt/airflow/dags/warehouse_dag.py
[2026-09-17T18:16:29.011+0000] {processor.py:830} INFO - Processing file /opt/airflow/dags/warehouse_dag.py for tasks to queue
[2026-09-17T18:16:29.017+0000] {logging_mixin.py:188} INFO - [2026-09-17T18:16:29.016+0000] {dagbag.py:545} INFO - Filling up the DagBag from /opt/airflow/dags/warehouse_dag.py
[2026-09-17T18:16:32.225+0000] {processor.py:840} INFO - DAG(s) 'youtube_warehouse' retrieved from /opt/airflow/dags/warehouse_dag.py
[2026-09-17T18:16:32.330+0000] {logging_mixin.py:188} INFO - [2026-09-17T18:16:32.329+0000] {dag.py:3096} INFO - Sync 1 DAGs
[2026-09-17T18:16:32.382+0000] {logging_mixin.py:188} INFO - [2026-09-17T18:16:32.381+0000] {dag.py:3954} INFO - Setting next_dagrun for youtube_warehouse to None, run_after=None
[2026-09-17T18:16:32.469+0000] {processor.py:183} INFO - Processing /opt/airflow/dags/warehouse_dag.py took 3.483 seconds
[2026-09-17T18:17:02.912+0000] {processor.py:161} INFO - Started process (PID=4390) to work on /opt/airflow/dags/warehouse_dag.py
[2026-09-17T18:17:02.923+0000] {processor.py:830} INFO - Processing file /opt/airflow/dags/warehouse_dag.py for tasks to queue
[2026-09-17T18:17:02.930+0000] {logging_mixin.py:188} INFO - [2026-09-17T18:17:02.929+0000] {dagbag.py:545} INFO - Filling up the DagBag from /opt/airflow/dags/warehouse_dag.py
[2026-09-17T18:17:05.796+0000] {processor.py:840} INFO - DAG(s) 'youtube_warehouse' retrieved from /opt/airflow/dags/warehouse_dag.py
[2026-09-17T18:17:05.876+0000] {logging_mixin.py:188} INFO - [2026-09-17T18:17:05.875+0000] {dag.py:3096} INFO - Sync 1 DAGs
[2026-09-17T18:17:05.933+0000] {logging_mixin.py:188} INFO - [2026-09-17T18:17:05.932+0000] {dag.py:3954} INFO - Setting next_dagrun for youtube_warehouse to None, run_after=None
[2026-09-17T18:17:06.021+0000] {processor.py:183} INFO - Processing /opt/airflow/dags/warehouse_dag.py took 3.122 seconds
[2026-09-17T18:17:36.927+0000] {processor.py:161} INFO - Started process (PID=4399) to work on /opt/airflow/dags/warehouse_dag.py
[2026-09-17T18:17:36.931+0000] {processor.py:830} INFO - Processing file /opt/airflow/dags/warehouse_dag.py for tasks to queue
[2026-09-17T18:17:36.937+0000] {logging_mixin.py:188} INFO - [2026-09-17T18:17:36.936+0000] {dagbag.py:545} INFO - Filling up the DagBag from /opt/airflow/dags/warehouse_dag.py
[2026-09-17T18:17:38.144+0000] {processor.py:840} INFO - DAG(s) 'youtube_warehouse' retrieved from /opt/airflow/dags/warehouse_dag.py
[2026-09-17T18:17:38.198+0000] {logging_mixin.py:188} INFO - [2026-09-17T18:17:38.197+0000] {dag.py:3096} INFO - Sync 1 DAGs
[2026-09-17T18:17:38.226+0000] {logging_mixin.py:188} INFO - [2026-09-17T18:17:38.226+0000] {dag.py:3954} INFO - Setting next_dagrun for youtube_warehouse to None, run_after=None
[2026-09-17T18:17:38.306+0000] {processor.py:183} INFO - Processing /opt/airflow/dags/warehouse_dag.py took 1.394 seconds
[2026-09-17T18:18:08.568+0000] {processor.py:161} INFO - Started process (PID=4409) to work on /opt/airflow/dags/warehouse_dag.py
[2026-09-17T18:18:08.597+0000] {processor.py:830} INFO - Processing file /opt/airflow/dags/warehouse_dag.py for tasks to queue
[2026-09-17T18:18:08.610+0000] {logging_mixin.py:188} INFO - [2026-09-17T18:18:08.608+0000] {dagbag.py:545} INFO - Filling up the DagBag from /opt/airflow/dags/warehouse_dag.py
[2026-09-17T18:18:09.853+0000] {processor.py:840} INFO - DAG(s) 'youtube_warehouse' retrieved from /opt/airflow/dags/warehouse_dag.py
[2026-09-17T18:18:09.915+0000] {logging_mixin.py:188} INFO - [2026-09-17T18:18:09.914+0000] {dag.py:3096} INFO - Sync 1 DAGs
[2026-09-17T18:18:10.046+0000] {logging_mixin.py:188} INFO - [2026-09-17T18:18:10.046+0000] {dag.py:3954} INFO - Setting next_dagrun for youtube_warehouse to None, run_after=None
[2026-09-17T18:18:10.463+0000] {processor.py:183} INFO - Processing /opt/airflow/dags/warehouse_dag.py took 1.921 seconds
[2026-09-17T18:18:41.350+0000] {processor.py:161} INFO - Started process (PID=4418) to work on /opt/airflow/dags/warehouse_dag.py
[2026-09-17T18:18:41.367+0000] {processor.py:830} INFO - Processing file /opt/airflow/dags/warehouse_dag.py for tasks to queue
[2026-09-17T18:18:41.371+0000] {logging_mixin.py:188} INFO - [2026-09-17T18:18:41.371+0000] {dagbag.py:545} INFO - Filling up the DagBag from /opt/airflow/dags/warehouse_dag.py
[2026-09-17T18:18:46.718+0000] {processor.py:840} INFO - DAG(s) 'youtube_warehouse' retrieved from /opt/airflow/dags/warehouse_dag.py
[2026-09-17T18:18:46.805+0000] {logging_mixin.py:188} INFO - [2026-09-17T18:18:46.804+0000] {dag.py:3096} INFO - Sync 1 DAGs
[2026-09-17T18:18:46.847+0000] {logging_mixin.py:188} INFO - [2026-09-17T18:18:46.846+0000] {dag.py:3954} INFO - Setting next_dagrun for youtube_warehouse to None, run_after=None
[2026-09-17T18:18:46.915+0000] {processor.py:183} INFO - Processing /opt/airflow/dags/warehouse_dag.py took 5.682 seconds
[2026-09-17T18:19:17.140+0000] {processor.py:161} INFO - Started process (PID=4433) to work on /opt/airflow/dags/warehouse_dag.py
[2026-09-17T18:19:17.151+0000] {processor.py:830} INFO - Processing file /opt/airflow/dags/warehouse_dag.py for tasks to queue
[2026-09-17T18:19:17.160+0000] {logging_mixin.py:188} INFO - [2026-09-17T18:19:17.160+0000] {dagbag.py:545} INFO - Filling up the DagBag from /opt/airflow/dags/warehouse_dag.py
[2026-09-17T18:19:18.404+0000] {processor.py:840} INFO - DAG(s) 'youtube_warehouse' retrieved from /opt/airflow/dags/warehouse_dag.py
[2026-09-17T18:19:18.479+0000] {logging_mixin.py:188} INFO - [2026-09-17T18:19:18.479+0000] {dag.py:3096} INFO - Sync 1 DAGs
[2026-09-17T18:19:18.520+0000] {logging_mixin.py:188} INFO - [2026-09-17T18:19:18.520+0000] {dag.py:3954} INFO - Setting next_dagrun for youtube_warehouse to None, run_after=None
[2026-09-17T18:19:18.642+0000] {processor.py:183} INFO - Processing /opt/airflow/dags/warehouse_dag.py took 1.536 seconds
[2026-09-17T18:19:49.302+0000] {processor.py:161} INFO - Started process (PID=4442) to work on /opt/airflow/dags/warehouse_dag.py
[2026-09-17T18:19:49.305+0000] {processor.py:830} INFO - Processing file /opt/airflow/dags/warehouse_dag.py for tasks to queue
[2026-09-17T18:19:49.311+0000] {logging_mixin.py:188} INFO - [2026-09-17T18:19:49.310+0000] {dagbag.py:545} INFO - Filling up the DagBag from /opt/airflow/dags/warehouse_dag.py
[2026-09-17T18:19:50.415+0000] {processor.py:840} INFO - DAG(s) 'youtube_warehouse' retrieved from /opt/airflow/dags/warehouse_dag.py
[2026-09-17T18:19:50.519+0000] {logging_mixin.py:188} INFO - [2026-09-17T18:19:50.519+0000] {dag.py:3096} INFO - Sync 1 DAGs
[2026-09-17T18:19:50.548+0000] {logging_mixin.py:188} INFO - [2026-09-17T18:19:50.548+0000] {dag.py:3954} INFO - Setting next_dagrun for youtube_warehouse to None, run_after=None
[2026-09-17T18:19:50.595+0000] {processor.py:183} INFO - Processing /opt/airflow/dags/warehouse_dag.py took 1.309 seconds
[2026-09-17T18:20:21.177+0000] {processor.py:161} INFO - Started process (PID=4451) to work on /opt/airflow/dags/warehouse_dag.py
[2026-09-17T18:20:21.181+0000] {processor.py:830} INFO - Processing file /opt/airflow/dags/warehouse_dag.py for tasks to queue
[2026-09-17T18:20:21.185+0000] {logging_mixin.py:188} INFO - [2026-09-17T18:20:21.185+0000] {dagbag.py:545} INFO - Filling up the DagBag from /opt/airflow/dags/warehouse_dag.py
[2026-09-17T18:20:22.152+0000] {processor.py:840} INFO - DAG(s) 'youtube_warehouse' retrieved from /opt/airflow/dags/warehouse_dag.py
[2026-09-17T18:20:22.190+0000] {logging_mixin.py:188} INFO - [2026-09-17T18:20:22.189+0000] {dag.py:3096} INFO - Sync 1 DAGs
[2026-09-17T18:20:22.207+0000] {logging_mixin.py:188} INFO - [2026-09-17T18:20:22.207+0000] {dag.py:3954} INFO - Setting next_dagrun for youtube_warehouse to None, run_after=None
[2026-09-17T18:20:22.252+0000] {processor.py:183} INFO - Processing /opt/airflow/dags/warehouse_dag.py took 1.093 seconds
[2026-09-17T18:20:53.004+0000] {processor.py:161} INFO - Started process (PID=4460) to work on /opt/airflow/dags/warehouse_dag.py
[2026-09-17T18:20:53.025+0000] {processor.py:830} INFO - Processing file /opt/airflow/dags/warehouse_dag.py for tasks to queue
[2026-09-17T18:20:53.043+0000] {logging_mixin.py:188} INFO - [2026-09-17T18:20:53.042+0000] {dagbag.py:545} INFO - Filling up the DagBag from /opt/airflow/dags/warehouse_dag.py
[2026-09-17T18:20:54.107+0000] {processor.py:840} INFO - DAG(s) 'youtube_warehouse' retrieved from /opt/airflow/dags/warehouse_dag.py
[2026-09-17T18:20:54.147+0000] {logging_mixin.py:188} INFO - [2026-09-17T18:20:54.146+0000] {dag.py:3096} INFO - Sync 1 DAGs
[2026-09-17T18:20:54.170+0000] {logging_mixin.py:188} INFO - [2026-09-17T18:20:54.170+0000] {dag.py:3954} INFO - Setting next_dagrun for youtube_warehouse to None, run_after=None
[2026-09-17T18:20:54.202+0000] {processor.py:183} INFO - Processing /opt/airflow/dags/warehouse_dag.py took 1.277 seconds
[2026-09-17T18:21:25.219+0000] {processor.py:161} INFO - Started process (PID=4469) to work on /opt/airflow/dags/warehouse_dag.py
[2026-09-17T18:21:25.226+0000] {processor.py:830} INFO - Processing file /opt/airflow/dags/warehouse_dag.py for tasks to queue
[2026-09-17T18:21:25.245+0000] {logging_mixin.py:188} INFO - [2026-09-17T18:21:25.244+0000] {dagbag.py:545} INFO - Filling up the DagBag from /opt/airflow/dags/warehouse_dag.py
[2026-09-17T18:21:26.081+0000] {processor.py:840} INFO - DAG(s) 'youtube_warehouse' retrieved from /opt/airflow/dags/warehouse_dag.py
[2026-09-17T18:21:26.110+0000] {logging_mixin.py:188} INFO - [2026-09-17T18:21:26.109+0000] {dag.py:3096} INFO - Sync 1 DAGs
[2026-09-17T18:21:26.127+0000] {logging_mixin.py:188} INFO - [2026-09-17T18:21:26.127+0000] {dag.py:3954} INFO - Setting next_dagrun for youtube_warehouse to None, run_after=None
[2026-09-17T18:21:26.158+0000] {processor.py:183} INFO - Processing /opt/airflow/dags/warehouse_dag.py took 0.999 seconds
[2026-09-17T18:21:57.815+0000] {processor.py:161} INFO - Started process (PID=4478) to work on /opt/airflow/dags/warehouse_dag.py
[2026-09-17T18:21:57.827+0000] {processor.py:830} INFO - Processing file /opt/airflow/dags/warehouse_dag.py for tasks to queue
[2026-09-17T18:21:57.838+0000] {logging_mixin.py:188} INFO - [2026-09-17T18:21:57.837+0000] {dagbag.py:545} INFO - Filling up the DagBag from /opt/airflow/dags/warehouse_dag.py
[2026-09-17T18:22:06.899+0000] {processor.py:840} INFO - DAG(s) 'youtube_warehouse' retrieved from /opt/airflow/dags/warehouse_dag.py
[2026-09-17T18:22:07.082+0000] {logging_mixin.py:188} INFO - [2026-09-17T18:22:07.081+0000] {dag.py:3096} INFO - Sync 1 DAGs
[2026-09-17T18:22:07.181+0000] {logging_mixin.py:188} INFO - [2026-09-17T18:22:07.180+0000] {dag.py:3954} INFO - Setting next_dagrun for youtube_warehouse to None, run_after=None
[2026-09-17T18:22:07.310+0000] {processor.py:183} INFO - Processing /opt/airflow/dags/warehouse_dag.py took 9.884 seconds
[2026-09-17T18:22:38.175+0000] {processor.py:161} INFO - Started process (PID=4489) to work on /opt/airflow/dags/warehouse_dag.py
[2026-09-17T18:22:38.180+0000] {processor.py:830} INFO - Processing file /opt/airflow/dags/warehouse_dag.py for tasks to queue
[2026-09-17T18:22:38.187+0000] {logging_mixin.py:188} INFO - [2026-09-17T18:22:38.187+0000] {dagbag.py:545} INFO - Filling up the DagBag from /opt/airflow/dags/warehouse_dag.py
[2026-09-17T18:22:39.377+0000] {processor.py:840} INFO - DAG(s) 'youtube_warehouse' retrieved from /opt/airflow/dags/warehouse_dag.py
[2026-09-17T18:22:39.413+0000] {logging_mixin.py:188} INFO - [2026-09-17T18:22:39.412+0000] {dag.py:3096} INFO - Sync 1 DAGs
[2026-09-17T18:22:39.440+0000] {logging_mixin.py:188} INFO - [2026-09-17T18:22:39.440+0000] {dag.py:3954} INFO - Setting next_dagrun for youtube_warehouse to None, run_after=None
[2026-09-17T18:22:39.483+0000] {processor.py:183} INFO - Processing /opt/airflow/dags/warehouse_dag.py took 1.319 seconds
[2026-09-17T18:23:10.044+0000] {processor.py:161} INFO - Started process (PID=4498) to work on /opt/airflow/dags/warehouse_dag.py
[2026-09-17T18:23:10.049+0000] {processor.py:830} INFO - Processing file /opt/airflow/dags/warehouse_dag.py for tasks to queue
[2026-09-17T18:23:10.055+0000] {logging_mixin.py:188} INFO - [2026-09-17T18:23:10.053+0000] {dagbag.py:545} INFO - Filling up the DagBag from /opt/airflow/dags/warehouse_dag.py
[2026-09-17T18:23:10.960+0000] {processor.py:840} INFO - DAG(s) 'youtube_warehouse' retrieved from /opt/airflow/dags/warehouse_dag.py
[2026-09-17T18:23:10.991+0000] {logging_mixin.py:188} INFO - [2026-09-17T18:23:10.991+0000] {dag.py:3096} INFO - Sync 1 DAGs
[2026-09-17T18:23:11.003+0000] {logging_mixin.py:188} INFO - [2026-09-17T18:23:11.002+0000] {dag.py:3954} INFO - Setting next_dagrun for youtube_warehouse to None, run_after=None
[2026-09-17T18:23:11.062+0000] {processor.py:183} INFO - Processing /opt/airflow/dags/warehouse_dag.py took 1.037 seconds
[2026-09-17T18:23:41.638+0000] {processor.py:161} INFO - Started process (PID=4507) to work on /opt/airflow/dags/warehouse_dag.py
[2026-09-17T18:23:41.646+0000] {processor.py:830} INFO - Processing file /opt/airflow/dags/warehouse_dag.py for tasks to queue
[2026-09-17T18:23:41.660+0000] {logging_mixin.py:188} INFO - [2026-09-17T18:23:41.660+0000] {dagbag.py:545} INFO - Filling up the DagBag from /opt/airflow/dags/warehouse_dag.py
[2026-09-17T18:23:42.206+0000] {processor.py:840} INFO - DAG(s) 'youtube_warehouse' retrieved from /opt/airflow/dags/warehouse_dag.py
[2026-09-17T18:23:42.261+0000] {logging_mixin.py:188} INFO - [2026-09-17T18:23:42.260+0000] {dag.py:3096} INFO - Sync 1 DAGs
[2026-09-17T18:23:42.274+0000] {logging_mixin.py:188} INFO - [2026-09-17T18:23:42.274+0000] {dag.py:3954} INFO - Setting next_dagrun for youtube_warehouse to None, run_after=None
[2026-09-17T18:23:42.318+0000] {processor.py:183} INFO - Processing /opt/airflow/dags/warehouse_dag.py took 0.749 seconds
[2026-09-17T18:24:12.529+0000] {processor.py:161} INFO - Started process (PID=4516) to work on /opt/airflow/dags/warehouse_dag.py
[2026-09-17T18:24:12.531+0000] {processor.py:830} INFO - Processing file /opt/airflow/dags/warehouse_dag.py for tasks to queue
[2026-09-17T18:24:12.534+0000] {logging_mixin.py:188} INFO - [2026-09-17T18:24:12.534+0000] {dagbag.py:545} INFO - Filling up the DagBag from /opt/airflow/dags/warehouse_dag.py
[2026-09-17T18:24:13.090+0000] {processor.py:840} INFO - DAG(s) 'youtube_warehouse' retrieved from /opt/airflow/dags/warehouse_dag.py
[2026-09-17T18:24:13.137+0000] {logging_mixin.py:188} INFO - [2026-09-17T18:24:13.136+0000] {dag.py:3096} INFO - Sync 1 DAGs
[2026-09-17T18:24:13.148+0000] {logging_mixin.py:188} INFO - [2026-09-17T18:24:13.148+0000] {dag.py:3954} INFO - Setting next_dagrun for youtube_warehouse to None, run_after=None
[2026-09-17T18:24:13.191+0000] {processor.py:183} INFO - Processing /opt/airflow/dags/warehouse_dag.py took 0.669 seconds
[2026-09-17T18:24:43.648+0000] {processor.py:161} INFO - Started process (PID=4525) to work on /opt/airflow/dags/warehouse_dag.py
[2026-09-17T18:24:43.650+0000] {processor.py:830} INFO - Processing file /opt/airflow/dags/warehouse_dag.py for tasks to queue
[2026-09-17T18:24:43.653+0000] {logging_mixin.py:188} INFO - [2026-09-17T18:24:43.653+0000] {dagbag.py:545} INFO - Filling up the DagBag from /opt/airflow/dags/warehouse_dag.py
[2026-09-17T18:24:44.241+0000] {processor.py:840} INFO - DAG(s) 'youtube_warehouse' retrieved from /opt/airflow/dags/warehouse_dag.py
[2026-09-17T18:24:44.263+0000] {logging_mixin.py:188} INFO - [2026-09-17T18:24:44.262+0000] {dag.py:3096} INFO - Sync 1 DAGs
[2026-09-17T18:24:44.276+0000] {logging_mixin.py:188} INFO - [2026-09-17T18:24:44.276+0000] {dag.py:3954} INFO - Setting next_dagrun for youtube_warehouse to None, run_after=None
[2026-09-17T18:24:44.314+0000] {processor.py:183} INFO - Processing /opt/airflow/dags/warehouse_dag.py took 0.673 seconds
[2026-09-17T18:25:14.487+0000] {processor.py:161} INFO - Started process (PID=4534) to work on /opt/airflow/dags/warehouse_dag.py
[2026-09-17T18:25:14.489+0000] {processor.py:830} INFO - Processing file /opt/airflow/dags/warehouse_dag.py for tasks to queue
[2026-09-17T18:25:14.493+0000] {logging_mixin.py:188} INFO - [2026-09-17T18:25:14.492+0000] {dagbag.py:545} INFO - Filling up the DagBag from /opt/airflow/dags/warehouse_dag.py
[2026-09-17T18:25:15.094+0000] {processor.py:840} INFO - DAG(s) 'youtube_warehouse' retrieved from /opt/airflow/dags/warehouse_dag.py
[2026-09-17T18:25:15.118+0000] {logging_mixin.py:188} INFO - [2026-09-17T18:25:15.118+0000] {dag.py:3096} INFO - Sync 1 DAGs
[2026-09-17T18:25:15.132+0000] {logging_mixin.py:188} INFO - [2026-09-17T18:25:15.132+0000] {dag.py:3954} INFO - Setting next_dagrun for youtube_warehouse to None, run_after=None
[2026-09-17T18:25:15.165+0000] {processor.py:183} INFO - Processing /opt/airflow/dags/warehouse_dag.py took 0.685 seconds
[2026-09-17T18:25:45.813+0000] {processor.py:161} INFO - Started process (PID=4543) to work on /opt/airflow/dags/warehouse_dag.py
[2026-09-17T18:25:45.815+0000] {processor.py:830} INFO - Processing file /opt/airflow/dags/warehouse_dag.py for tasks to queue
[2026-09-17T18:25:45.817+0000] {logging_mixin.py:188} INFO - [2026-09-17T18:25:45.817+0000] {dagbag.py:545} INFO - Filling up the DagBag from /opt/airflow/dags/warehouse_dag.py
[2026-09-17T18:25:46.327+0000] {processor.py:840} INFO - DAG(s) 'youtube_warehouse' retrieved from /opt/airflow/dags/warehouse_dag.py
[2026-09-17T18:25:46.379+0000] {logging_mixin.py:188} INFO - [2026-09-17T18:25:46.378+0000] {dag.py:3096} INFO - Sync 1 DAGs
[2026-09-17T18:25:46.393+0000] {logging_mixin.py:188} INFO - [2026-09-17T18:25:46.392+0000] {dag.py:3954} INFO - Setting next_dagrun for youtube_warehouse to None, run_after=None
[2026-09-17T18:25:46.434+0000] {processor.py:183} INFO - Processing /opt/airflow/dags/warehouse_dag.py took 0.627 seconds
[2026-09-17T18:26:16.873+0000] {processor.py:161} INFO - Started process (PID=4552) to work on /opt/airflow/dags/warehouse_dag.py
[2026-09-17T18:26:16.875+0000] {processor.py:830} INFO - Processing file /opt/airflow/dags/warehouse_dag.py for tasks to queue
[2026-09-17T18:26:16.879+0000] {logging_mixin.py:188} INFO - [2026-09-17T18:26:16.878+0000] {dagbag.py:545} INFO - Filling up the DagBag from /opt/airflow/dags/warehouse_dag.py
[2026-09-17T18:26:17.426+0000] {processor.py:840} INFO - DAG(s) 'youtube_warehouse' retrieved from /opt/airflow/dags/warehouse_dag.py
[2026-09-17T18:26:17.445+0000] {logging_mixin.py:188} INFO - [2026-09-17T18:26:17.445+0000] {dag.py:3096} INFO - Sync 1 DAGs
[2026-09-17T18:26:17.457+0000] {logging_mixin.py:188} INFO - [2026-09-17T18:26:17.456+0000] {dag.py:3954} INFO - Setting next_dagrun for youtube_warehouse to None, run_after=None
[2026-09-17T18:26:17.501+0000] {processor.py:183} INFO - Processing /opt/airflow/dags/warehouse_dag.py took 0.636 seconds
[2026-09-17T18:26:47.714+0000] {processor.py:161} INFO - Started process (PID=4561) to work on /opt/airflow/dags/warehouse_dag.py
[2026-09-17T18:26:47.716+0000] {processor.py:830} INFO - Processing file /opt/airflow/dags/warehouse_dag.py for tasks to queue
[2026-09-17T18:26:47.719+0000] {logging_mixin.py:188} INFO - [2026-09-17T18:26:47.718+0000] {dagbag.py:545} INFO - Filling up the DagBag from /opt/airflow/dags/warehouse_dag.py
[2026-09-17T18:26:48.270+0000] {processor.py:840} INFO - DAG(s) 'youtube_warehouse' retrieved from /opt/airflow/dags/warehouse_dag.py
[2026-09-17T18:26:48.325+0000] {logging_mixin.py:188} INFO - [2026-09-17T18:26:48.325+0000] {dag.py:3096} INFO - Sync 1 DAGs
[2026-09-17T18:26:48.338+0000] {logging_mixin.py:188} INFO - [2026-09-17T18:26:48.338+0000] {dag.py:3954} INFO - Setting next_dagrun for youtube_warehouse to None, run_after=None
[2026-09-17T18:26:48.364+0000] {processor.py:183} INFO - Processing /opt/airflow/dags/warehouse_dag.py took 0.656 seconds
[2026-09-17T18:27:19.047+0000] {processor.py:161} INFO - Started process (PID=4570) to work on /opt/airflow/dags/warehouse_dag.py
[2026-09-17T18:27:19.050+0000] {processor.py:830} INFO - Processing file /opt/airflow/dags/warehouse_dag.py for tasks to queue
[2026-09-17T18:27:19.054+0000] {logging_mixin.py:188} INFO - [2026-09-17T18:27:19.053+0000] {dagbag.py:545} INFO - Filling up the DagBag from /opt/airflow/dags/warehouse_dag.py
[2026-09-17T18:27:19.567+0000] {processor.py:840} INFO - DAG(s) 'youtube_warehouse' retrieved from /opt/airflow/dags/warehouse_dag.py
[2026-09-17T18:27:19.588+0000] {logging_mixin.py:188} INFO - [2026-09-17T18:27:19.588+0000] {dag.py:3096} INFO - Sync 1 DAGs
[2026-09-17T18:27:19.599+0000] {logging_mixin.py:188} INFO - [2026-09-17T18:27:19.599+0000] {dag.py:3954} INFO - Setting next_dagrun for youtube_warehouse to None, run_after=None
[2026-09-17T18:27:19.653+0000] {processor.py:183} INFO - Processing /opt/airflow/dags/warehouse_dag.py took 0.611 seconds
[2026-09-17T18:27:50.389+0000] {processor.py:161} INFO - Started process (PID=4579) to work on /opt/airflow/dags/warehouse_dag.py
[2026-09-17T18:27:50.391+0000] {processor.py:830} INFO - Processing file /opt/airflow/dags/warehouse_dag.py for tasks to queue
[2026-09-17T18:27:50.394+0000] {logging_mixin.py:188} INFO - [2026-09-17T18:27:50.394+0000] {dagbag.py:545} INFO - Filling up the DagBag from /opt/airflow/dags/warehouse_dag.py
[2026-09-17T18:27:50.880+0000] {processor.py:840} INFO - DAG(s) 'youtube_warehouse' retrieved from /opt/airflow/dags/warehouse_dag.py
[2026-09-17T18:27:50.906+0000] {logging_mixin.py:188} INFO - [2026-09-17T18:27:50.905+0000] {dag.py:3096} INFO - Sync 1 DAGs
[2026-09-17T18:27:50.917+0000] {logging_mixin.py:188} INFO - [2026-09-17T18:27:50.917+0000] {dag.py:3954} INFO - Setting next_dagrun for youtube_warehouse to None, run_after=None
[2026-09-17T18:27:50.957+0000] {processor.py:183} INFO - Processing /opt/airflow/dags/warehouse_dag.py took 0.576 seconds
[2026-09-17T18:28:21.229+0000] {processor.py:161} INFO - Started process (PID=4588) to work on /opt/airflow/dags/warehouse_dag.py
[2026-09-17T18:28:21.231+0000] {processor.py:830} INFO - Processing file /opt/airflow/dags/warehouse_dag.py for tasks to queue
[2026-09-17T18:28:21.235+0000] {logging_mixin.py:188} INFO - [2026-09-17T18:28:21.234+0000] {dagbag.py:545} INFO - Filling up the DagBag from /opt/airflow/dags/warehouse_dag.py
[2026-09-17T18:28:21.741+0000] {processor.py:840} INFO - DAG(s) 'youtube_warehouse' retrieved from /opt/airflow/dags/warehouse_dag.py
[2026-09-17T18:28:21.787+0000] {logging_mixin.py:188} INFO - [2026-09-17T18:28:21.786+0000] {dag.py:3096} INFO - Sync 1 DAGs
[2026-09-17T18:28:21.800+0000] {logging_mixin.py:188} INFO - [2026-09-17T18:28:21.799+0000] {dag.py:3954} INFO - Setting next_dagrun for youtube_warehouse to None, run_after=None
[2026-09-17T18:28:21.842+0000] {processor.py:183} INFO - Processing /opt/airflow/dags/warehouse_dag.py took 0.620 seconds
[2026-09-17T18:28:52.014+0000] {processor.py:161} INFO - Started process (PID=4603) to work on /opt/airflow/dags/warehouse_dag.py
[2026-09-17T18:28:52.017+0000] {processor.py:830} INFO - Processing file /opt/airflow/dags/warehouse_dag.py for tasks to queue
[2026-09-17T18:28:52.020+0000] {logging_mixin.py:188} INFO - [2026-09-17T18:28:52.020+0000] {dagbag.py:545} INFO - Filling up the DagBag from /opt/airflow/dags/warehouse_dag.py
[2026-09-17T18:28:52.666+0000] {processor.py:840} INFO - DAG(s) 'youtube_warehouse' retrieved from /opt/airflow/dags/warehouse_dag.py
[2026-09-17T18:28:52.687+0000] {logging_mixin.py:188} INFO - [2026-09-17T18:28:52.686+0000] {dag.py:3096} INFO - Sync 1 DAGs
[2026-09-17T18:28:52.700+0000] {logging_mixin.py:188} INFO - [2026-09-17T18:28:52.699+0000] {dag.py:3954} INFO - Setting next_dagrun for youtube_warehouse to None, run_after=None
[2026-09-17T18:28:52.747+0000] {processor.py:183} INFO - Processing /opt/airflow/dags/warehouse_dag.py took 0.744 seconds
[2026-09-17T18:29:23.175+0000] {processor.py:161} INFO - Started process (PID=4612) to work on /opt/airflow/dags/warehouse_dag.py
[2026-09-17T18:29:23.177+0000] {processor.py:830} INFO - Processing file /opt/airflow/dags/warehouse_dag.py for tasks to queue
[2026-09-17T18:29:23.180+0000] {logging_mixin.py:188} INFO - [2026-09-17T18:29:23.180+0000] {dagbag.py:545} INFO - Filling up the DagBag from /opt/airflow/dags/warehouse_dag.py
[2026-09-17T18:29:23.667+0000] {processor.py:840} INFO - DAG(s) 'youtube_warehouse' retrieved from /opt/airflow/dags/warehouse_dag.py
[2026-09-17T18:29:23.689+0000] {logging_mixin.py:188} INFO - [2026-09-17T18:29:23.689+0000] {dag.py:3096} INFO - Sync 1 DAGs
[2026-09-17T18:29:23.701+0000] {logging_mixin.py:188} INFO - [2026-09-17T18:29:23.701+0000] {dag.py:3954} INFO - Setting next_dagrun for youtube_warehouse to None, run_after=None
[2026-09-17T18:29:23.742+0000] {processor.py:183} INFO - Processing /opt/airflow/dags/warehouse_dag.py took 0.574 seconds
[2026-09-17T18:29:53.905+0000] {processor.py:161} INFO - Started process (PID=4621) to work on /opt/airflow/dags/warehouse_dag.py
[2026-09-17T18:29:53.906+0000] {processor.py:830} INFO - Processing file /opt/airflow/dags/warehouse_dag.py for tasks to queue
[2026-09-17T18:29:53.909+0000] {logging_mixin.py:188} INFO - [2026-09-17T18:29:53.909+0000] {dagbag.py:545} INFO - Filling up the DagBag from /opt/airflow/dags/warehouse_dag.py
[2026-09-17T18:29:54.329+0000] {processor.py:840} INFO - DAG(s) 'youtube_warehouse' retrieved from /opt/airflow/dags/warehouse_dag.py
[2026-09-17T18:29:54.347+0000] {logging_mixin.py:188} INFO - [2026-09-17T18:29:54.347+0000] {dag.py:3096} INFO - Sync 1 DAGs
[2026-09-17T18:29:54.357+0000] {logging_mixin.py:188} INFO - [2026-09-17T18:29:54.357+0000] {dag.py:3954} INFO - Setting next_dagrun for youtube_warehouse to None, run_after=None
[2026-09-17T18:29:54.378+0000] {processor.py:183} INFO - Processing /opt/airflow/dags/warehouse_dag.py took 0.482 seconds
[2026-09-17T18:30:25.274+0000] {processor.py:161} INFO - Started process (PID=4631) to work on /opt/airflow/dags/warehouse_dag.py
[2026-09-17T18:30:25.279+0000] {processor.py:830} INFO - Processing file /opt/airflow/dags/warehouse_dag.py for tasks to queue
[2026-09-17T18:30:25.286+0000] {logging_mixin.py:188} INFO - [2026-09-17T18:30:25.284+0000] {dagbag.py:545} INFO - Filling up the DagBag from /opt/airflow/dags/warehouse_dag.py
[2026-09-17T18:30:25.976+0000] {processor.py:840} INFO - DAG(s) 'youtube_warehouse' retrieved from /opt/airflow/dags/warehouse_dag.py
[2026-09-17T18:30:25.998+0000] {logging_mixin.py:188} INFO - [2026-09-17T18:30:25.997+0000] {dag.py:3096} INFO - Sync 1 DAGs
[2026-09-17T18:30:26.012+0000] {logging_mixin.py:188} INFO - [2026-09-17T18:30:26.011+0000] {dag.py:3954} INFO - Setting next_dagrun for youtube_warehouse to None, run_after=None
[2026-09-17T18:30:26.038+0000] {processor.py:183} INFO - Processing /opt/airflow/dags/warehouse_dag.py took 0.790 seconds
[2026-09-17T18:30:56.717+0000] {processor.py:161} INFO - Started process (PID=4640) to work on /opt/airflow/dags/warehouse_dag.py
[2026-09-17T18:30:56.719+0000] {processor.py:830} INFO - Processing file /opt/airflow/dags/warehouse_dag.py for tasks to queue
[2026-09-17T18:30:56.722+0000] {logging_mixin.py:188} INFO - [2026-09-17T18:30:56.721+0000] {dagbag.py:545} INFO - Filling up the DagBag from /opt/airflow/dags/warehouse_dag.py
[2026-09-17T18:30:57.149+0000] {processor.py:840} INFO - DAG(s) 'youtube_warehouse' retrieved from /opt/airflow/dags/warehouse_dag.py
[2026-09-17T18:30:57.178+0000] {logging_mixin.py:188} INFO - [2026-09-17T18:30:57.178+0000] {dag.py:3096} INFO - Sync 1 DAGs
[2026-09-17T18:30:57.190+0000] {logging_mixin.py:188} INFO - [2026-09-17T18:30:57.190+0000] {dag.py:3954} INFO - Setting next_dagrun for youtube_warehouse to None, run_after=None
[2026-09-17T18:30:57.234+0000] {processor.py:183} INFO - Processing /opt/airflow/dags/warehouse_dag.py took 0.524 seconds
[2026-09-17T18:31:27.403+0000] {processor.py:161} INFO - Started process (PID=4649) to work on /opt/airflow/dags/warehouse_dag.py
[2026-09-17T18:31:27.405+0000] {processor.py:830} INFO - Processing file /opt/airflow/dags/warehouse_dag.py for tasks to queue
[2026-09-17T18:31:27.408+0000] {logging_mixin.py:188} INFO - [2026-09-17T18:31:27.407+0000] {dagbag.py:545} INFO - Filling up the DagBag from /opt/airflow/dags/warehouse_dag.py
[2026-09-17T18:31:27.857+0000] {processor.py:840} INFO - DAG(s) 'youtube_warehouse' retrieved from /opt/airflow/dags/warehouse_dag.py
[2026-09-17T18:31:27.875+0000] {logging_mixin.py:188} INFO - [2026-09-17T18:31:27.874+0000] {dag.py:3096} INFO - Sync 1 DAGs
[2026-09-17T18:31:27.885+0000] {logging_mixin.py:188} INFO - [2026-09-17T18:31:27.885+0000] {dag.py:3954} INFO - Setting next_dagrun for youtube_warehouse to None, run_after=None
[2026-09-17T18:31:27.906+0000] {processor.py:183} INFO - Processing /opt/airflow/dags/warehouse_dag.py took 0.509 seconds
[2026-09-17T18:31:58.756+0000] {processor.py:161} INFO - Started process (PID=4658) to work on /opt/airflow/dags/warehouse_dag.py
[2026-09-17T18:31:58.757+0000] {processor.py:830} INFO - Processing file /opt/airflow/dags/warehouse_dag.py for tasks to queue
[2026-09-17T18:31:58.760+0000] {logging_mixin.py:188} INFO - [2026-09-17T18:31:58.760+0000] {dagbag.py:545} INFO - Filling up the DagBag from /opt/airflow/dags/warehouse_dag.py
[2026-09-17T18:31:59.197+0000] {processor.py:840} INFO - DAG(s) 'youtube_warehouse' retrieved from /opt/airflow/dags/warehouse_dag.py
[2026-09-17T18:31:59.218+0000] {logging_mixin.py:188} INFO - [2026-09-17T18:31:59.218+0000] {dag.py:3096} INFO - Sync 1 DAGs
[2026-09-17T18:31:59.227+0000] {logging_mixin.py:188} INFO - [2026-09-17T18:31:59.227+0000] {dag.py:3954} INFO - Setting next_dagrun for youtube_warehouse to None, run_after=None
[2026-09-17T18:31:59.265+0000] {processor.py:183} INFO - Processing /opt/airflow/dags/warehouse_dag.py took 0.515 seconds
[2026-09-17T18:32:29.483+0000] {processor.py:161} INFO - Started process (PID=4667) to work on /opt/airflow/dags/warehouse_dag.py
[2026-09-17T18:32:29.485+0000] {processor.py:830} INFO - Processing file /opt/airflow/dags/warehouse_dag.py for tasks to queue
[2026-09-17T18:32:29.487+0000] {logging_mixin.py:188} INFO - [2026-09-17T18:32:29.487+0000] {dagbag.py:545} INFO - Filling up the DagBag from /opt/airflow/dags/warehouse_dag.py
[2026-09-17T18:32:29.940+0000] {processor.py:840} INFO - DAG(s) 'youtube_warehouse' retrieved from /opt/airflow/dags/warehouse_dag.py
[2026-09-17T18:32:29.969+0000] {logging_mixin.py:188} INFO - [2026-09-17T18:32:29.969+0000] {dag.py:3096} INFO - Sync 1 DAGs
[2026-09-17T18:32:29.979+0000] {logging_mixin.py:188} INFO - [2026-09-17T18:32:29.979+0000] {dag.py:3954} INFO - Setting next_dagrun for youtube_warehouse to None, run_after=None
[2026-09-17T18:32:30.024+0000] {processor.py:183} INFO - Processing /opt/airflow/dags/warehouse_dag.py took 0.547 seconds
[2026-09-17T18:33:00.845+0000] {processor.py:161} INFO - Started process (PID=4676) to work on /opt/airflow/dags/warehouse_dag.py
[2026-09-17T18:33:00.847+0000] {processor.py:830} INFO - Processing file /opt/airflow/dags/warehouse_dag.py for tasks to queue
[2026-09-17T18:33:00.849+0000] {logging_mixin.py:188} INFO - [2026-09-17T18:33:00.849+0000] {dagbag.py:545} INFO - Filling up the DagBag from /opt/airflow/dags/warehouse_dag.py
[2026-09-17T18:33:01.260+0000] {processor.py:840} INFO - DAG(s) 'youtube_warehouse' retrieved from /opt/airflow/dags/warehouse_dag.py
[2026-09-17T18:33:01.277+0000] {logging_mixin.py:188} INFO - [2026-09-17T18:33:01.277+0000] {dag.py:3096} INFO - Sync 1 DAGs
[2026-09-17T18:33:01.286+0000] {logging_mixin.py:188} INFO - [2026-09-17T18:33:01.286+0000] {dag.py:3954} INFO - Setting next_dagrun for youtube_warehouse to None, run_after=None
[2026-09-17T18:33:01.316+0000] {processor.py:183} INFO - Processing /opt/airflow/dags/warehouse_dag.py took 0.477 seconds
[2026-09-17T18:33:31.518+0000] {processor.py:161} INFO - Started process (PID=4685) to work on /opt/airflow/dags/warehouse_dag.py
[2026-09-17T18:33:31.520+0000] {processor.py:830} INFO - Processing file /opt/airflow/dags/warehouse_dag.py for tasks to queue
[2026-09-17T18:33:31.522+0000] {logging_mixin.py:188} INFO - [2026-09-17T18:33:31.522+0000] {dagbag.py:545} INFO - Filling up the DagBag from /opt/airflow/dags/warehouse_dag.py
[2026-09-17T18:33:31.980+0000] {processor.py:840} INFO - DAG(s) 'youtube_warehouse' retrieved from /opt/airflow/dags/warehouse_dag.py
[2026-09-17T18:33:31.999+0000] {logging_mixin.py:188} INFO - [2026-09-17T18:33:31.998+0000] {dag.py:3096} INFO - Sync 1 DAGs
[2026-09-17T18:33:32.009+0000] {logging_mixin.py:188} INFO - [2026-09-17T18:33:32.009+0000] {dag.py:3954} INFO - Setting next_dagrun for youtube_warehouse to None, run_after=None
[2026-09-17T18:33:32.031+0000] {processor.py:183} INFO - Processing /opt/airflow/dags/warehouse_dag.py took 0.520 seconds
[2026-09-17T18:34:02.837+0000] {processor.py:161} INFO - Started process (PID=4694) to work on /opt/airflow/dags/warehouse_dag.py
[2026-09-17T18:34:02.840+0000] {processor.py:830} INFO - Processing file /opt/airflow/dags/warehouse_dag.py for tasks to queue
[2026-09-17T18:34:02.844+0000] {logging_mixin.py:188} INFO - [2026-09-17T18:34:02.843+0000] {dagbag.py:545} INFO - Filling up the DagBag from /opt/airflow/dags/warehouse_dag.py
[2026-09-17T18:34:03.301+0000] {processor.py:840} INFO - DAG(s) 'youtube_warehouse' retrieved from /opt/airflow/dags/warehouse_dag.py
[2026-09-17T18:34:03.322+0000] {logging_mixin.py:188} INFO - [2026-09-17T18:34:03.322+0000] {dag.py:3096} INFO - Sync 1 DAGs
[2026-09-17T18:34:03.337+0000] {logging_mixin.py:188} INFO - [2026-09-17T18:34:03.337+0000] {dag.py:3954} INFO - Setting next_dagrun for youtube_warehouse to None, run_after=None
[2026-09-17T18:34:03.371+0000] {processor.py:183} INFO - Processing /opt/airflow/dags/warehouse_dag.py took 0.540 seconds
[2026-09-17T18:34:33.507+0000] {processor.py:161} INFO - Started process (PID=4703) to work on /opt/airflow/dags/warehouse_dag.py
[2026-09-17T18:34:33.509+0000] {processor.py:830} INFO - Processing file /opt/airflow/dags/warehouse_dag.py for tasks to queue
[2026-09-17T18:34:33.512+0000] {logging_mixin.py:188} INFO - [2026-09-17T18:34:33.511+0000] {dagbag.py:545} INFO - Filling up the DagBag from /opt/airflow/dags/warehouse_dag.py
[2026-09-17T18:34:33.918+0000] {processor.py:840} INFO - DAG(s) 'youtube_warehouse' retrieved from /opt/airflow/dags/warehouse_dag.py
[2026-09-17T18:34:33.937+0000] {logging_mixin.py:188} INFO - [2026-09-17T18:34:33.937+0000] {dag.py:3096} INFO - Sync 1 DAGs
[2026-09-17T18:34:33.948+0000] {logging_mixin.py:188} INFO - [2026-09-17T18:34:33.948+0000] {dag.py:3954} INFO - Setting next_dagrun for youtube_warehouse to None, run_after=None
[2026-09-17T18:34:33.983+0000] {processor.py:183} INFO - Processing /opt/airflow/dags/warehouse_dag.py took 0.481 seconds
[2026-09-17T18:35:04.843+0000] {processor.py:161} INFO - Started process (PID=4712) to work on /opt/airflow/dags/warehouse_dag.py
[2026-09-17T18:35:04.845+0000] {processor.py:830} INFO - Processing file /opt/airflow/dags/warehouse_dag.py for tasks to queue
[2026-09-17T18:35:04.847+0000] {logging_mixin.py:188} INFO - [2026-09-17T18:35:04.847+0000] {dagbag.py:545} INFO - Filling up the DagBag from /opt/airflow/dags/warehouse_dag.py
[2026-09-17T18:35:05.302+0000] {processor.py:840} INFO - DAG(s) 'youtube_warehouse' retrieved from /opt/airflow/dags/warehouse_dag.py
[2026-09-17T18:35:05.319+0000] {logging_mixin.py:188} INFO - [2026-09-17T18:35:05.319+0000] {dag.py:3096} INFO - Sync 1 DAGs
[2026-09-17T18:35:05.329+0000] {logging_mixin.py:188} INFO - [2026-09-17T18:35:05.329+0000] {dag.py:3954} INFO - Setting next_dagrun for youtube_warehouse to None, run_after=None
[2026-09-17T18:35:05.367+0000] {processor.py:183} INFO - Processing /opt/airflow/dags/warehouse_dag.py took 0.530 seconds
[2026-09-17T18:35:35.513+0000] {processor.py:161} INFO - Started process (PID=4721) to work on /opt/airflow/dags/warehouse_dag.py
[2026-09-17T18:35:35.516+0000] {processor.py:830} INFO - Processing file /opt/airflow/dags/warehouse_dag.py for tasks to queue
[2026-09-17T18:35:35.521+0000] {logging_mixin.py:188} INFO - [2026-09-17T18:35:35.520+0000] {dagbag.py:545} INFO - Filling up the DagBag from /opt/airflow/dags/warehouse_dag.py
[2026-09-17T18:35:35.934+0000] {processor.py:840} INFO - DAG(s) 'youtube_warehouse' retrieved from /opt/airflow/dags/warehouse_dag.py
[2026-09-17T18:35:35.950+0000] {logging_mixin.py:188} INFO - [2026-09-17T18:35:35.950+0000] {dag.py:3096} INFO - Sync 1 DAGs
[2026-09-17T18:35:35.961+0000] {logging_mixin.py:188} INFO - [2026-09-17T18:35:35.961+0000] {dag.py:3954} INFO - Setting next_dagrun for youtube_warehouse to None, run_after=None
[2026-09-17T18:35:36.011+0000] {processor.py:183} INFO - Processing /opt/airflow/dags/warehouse_dag.py took 0.506 seconds
[2026-09-17T18:36:06.856+0000] {processor.py:161} INFO - Started process (PID=4730) to work on /opt/airflow/dags/warehouse_dag.py
[2026-09-17T18:36:06.858+0000] {processor.py:830} INFO - Processing file /opt/airflow/dags/warehouse_dag.py for tasks to queue
[2026-09-17T18:36:06.860+0000] {logging_mixin.py:188} INFO - [2026-09-17T18:36:06.860+0000] {dagbag.py:545} INFO - Filling up the DagBag from /opt/airflow/dags/warehouse_dag.py
[2026-09-17T18:36:07.301+0000] {processor.py:840} INFO - DAG(s) 'youtube_warehouse' retrieved from /opt/airflow/dags/warehouse_dag.py
[2026-09-17T18:36:07.338+0000] {logging_mixin.py:188} INFO - [2026-09-17T18:36:07.337+0000] {dag.py:3096} INFO - Sync 1 DAGs
[2026-09-17T18:36:07.348+0000] {logging_mixin.py:188} INFO - [2026-09-17T18:36:07.348+0000] {dag.py:3954} INFO - Setting next_dagrun for youtube_warehouse to None, run_after=None
[2026-09-17T18:36:07.390+0000] {processor.py:183} INFO - Processing /opt/airflow/dags/warehouse_dag.py took 0.540 seconds
[2026-09-17T18:36:37.546+0000] {processor.py:161} INFO - Started process (PID=4739) to work on /opt/airflow/dags/warehouse_dag.py
[2026-09-17T18:36:37.548+0000] {processor.py:830} INFO - Processing file /opt/airflow/dags/warehouse_dag.py for tasks to queue
[2026-09-17T18:36:37.550+0000] {logging_mixin.py:188} INFO - [2026-09-17T18:36:37.550+0000] {dagbag.py:545} INFO - Filling up the DagBag from /opt/airflow/dags/warehouse_dag.py
[2026-09-17T18:36:38.012+0000] {processor.py:840} INFO - DAG(s) 'youtube_warehouse' retrieved from /opt/airflow/dags/warehouse_dag.py
[2026-09-17T18:36:38.030+0000] {logging_mixin.py:188} INFO - [2026-09-17T18:36:38.029+0000] {dag.py:3096} INFO - Sync 1 DAGs
[2026-09-17T18:36:38.040+0000] {logging_mixin.py:188} INFO - [2026-09-17T18:36:38.040+0000] {dag.py:3954} INFO - Setting next_dagrun for youtube_warehouse to None, run_after=None
[2026-09-17T18:36:38.086+0000] {processor.py:183} INFO - Processing /opt/airflow/dags/warehouse_dag.py took 0.545 seconds
[2026-09-17T18:37:08.898+0000] {processor.py:161} INFO - Started process (PID=4748) to work on /opt/airflow/dags/warehouse_dag.py
[2026-09-17T18:37:08.901+0000] {processor.py:830} INFO - Processing file /opt/airflow/dags/warehouse_dag.py for tasks to queue
[2026-09-17T18:37:08.903+0000] {logging_mixin.py:188} INFO - [2026-09-17T18:37:08.903+0000] {dagbag.py:545} INFO - Filling up the DagBag from /opt/airflow/dags/warehouse_dag.py
[2026-09-17T18:37:09.306+0000] {processor.py:840} INFO - DAG(s) 'youtube_warehouse' retrieved from /opt/airflow/dags/warehouse_dag.py
[2026-09-17T18:37:09.324+0000] {logging_mixin.py:188} INFO - [2026-09-17T18:37:09.323+0000] {dag.py:3096} INFO - Sync 1 DAGs
[2026-09-17T18:37:09.334+0000] {logging_mixin.py:188} INFO - [2026-09-17T18:37:09.334+0000] {dag.py:3954} INFO - Setting next_dagrun for youtube_warehouse to None, run_after=None
[2026-09-17T18:37:09.359+0000] {processor.py:183} INFO - Processing /opt/airflow/dags/warehouse_dag.py took 0.467 seconds
[2026-09-17T18:37:39.447+0000] {processor.py:161} INFO - Started process (PID=4757) to work on /opt/airflow/dags/warehouse_dag.py
[2026-09-17T18:37:39.450+0000] {processor.py:830} INFO - Processing file /opt/airflow/dags/warehouse_dag.py for tasks to queue
[2026-09-17T18:37:39.453+0000] {logging_mixin.py:188} INFO - [2026-09-17T18:37:39.452+0000] {dagbag.py:545} INFO - Filling up the DagBag from /opt/airflow/dags/warehouse_dag.py
[2026-09-17T18:37:39.850+0000] {processor.py:840} INFO - DAG(s) 'youtube_warehouse' retrieved from /opt/airflow/dags/warehouse_dag.py
[2026-09-17T18:37:39.866+0000] {logging_mixin.py:188} INFO - [2026-09-17T18:37:39.866+0000] {dag.py:3096} INFO - Sync 1 DAGs
[2026-09-17T18:37:39.876+0000] {logging_mixin.py:188} INFO - [2026-09-17T18:37:39.876+0000] {dag.py:3954} INFO - Setting next_dagrun for youtube_warehouse to None, run_after=None
[2026-09-17T18:37:39.919+0000] {processor.py:183} INFO - Processing /opt/airflow/dags/warehouse_dag.py took 0.478 seconds
[2026-09-17T18:38:10.185+0000] {processor.py:161} INFO - Started process (PID=4766) to work on /opt/airflow/dags/warehouse_dag.py
[2026-09-17T18:38:10.187+0000] {processor.py:830} INFO - Processing file /opt/airflow/dags/warehouse_dag.py for tasks to queue
[2026-09-17T18:38:10.190+0000] {logging_mixin.py:188} INFO - [2026-09-17T18:38:10.190+0000] {dagbag.py:545} INFO - Filling up the DagBag from /opt/airflow/dags/warehouse_dag.py
[2026-09-17T18:38:10.645+0000] {processor.py:840} INFO - DAG(s) 'youtube_warehouse' retrieved from /opt/airflow/dags/warehouse_dag.py
[2026-09-17T18:38:10.673+0000] {logging_mixin.py:188} INFO - [2026-09-17T18:38:10.672+0000] {dag.py:3096} INFO - Sync 1 DAGs
[2026-09-17T18:38:10.682+0000] {logging_mixin.py:188} INFO - [2026-09-17T18:38:10.682+0000] {dag.py:3954} INFO - Setting next_dagrun for youtube_warehouse to None, run_after=None
[2026-09-17T18:38:10.728+0000] {processor.py:183} INFO - Processing /opt/airflow/dags/warehouse_dag.py took 0.550 seconds
[2026-09-17T18:38:41.615+0000] {processor.py:161} INFO - Started process (PID=4775) to work on /opt/airflow/dags/warehouse_dag.py
[2026-09-17T18:38:41.617+0000] {processor.py:830} INFO - Processing file /opt/airflow/dags/warehouse_dag.py for tasks to queue
[2026-09-17T18:38:41.620+0000] {logging_mixin.py:188} INFO - [2026-09-17T18:38:41.620+0000] {dagbag.py:545} INFO - Filling up the DagBag from /opt/airflow/dags/warehouse_dag.py
[2026-09-17T18:38:42.083+0000] {processor.py:840} INFO - DAG(s) 'youtube_warehouse' retrieved from /opt/airflow/dags/warehouse_dag.py
[2026-09-17T18:38:42.102+0000] {logging_mixin.py:188} INFO - [2026-09-17T18:38:42.101+0000] {dag.py:3096} INFO - Sync 1 DAGs
[2026-09-17T18:38:42.111+0000] {logging_mixin.py:188} INFO - [2026-09-17T18:38:42.111+0000] {dag.py:3954} INFO - Setting next_dagrun for youtube_warehouse to None, run_after=None
[2026-09-17T18:38:42.150+0000] {processor.py:183} INFO - Processing /opt/airflow/dags/warehouse_dag.py took 0.541 seconds
[2026-09-17T18:39:12.248+0000] {processor.py:161} INFO - Started process (PID=4785) to work on /opt/airflow/dags/warehouse_dag.py
[2026-09-17T18:39:12.250+0000] {processor.py:830} INFO - Processing file /opt/airflow/dags/warehouse_dag.py for tasks to queue
[2026-09-17T18:39:12.253+0000] {logging_mixin.py:188} INFO - [2026-09-17T18:39:12.253+0000] {dagbag.py:545} INFO - Filling up the DagBag from /opt/airflow/dags/warehouse_dag.py
[2026-09-17T18:39:12.680+0000] {processor.py:840} INFO - DAG(s) 'youtube_warehouse' retrieved from /opt/airflow/dags/warehouse_dag.py
[2026-09-17T18:39:12.698+0000] {logging_mixin.py:188} INFO - [2026-09-17T18:39:12.698+0000] {dag.py:3096} INFO - Sync 1 DAGs
[2026-09-17T18:39:12.707+0000] {logging_mixin.py:188} INFO - [2026-09-17T18:39:12.707+0000] {dag.py:3954} INFO - Setting next_dagrun for youtube_warehouse to None, run_after=None
[2026-09-17T18:39:12.747+0000] {processor.py:183} INFO - Processing /opt/airflow/dags/warehouse_dag.py took 0.504 seconds
[2026-09-17T18:39:43.581+0000] {processor.py:161} INFO - Started process (PID=4794) to work on /opt/airflow/dags/warehouse_dag.py
[2026-09-17T18:39:43.583+0000] {processor.py:830} INFO - Processing file /opt/airflow/dags/warehouse_dag.py for tasks to queue
[2026-09-17T18:39:43.587+0000] {logging_mixin.py:188} INFO - [2026-09-17T18:39:43.586+0000] {dagbag.py:545} INFO - Filling up the DagBag from /opt/airflow/dags/warehouse_dag.py
[2026-09-17T18:39:44.028+0000] {processor.py:840} INFO - DAG(s) 'youtube_warehouse' retrieved from /opt/airflow/dags/warehouse_dag.py
[2026-09-17T18:39:44.052+0000] {logging_mixin.py:188} INFO - [2026-09-17T18:39:44.052+0000] {dag.py:3096} INFO - Sync 1 DAGs
[2026-09-17T18:39:44.064+0000] {logging_mixin.py:188} INFO - [2026-09-17T18:39:44.064+0000] {dag.py:3954} INFO - Setting next_dagrun for youtube_warehouse to None, run_after=None
[2026-09-17T18:39:44.096+0000] {processor.py:183} INFO - Processing /opt/airflow/dags/warehouse_dag.py took 0.522 seconds
[2026-09-17T18:40:14.300+0000] {processor.py:161} INFO - Started process (PID=4803) to work on /opt/airflow/dags/warehouse_dag.py
[2026-09-17T18:40:14.301+0000] {processor.py:830} INFO - Processing file /opt/airflow/dags/warehouse_dag.py for tasks to queue
[2026-09-17T18:40:14.304+0000] {logging_mixin.py:188} INFO - [2026-09-17T18:40:14.304+0000] {dagbag.py:545} INFO - Filling up the DagBag from /opt/airflow/dags/warehouse_dag.py
[2026-09-17T18:40:14.713+0000] {processor.py:840} INFO - DAG(s) 'youtube_warehouse' retrieved from /opt/airflow/dags/warehouse_dag.py
[2026-09-17T18:40:14.731+0000] {logging_mixin.py:188} INFO - [2026-09-17T18:40:14.731+0000] {dag.py:3096} INFO - Sync 1 DAGs
[2026-09-17T18:40:14.740+0000] {logging_mixin.py:188} INFO - [2026-09-17T18:40:14.740+0000] {dag.py:3954} INFO - Setting next_dagrun for youtube_warehouse to None, run_after=None
[2026-09-17T18:40:14.781+0000] {processor.py:183} INFO - Processing /opt/airflow/dags/warehouse_dag.py took 0.487 seconds
[2026-09-17T18:40:45.644+0000] {processor.py:161} INFO - Started process (PID=4812) to work on /opt/airflow/dags/warehouse_dag.py
[2026-09-17T18:40:45.647+0000] {processor.py:830} INFO - Processing file /opt/airflow/dags/warehouse_dag.py for tasks to queue
[2026-09-17T18:40:45.650+0000] {logging_mixin.py:188} INFO - [2026-09-17T18:40:45.649+0000] {dagbag.py:545} INFO - Filling up the DagBag from /opt/airflow/dags/warehouse_dag.py
[2026-09-17T18:40:46.092+0000] {processor.py:840} INFO - DAG(s) 'youtube_warehouse' retrieved from /opt/airflow/dags/warehouse_dag.py
[2026-09-17T18:40:46.125+0000] {logging_mixin.py:188} INFO - [2026-09-17T18:40:46.125+0000] {dag.py:3096} INFO - Sync 1 DAGs
[2026-09-17T18:40:46.135+0000] {logging_mixin.py:188} INFO - [2026-09-17T18:40:46.135+0000] {dag.py:3954} INFO - Setting next_dagrun for youtube_warehouse to None, run_after=None
[2026-09-17T18:40:46.187+0000] {processor.py:183} INFO - Processing /opt/airflow/dags/warehouse_dag.py took 0.551 seconds
[2026-09-17T18:41:16.310+0000] {processor.py:161} INFO - Started process (PID=4821) to work on /opt/airflow/dags/warehouse_dag.py
[2026-09-17T18:41:16.312+0000] {processor.py:830} INFO - Processing file /opt/airflow/dags/warehouse_dag.py for tasks to queue
[2026-09-17T18:41:16.315+0000] {logging_mixin.py:188} INFO - [2026-09-17T18:41:16.315+0000] {dagbag.py:545} INFO - Filling up the DagBag from /opt/airflow/dags/warehouse_dag.py
[2026-09-17T18:41:16.739+0000] {processor.py:840} INFO - DAG(s) 'youtube_warehouse' retrieved from /opt/airflow/dags/warehouse_dag.py
[2026-09-17T18:41:16.757+0000] {logging_mixin.py:188} INFO - [2026-09-17T18:41:16.757+0000] {dag.py:3096} INFO - Sync 1 DAGs
[2026-09-17T18:41:16.768+0000] {logging_mixin.py:188} INFO - [2026-09-17T18:41:16.767+0000] {dag.py:3954} INFO - Setting next_dagrun for youtube_warehouse to None, run_after=None
[2026-09-17T18:41:16.804+0000] {processor.py:183} INFO - Processing /opt/airflow/dags/warehouse_dag.py took 0.502 seconds
[2026-09-17T18:41:47.672+0000] {processor.py:161} INFO - Started process (PID=4830) to work on /opt/airflow/dags/warehouse_dag.py
[2026-09-17T18:41:47.673+0000] {processor.py:830} INFO - Processing file /opt/airflow/dags/warehouse_dag.py for tasks to queue
[2026-09-17T18:41:47.676+0000] {logging_mixin.py:188} INFO - [2026-09-17T18:41:47.676+0000] {dagbag.py:545} INFO - Filling up the DagBag from /opt/airflow/dags/warehouse_dag.py
[2026-09-17T18:41:48.137+0000] {processor.py:840} INFO - DAG(s) 'youtube_warehouse' retrieved from /opt/airflow/dags/warehouse_dag.py
[2026-09-17T18:41:48.159+0000] {logging_mixin.py:188} INFO - [2026-09-17T18:41:48.158+0000] {dag.py:3096} INFO - Sync 1 DAGs
[2026-09-17T18:41:48.169+0000] {logging_mixin.py:188} INFO - [2026-09-17T18:41:48.169+0000] {dag.py:3954} INFO - Setting next_dagrun for youtube_warehouse to None, run_after=None
[2026-09-17T18:41:48.211+0000] {processor.py:183} INFO - Processing /opt/airflow/dags/warehouse_dag.py took 0.546 seconds
[2026-09-17T18:42:18.327+0000] {processor.py:161} INFO - Started process (PID=4839) to work on /opt/airflow/dags/warehouse_dag.py
[2026-09-17T18:42:18.329+0000] {processor.py:830} INFO - Processing file /opt/airflow/dags/warehouse_dag.py for tasks to queue
[2026-09-17T18:42:18.332+0000] {logging_mixin.py:188} INFO - [2026-09-17T18:42:18.332+0000] {dagbag.py:545} INFO - Filling up the DagBag from /opt/airflow/dags/warehouse_dag.py
[2026-09-17T18:42:18.751+0000] {processor.py:840} INFO - DAG(s) 'youtube_warehouse' retrieved from /opt/airflow/dags/warehouse_dag.py
[2026-09-17T18:42:18.776+0000] {logging_mixin.py:188} INFO - [2026-09-17T18:42:18.776+0000] {dag.py:3096} INFO - Sync 1 DAGs
[2026-09-17T18:42:18.789+0000] {logging_mixin.py:188} INFO - [2026-09-17T18:42:18.789+0000] {dag.py:3954} INFO - Setting next_dagrun for youtube_warehouse to None, run_after=None
[2026-09-17T18:42:18.809+0000] {processor.py:183} INFO - Processing /opt/airflow/dags/warehouse_dag.py took 0.487 seconds
[2026-09-17T18:42:49.697+0000] {processor.py:161} INFO - Started process (PID=4848) to work on /opt/airflow/dags/warehouse_dag.py
[2026-09-17T18:42:49.699+0000] {processor.py:830} INFO - Processing file /opt/airflow/dags/warehouse_dag.py for tasks to queue
[2026-09-17T18:42:49.701+0000] {logging_mixin.py:188} INFO - [2026-09-17T18:42:49.701+0000] {dagbag.py:545} INFO - Filling up the DagBag from /opt/airflow/dags/warehouse_dag.py
[2026-09-17T18:42:50.122+0000] {processor.py:840} INFO - DAG(s) 'youtube_warehouse' retrieved from /opt/airflow/dags/warehouse_dag.py
[2026-09-17T18:42:50.138+0000] {logging_mixin.py:188} INFO - [2026-09-17T18:42:50.138+0000] {dag.py:3096} INFO - Sync 1 DAGs
[2026-09-17T18:42:50.149+0000] {logging_mixin.py:188} INFO - [2026-09-17T18:42:50.148+0000] {dag.py:3954} INFO - Setting next_dagrun for youtube_warehouse to None, run_after=None
[2026-09-17T18:42:50.185+0000] {processor.py:183} INFO - Processing /opt/airflow/dags/warehouse_dag.py took 0.494 seconds
[2026-09-17T18:43:20.391+0000] {processor.py:161} INFO - Started process (PID=4857) to work on /opt/airflow/dags/warehouse_dag.py
[2026-09-17T18:43:20.393+0000] {processor.py:830} INFO - Processing file /opt/airflow/dags/warehouse_dag.py for tasks to queue
[2026-09-17T18:43:20.395+0000] {logging_mixin.py:188} INFO - [2026-09-17T18:43:20.395+0000] {dagbag.py:545} INFO - Filling up the DagBag from /opt/airflow/dags/warehouse_dag.py
[2026-09-17T18:43:20.820+0000] {processor.py:840} INFO - DAG(s) 'youtube_warehouse' retrieved from /opt/airflow/dags/warehouse_dag.py
[2026-09-17T18:43:20.854+0000] {logging_mixin.py:188} INFO - [2026-09-17T18:43:20.854+0000] {dag.py:3096} INFO - Sync 1 DAGs
[2026-09-17T18:43:20.886+0000] {logging_mixin.py:188} INFO - [2026-09-17T18:43:20.886+0000] {dag.py:3954} INFO - Setting next_dagrun for youtube_warehouse to None, run_after=None
[2026-09-17T18:43:20.903+0000] {processor.py:183} INFO - Processing /opt/airflow/dags/warehouse_dag.py took 0.518 seconds
[2026-09-17T18:43:51.728+0000] {processor.py:161} INFO - Started process (PID=4866) to work on /opt/airflow/dags/warehouse_dag.py
[2026-09-17T18:43:51.730+0000] {processor.py:830} INFO - Processing file /opt/airflow/dags/warehouse_dag.py for tasks to queue
[2026-09-17T18:43:51.734+0000] {logging_mixin.py:188} INFO - [2026-09-17T18:43:51.734+0000] {dagbag.py:545} INFO - Filling up the DagBag from /opt/airflow/dags/warehouse_dag.py
[2026-09-17T18:43:52.167+0000] {processor.py:840} INFO - DAG(s) 'youtube_warehouse' retrieved from /opt/airflow/dags/warehouse_dag.py
[2026-09-17T18:43:52.185+0000] {logging_mixin.py:188} INFO - [2026-09-17T18:43:52.184+0000] {dag.py:3096} INFO - Sync 1 DAGs
[2026-09-17T18:43:52.195+0000] {logging_mixin.py:188} INFO - [2026-09-17T18:43:52.195+0000] {dag.py:3954} INFO - Setting next_dagrun for youtube_warehouse to None, run_after=None
[2026-09-17T18:43:52.230+0000] {processor.py:183} INFO - Processing /opt/airflow/dags/warehouse_dag.py took 0.509 seconds
[2026-09-17T18:44:22.427+0000] {processor.py:161} INFO - Started process (PID=4875) to work on /opt/airflow/dags/warehouse_dag.py
[2026-09-17T18:44:22.428+0000] {processor.py:830} INFO - Processing file /opt/airflow/dags/warehouse_dag.py for tasks to queue
[2026-09-17T18:44:22.431+0000] {logging_mixin.py:188} INFO - [2026-09-17T18:44:22.431+0000] {dagbag.py:545} INFO - Filling up the DagBag from /opt/airflow/dags/warehouse_dag.py
[2026-09-17T18:44:22.850+0000] {processor.py:840} INFO - DAG(s) 'youtube_warehouse' retrieved from /opt/airflow/dags/warehouse_dag.py
[2026-09-17T18:44:22.867+0000] {logging_mixin.py:188} INFO - [2026-09-17T18:44:22.867+0000] {dag.py:3096} INFO - Sync 1 DAGs
[2026-09-17T18:44:22.878+0000] {logging_mixin.py:188} INFO - [2026-09-17T18:44:22.878+0000] {dag.py:3954} INFO - Setting next_dagrun for youtube_warehouse to None, run_after=None
[2026-09-17T18:44:22.920+0000] {processor.py:183} INFO - Processing /opt/airflow/dags/warehouse_dag.py took 0.500 seconds
[2026-09-17T18:44:53.747+0000] {processor.py:161} INFO - Started process (PID=4884) to work on /opt/airflow/dags/warehouse_dag.py
[2026-09-17T18:44:53.749+0000] {processor.py:830} INFO - Processing file /opt/airflow/dags/warehouse_dag.py for tasks to queue
[2026-09-17T18:44:53.753+0000] {logging_mixin.py:188} INFO - [2026-09-17T18:44:53.753+0000] {dagbag.py:545} INFO - Filling up the DagBag from /opt/airflow/dags/warehouse_dag.py
[2026-09-17T18:44:54.184+0000] {processor.py:840} INFO - DAG(s) 'youtube_warehouse' retrieved from /opt/airflow/dags/warehouse_dag.py
[2026-09-17T18:44:54.201+0000] {logging_mixin.py:188} INFO - [2026-09-17T18:44:54.201+0000] {dag.py:3096} INFO - Sync 1 DAGs
[2026-09-17T18:44:54.211+0000] {logging_mixin.py:188} INFO - [2026-09-17T18:44:54.211+0000] {dag.py:3954} INFO - Setting next_dagrun for youtube_warehouse to None, run_after=None
[2026-09-17T18:44:54.253+0000] {processor.py:183} INFO - Processing /opt/airflow/dags/warehouse_dag.py took 0.512 seconds
[2026-09-17T18:45:24.528+0000] {processor.py:161} INFO - Started process (PID=4899) to work on /opt/airflow/dags/warehouse_dag.py
[2026-09-17T18:45:24.530+0000] {processor.py:830} INFO - Processing file /opt/airflow/dags/warehouse_dag.py for tasks to queue
[2026-09-17T18:45:24.533+0000] {logging_mixin.py:188} INFO - [2026-09-17T18:45:24.532+0000] {dagbag.py:545} INFO - Filling up the DagBag from /opt/airflow/dags/warehouse_dag.py
[2026-09-17T18:45:24.933+0000] {processor.py:840} INFO - DAG(s) 'youtube_warehouse' retrieved from /opt/airflow/dags/warehouse_dag.py
[2026-09-17T18:45:24.951+0000] {logging_mixin.py:188} INFO - [2026-09-17T18:45:24.951+0000] {dag.py:3096} INFO - Sync 1 DAGs
[2026-09-17T18:45:24.961+0000] {logging_mixin.py:188} INFO - [2026-09-17T18:45:24.961+0000] {dag.py:3954} INFO - Setting next_dagrun for youtube_warehouse to None, run_after=None
[2026-09-17T18:45:24.989+0000] {processor.py:183} INFO - Processing /opt/airflow/dags/warehouse_dag.py took 0.468 seconds
[2026-09-17T18:45:55.816+0000] {processor.py:161} INFO - Started process (PID=4908) to work on /opt/airflow/dags/warehouse_dag.py
[2026-09-17T18:45:55.819+0000] {processor.py:830} INFO - Processing file /opt/airflow/dags/warehouse_dag.py for tasks to queue
[2026-09-17T18:45:55.822+0000] {logging_mixin.py:188} INFO - [2026-09-17T18:45:55.822+0000] {dagbag.py:545} INFO - Filling up the DagBag from /opt/airflow/dags/warehouse_dag.py
[2026-09-17T18:45:56.233+0000] {processor.py:840} INFO - DAG(s) 'youtube_warehouse' retrieved from /opt/airflow/dags/warehouse_dag.py
[2026-09-17T18:45:56.251+0000] {logging_mixin.py:188} INFO - [2026-09-17T18:45:56.250+0000] {dag.py:3096} INFO - Sync 1 DAGs
[2026-09-17T18:45:56.261+0000] {logging_mixin.py:188} INFO - [2026-09-17T18:45:56.260+0000] {dag.py:3954} INFO - Setting next_dagrun for youtube_warehouse to None, run_after=None
[2026-09-17T18:45:56.279+0000] {processor.py:183} INFO - Processing /opt/airflow/dags/warehouse_dag.py took 0.474 seconds
[2026-09-17T18:46:26.507+0000] {processor.py:161} INFO - Started process (PID=4917) to work on /opt/airflow/dags/warehouse_dag.py
[2026-09-17T18:46:26.508+0000] {processor.py:830} INFO - Processing file /opt/airflow/dags/warehouse_dag.py for tasks to queue
[2026-09-17T18:46:26.510+0000] {logging_mixin.py:188} INFO - [2026-09-17T18:46:26.510+0000] {dagbag.py:545} INFO - Filling up the DagBag from /opt/airflow/dags/warehouse_dag.py
[2026-09-17T18:46:26.958+0000] {processor.py:840} INFO - DAG(s) 'youtube_warehouse' retrieved from /opt/airflow/dags/warehouse_dag.py
[2026-09-17T18:46:26.974+0000] {logging_mixin.py:188} INFO - [2026-09-17T18:46:26.974+0000] {dag.py:3096} INFO - Sync 1 DAGs
[2026-09-17T18:46:26.985+0000] {logging_mixin.py:188} INFO - [2026-09-17T18:46:26.984+0000] {dag.py:3954} INFO - Setting next_dagrun for youtube_warehouse to None, run_after=None
[2026-09-17T18:46:27.015+0000] {processor.py:183} INFO - Processing /opt/airflow/dags/warehouse_dag.py took 0.514 seconds
[2026-09-17T18:46:57.911+0000] {processor.py:161} INFO - Started process (PID=4926) to work on /opt/airflow/dags/warehouse_dag.py
[2026-09-17T18:46:57.913+0000] {processor.py:830} INFO - Processing file /opt/airflow/dags/warehouse_dag.py for tasks to queue
[2026-09-17T18:46:57.916+0000] {logging_mixin.py:188} INFO - [2026-09-17T18:46:57.915+0000] {dagbag.py:545} INFO - Filling up the DagBag from /opt/airflow/dags/warehouse_dag.py
[2026-09-17T18:46:58.307+0000] {processor.py:840} INFO - DAG(s) 'youtube_warehouse' retrieved from /opt/airflow/dags/warehouse_dag.py
[2026-09-17T18:46:58.324+0000] {logging_mixin.py:188} INFO - [2026-09-17T18:46:58.324+0000] {dag.py:3096} INFO - Sync 1 DAGs
[2026-09-17T18:46:58.334+0000] {logging_mixin.py:188} INFO - [2026-09-17T18:46:58.334+0000] {dag.py:3954} INFO - Setting next_dagrun for youtube_warehouse to None, run_after=None
[2026-09-17T18:46:58.381+0000] {processor.py:183} INFO - Processing /opt/airflow/dags/warehouse_dag.py took 0.475 seconds
[2026-09-17T18:47:28.492+0000] {processor.py:161} INFO - Started process (PID=4934) to work on /opt/airflow/dags/warehouse_dag.py
[2026-09-17T18:47:28.494+0000] {processor.py:830} INFO - Processing file /opt/airflow/dags/warehouse_dag.py for tasks to queue
[2026-09-17T18:47:28.496+0000] {logging_mixin.py:188} INFO - [2026-09-17T18:47:28.496+0000] {dagbag.py:545} INFO - Filling up the DagBag from /opt/airflow/dags/warehouse_dag.py
[2026-09-17T18:47:28.923+0000] {processor.py:840} INFO - DAG(s) 'youtube_warehouse' retrieved from /opt/airflow/dags/warehouse_dag.py
[2026-09-17T18:47:28.940+0000] {logging_mixin.py:188} INFO - [2026-09-17T18:47:28.940+0000] {dag.py:3096} INFO - Sync 1 DAGs
[2026-09-17T18:47:28.950+0000] {logging_mixin.py:188} INFO - [2026-09-17T18:47:28.950+0000] {dag.py:3954} INFO - Setting next_dagrun for youtube_warehouse to None, run_after=None
[2026-09-17T18:47:28.986+0000] {processor.py:183} INFO - Processing /opt/airflow/dags/warehouse_dag.py took 0.500 seconds
[2026-09-17T18:47:59.871+0000] {processor.py:161} INFO - Started process (PID=4943) to work on /opt/airflow/dags/warehouse_dag.py
[2026-09-17T18:47:59.873+0000] {processor.py:830} INFO - Processing file /opt/airflow/dags/warehouse_dag.py for tasks to queue
[2026-09-17T18:47:59.877+0000] {logging_mixin.py:188} INFO - [2026-09-17T18:47:59.876+0000] {dagbag.py:545} INFO - Filling up the DagBag from /opt/airflow/dags/warehouse_dag.py
[2026-09-17T18:48:00.321+0000] {processor.py:840} INFO - DAG(s) 'youtube_warehouse' retrieved from /opt/airflow/dags/warehouse_dag.py
[2026-09-17T18:48:00.339+0000] {logging_mixin.py:188} INFO - [2026-09-17T18:48:00.339+0000] {dag.py:3096} INFO - Sync 1 DAGs
[2026-09-17T18:48:00.351+0000] {logging_mixin.py:188} INFO - [2026-09-17T18:48:00.351+0000] {dag.py:3954} INFO - Setting next_dagrun for youtube_warehouse to None, run_after=None
[2026-09-17T18:48:00.383+0000] {processor.py:183} INFO - Processing /opt/airflow/dags/warehouse_dag.py took 0.517 seconds
[2026-09-17T18:48:30.557+0000] {processor.py:161} INFO - Started process (PID=4952) to work on /opt/airflow/dags/warehouse_dag.py
[2026-09-17T18:48:30.559+0000] {processor.py:830} INFO - Processing file /opt/airflow/dags/warehouse_dag.py for tasks to queue
[2026-09-17T18:48:30.562+0000] {logging_mixin.py:188} INFO - [2026-09-17T18:48:30.562+0000] {dagbag.py:545} INFO - Filling up the DagBag from /opt/airflow/dags/warehouse_dag.py
[2026-09-17T18:48:30.958+0000] {processor.py:840} INFO - DAG(s) 'youtube_warehouse' retrieved from /opt/airflow/dags/warehouse_dag.py
[2026-09-17T18:48:30.975+0000] {logging_mixin.py:188} INFO - [2026-09-17T18:48:30.975+0000] {dag.py:3096} INFO - Sync 1 DAGs
[2026-09-17T18:48:30.986+0000] {logging_mixin.py:188} INFO - [2026-09-17T18:48:30.986+0000] {dag.py:3954} INFO - Setting next_dagrun for youtube_warehouse to None, run_after=None
[2026-09-17T18:48:31.025+0000] {processor.py:183} INFO - Processing /opt/airflow/dags/warehouse_dag.py took 0.475 seconds
[2026-09-17T18:49:01.871+0000] {processor.py:161} INFO - Started process (PID=4961) to work on /opt/airflow/dags/warehouse_dag.py
[2026-09-17T18:49:01.894+0000] {processor.py:830} INFO - Processing file /opt/airflow/dags/warehouse_dag.py for tasks to queue
[2026-09-17T18:49:01.899+0000] {logging_mixin.py:188} INFO - [2026-09-17T18:49:01.898+0000] {dagbag.py:545} INFO - Filling up the DagBag from /opt/airflow/dags/warehouse_dag.py
[2026-09-17T18:49:02.304+0000] {processor.py:840} INFO - DAG(s) 'youtube_warehouse' retrieved from /opt/airflow/dags/warehouse_dag.py
[2026-09-17T18:49:02.322+0000] {logging_mixin.py:188} INFO - [2026-09-17T18:49:02.322+0000] {dag.py:3096} INFO - Sync 1 DAGs
[2026-09-17T18:49:02.334+0000] {logging_mixin.py:188} INFO - [2026-09-17T18:49:02.333+0000] {dag.py:3954} INFO - Setting next_dagrun for youtube_warehouse to None, run_after=None
[2026-09-17T18:49:02.365+0000] {processor.py:183} INFO - Processing /opt/airflow/dags/warehouse_dag.py took 0.499 seconds
[2026-09-17T18:49:32.579+0000] {processor.py:161} INFO - Started process (PID=4970) to work on /opt/airflow/dags/warehouse_dag.py
[2026-09-17T18:49:32.581+0000] {processor.py:830} INFO - Processing file /opt/airflow/dags/warehouse_dag.py for tasks to queue
[2026-09-17T18:49:32.583+0000] {logging_mixin.py:188} INFO - [2026-09-17T18:49:32.583+0000] {dagbag.py:545} INFO - Filling up the DagBag from /opt/airflow/dags/warehouse_dag.py
[2026-09-17T18:49:33.002+0000] {processor.py:840} INFO - DAG(s) 'youtube_warehouse' retrieved from /opt/airflow/dags/warehouse_dag.py
[2026-09-17T18:49:33.019+0000] {logging_mixin.py:188} INFO - [2026-09-17T18:49:33.018+0000] {dag.py:3096} INFO - Sync 1 DAGs
[2026-09-17T18:49:33.029+0000] {logging_mixin.py:188} INFO - [2026-09-17T18:49:33.029+0000] {dag.py:3954} INFO - Setting next_dagrun for youtube_warehouse to None, run_after=None
[2026-09-17T18:49:33.059+0000] {processor.py:183} INFO - Processing /opt/airflow/dags/warehouse_dag.py took 0.486 seconds
[2026-09-17T18:50:03.900+0000] {processor.py:161} INFO - Started process (PID=4979) to work on /opt/airflow/dags/warehouse_dag.py
[2026-09-17T18:50:03.901+0000] {processor.py:830} INFO - Processing file /opt/airflow/dags/warehouse_dag.py for tasks to queue
[2026-09-17T18:50:03.904+0000] {logging_mixin.py:188} INFO - [2026-09-17T18:50:03.904+0000] {dagbag.py:545} INFO - Filling up the DagBag from /opt/airflow/dags/warehouse_dag.py
[2026-09-17T18:50:04.318+0000] {processor.py:840} INFO - DAG(s) 'youtube_warehouse' retrieved from /opt/airflow/dags/warehouse_dag.py
[2026-09-17T18:50:04.335+0000] {logging_mixin.py:188} INFO - [2026-09-17T18:50:04.335+0000] {dag.py:3096} INFO - Sync 1 DAGs
[2026-09-17T18:50:04.345+0000] {logging_mixin.py:188} INFO - [2026-09-17T18:50:04.345+0000] {dag.py:3954} INFO - Setting next_dagrun for youtube_warehouse to None, run_after=None
[2026-09-17T18:50:04.390+0000] {processor.py:183} INFO - Processing /opt/airflow/dags/warehouse_dag.py took 0.497 seconds
[2026-09-17T18:50:34.712+0000] {processor.py:161} INFO - Started process (PID=4989) to work on /opt/airflow/dags/warehouse_dag.py
[2026-09-17T18:50:34.714+0000] {processor.py:830} INFO - Processing file /opt/airflow/dags/warehouse_dag.py for tasks to queue
[2026-09-17T18:50:34.717+0000] {logging_mixin.py:188} INFO - [2026-09-17T18:50:34.717+0000] {dagbag.py:545} INFO - Filling up the DagBag from /opt/airflow/dags/warehouse_dag.py
[2026-09-17T18:50:35.161+0000] {processor.py:840} INFO - DAG(s) 'youtube_warehouse' retrieved from /opt/airflow/dags/warehouse_dag.py
[2026-09-17T18:50:35.178+0000] {logging_mixin.py:188} INFO - [2026-09-17T18:50:35.178+0000] {dag.py:3096} INFO - Sync 1 DAGs
[2026-09-17T18:50:35.188+0000] {logging_mixin.py:188} INFO - [2026-09-17T18:50:35.188+0000] {dag.py:3954} INFO - Setting next_dagrun for youtube_warehouse to None, run_after=None
[2026-09-17T18:50:35.218+0000] {processor.py:183} INFO - Processing /opt/airflow/dags/warehouse_dag.py took 0.513 seconds
[2026-09-17T18:51:06.006+0000] {processor.py:161} INFO - Started process (PID=4998) to work on /opt/airflow/dags/warehouse_dag.py
[2026-09-17T18:51:06.008+0000] {processor.py:830} INFO - Processing file /opt/airflow/dags/warehouse_dag.py for tasks to queue
[2026-09-17T18:51:06.012+0000] {logging_mixin.py:188} INFO - [2026-09-17T18:51:06.012+0000] {dagbag.py:545} INFO - Filling up the DagBag from /opt/airflow/dags/warehouse_dag.py
[2026-09-17T18:51:06.458+0000] {processor.py:840} INFO - DAG(s) 'youtube_warehouse' retrieved from /opt/airflow/dags/warehouse_dag.py
[2026-09-17T18:51:06.507+0000] {logging_mixin.py:188} INFO - [2026-09-17T18:51:06.506+0000] {dag.py:3096} INFO - Sync 1 DAGs
[2026-09-17T18:51:06.517+0000] {logging_mixin.py:188} INFO - [2026-09-17T18:51:06.517+0000] {dag.py:3954} INFO - Setting next_dagrun for youtube_warehouse to None, run_after=None
[2026-09-17T18:51:06.559+0000] {processor.py:183} INFO - Processing /opt/airflow/dags/warehouse_dag.py took 0.565 seconds
[2026-09-17T18:51:36.835+0000] {processor.py:161} INFO - Started process (PID=5007) to work on /opt/airflow/dags/warehouse_dag.py
[2026-09-17T18:51:36.837+0000] {processor.py:830} INFO - Processing file /opt/airflow/dags/warehouse_dag.py for tasks to queue
[2026-09-17T18:51:36.841+0000] {logging_mixin.py:188} INFO - [2026-09-17T18:51:36.840+0000] {dagbag.py:545} INFO - Filling up the DagBag from /opt/airflow/dags/warehouse_dag.py
[2026-09-17T18:51:37.294+0000] {processor.py:840} INFO - DAG(s) 'youtube_warehouse' retrieved from /opt/airflow/dags/warehouse_dag.py
[2026-09-17T18:51:37.313+0000] {logging_mixin.py:188} INFO - [2026-09-17T18:51:37.313+0000] {dag.py:3096} INFO - Sync 1 DAGs
[2026-09-17T18:51:37.324+0000] {logging_mixin.py:188} INFO - [2026-09-17T18:51:37.324+0000] {dag.py:3954} INFO - Setting next_dagrun for youtube_warehouse to None, run_after=None
[2026-09-17T18:51:37.356+0000] {processor.py:183} INFO - Processing /opt/airflow/dags/warehouse_dag.py took 0.527 seconds
[2026-09-17T18:52:08.118+0000] {processor.py:161} INFO - Started process (PID=5016) to work on /opt/airflow/dags/warehouse_dag.py
[2026-09-17T18:52:08.120+0000] {processor.py:830} INFO - Processing file /opt/airflow/dags/warehouse_dag.py for tasks to queue
[2026-09-17T18:52:08.122+0000] {logging_mixin.py:188} INFO - [2026-09-17T18:52:08.122+0000] {dagbag.py:545} INFO - Filling up the DagBag from /opt/airflow/dags/warehouse_dag.py
[2026-09-17T18:52:08.563+0000] {processor.py:840} INFO - DAG(s) 'youtube_warehouse' retrieved from /opt/airflow/dags/warehouse_dag.py
[2026-09-17T18:52:08.580+0000] {logging_mixin.py:188} INFO - [2026-09-17T18:52:08.580+0000] {dag.py:3096} INFO - Sync 1 DAGs
[2026-09-17T18:52:08.590+0000] {logging_mixin.py:188} INFO - [2026-09-17T18:52:08.590+0000] {dag.py:3954} INFO - Setting next_dagrun for youtube_warehouse to None, run_after=None
[2026-09-17T18:52:08.632+0000] {processor.py:183} INFO - Processing /opt/airflow/dags/warehouse_dag.py took 0.519 seconds
[2026-09-17T18:52:38.854+0000] {processor.py:161} INFO - Started process (PID=5025) to work on /opt/airflow/dags/warehouse_dag.py
[2026-09-17T18:52:38.857+0000] {processor.py:830} INFO - Processing file /opt/airflow/dags/warehouse_dag.py for tasks to queue
[2026-09-17T18:52:38.859+0000] {logging_mixin.py:188} INFO - [2026-09-17T18:52:38.859+0000] {dagbag.py:545} INFO - Filling up the DagBag from /opt/airflow/dags/warehouse_dag.py
[2026-09-17T18:52:39.258+0000] {processor.py:840} INFO - DAG(s) 'youtube_warehouse' retrieved from /opt/airflow/dags/warehouse_dag.py
[2026-09-17T18:52:39.275+0000] {logging_mixin.py:188} INFO - [2026-09-17T18:52:39.275+0000] {dag.py:3096} INFO - Sync 1 DAGs
[2026-09-17T18:52:39.284+0000] {logging_mixin.py:188} INFO - [2026-09-17T18:52:39.284+0000] {dag.py:3954} INFO - Setting next_dagrun for youtube_warehouse to None, run_after=None
[2026-09-17T18:52:39.320+0000] {processor.py:183} INFO - Processing /opt/airflow/dags/warehouse_dag.py took 0.473 seconds
[2026-09-17T18:53:09.399+0000] {processor.py:161} INFO - Started process (PID=5034) to work on /opt/airflow/dags/warehouse_dag.py
[2026-09-17T18:53:09.401+0000] {processor.py:830} INFO - Processing file /opt/airflow/dags/warehouse_dag.py for tasks to queue
[2026-09-17T18:53:09.404+0000] {logging_mixin.py:188} INFO - [2026-09-17T18:53:09.404+0000] {dagbag.py:545} INFO - Filling up the DagBag from /opt/airflow/dags/warehouse_dag.py
[2026-09-17T18:53:09.806+0000] {processor.py:840} INFO - DAG(s) 'youtube_warehouse' retrieved from /opt/airflow/dags/warehouse_dag.py
[2026-09-17T18:53:09.824+0000] {logging_mixin.py:188} INFO - [2026-09-17T18:53:09.823+0000] {dag.py:3096} INFO - Sync 1 DAGs
[2026-09-17T18:53:09.835+0000] {logging_mixin.py:188} INFO - [2026-09-17T18:53:09.834+0000] {dag.py:3954} INFO - Setting next_dagrun for youtube_warehouse to None, run_after=None
[2026-09-17T18:53:09.874+0000] {processor.py:183} INFO - Processing /opt/airflow/dags/warehouse_dag.py took 0.482 seconds
[2026-09-17T18:53:40.720+0000] {processor.py:161} INFO - Started process (PID=5043) to work on /opt/airflow/dags/warehouse_dag.py
[2026-09-17T18:53:40.722+0000] {processor.py:830} INFO - Processing file /opt/airflow/dags/warehouse_dag.py for tasks to queue
[2026-09-17T18:53:40.725+0000] {logging_mixin.py:188} INFO - [2026-09-17T18:53:40.724+0000] {dagbag.py:545} INFO - Filling up the DagBag from /opt/airflow/dags/warehouse_dag.py
[2026-09-17T18:53:41.162+0000] {processor.py:840} INFO - DAG(s) 'youtube_warehouse' retrieved from /opt/airflow/dags/warehouse_dag.py
[2026-09-17T18:53:41.180+0000] {logging_mixin.py:188} INFO - [2026-09-17T18:53:41.180+0000] {dag.py:3096} INFO - Sync 1 DAGs
[2026-09-17T18:53:41.194+0000] {logging_mixin.py:188} INFO - [2026-09-17T18:53:41.194+0000] {dag.py:3954} INFO - Setting next_dagrun for youtube_warehouse to None, run_after=None
[2026-09-17T18:53:41.239+0000] {processor.py:183} INFO - Processing /opt/airflow/dags/warehouse_dag.py took 0.524 seconds
[2026-09-17T18:54:11.430+0000] {processor.py:161} INFO - Started process (PID=5051) to work on /opt/airflow/dags/warehouse_dag.py
[2026-09-17T18:54:11.432+0000] {processor.py:830} INFO - Processing file /opt/airflow/dags/warehouse_dag.py for tasks to queue
[2026-09-17T18:54:11.435+0000] {logging_mixin.py:188} INFO - [2026-09-17T18:54:11.435+0000] {dagbag.py:545} INFO - Filling up the DagBag from /opt/airflow/dags/warehouse_dag.py
[2026-09-17T18:54:11.851+0000] {processor.py:840} INFO - DAG(s) 'youtube_warehouse' retrieved from /opt/airflow/dags/warehouse_dag.py
[2026-09-17T18:54:11.868+0000] {logging_mixin.py:188} INFO - [2026-09-17T18:54:11.868+0000] {dag.py:3096} INFO - Sync 1 DAGs
[2026-09-17T18:54:11.880+0000] {logging_mixin.py:188} INFO - [2026-09-17T18:54:11.879+0000] {dag.py:3954} INFO - Setting next_dagrun for youtube_warehouse to None, run_after=None
[2026-09-17T18:54:11.924+0000] {processor.py:183} INFO - Processing /opt/airflow/dags/warehouse_dag.py took 0.500 seconds
[2026-09-17T18:54:42.031+0000] {processor.py:161} INFO - Started process (PID=5060) to work on /opt/airflow/dags/warehouse_dag.py
[2026-09-17T18:54:42.033+0000] {processor.py:830} INFO - Processing file /opt/airflow/dags/warehouse_dag.py for tasks to queue
[2026-09-17T18:54:42.036+0000] {logging_mixin.py:188} INFO - [2026-09-17T18:54:42.036+0000] {dagbag.py:545} INFO - Filling up the DagBag from /opt/airflow/dags/warehouse_dag.py
[2026-09-17T18:54:42.454+0000] {processor.py:840} INFO - DAG(s) 'youtube_warehouse' retrieved from /opt/airflow/dags/warehouse_dag.py
[2026-09-17T18:54:42.471+0000] {logging_mixin.py:188} INFO - [2026-09-17T18:54:42.471+0000] {dag.py:3096} INFO - Sync 1 DAGs
[2026-09-17T18:54:42.480+0000] {logging_mixin.py:188} INFO - [2026-09-17T18:54:42.480+0000] {dag.py:3954} INFO - Setting next_dagrun for youtube_warehouse to None, run_after=None
[2026-09-17T18:54:42.516+0000] {processor.py:183} INFO - Processing /opt/airflow/dags/warehouse_dag.py took 0.491 seconds
[2026-09-17T18:55:12.608+0000] {processor.py:161} INFO - Started process (PID=5069) to work on /opt/airflow/dags/warehouse_dag.py
[2026-09-17T18:55:12.610+0000] {processor.py:830} INFO - Processing file /opt/airflow/dags/warehouse_dag.py for tasks to queue
[2026-09-17T18:55:12.613+0000] {logging_mixin.py:188} INFO - [2026-09-17T18:55:12.613+0000] {dagbag.py:545} INFO - Filling up the DagBag from /opt/airflow/dags/warehouse_dag.py
[2026-09-17T18:55:13.050+0000] {processor.py:840} INFO - DAG(s) 'youtube_warehouse' retrieved from /opt/airflow/dags/warehouse_dag.py
[2026-09-17T18:55:13.077+0000] {logging_mixin.py:188} INFO - [2026-09-17T18:55:13.076+0000] {dag.py:3096} INFO - Sync 1 DAGs
[2026-09-17T18:55:13.090+0000] {logging_mixin.py:188} INFO - [2026-09-17T18:55:13.090+0000] {dag.py:3954} INFO - Setting next_dagrun for youtube_warehouse to None, run_after=None
[2026-09-17T18:55:13.126+0000] {processor.py:183} INFO - Processing /opt/airflow/dags/warehouse_dag.py took 0.523 seconds
[2026-09-17T18:55:43.203+0000] {processor.py:161} INFO - Started process (PID=5078) to work on /opt/airflow/dags/warehouse_dag.py
[2026-09-17T18:55:43.205+0000] {processor.py:830} INFO - Processing file /opt/airflow/dags/warehouse_dag.py for tasks to queue
[2026-09-17T18:55:43.209+0000] {logging_mixin.py:188} INFO - [2026-09-17T18:55:43.208+0000] {dagbag.py:545} INFO - Filling up the DagBag from /opt/airflow/dags/warehouse_dag.py
[2026-09-17T18:55:43.622+0000] {processor.py:840} INFO - DAG(s) 'youtube_warehouse' retrieved from /opt/airflow/dags/warehouse_dag.py
[2026-09-17T18:55:43.658+0000] {logging_mixin.py:188} INFO - [2026-09-17T18:55:43.658+0000] {dag.py:3096} INFO - Sync 1 DAGs
[2026-09-17T18:55:43.670+0000] {logging_mixin.py:188} INFO - [2026-09-17T18:55:43.670+0000] {dag.py:3954} INFO - Setting next_dagrun for youtube_warehouse to None, run_after=None
[2026-09-17T18:55:43.702+0000] {processor.py:183} INFO - Processing /opt/airflow/dags/warehouse_dag.py took 0.506 seconds
[2026-09-17T18:56:14.520+0000] {processor.py:161} INFO - Started process (PID=5087) to work on /opt/airflow/dags/warehouse_dag.py
[2026-09-17T18:56:14.522+0000] {processor.py:830} INFO - Processing file /opt/airflow/dags/warehouse_dag.py for tasks to queue
[2026-09-17T18:56:14.525+0000] {logging_mixin.py:188} INFO - [2026-09-17T18:56:14.524+0000] {dagbag.py:545} INFO - Filling up the DagBag from /opt/airflow/dags/warehouse_dag.py
[2026-09-17T18:56:14.947+0000] {processor.py:840} INFO - DAG(s) 'youtube_warehouse' retrieved from /opt/airflow/dags/warehouse_dag.py
[2026-09-17T18:56:14.985+0000] {logging_mixin.py:188} INFO - [2026-09-17T18:56:14.984+0000] {dag.py:3096} INFO - Sync 1 DAGs
[2026-09-17T18:56:14.996+0000] {logging_mixin.py:188} INFO - [2026-09-17T18:56:14.996+0000] {dag.py:3954} INFO - Setting next_dagrun for youtube_warehouse to None, run_after=None
[2026-09-17T18:56:15.018+0000] {processor.py:183} INFO - Processing /opt/airflow/dags/warehouse_dag.py took 0.503 seconds
[2026-09-17T18:56:45.388+0000] {processor.py:161} INFO - Started process (PID=5096) to work on /opt/airflow/dags/warehouse_dag.py
[2026-09-17T18:56:45.390+0000] {processor.py:830} INFO - Processing file /opt/airflow/dags/warehouse_dag.py for tasks to queue
[2026-09-17T18:56:45.394+0000] {logging_mixin.py:188} INFO - [2026-09-17T18:56:45.393+0000] {dagbag.py:545} INFO - Filling up the DagBag from /opt/airflow/dags/warehouse_dag.py
[2026-09-17T18:56:45.894+0000] {processor.py:840} INFO - DAG(s) 'youtube_warehouse' retrieved from /opt/airflow/dags/warehouse_dag.py
[2026-09-17T18:56:45.910+0000] {logging_mixin.py:188} INFO - [2026-09-17T18:56:45.910+0000] {dag.py:3096} INFO - Sync 1 DAGs
[2026-09-17T18:56:45.923+0000] {logging_mixin.py:188} INFO - [2026-09-17T18:56:45.923+0000] {dag.py:3954} INFO - Setting next_dagrun for youtube_warehouse to None, run_after=None
[2026-09-17T18:56:45.978+0000] {processor.py:183} INFO - Processing /opt/airflow/dags/warehouse_dag.py took 0.595 seconds
[2026-09-17T18:57:16.728+0000] {processor.py:161} INFO - Started process (PID=5105) to work on /opt/airflow/dags/warehouse_dag.py
[2026-09-17T18:57:16.730+0000] {processor.py:830} INFO - Processing file /opt/airflow/dags/warehouse_dag.py for tasks to queue
[2026-09-17T18:57:16.732+0000] {logging_mixin.py:188} INFO - [2026-09-17T18:57:16.732+0000] {dagbag.py:545} INFO - Filling up the DagBag from /opt/airflow/dags/warehouse_dag.py
[2026-09-17T18:57:17.196+0000] {processor.py:840} INFO - DAG(s) 'youtube_warehouse' retrieved from /opt/airflow/dags/warehouse_dag.py
[2026-09-17T18:57:17.214+0000] {logging_mixin.py:188} INFO - [2026-09-17T18:57:17.213+0000] {dag.py:3096} INFO - Sync 1 DAGs
[2026-09-17T18:57:17.224+0000] {logging_mixin.py:188} INFO - [2026-09-17T18:57:17.224+0000] {dag.py:3954} INFO - Setting next_dagrun for youtube_warehouse to None, run_after=None
[2026-09-17T18:57:17.256+0000] {processor.py:183} INFO - Processing /opt/airflow/dags/warehouse_dag.py took 0.533 seconds
[2026-09-17T18:57:47.405+0000] {processor.py:161} INFO - Started process (PID=5114) to work on /opt/airflow/dags/warehouse_dag.py
[2026-09-17T18:57:47.406+0000] {processor.py:830} INFO - Processing file /opt/airflow/dags/warehouse_dag.py for tasks to queue
[2026-09-17T18:57:47.427+0000] {logging_mixin.py:188} INFO - [2026-09-17T18:57:47.426+0000] {dagbag.py:545} INFO - Filling up the DagBag from /opt/airflow/dags/warehouse_dag.py
[2026-09-17T18:57:47.897+0000] {processor.py:840} INFO - DAG(s) 'youtube_warehouse' retrieved from /opt/airflow/dags/warehouse_dag.py
[2026-09-17T18:57:47.915+0000] {logging_mixin.py:188} INFO - [2026-09-17T18:57:47.915+0000] {dag.py:3096} INFO - Sync 1 DAGs
[2026-09-17T18:57:47.924+0000] {logging_mixin.py:188} INFO - [2026-09-17T18:57:47.924+0000] {dag.py:3954} INFO - Setting next_dagrun for youtube_warehouse to None, run_after=None
[2026-09-17T18:57:47.959+0000] {processor.py:183} INFO - Processing /opt/airflow/dags/warehouse_dag.py took 0.562 seconds
[2026-09-17T18:58:18.746+0000] {processor.py:161} INFO - Started process (PID=5123) to work on /opt/airflow/dags/warehouse_dag.py
[2026-09-17T18:58:18.748+0000] {processor.py:830} INFO - Processing file /opt/airflow/dags/warehouse_dag.py for tasks to queue
[2026-09-17T18:58:18.750+0000] {logging_mixin.py:188} INFO - [2026-09-17T18:58:18.750+0000] {dagbag.py:545} INFO - Filling up the DagBag from /opt/airflow/dags/warehouse_dag.py
[2026-09-17T18:58:19.177+0000] {processor.py:840} INFO - DAG(s) 'youtube_warehouse' retrieved from /opt/airflow/dags/warehouse_dag.py
[2026-09-17T18:58:19.195+0000] {logging_mixin.py:188} INFO - [2026-09-17T18:58:19.194+0000] {dag.py:3096} INFO - Sync 1 DAGs
[2026-09-17T18:58:19.204+0000] {logging_mixin.py:188} INFO - [2026-09-17T18:58:19.204+0000] {dag.py:3954} INFO - Setting next_dagrun for youtube_warehouse to None, run_after=None
[2026-09-17T18:58:19.248+0000] {processor.py:183} INFO - Processing /opt/airflow/dags/warehouse_dag.py took 0.507 seconds
[2026-09-17T18:58:49.373+0000] {processor.py:161} INFO - Started process (PID=5132) to work on /opt/airflow/dags/warehouse_dag.py
[2026-09-17T18:58:49.375+0000] {processor.py:830} INFO - Processing file /opt/airflow/dags/warehouse_dag.py for tasks to queue
[2026-09-17T18:58:49.378+0000] {logging_mixin.py:188} INFO - [2026-09-17T18:58:49.378+0000] {dagbag.py:545} INFO - Filling up the DagBag from /opt/airflow/dags/warehouse_dag.py
[2026-09-17T18:58:49.804+0000] {processor.py:840} INFO - DAG(s) 'youtube_warehouse' retrieved from /opt/airflow/dags/warehouse_dag.py
[2026-09-17T18:58:49.828+0000] {logging_mixin.py:188} INFO - [2026-09-17T18:58:49.827+0000] {dag.py:3096} INFO - Sync 1 DAGs
[2026-09-17T18:58:49.854+0000] {logging_mixin.py:188} INFO - [2026-09-17T18:58:49.854+0000] {dag.py:3954} INFO - Setting next_dagrun for youtube_warehouse to None, run_after=None
[2026-09-17T18:58:49.891+0000] {processor.py:183} INFO - Processing /opt/airflow/dags/warehouse_dag.py took 0.523 seconds
[2026-09-17T18:59:20.726+0000] {processor.py:161} INFO - Started process (PID=5141) to work on /opt/airflow/dags/warehouse_dag.py
[2026-09-17T18:59:20.727+0000] {processor.py:830} INFO - Processing file /opt/airflow/dags/warehouse_dag.py for tasks to queue
[2026-09-17T18:59:20.730+0000] {logging_mixin.py:188} INFO - [2026-09-17T18:59:20.729+0000] {dagbag.py:545} INFO - Filling up the DagBag from /opt/airflow/dags/warehouse_dag.py
[2026-09-17T18:59:21.139+0000] {processor.py:840} INFO - DAG(s) 'youtube_warehouse' retrieved from /opt/airflow/dags/warehouse_dag.py
[2026-09-17T18:59:21.155+0000] {logging_mixin.py:188} INFO - [2026-09-17T18:59:21.155+0000] {dag.py:3096} INFO - Sync 1 DAGs
[2026-09-17T18:59:21.166+0000] {logging_mixin.py:188} INFO - [2026-09-17T18:59:21.166+0000] {dag.py:3954} INFO - Setting next_dagrun for youtube_warehouse to None, run_after=None
[2026-09-17T18:59:21.209+0000] {processor.py:183} INFO - Processing /opt/airflow/dags/warehouse_dag.py took 0.490 seconds
[2026-09-17T18:59:51.444+0000] {processor.py:161} INFO - Started process (PID=5150) to work on /opt/airflow/dags/warehouse_dag.py
[2026-09-17T18:59:51.446+0000] {processor.py:830} INFO - Processing file /opt/airflow/dags/warehouse_dag.py for tasks to queue
[2026-09-17T18:59:51.448+0000] {logging_mixin.py:188} INFO - [2026-09-17T18:59:51.448+0000] {dagbag.py:545} INFO - Filling up the DagBag from /opt/airflow/dags/warehouse_dag.py
[2026-09-17T18:59:51.841+0000] {processor.py:840} INFO - DAG(s) 'youtube_warehouse' retrieved from /opt/airflow/dags/warehouse_dag.py
[2026-09-17T18:59:51.859+0000] {logging_mixin.py:188} INFO - [2026-09-17T18:59:51.859+0000] {dag.py:3096} INFO - Sync 1 DAGs
[2026-09-17T18:59:51.869+0000] {logging_mixin.py:188} INFO - [2026-09-17T18:59:51.869+0000] {dag.py:3954} INFO - Setting next_dagrun for youtube_warehouse to None, run_after=None
[2026-09-17T18:59:51.907+0000] {processor.py:183} INFO - Processing /opt/airflow/dags/warehouse_dag.py took 0.468 seconds
[2026-09-17T19:00:22.738+0000] {processor.py:161} INFO - Started process (PID=5159) to work on /opt/airflow/dags/warehouse_dag.py
[2026-09-17T19:00:22.740+0000] {processor.py:830} INFO - Processing file /opt/airflow/dags/warehouse_dag.py for tasks to queue
[2026-09-17T19:00:22.743+0000] {logging_mixin.py:188} INFO - [2026-09-17T19:00:22.743+0000] {dagbag.py:545} INFO - Filling up the DagBag from /opt/airflow/dags/warehouse_dag.py
[2026-09-17T19:00:23.187+0000] {processor.py:840} INFO - DAG(s) 'youtube_warehouse' retrieved from /opt/airflow/dags/warehouse_dag.py
[2026-09-17T19:00:23.208+0000] {logging_mixin.py:188} INFO - [2026-09-17T19:00:23.208+0000] {dag.py:3096} INFO - Sync 1 DAGs
[2026-09-17T19:00:23.220+0000] {logging_mixin.py:188} INFO - [2026-09-17T19:00:23.220+0000] {dag.py:3954} INFO - Setting next_dagrun for youtube_warehouse to None, run_after=None
[2026-09-17T19:00:23.241+0000] {processor.py:183} INFO - Processing /opt/airflow/dags/warehouse_dag.py took 0.509 seconds
[2026-09-17T19:00:53.470+0000] {processor.py:161} INFO - Started process (PID=5168) to work on /opt/airflow/dags/warehouse_dag.py
[2026-09-17T19:00:53.474+0000] {processor.py:830} INFO - Processing file /opt/airflow/dags/warehouse_dag.py for tasks to queue
[2026-09-17T19:00:53.482+0000] {logging_mixin.py:188} INFO - [2026-09-17T19:00:53.481+0000] {dagbag.py:545} INFO - Filling up the DagBag from /opt/airflow/dags/warehouse_dag.py
[2026-09-17T19:00:54.837+0000] {processor.py:840} INFO - DAG(s) 'youtube_warehouse' retrieved from /opt/airflow/dags/warehouse_dag.py
[2026-09-17T19:00:54.914+0000] {logging_mixin.py:188} INFO - [2026-09-17T19:00:54.913+0000] {dag.py:3096} INFO - Sync 1 DAGs
[2026-09-17T19:00:54.945+0000] {logging_mixin.py:188} INFO - [2026-09-17T19:00:54.945+0000] {dag.py:3954} INFO - Setting next_dagrun for youtube_warehouse to None, run_after=None
[2026-09-17T19:00:55.007+0000] {processor.py:183} INFO - Processing /opt/airflow/dags/warehouse_dag.py took 1.555 seconds
[2026-09-17T19:01:25.370+0000] {processor.py:161} INFO - Started process (PID=5177) to work on /opt/airflow/dags/warehouse_dag.py
[2026-09-17T19:01:25.372+0000] {processor.py:830} INFO - Processing file /opt/airflow/dags/warehouse_dag.py for tasks to queue
[2026-09-17T19:01:25.377+0000] {logging_mixin.py:188} INFO - [2026-09-17T19:01:25.377+0000] {dagbag.py:545} INFO - Filling up the DagBag from /opt/airflow/dags/warehouse_dag.py
[2026-09-17T19:01:26.616+0000] {processor.py:840} INFO - DAG(s) 'youtube_warehouse' retrieved from /opt/airflow/dags/warehouse_dag.py
[2026-09-17T19:01:26.658+0000] {logging_mixin.py:188} INFO - [2026-09-17T19:01:26.656+0000] {dag.py:3096} INFO - Sync 1 DAGs
[2026-09-17T19:01:26.679+0000] {logging_mixin.py:188} INFO - [2026-09-17T19:01:26.679+0000] {dag.py:3954} INFO - Setting next_dagrun for youtube_warehouse to None, run_after=None
[2026-09-17T19:01:26.711+0000] {processor.py:183} INFO - Processing /opt/airflow/dags/warehouse_dag.py took 1.348 seconds
[2026-09-17T19:01:57.403+0000] {processor.py:161} INFO - Started process (PID=5186) to work on /opt/airflow/dags/warehouse_dag.py
[2026-09-17T19:01:57.426+0000] {processor.py:830} INFO - Processing file /opt/airflow/dags/warehouse_dag.py for tasks to queue
[2026-09-17T19:01:57.429+0000] {logging_mixin.py:188} INFO - [2026-09-17T19:01:57.429+0000] {dagbag.py:545} INFO - Filling up the DagBag from /opt/airflow/dags/warehouse_dag.py
[2026-09-17T19:01:58.233+0000] {processor.py:840} INFO - DAG(s) 'youtube_warehouse' retrieved from /opt/airflow/dags/warehouse_dag.py
[2026-09-17T19:01:58.252+0000] {logging_mixin.py:188} INFO - [2026-09-17T19:01:58.251+0000] {dag.py:3096} INFO - Sync 1 DAGs
[2026-09-17T19:01:58.292+0000] {logging_mixin.py:188} INFO - [2026-09-17T19:01:58.291+0000] {dag.py:3954} INFO - Setting next_dagrun for youtube_warehouse to None, run_after=None
[2026-09-17T19:01:58.390+0000] {processor.py:183} INFO - Processing /opt/airflow/dags/warehouse_dag.py took 0.995 seconds
[2026-09-17T19:02:28.827+0000] {processor.py:161} INFO - Started process (PID=5201) to work on /opt/airflow/dags/warehouse_dag.py
[2026-09-17T19:02:28.847+0000] {processor.py:830} INFO - Processing file /opt/airflow/dags/warehouse_dag.py for tasks to queue
[2026-09-17T19:02:28.851+0000] {logging_mixin.py:188} INFO - [2026-09-17T19:02:28.850+0000] {dagbag.py:545} INFO - Filling up the DagBag from /opt/airflow/dags/warehouse_dag.py
[2026-09-17T19:02:29.498+0000] {processor.py:840} INFO - DAG(s) 'youtube_warehouse' retrieved from /opt/airflow/dags/warehouse_dag.py
[2026-09-17T19:02:29.523+0000] {logging_mixin.py:188} INFO - [2026-09-17T19:02:29.522+0000] {dag.py:3096} INFO - Sync 1 DAGs
[2026-09-17T19:02:29.540+0000] {logging_mixin.py:188} INFO - [2026-09-17T19:02:29.540+0000] {dag.py:3954} INFO - Setting next_dagrun for youtube_warehouse to None, run_after=None
[2026-09-17T19:02:29.571+0000] {processor.py:183} INFO - Processing /opt/airflow/dags/warehouse_dag.py took 0.752 seconds
[2026-09-17T19:03:00.380+0000] {processor.py:161} INFO - Started process (PID=5210) to work on /opt/airflow/dags/warehouse_dag.py
[2026-09-17T19:03:00.398+0000] {processor.py:830} INFO - Processing file /opt/airflow/dags/warehouse_dag.py for tasks to queue
[2026-09-17T19:03:00.402+0000] {logging_mixin.py:188} INFO - [2026-09-17T19:03:00.402+0000] {dagbag.py:545} INFO - Filling up the DagBag from /opt/airflow/dags/warehouse_dag.py
[2026-09-17T19:03:00.991+0000] {processor.py:840} INFO - DAG(s) 'youtube_warehouse' retrieved from /opt/airflow/dags/warehouse_dag.py
[2026-09-17T19:03:01.012+0000] {logging_mixin.py:188} INFO - [2026-09-17T19:03:01.012+0000] {dag.py:3096} INFO - Sync 1 DAGs
[2026-09-17T19:03:01.024+0000] {logging_mixin.py:188} INFO - [2026-09-17T19:03:01.024+0000] {dag.py:3954} INFO - Setting next_dagrun for youtube_warehouse to None, run_after=None
[2026-09-17T19:03:01.065+0000] {processor.py:183} INFO - Processing /opt/airflow/dags/warehouse_dag.py took 0.692 seconds
[2026-09-17T19:03:31.248+0000] {processor.py:161} INFO - Started process (PID=5219) to work on /opt/airflow/dags/warehouse_dag.py
[2026-09-17T19:03:31.251+0000] {processor.py:830} INFO - Processing file /opt/airflow/dags/warehouse_dag.py for tasks to queue
[2026-09-17T19:03:31.254+0000] {logging_mixin.py:188} INFO - [2026-09-17T19:03:31.254+0000] {dagbag.py:545} INFO - Filling up the DagBag from /opt/airflow/dags/warehouse_dag.py
[2026-09-17T19:03:31.845+0000] {processor.py:840} INFO - DAG(s) 'youtube_warehouse' retrieved from /opt/airflow/dags/warehouse_dag.py
[2026-09-17T19:03:31.883+0000] {logging_mixin.py:188} INFO - [2026-09-17T19:03:31.882+0000] {dag.py:3096} INFO - Sync 1 DAGs
[2026-09-17T19:03:31.897+0000] {logging_mixin.py:188} INFO - [2026-09-17T19:03:31.896+0000] {dag.py:3954} INFO - Setting next_dagrun for youtube_warehouse to None, run_after=None
[2026-09-17T19:03:31.930+0000] {processor.py:183} INFO - Processing /opt/airflow/dags/warehouse_dag.py took 0.689 seconds
[2026-09-17T19:04:02.378+0000] {processor.py:161} INFO - Started process (PID=5228) to work on /opt/airflow/dags/warehouse_dag.py
[2026-09-17T19:04:02.380+0000] {processor.py:830} INFO - Processing file /opt/airflow/dags/warehouse_dag.py for tasks to queue
[2026-09-17T19:04:02.383+0000] {logging_mixin.py:188} INFO - [2026-09-17T19:04:02.383+0000] {dagbag.py:545} INFO - Filling up the DagBag from /opt/airflow/dags/warehouse_dag.py
[2026-09-17T19:04:03.086+0000] {processor.py:840} INFO - DAG(s) 'youtube_warehouse' retrieved from /opt/airflow/dags/warehouse_dag.py
[2026-09-17T19:04:03.123+0000] {logging_mixin.py:188} INFO - [2026-09-17T19:04:03.123+0000] {dag.py:3096} INFO - Sync 1 DAGs
[2026-09-17T19:04:03.147+0000] {logging_mixin.py:188} INFO - [2026-09-17T19:04:03.146+0000] {dag.py:3954} INFO - Setting next_dagrun for youtube_warehouse to None, run_after=None
[2026-09-17T19:04:03.177+0000] {processor.py:183} INFO - Processing /opt/airflow/dags/warehouse_dag.py took 0.807 seconds
[2026-09-17T19:04:33.947+0000] {processor.py:161} INFO - Started process (PID=5237) to work on /opt/airflow/dags/warehouse_dag.py
[2026-09-17T19:04:33.950+0000] {processor.py:830} INFO - Processing file /opt/airflow/dags/warehouse_dag.py for tasks to queue
[2026-09-17T19:04:33.969+0000] {logging_mixin.py:188} INFO - [2026-09-17T19:04:33.968+0000] {dagbag.py:545} INFO - Filling up the DagBag from /opt/airflow/dags/warehouse_dag.py
[2026-09-17T19:04:34.495+0000] {processor.py:840} INFO - DAG(s) 'youtube_warehouse' retrieved from /opt/airflow/dags/warehouse_dag.py
[2026-09-17T19:04:34.526+0000] {logging_mixin.py:188} INFO - [2026-09-17T19:04:34.526+0000] {dag.py:3096} INFO - Sync 1 DAGs
[2026-09-17T19:04:34.556+0000] {logging_mixin.py:188} INFO - [2026-09-17T19:04:34.556+0000] {dag.py:3954} INFO - Setting next_dagrun for youtube_warehouse to None, run_after=None
[2026-09-17T19:04:34.587+0000] {processor.py:183} INFO - Processing /opt/airflow/dags/warehouse_dag.py took 0.648 seconds
[2026-09-17T19:05:42.594+0000] {processor.py:161} INFO - Started process (PID=5239) to work on /opt/airflow/dags/warehouse_dag.py
[2026-09-17T19:05:42.609+0000] {processor.py:830} INFO - Processing file /opt/airflow/dags/warehouse_dag.py for tasks to queue
[2026-09-17T19:05:42.621+0000] {logging_mixin.py:188} INFO - [2026-09-17T19:05:42.615+0000] {dagbag.py:545} INFO - Filling up the DagBag from /opt/airflow/dags/warehouse_dag.py
[2026-09-17T19:05:51.663+0000] {processor.py:840} INFO - DAG(s) 'youtube_warehouse' retrieved from /opt/airflow/dags/warehouse_dag.py
[2026-09-17T19:05:51.738+0000] {logging_mixin.py:188} INFO - [2026-09-17T19:05:51.737+0000] {dag.py:3096} INFO - Sync 1 DAGs
[2026-09-17T19:05:51.784+0000] {logging_mixin.py:188} INFO - [2026-09-17T19:05:51.783+0000] {dag.py:3954} INFO - Setting next_dagrun for youtube_warehouse to None, run_after=None
[2026-09-17T19:05:51.865+0000] {processor.py:183} INFO - Processing /opt/airflow/dags/warehouse_dag.py took 2.374 seconds
[2026-09-17T19:06:22.328+0000] {processor.py:161} INFO - Started process (PID=5249) to work on /opt/airflow/dags/warehouse_dag.py
[2026-09-17T19:06:22.332+0000] {processor.py:830} INFO - Processing file /opt/airflow/dags/warehouse_dag.py for tasks to queue
[2026-09-17T19:06:22.340+0000] {logging_mixin.py:188} INFO - [2026-09-17T19:06:22.339+0000] {dagbag.py:545} INFO - Filling up the DagBag from /opt/airflow/dags/warehouse_dag.py
[2026-09-17T19:06:22.854+0000] {processor.py:840} INFO - DAG(s) 'youtube_warehouse' retrieved from /opt/airflow/dags/warehouse_dag.py
[2026-09-17T19:06:22.878+0000] {logging_mixin.py:188} INFO - [2026-09-17T19:06:22.878+0000] {dag.py:3096} INFO - Sync 1 DAGs
[2026-09-17T19:06:22.901+0000] {logging_mixin.py:188} INFO - [2026-09-17T19:06:22.900+0000] {dag.py:3954} INFO - Setting next_dagrun for youtube_warehouse to None, run_after=None
[2026-09-17T19:06:22.925+0000] {processor.py:183} INFO - Processing /opt/airflow/dags/warehouse_dag.py took 0.609 seconds
[2026-09-17T19:06:53.522+0000] {processor.py:161} INFO - Started process (PID=5257) to work on /opt/airflow/dags/warehouse_dag.py
[2026-09-17T19:06:53.525+0000] {processor.py:830} INFO - Processing file /opt/airflow/dags/warehouse_dag.py for tasks to queue
[2026-09-17T19:06:53.533+0000] {logging_mixin.py:188} INFO - [2026-09-17T19:06:53.532+0000] {dagbag.py:545} INFO - Filling up the DagBag from /opt/airflow/dags/warehouse_dag.py
[2026-09-17T19:06:54.348+0000] {processor.py:840} INFO - DAG(s) 'youtube_warehouse' retrieved from /opt/airflow/dags/warehouse_dag.py
[2026-09-17T19:06:54.402+0000] {logging_mixin.py:188} INFO - [2026-09-17T19:06:54.401+0000] {dag.py:3096} INFO - Sync 1 DAGs
[2026-09-17T19:06:54.430+0000] {logging_mixin.py:188} INFO - [2026-09-17T19:06:54.429+0000] {dag.py:3954} INFO - Setting next_dagrun for youtube_warehouse to None, run_after=None
[2026-09-17T19:06:54.516+0000] {processor.py:183} INFO - Processing /opt/airflow/dags/warehouse_dag.py took 1.005 seconds
[2026-09-17T19:07:25.106+0000] {processor.py:161} INFO - Started process (PID=5266) to work on /opt/airflow/dags/warehouse_dag.py
[2026-09-17T19:07:25.108+0000] {processor.py:830} INFO - Processing file /opt/airflow/dags/warehouse_dag.py for tasks to queue
[2026-09-17T19:07:25.112+0000] {logging_mixin.py:188} INFO - [2026-09-17T19:07:25.112+0000] {dagbag.py:545} INFO - Filling up the DagBag from /opt/airflow/dags/warehouse_dag.py
[2026-09-17T19:07:25.741+0000] {processor.py:840} INFO - DAG(s) 'youtube_warehouse' retrieved from /opt/airflow/dags/warehouse_dag.py
[2026-09-17T19:07:25.819+0000] {logging_mixin.py:188} INFO - [2026-09-17T19:07:25.819+0000] {dag.py:3096} INFO - Sync 1 DAGs
[2026-09-17T19:07:25.841+0000] {logging_mixin.py:188} INFO - [2026-09-17T19:07:25.841+0000] {dag.py:3954} INFO - Setting next_dagrun for youtube_warehouse to None, run_after=None
[2026-09-17T19:07:25.892+0000] {processor.py:183} INFO - Processing /opt/airflow/dags/warehouse_dag.py took 0.796 seconds
[2026-09-17T19:07:56.627+0000] {processor.py:161} INFO - Started process (PID=5275) to work on /opt/airflow/dags/warehouse_dag.py
[2026-09-17T19:07:56.630+0000] {processor.py:830} INFO - Processing file /opt/airflow/dags/warehouse_dag.py for tasks to queue
[2026-09-17T19:07:56.632+0000] {logging_mixin.py:188} INFO - [2026-09-17T19:07:56.632+0000] {dagbag.py:545} INFO - Filling up the DagBag from /opt/airflow/dags/warehouse_dag.py
[2026-09-17T19:07:57.220+0000] {processor.py:840} INFO - DAG(s) 'youtube_warehouse' retrieved from /opt/airflow/dags/warehouse_dag.py
[2026-09-17T19:07:57.241+0000] {logging_mixin.py:188} INFO - [2026-09-17T19:07:57.240+0000] {dag.py:3096} INFO - Sync 1 DAGs
[2026-09-17T19:07:57.254+0000] {logging_mixin.py:188} INFO - [2026-09-17T19:07:57.253+0000] {dag.py:3954} INFO - Setting next_dagrun for youtube_warehouse to None, run_after=None
[2026-09-17T19:07:57.297+0000] {processor.py:183} INFO - Processing /opt/airflow/dags/warehouse_dag.py took 0.677 seconds
[2026-09-17T19:08:28.116+0000] {processor.py:161} INFO - Started process (PID=5284) to work on /opt/airflow/dags/warehouse_dag.py
[2026-09-17T19:08:28.119+0000] {processor.py:830} INFO - Processing file /opt/airflow/dags/warehouse_dag.py for tasks to queue
[2026-09-17T19:08:28.122+0000] {logging_mixin.py:188} INFO - [2026-09-17T19:08:28.121+0000] {dagbag.py:545} INFO - Filling up the DagBag from /opt/airflow/dags/warehouse_dag.py
[2026-09-17T19:08:28.667+0000] {processor.py:840} INFO - DAG(s) 'youtube_warehouse' retrieved from /opt/airflow/dags/warehouse_dag.py
[2026-09-17T19:08:28.687+0000] {logging_mixin.py:188} INFO - [2026-09-17T19:08:28.687+0000] {dag.py:3096} INFO - Sync 1 DAGs
[2026-09-17T19:08:28.701+0000] {logging_mixin.py:188} INFO - [2026-09-17T19:08:28.700+0000] {dag.py:3954} INFO - Setting next_dagrun for youtube_warehouse to None, run_after=None
[2026-09-17T19:08:28.739+0000] {processor.py:183} INFO - Processing /opt/airflow/dags/warehouse_dag.py took 0.631 seconds
[2026-09-17T19:08:59.198+0000] {processor.py:161} INFO - Started process (PID=5294) to work on /opt/airflow/dags/warehouse_dag.py
[2026-09-17T19:08:59.217+0000] {processor.py:830} INFO - Processing file /opt/airflow/dags/warehouse_dag.py for tasks to queue
[2026-09-17T19:08:59.224+0000] {logging_mixin.py:188} INFO - [2026-09-17T19:08:59.223+0000] {dagbag.py:545} INFO - Filling up the DagBag from /opt/airflow/dags/warehouse_dag.py
[2026-09-17T19:09:00.222+0000] {processor.py:840} INFO - DAG(s) 'youtube_warehouse' retrieved from /opt/airflow/dags/warehouse_dag.py
[2026-09-17T19:09:00.243+0000] {logging_mixin.py:188} INFO - [2026-09-17T19:09:00.243+0000] {dag.py:3096} INFO - Sync 1 DAGs
[2026-09-17T19:09:00.259+0000] {logging_mixin.py:188} INFO - [2026-09-17T19:09:00.259+0000] {dag.py:3954} INFO - Setting next_dagrun for youtube_warehouse to None, run_after=None
[2026-09-17T19:09:00.285+0000] {processor.py:183} INFO - Processing /opt/airflow/dags/warehouse_dag.py took 1.107 seconds
[2026-09-17T19:09:30.688+0000] {processor.py:161} INFO - Started process (PID=5309) to work on /opt/airflow/dags/warehouse_dag.py
[2026-09-17T19:09:30.690+0000] {processor.py:830} INFO - Processing file /opt/airflow/dags/warehouse_dag.py for tasks to queue
[2026-09-17T19:09:30.694+0000] {logging_mixin.py:188} INFO - [2026-09-17T19:09:30.694+0000] {dagbag.py:545} INFO - Filling up the DagBag from /opt/airflow/dags/warehouse_dag.py
[2026-09-17T19:09:31.258+0000] {processor.py:840} INFO - DAG(s) 'youtube_warehouse' retrieved from /opt/airflow/dags/warehouse_dag.py
[2026-09-17T19:09:31.295+0000] {logging_mixin.py:188} INFO - [2026-09-17T19:09:31.295+0000] {dag.py:3096} INFO - Sync 1 DAGs
[2026-09-17T19:09:31.307+0000] {logging_mixin.py:188} INFO - [2026-09-17T19:09:31.307+0000] {dag.py:3954} INFO - Setting next_dagrun for youtube_warehouse to None, run_after=None
[2026-09-17T19:09:31.347+0000] {processor.py:183} INFO - Processing /opt/airflow/dags/warehouse_dag.py took 0.669 seconds
[2026-09-17T19:10:01.673+0000] {processor.py:161} INFO - Started process (PID=5318) to work on /opt/airflow/dags/warehouse_dag.py
[2026-09-17T19:10:01.675+0000] {processor.py:830} INFO - Processing file /opt/airflow/dags/warehouse_dag.py for tasks to queue
[2026-09-17T19:10:01.678+0000] {logging_mixin.py:188} INFO - [2026-09-17T19:10:01.678+0000] {dagbag.py:545} INFO - Filling up the DagBag from /opt/airflow/dags/warehouse_dag.py
[2026-09-17T19:10:02.176+0000] {processor.py:840} INFO - DAG(s) 'youtube_warehouse' retrieved from /opt/airflow/dags/warehouse_dag.py
[2026-09-17T19:10:02.196+0000] {logging_mixin.py:188} INFO - [2026-09-17T19:10:02.196+0000] {dag.py:3096} INFO - Sync 1 DAGs
[2026-09-17T19:10:02.208+0000] {logging_mixin.py:188} INFO - [2026-09-17T19:10:02.208+0000] {dag.py:3954} INFO - Setting next_dagrun for youtube_warehouse to None, run_after=None
[2026-09-17T19:10:02.249+0000] {processor.py:183} INFO - Processing /opt/airflow/dags/warehouse_dag.py took 0.584 seconds
[2026-09-17T19:10:32.709+0000] {processor.py:161} INFO - Started process (PID=5327) to work on /opt/airflow/dags/warehouse_dag.py
[2026-09-17T19:10:32.712+0000] {processor.py:830} INFO - Processing file /opt/airflow/dags/warehouse_dag.py for tasks to queue
[2026-09-17T19:10:32.719+0000] {logging_mixin.py:188} INFO - [2026-09-17T19:10:32.717+0000] {dagbag.py:545} INFO - Filling up the DagBag from /opt/airflow/dags/warehouse_dag.py
[2026-09-17T19:10:33.555+0000] {processor.py:840} INFO - DAG(s) 'youtube_warehouse' retrieved from /opt/airflow/dags/warehouse_dag.py
[2026-09-17T19:10:33.581+0000] {logging_mixin.py:188} INFO - [2026-09-17T19:10:33.581+0000] {dag.py:3096} INFO - Sync 1 DAGs
[2026-09-17T19:10:33.611+0000] {logging_mixin.py:188} INFO - [2026-09-17T19:10:33.610+0000] {dag.py:3954} INFO - Setting next_dagrun for youtube_warehouse to None, run_after=None
[2026-09-17T19:10:33.640+0000] {processor.py:183} INFO - Processing /opt/airflow/dags/warehouse_dag.py took 0.944 seconds
[2026-09-17T19:11:04.307+0000] {processor.py:161} INFO - Started process (PID=5336) to work on /opt/airflow/dags/warehouse_dag.py
[2026-09-17T19:11:04.310+0000] {processor.py:830} INFO - Processing file /opt/airflow/dags/warehouse_dag.py for tasks to queue
[2026-09-17T19:11:04.313+0000] {logging_mixin.py:188} INFO - [2026-09-17T19:11:04.313+0000] {dagbag.py:545} INFO - Filling up the DagBag from /opt/airflow/dags/warehouse_dag.py
[2026-09-17T19:11:04.846+0000] {processor.py:840} INFO - DAG(s) 'youtube_warehouse' retrieved from /opt/airflow/dags/warehouse_dag.py
[2026-09-17T19:11:04.874+0000] {logging_mixin.py:188} INFO - [2026-09-17T19:11:04.874+0000] {dag.py:3096} INFO - Sync 1 DAGs
[2026-09-17T19:11:04.890+0000] {logging_mixin.py:188} INFO - [2026-09-17T19:11:04.890+0000] {dag.py:3954} INFO - Setting next_dagrun for youtube_warehouse to None, run_after=None
[2026-09-17T19:11:04.938+0000] {processor.py:183} INFO - Processing /opt/airflow/dags/warehouse_dag.py took 0.638 seconds
[2026-09-17T19:11:35.703+0000] {processor.py:161} INFO - Started process (PID=5345) to work on /opt/airflow/dags/warehouse_dag.py
[2026-09-17T19:11:35.705+0000] {processor.py:830} INFO - Processing file /opt/airflow/dags/warehouse_dag.py for tasks to queue
[2026-09-17T19:11:35.711+0000] {logging_mixin.py:188} INFO - [2026-09-17T19:11:35.710+0000] {dagbag.py:545} INFO - Filling up the DagBag from /opt/airflow/dags/warehouse_dag.py
[2026-09-17T19:11:36.240+0000] {processor.py:840} INFO - DAG(s) 'youtube_warehouse' retrieved from /opt/airflow/dags/warehouse_dag.py
[2026-09-17T19:11:36.261+0000] {logging_mixin.py:188} INFO - [2026-09-17T19:11:36.261+0000] {dag.py:3096} INFO - Sync 1 DAGs
[2026-09-17T19:11:36.274+0000] {logging_mixin.py:188} INFO - [2026-09-17T19:11:36.274+0000] {dag.py:3954} INFO - Setting next_dagrun for youtube_warehouse to None, run_after=None
[2026-09-17T19:11:36.306+0000] {processor.py:183} INFO - Processing /opt/airflow/dags/warehouse_dag.py took 0.611 seconds
[2026-09-17T19:12:07.042+0000] {processor.py:161} INFO - Started process (PID=5354) to work on /opt/airflow/dags/warehouse_dag.py
[2026-09-17T19:12:07.045+0000] {processor.py:830} INFO - Processing file /opt/airflow/dags/warehouse_dag.py for tasks to queue
[2026-09-17T19:12:07.049+0000] {logging_mixin.py:188} INFO - [2026-09-17T19:12:07.048+0000] {dagbag.py:545} INFO - Filling up the DagBag from /opt/airflow/dags/warehouse_dag.py
[2026-09-17T19:12:07.596+0000] {processor.py:840} INFO - DAG(s) 'youtube_warehouse' retrieved from /opt/airflow/dags/warehouse_dag.py
[2026-09-17T19:12:07.621+0000] {logging_mixin.py:188} INFO - [2026-09-17T19:12:07.621+0000] {dag.py:3096} INFO - Sync 1 DAGs
[2026-09-17T19:12:07.633+0000] {logging_mixin.py:188} INFO - [2026-09-17T19:12:07.632+0000] {dag.py:3954} INFO - Setting next_dagrun for youtube_warehouse to None, run_after=None
[2026-09-17T19:12:07.678+0000] {processor.py:183} INFO - Processing /opt/airflow/dags/warehouse_dag.py took 0.648 seconds
[2026-09-17T19:12:38.486+0000] {processor.py:161} INFO - Started process (PID=5363) to work on /opt/airflow/dags/warehouse_dag.py
[2026-09-17T19:12:38.490+0000] {processor.py:830} INFO - Processing file /opt/airflow/dags/warehouse_dag.py for tasks to queue
[2026-09-17T19:12:38.496+0000] {logging_mixin.py:188} INFO - [2026-09-17T19:12:38.495+0000] {dagbag.py:545} INFO - Filling up the DagBag from /opt/airflow/dags/warehouse_dag.py
[2026-09-17T19:12:39.275+0000] {processor.py:840} INFO - DAG(s) 'youtube_warehouse' retrieved from /opt/airflow/dags/warehouse_dag.py
[2026-09-17T19:12:39.301+0000] {logging_mixin.py:188} INFO - [2026-09-17T19:12:39.300+0000] {dag.py:3096} INFO - Sync 1 DAGs
[2026-09-17T19:12:39.315+0000] {logging_mixin.py:188} INFO - [2026-09-17T19:12:39.315+0000] {dag.py:3954} INFO - Setting next_dagrun for youtube_warehouse to None, run_after=None
[2026-09-17T19:12:39.353+0000] {processor.py:183} INFO - Processing /opt/airflow/dags/warehouse_dag.py took 0.879 seconds
[2026-09-17T19:13:10.086+0000] {processor.py:161} INFO - Started process (PID=5372) to work on /opt/airflow/dags/warehouse_dag.py
[2026-09-17T19:13:10.089+0000] {processor.py:830} INFO - Processing file /opt/airflow/dags/warehouse_dag.py for tasks to queue
[2026-09-17T19:13:10.093+0000] {logging_mixin.py:188} INFO - [2026-09-17T19:13:10.092+0000] {dagbag.py:545} INFO - Filling up the DagBag from /opt/airflow/dags/warehouse_dag.py
[2026-09-17T19:13:10.646+0000] {processor.py:840} INFO - DAG(s) 'youtube_warehouse' retrieved from /opt/airflow/dags/warehouse_dag.py
[2026-09-17T19:13:10.672+0000] {logging_mixin.py:188} INFO - [2026-09-17T19:13:10.671+0000] {dag.py:3096} INFO - Sync 1 DAGs
[2026-09-17T19:13:10.689+0000] {logging_mixin.py:188} INFO - [2026-09-17T19:13:10.689+0000] {dag.py:3954} INFO - Setting next_dagrun for youtube_warehouse to None, run_after=None
[2026-09-17T19:13:10.715+0000] {processor.py:183} INFO - Processing /opt/airflow/dags/warehouse_dag.py took 0.637 seconds
[2026-09-17T19:13:41.531+0000] {processor.py:161} INFO - Started process (PID=5381) to work on /opt/airflow/dags/warehouse_dag.py
[2026-09-17T19:13:41.533+0000] {processor.py:830} INFO - Processing file /opt/airflow/dags/warehouse_dag.py for tasks to queue
[2026-09-17T19:13:41.536+0000] {logging_mixin.py:188} INFO - [2026-09-17T19:13:41.536+0000] {dagbag.py:545} INFO - Filling up the DagBag from /opt/airflow/dags/warehouse_dag.py
[2026-09-17T19:13:42.043+0000] {processor.py:840} INFO - DAG(s) 'youtube_warehouse' retrieved from /opt/airflow/dags/warehouse_dag.py
[2026-09-17T19:13:42.080+0000] {logging_mixin.py:188} INFO - [2026-09-17T19:13:42.080+0000] {dag.py:3096} INFO - Sync 1 DAGs
[2026-09-17T19:13:42.093+0000] {logging_mixin.py:188} INFO - [2026-09-17T19:13:42.093+0000] {dag.py:3954} INFO - Setting next_dagrun for youtube_warehouse to None, run_after=None
[2026-09-17T19:13:42.145+0000] {processor.py:183} INFO - Processing /opt/airflow/dags/warehouse_dag.py took 0.621 seconds
[2026-09-17T19:14:12.538+0000] {processor.py:161} INFO - Started process (PID=5390) to work on /opt/airflow/dags/warehouse_dag.py
[2026-09-17T19:14:12.541+0000] {processor.py:830} INFO - Processing file /opt/airflow/dags/warehouse_dag.py for tasks to queue
[2026-09-17T19:14:12.544+0000] {logging_mixin.py:188} INFO - [2026-09-17T19:14:12.544+0000] {dagbag.py:545} INFO - Filling up the DagBag from /opt/airflow/dags/warehouse_dag.py
[2026-09-17T19:14:13.078+0000] {processor.py:840} INFO - DAG(s) 'youtube_warehouse' retrieved from /opt/airflow/dags/warehouse_dag.py
[2026-09-17T19:14:13.102+0000] {logging_mixin.py:188} INFO - [2026-09-17T19:14:13.101+0000] {dag.py:3096} INFO - Sync 1 DAGs
[2026-09-17T19:14:13.117+0000] {logging_mixin.py:188} INFO - [2026-09-17T19:14:13.117+0000] {dag.py:3954} INFO - Setting next_dagrun for youtube_warehouse to None, run_after=None
[2026-09-17T19:14:13.148+0000] {processor.py:183} INFO - Processing /opt/airflow/dags/warehouse_dag.py took 0.617 seconds
[2026-09-17T19:14:43.586+0000] {processor.py:161} INFO - Started process (PID=5399) to work on /opt/airflow/dags/warehouse_dag.py
[2026-09-17T19:14:43.590+0000] {processor.py:830} INFO - Processing file /opt/airflow/dags/warehouse_dag.py for tasks to queue
[2026-09-17T19:14:43.595+0000] {logging_mixin.py:188} INFO - [2026-09-17T19:14:43.594+0000] {dagbag.py:545} INFO - Filling up the DagBag from /opt/airflow/dags/warehouse_dag.py
[2026-09-17T19:14:44.181+0000] {processor.py:840} INFO - DAG(s) 'youtube_warehouse' retrieved from /opt/airflow/dags/warehouse_dag.py
[2026-09-17T19:14:44.223+0000] {logging_mixin.py:188} INFO - [2026-09-17T19:14:44.223+0000] {dag.py:3096} INFO - Sync 1 DAGs
[2026-09-17T19:14:44.236+0000] {logging_mixin.py:188} INFO - [2026-09-17T19:14:44.236+0000] {dag.py:3954} INFO - Setting next_dagrun for youtube_warehouse to None, run_after=None
[2026-09-17T19:14:44.282+0000] {processor.py:183} INFO - Processing /opt/airflow/dags/warehouse_dag.py took 0.709 seconds
[2026-09-17T19:15:14.401+0000] {processor.py:161} INFO - Started process (PID=5408) to work on /opt/airflow/dags/warehouse_dag.py
[2026-09-17T19:15:14.403+0000] {processor.py:830} INFO - Processing file /opt/airflow/dags/warehouse_dag.py for tasks to queue
[2026-09-17T19:15:14.409+0000] {logging_mixin.py:188} INFO - [2026-09-17T19:15:14.408+0000] {dagbag.py:545} INFO - Filling up the DagBag from /opt/airflow/dags/warehouse_dag.py
[2026-09-17T19:15:15.211+0000] {processor.py:840} INFO - DAG(s) 'youtube_warehouse' retrieved from /opt/airflow/dags/warehouse_dag.py
[2026-09-17T19:15:15.247+0000] {logging_mixin.py:188} INFO - [2026-09-17T19:15:15.246+0000] {dag.py:3096} INFO - Sync 1 DAGs
[2026-09-17T19:15:15.267+0000] {logging_mixin.py:188} INFO - [2026-09-17T19:15:15.266+0000] {dag.py:3954} INFO - Setting next_dagrun for youtube_warehouse to None, run_after=None
[2026-09-17T19:15:15.327+0000] {processor.py:183} INFO - Processing /opt/airflow/dags/warehouse_dag.py took 0.939 seconds
[2026-09-17T19:15:45.525+0000] {processor.py:161} INFO - Started process (PID=5417) to work on /opt/airflow/dags/warehouse_dag.py
[2026-09-17T19:15:45.528+0000] {processor.py:830} INFO - Processing file /opt/airflow/dags/warehouse_dag.py for tasks to queue
[2026-09-17T19:15:45.533+0000] {logging_mixin.py:188} INFO - [2026-09-17T19:15:45.532+0000] {dagbag.py:545} INFO - Filling up the DagBag from /opt/airflow/dags/warehouse_dag.py
[2026-09-17T19:15:46.126+0000] {processor.py:840} INFO - DAG(s) 'youtube_warehouse' retrieved from /opt/airflow/dags/warehouse_dag.py
[2026-09-17T19:15:46.148+0000] {logging_mixin.py:188} INFO - [2026-09-17T19:15:46.147+0000] {dag.py:3096} INFO - Sync 1 DAGs
[2026-09-17T19:15:46.160+0000] {logging_mixin.py:188} INFO - [2026-09-17T19:15:46.160+0000] {dag.py:3954} INFO - Setting next_dagrun for youtube_warehouse to None, run_after=None
[2026-09-17T19:15:46.198+0000] {processor.py:183} INFO - Processing /opt/airflow/dags/warehouse_dag.py took 0.684 seconds
[2026-09-17T19:16:17.049+0000] {processor.py:161} INFO - Started process (PID=5426) to work on /opt/airflow/dags/warehouse_dag.py
[2026-09-17T19:16:17.053+0000] {processor.py:830} INFO - Processing file /opt/airflow/dags/warehouse_dag.py for tasks to queue
[2026-09-17T19:16:17.057+0000] {logging_mixin.py:188} INFO - [2026-09-17T19:16:17.057+0000] {dagbag.py:545} INFO - Filling up the DagBag from /opt/airflow/dags/warehouse_dag.py
[2026-09-17T19:16:17.832+0000] {processor.py:840} INFO - DAG(s) 'youtube_warehouse' retrieved from /opt/airflow/dags/warehouse_dag.py
[2026-09-17T19:16:17.867+0000] {logging_mixin.py:188} INFO - [2026-09-17T19:16:17.867+0000] {dag.py:3096} INFO - Sync 1 DAGs
[2026-09-17T19:16:17.887+0000] {logging_mixin.py:188} INFO - [2026-09-17T19:16:17.887+0000] {dag.py:3954} INFO - Setting next_dagrun for youtube_warehouse to None, run_after=None
[2026-09-17T19:16:17.960+0000] {processor.py:183} INFO - Processing /opt/airflow/dags/warehouse_dag.py took 0.924 seconds
[2026-09-17T19:16:48.780+0000] {processor.py:161} INFO - Started process (PID=5435) to work on /opt/airflow/dags/warehouse_dag.py
[2026-09-17T19:16:48.782+0000] {processor.py:830} INFO - Processing file /opt/airflow/dags/warehouse_dag.py for tasks to queue
[2026-09-17T19:16:48.785+0000] {logging_mixin.py:188} INFO - [2026-09-17T19:16:48.785+0000] {dagbag.py:545} INFO - Filling up the DagBag from /opt/airflow/dags/warehouse_dag.py
[2026-09-17T19:16:49.308+0000] {processor.py:840} INFO - DAG(s) 'youtube_warehouse' retrieved from /opt/airflow/dags/warehouse_dag.py
[2026-09-17T19:16:49.332+0000] {logging_mixin.py:188} INFO - [2026-09-17T19:16:49.331+0000] {dag.py:3096} INFO - Sync 1 DAGs
[2026-09-17T19:16:49.347+0000] {logging_mixin.py:188} INFO - [2026-09-17T19:16:49.347+0000] {dag.py:3954} INFO - Setting next_dagrun for youtube_warehouse to None, run_after=None
[2026-09-17T19:16:49.384+0000] {processor.py:183} INFO - Processing /opt/airflow/dags/warehouse_dag.py took 0.609 seconds
[2026-09-17T19:17:19.822+0000] {processor.py:161} INFO - Started process (PID=5444) to work on /opt/airflow/dags/warehouse_dag.py
[2026-09-17T19:17:19.825+0000] {processor.py:830} INFO - Processing file /opt/airflow/dags/warehouse_dag.py for tasks to queue
[2026-09-17T19:17:19.830+0000] {logging_mixin.py:188} INFO - [2026-09-17T19:17:19.829+0000] {dagbag.py:545} INFO - Filling up the DagBag from /opt/airflow/dags/warehouse_dag.py
[2026-09-17T19:17:20.453+0000] {processor.py:840} INFO - DAG(s) 'youtube_warehouse' retrieved from /opt/airflow/dags/warehouse_dag.py
[2026-09-17T19:17:20.472+0000] {logging_mixin.py:188} INFO - [2026-09-17T19:17:20.472+0000] {dag.py:3096} INFO - Sync 1 DAGs
[2026-09-17T19:17:20.484+0000] {logging_mixin.py:188} INFO - [2026-09-17T19:17:20.484+0000] {dag.py:3954} INFO - Setting next_dagrun for youtube_warehouse to None, run_after=None
[2026-09-17T19:17:20.504+0000] {processor.py:183} INFO - Processing /opt/airflow/dags/warehouse_dag.py took 0.698 seconds
[2026-09-17T19:17:51.413+0000] {processor.py:161} INFO - Started process (PID=5453) to work on /opt/airflow/dags/warehouse_dag.py
[2026-09-17T19:17:51.417+0000] {processor.py:830} INFO - Processing file /opt/airflow/dags/warehouse_dag.py for tasks to queue
[2026-09-17T19:17:51.423+0000] {logging_mixin.py:188} INFO - [2026-09-17T19:17:51.422+0000] {dagbag.py:545} INFO - Filling up the DagBag from /opt/airflow/dags/warehouse_dag.py
[2026-09-17T19:17:52.025+0000] {processor.py:840} INFO - DAG(s) 'youtube_warehouse' retrieved from /opt/airflow/dags/warehouse_dag.py
[2026-09-17T19:17:52.045+0000] {logging_mixin.py:188} INFO - [2026-09-17T19:17:52.045+0000] {dag.py:3096} INFO - Sync 1 DAGs
[2026-09-17T19:17:52.057+0000] {logging_mixin.py:188} INFO - [2026-09-17T19:17:52.057+0000] {dag.py:3954} INFO - Setting next_dagrun for youtube_warehouse to None, run_after=None
[2026-09-17T19:17:52.079+0000] {processor.py:183} INFO - Processing /opt/airflow/dags/warehouse_dag.py took 0.679 seconds
[2026-09-17T19:18:22.311+0000] {processor.py:161} INFO - Started process (PID=5462) to work on /opt/airflow/dags/warehouse_dag.py
[2026-09-17T19:18:22.313+0000] {processor.py:830} INFO - Processing file /opt/airflow/dags/warehouse_dag.py for tasks to queue
[2026-09-17T19:18:22.316+0000] {logging_mixin.py:188} INFO - [2026-09-17T19:18:22.316+0000] {dagbag.py:545} INFO - Filling up the DagBag from /opt/airflow/dags/warehouse_dag.py
[2026-09-17T19:18:22.807+0000] {processor.py:840} INFO - DAG(s) 'youtube_warehouse' retrieved from /opt/airflow/dags/warehouse_dag.py
[2026-09-17T19:18:22.828+0000] {logging_mixin.py:188} INFO - [2026-09-17T19:18:22.828+0000] {dag.py:3096} INFO - Sync 1 DAGs
[2026-09-17T19:18:22.841+0000] {logging_mixin.py:188} INFO - [2026-09-17T19:18:22.841+0000] {dag.py:3954} INFO - Setting next_dagrun for youtube_warehouse to None, run_after=None
[2026-09-17T19:18:22.871+0000] {processor.py:183} INFO - Processing /opt/airflow/dags/warehouse_dag.py took 0.567 seconds
[2026-09-17T19:18:53.057+0000] {processor.py:161} INFO - Started process (PID=5471) to work on /opt/airflow/dags/warehouse_dag.py
[2026-09-17T19:18:53.060+0000] {processor.py:830} INFO - Processing file /opt/airflow/dags/warehouse_dag.py for tasks to queue
[2026-09-17T19:18:53.064+0000] {logging_mixin.py:188} INFO - [2026-09-17T19:18:53.064+0000] {dagbag.py:545} INFO - Filling up the DagBag from /opt/airflow/dags/warehouse_dag.py
[2026-09-17T19:18:53.572+0000] {processor.py:840} INFO - DAG(s) 'youtube_warehouse' retrieved from /opt/airflow/dags/warehouse_dag.py
[2026-09-17T19:18:53.591+0000] {logging_mixin.py:188} INFO - [2026-09-17T19:18:53.591+0000] {dag.py:3096} INFO - Sync 1 DAGs
[2026-09-17T19:18:53.602+0000] {logging_mixin.py:188} INFO - [2026-09-17T19:18:53.602+0000] {dag.py:3954} INFO - Setting next_dagrun for youtube_warehouse to None, run_after=None
[2026-09-17T19:18:53.646+0000] {processor.py:183} INFO - Processing /opt/airflow/dags/warehouse_dag.py took 0.596 seconds
[2026-09-17T19:19:24.039+0000] {processor.py:161} INFO - Started process (PID=5480) to work on /opt/airflow/dags/warehouse_dag.py
[2026-09-17T19:19:24.042+0000] {processor.py:830} INFO - Processing file /opt/airflow/dags/warehouse_dag.py for tasks to queue
[2026-09-17T19:19:24.046+0000] {logging_mixin.py:188} INFO - [2026-09-17T19:19:24.046+0000] {dagbag.py:545} INFO - Filling up the DagBag from /opt/airflow/dags/warehouse_dag.py
[2026-09-17T19:19:24.689+0000] {processor.py:840} INFO - DAG(s) 'youtube_warehouse' retrieved from /opt/airflow/dags/warehouse_dag.py
[2026-09-17T19:19:24.715+0000] {logging_mixin.py:188} INFO - [2026-09-17T19:19:24.715+0000] {dag.py:3096} INFO - Sync 1 DAGs
[2026-09-17T19:19:24.730+0000] {logging_mixin.py:188} INFO - [2026-09-17T19:19:24.730+0000] {dag.py:3954} INFO - Setting next_dagrun for youtube_warehouse to None, run_after=None
[2026-09-17T19:19:24.777+0000] {processor.py:183} INFO - Processing /opt/airflow/dags/warehouse_dag.py took 0.747 seconds
[2026-09-17T19:19:54.974+0000] {processor.py:161} INFO - Started process (PID=5489) to work on /opt/airflow/dags/warehouse_dag.py
[2026-09-17T19:19:54.976+0000] {processor.py:830} INFO - Processing file /opt/airflow/dags/warehouse_dag.py for tasks to queue
[2026-09-17T19:19:54.980+0000] {logging_mixin.py:188} INFO - [2026-09-17T19:19:54.979+0000] {dagbag.py:545} INFO - Filling up the DagBag from /opt/airflow/dags/warehouse_dag.py
[2026-09-17T19:19:55.658+0000] {processor.py:840} INFO - DAG(s) 'youtube_warehouse' retrieved from /opt/airflow/dags/warehouse_dag.py
[2026-09-17T19:19:55.685+0000] {logging_mixin.py:188} INFO - [2026-09-17T19:19:55.685+0000] {dag.py:3096} INFO - Sync 1 DAGs
[2026-09-17T19:19:55.699+0000] {logging_mixin.py:188} INFO - [2026-09-17T19:19:55.699+0000] {dag.py:3954} INFO - Setting next_dagrun for youtube_warehouse to None, run_after=None
[2026-09-17T19:19:55.750+0000] {processor.py:183} INFO - Processing /opt/airflow/dags/warehouse_dag.py took 0.787 seconds
[2026-09-17T19:20:26.157+0000] {processor.py:161} INFO - Started process (PID=5498) to work on /opt/airflow/dags/warehouse_dag.py
[2026-09-17T19:20:26.159+0000] {processor.py:830} INFO - Processing file /opt/airflow/dags/warehouse_dag.py for tasks to queue
[2026-09-17T19:20:26.162+0000] {logging_mixin.py:188} INFO - [2026-09-17T19:20:26.162+0000] {dagbag.py:545} INFO - Filling up the DagBag from /opt/airflow/dags/warehouse_dag.py
[2026-09-17T19:20:26.719+0000] {processor.py:840} INFO - DAG(s) 'youtube_warehouse' retrieved from /opt/airflow/dags/warehouse_dag.py
[2026-09-17T19:20:26.743+0000] {logging_mixin.py:188} INFO - [2026-09-17T19:20:26.743+0000] {dag.py:3096} INFO - Sync 1 DAGs
[2026-09-17T19:20:26.758+0000] {logging_mixin.py:188} INFO - [2026-09-17T19:20:26.757+0000] {dag.py:3954} INFO - Setting next_dagrun for youtube_warehouse to None, run_after=None
[2026-09-17T19:20:26.806+0000] {processor.py:183} INFO - Processing /opt/airflow/dags/warehouse_dag.py took 0.657 seconds
[2026-09-17T19:20:57.576+0000] {processor.py:161} INFO - Started process (PID=5507) to work on /opt/airflow/dags/warehouse_dag.py
[2026-09-17T19:20:57.579+0000] {processor.py:830} INFO - Processing file /opt/airflow/dags/warehouse_dag.py for tasks to queue
[2026-09-17T19:20:57.582+0000] {logging_mixin.py:188} INFO - [2026-09-17T19:20:57.582+0000] {dagbag.py:545} INFO - Filling up the DagBag from /opt/airflow/dags/warehouse_dag.py
[2026-09-17T19:20:58.272+0000] {processor.py:840} INFO - DAG(s) 'youtube_warehouse' retrieved from /opt/airflow/dags/warehouse_dag.py
[2026-09-17T19:20:58.330+0000] {logging_mixin.py:188} INFO - [2026-09-17T19:20:58.330+0000] {dag.py:3096} INFO - Sync 1 DAGs
[2026-09-17T19:20:58.350+0000] {logging_mixin.py:188} INFO - [2026-09-17T19:20:58.349+0000] {dag.py:3954} INFO - Setting next_dagrun for youtube_warehouse to None, run_after=None
[2026-09-17T19:20:58.381+0000] {processor.py:183} INFO - Processing /opt/airflow/dags/warehouse_dag.py took 0.814 seconds
[2026-09-17T19:21:29.144+0000] {processor.py:161} INFO - Started process (PID=5516) to work on /opt/airflow/dags/warehouse_dag.py
[2026-09-17T19:21:29.150+0000] {processor.py:830} INFO - Processing file /opt/airflow/dags/warehouse_dag.py for tasks to queue
[2026-09-17T19:21:29.156+0000] {logging_mixin.py:188} INFO - [2026-09-17T19:21:29.155+0000] {dagbag.py:545} INFO - Filling up the DagBag from /opt/airflow/dags/warehouse_dag.py
[2026-09-17T19:21:30.010+0000] {processor.py:840} INFO - DAG(s) 'youtube_warehouse' retrieved from /opt/airflow/dags/warehouse_dag.py
[2026-09-17T19:21:30.043+0000] {logging_mixin.py:188} INFO - [2026-09-17T19:21:30.043+0000] {dag.py:3096} INFO - Sync 1 DAGs
[2026-09-17T19:21:30.062+0000] {logging_mixin.py:188} INFO - [2026-09-17T19:21:30.061+0000] {dag.py:3954} INFO - Setting next_dagrun for youtube_warehouse to None, run_after=None
[2026-09-17T19:21:30.091+0000] {processor.py:183} INFO - Processing /opt/airflow/dags/warehouse_dag.py took 0.973 seconds
[2026-09-17T19:22:00.730+0000] {processor.py:161} INFO - Started process (PID=5525) to work on /opt/airflow/dags/warehouse_dag.py
[2026-09-17T19:22:00.732+0000] {processor.py:830} INFO - Processing file /opt/airflow/dags/warehouse_dag.py for tasks to queue
[2026-09-17T19:22:00.736+0000] {logging_mixin.py:188} INFO - [2026-09-17T19:22:00.735+0000] {dagbag.py:545} INFO - Filling up the DagBag from /opt/airflow/dags/warehouse_dag.py
[2026-09-17T19:22:01.363+0000] {processor.py:840} INFO - DAG(s) 'youtube_warehouse' retrieved from /opt/airflow/dags/warehouse_dag.py
[2026-09-17T19:22:01.389+0000] {logging_mixin.py:188} INFO - [2026-09-17T19:22:01.388+0000] {dag.py:3096} INFO - Sync 1 DAGs
[2026-09-17T19:22:01.416+0000] {logging_mixin.py:188} INFO - [2026-09-17T19:22:01.416+0000] {dag.py:3954} INFO - Setting next_dagrun for youtube_warehouse to None, run_after=None
[2026-09-17T19:22:01.442+0000] {processor.py:183} INFO - Processing /opt/airflow/dags/warehouse_dag.py took 0.726 seconds
[2026-09-17T19:22:31.708+0000] {processor.py:161} INFO - Started process (PID=5534) to work on /opt/airflow/dags/warehouse_dag.py
[2026-09-17T19:22:31.711+0000] {processor.py:830} INFO - Processing file /opt/airflow/dags/warehouse_dag.py for tasks to queue
[2026-09-17T19:22:31.716+0000] {logging_mixin.py:188} INFO - [2026-09-17T19:22:31.715+0000] {dagbag.py:545} INFO - Filling up the DagBag from /opt/airflow/dags/warehouse_dag.py
[2026-09-17T19:22:32.372+0000] {processor.py:840} INFO - DAG(s) 'youtube_warehouse' retrieved from /opt/airflow/dags/warehouse_dag.py
[2026-09-17T19:22:32.398+0000] {logging_mixin.py:188} INFO - [2026-09-17T19:22:32.397+0000] {dag.py:3096} INFO - Sync 1 DAGs
[2026-09-17T19:22:32.412+0000] {logging_mixin.py:188} INFO - [2026-09-17T19:22:32.412+0000] {dag.py:3954} INFO - Setting next_dagrun for youtube_warehouse to None, run_after=None
[2026-09-17T19:22:32.461+0000] {processor.py:183} INFO - Processing /opt/airflow/dags/warehouse_dag.py took 0.764 seconds
[2026-09-17T19:23:02.979+0000] {processor.py:161} INFO - Started process (PID=5544) to work on /opt/airflow/dags/warehouse_dag.py
[2026-09-17T19:23:02.981+0000] {processor.py:830} INFO - Processing file /opt/airflow/dags/warehouse_dag.py for tasks to queue
[2026-09-17T19:23:02.985+0000] {logging_mixin.py:188} INFO - [2026-09-17T19:23:02.984+0000] {dagbag.py:545} INFO - Filling up the DagBag from /opt/airflow/dags/warehouse_dag.py
[2026-09-17T19:23:03.727+0000] {processor.py:840} INFO - DAG(s) 'youtube_warehouse' retrieved from /opt/airflow/dags/warehouse_dag.py
[2026-09-17T19:23:03.756+0000] {logging_mixin.py:188} INFO - [2026-09-17T19:23:03.756+0000] {dag.py:3096} INFO - Sync 1 DAGs
[2026-09-17T19:23:03.774+0000] {logging_mixin.py:188} INFO - [2026-09-17T19:23:03.774+0000] {dag.py:3954} INFO - Setting next_dagrun for youtube_warehouse to None, run_after=None
[2026-09-17T19:23:03.814+0000] {processor.py:183} INFO - Processing /opt/airflow/dags/warehouse_dag.py took 0.844 seconds
[2026-09-17T19:23:34.042+0000] {processor.py:161} INFO - Started process (PID=5559) to work on /opt/airflow/dags/warehouse_dag.py
[2026-09-17T19:23:34.046+0000] {processor.py:830} INFO - Processing file /opt/airflow/dags/warehouse_dag.py for tasks to queue
[2026-09-17T19:23:34.052+0000] {logging_mixin.py:188} INFO - [2026-09-17T19:23:34.051+0000] {dagbag.py:545} INFO - Filling up the DagBag from /opt/airflow/dags/warehouse_dag.py
[2026-09-17T19:23:35.359+0000] {processor.py:840} INFO - DAG(s) 'youtube_warehouse' retrieved from /opt/airflow/dags/warehouse_dag.py
[2026-09-17T19:23:35.388+0000] {logging_mixin.py:188} INFO - [2026-09-17T19:23:35.387+0000] {dag.py:3096} INFO - Sync 1 DAGs
[2026-09-17T19:23:35.407+0000] {logging_mixin.py:188} INFO - [2026-09-17T19:23:35.407+0000] {dag.py:3954} INFO - Setting next_dagrun for youtube_warehouse to None, run_after=None
[2026-09-17T19:23:35.455+0000] {processor.py:183} INFO - Processing /opt/airflow/dags/warehouse_dag.py took 1.433 seconds
[2026-09-17T19:24:05.869+0000] {processor.py:161} INFO - Started process (PID=5568) to work on /opt/airflow/dags/warehouse_dag.py
[2026-09-17T19:24:05.872+0000] {processor.py:830} INFO - Processing file /opt/airflow/dags/warehouse_dag.py for tasks to queue
[2026-09-17T19:24:05.876+0000] {logging_mixin.py:188} INFO - [2026-09-17T19:24:05.875+0000] {dagbag.py:545} INFO - Filling up the DagBag from /opt/airflow/dags/warehouse_dag.py
[2026-09-17T19:24:06.556+0000] {processor.py:840} INFO - DAG(s) 'youtube_warehouse' retrieved from /opt/airflow/dags/warehouse_dag.py
[2026-09-17T19:24:06.587+0000] {logging_mixin.py:188} INFO - [2026-09-17T19:24:06.586+0000] {dag.py:3096} INFO - Sync 1 DAGs
[2026-09-17T19:24:06.605+0000] {logging_mixin.py:188} INFO - [2026-09-17T19:24:06.604+0000] {dag.py:3954} INFO - Setting next_dagrun for youtube_warehouse to None, run_after=None
[2026-09-17T19:24:06.631+0000] {processor.py:183} INFO - Processing /opt/airflow/dags/warehouse_dag.py took 0.775 seconds
[2026-09-17T19:24:36.792+0000] {processor.py:161} INFO - Started process (PID=5577) to work on /opt/airflow/dags/warehouse_dag.py
[2026-09-17T19:24:36.794+0000] {processor.py:830} INFO - Processing file /opt/airflow/dags/warehouse_dag.py for tasks to queue
[2026-09-17T19:24:36.801+0000] {logging_mixin.py:188} INFO - [2026-09-17T19:24:36.800+0000] {dagbag.py:545} INFO - Filling up the DagBag from /opt/airflow/dags/warehouse_dag.py
[2026-09-17T19:24:37.667+0000] {processor.py:840} INFO - DAG(s) 'youtube_warehouse' retrieved from /opt/airflow/dags/warehouse_dag.py
[2026-09-17T19:24:37.700+0000] {logging_mixin.py:188} INFO - [2026-09-17T19:24:37.699+0000] {dag.py:3096} INFO - Sync 1 DAGs
[2026-09-17T19:24:37.718+0000] {logging_mixin.py:188} INFO - [2026-09-17T19:24:37.717+0000] {dag.py:3954} INFO - Setting next_dagrun for youtube_warehouse to None, run_after=None
[2026-09-17T19:24:37.750+0000] {processor.py:183} INFO - Processing /opt/airflow/dags/warehouse_dag.py took 0.968 seconds
[2026-09-17T19:25:08.246+0000] {processor.py:161} INFO - Started process (PID=5586) to work on /opt/airflow/dags/warehouse_dag.py
[2026-09-17T19:25:08.249+0000] {processor.py:830} INFO - Processing file /opt/airflow/dags/warehouse_dag.py for tasks to queue
[2026-09-17T19:25:08.253+0000] {logging_mixin.py:188} INFO - [2026-09-17T19:25:08.253+0000] {dagbag.py:545} INFO - Filling up the DagBag from /opt/airflow/dags/warehouse_dag.py
[2026-09-17T19:25:08.993+0000] {processor.py:840} INFO - DAG(s) 'youtube_warehouse' retrieved from /opt/airflow/dags/warehouse_dag.py
[2026-09-17T19:25:09.028+0000] {logging_mixin.py:188} INFO - [2026-09-17T19:25:09.027+0000] {dag.py:3096} INFO - Sync 1 DAGs
[2026-09-17T19:25:09.053+0000] {logging_mixin.py:188} INFO - [2026-09-17T19:25:09.052+0000] {dag.py:3954} INFO - Setting next_dagrun for youtube_warehouse to None, run_after=None
[2026-09-17T19:25:09.086+0000] {processor.py:183} INFO - Processing /opt/airflow/dags/warehouse_dag.py took 0.850 seconds
[2026-09-17T19:25:39.897+0000] {processor.py:161} INFO - Started process (PID=5595) to work on /opt/airflow/dags/warehouse_dag.py
[2026-09-17T19:25:39.901+0000] {processor.py:830} INFO - Processing file /opt/airflow/dags/warehouse_dag.py for tasks to queue
[2026-09-17T19:25:39.906+0000] {logging_mixin.py:188} INFO - [2026-09-17T19:25:39.905+0000] {dagbag.py:545} INFO - Filling up the DagBag from /opt/airflow/dags/warehouse_dag.py
[2026-09-17T19:25:40.582+0000] {processor.py:840} INFO - DAG(s) 'youtube_warehouse' retrieved from /opt/airflow/dags/warehouse_dag.py
[2026-09-17T19:25:40.614+0000] {logging_mixin.py:188} INFO - [2026-09-17T19:25:40.614+0000] {dag.py:3096} INFO - Sync 1 DAGs
[2026-09-17T19:25:40.633+0000] {logging_mixin.py:188} INFO - [2026-09-17T19:25:40.633+0000] {dag.py:3954} INFO - Setting next_dagrun for youtube_warehouse to None, run_after=None
[2026-09-17T19:25:40.662+0000] {processor.py:183} INFO - Processing /opt/airflow/dags/warehouse_dag.py took 0.773 seconds
[2026-09-17T19:26:11.374+0000] {processor.py:161} INFO - Started process (PID=5604) to work on /opt/airflow/dags/warehouse_dag.py
[2026-09-17T19:26:11.377+0000] {processor.py:830} INFO - Processing file /opt/airflow/dags/warehouse_dag.py for tasks to queue
[2026-09-17T19:26:11.382+0000] {logging_mixin.py:188} INFO - [2026-09-17T19:26:11.381+0000] {dagbag.py:545} INFO - Filling up the DagBag from /opt/airflow/dags/warehouse_dag.py
[2026-09-17T19:26:12.124+0000] {processor.py:840} INFO - DAG(s) 'youtube_warehouse' retrieved from /opt/airflow/dags/warehouse_dag.py
[2026-09-17T19:26:12.155+0000] {logging_mixin.py:188} INFO - [2026-09-17T19:26:12.154+0000] {dag.py:3096} INFO - Sync 1 DAGs
[2026-09-17T19:26:12.172+0000] {logging_mixin.py:188} INFO - [2026-09-17T19:26:12.172+0000] {dag.py:3954} INFO - Setting next_dagrun for youtube_warehouse to None, run_after=None
[2026-09-17T19:26:12.215+0000] {processor.py:183} INFO - Processing /opt/airflow/dags/warehouse_dag.py took 0.854 seconds
[2026-09-17T19:26:42.981+0000] {processor.py:161} INFO - Started process (PID=5613) to work on /opt/airflow/dags/warehouse_dag.py
[2026-09-17T19:26:42.985+0000] {processor.py:830} INFO - Processing file /opt/airflow/dags/warehouse_dag.py for tasks to queue
[2026-09-17T19:26:42.990+0000] {logging_mixin.py:188} INFO - [2026-09-17T19:26:42.990+0000] {dagbag.py:545} INFO - Filling up the DagBag from /opt/airflow/dags/warehouse_dag.py
[2026-09-17T19:26:43.734+0000] {processor.py:840} INFO - DAG(s) 'youtube_warehouse' retrieved from /opt/airflow/dags/warehouse_dag.py
[2026-09-17T19:26:43.812+0000] {logging_mixin.py:188} INFO - [2026-09-17T19:26:43.811+0000] {dag.py:3096} INFO - Sync 1 DAGs
[2026-09-17T19:26:43.836+0000] {logging_mixin.py:188} INFO - [2026-09-17T19:26:43.835+0000] {dag.py:3954} INFO - Setting next_dagrun for youtube_warehouse to None, run_after=None
[2026-09-17T19:26:43.913+0000] {processor.py:183} INFO - Processing /opt/airflow/dags/warehouse_dag.py took 0.942 seconds
[2026-09-17T19:27:14.636+0000] {processor.py:161} INFO - Started process (PID=5622) to work on /opt/airflow/dags/warehouse_dag.py
[2026-09-17T19:27:14.640+0000] {processor.py:830} INFO - Processing file /opt/airflow/dags/warehouse_dag.py for tasks to queue
[2026-09-17T19:27:14.644+0000] {logging_mixin.py:188} INFO - [2026-09-17T19:27:14.644+0000] {dagbag.py:545} INFO - Filling up the DagBag from /opt/airflow/dags/warehouse_dag.py
[2026-09-17T19:27:15.293+0000] {processor.py:840} INFO - DAG(s) 'youtube_warehouse' retrieved from /opt/airflow/dags/warehouse_dag.py
[2026-09-17T19:27:15.360+0000] {logging_mixin.py:188} INFO - [2026-09-17T19:27:15.359+0000] {dag.py:3096} INFO - Sync 1 DAGs
[2026-09-17T19:27:15.381+0000] {logging_mixin.py:188} INFO - [2026-09-17T19:27:15.381+0000] {dag.py:3954} INFO - Setting next_dagrun for youtube_warehouse to None, run_after=None
[2026-09-17T19:27:15.443+0000] {processor.py:183} INFO - Processing /opt/airflow/dags/warehouse_dag.py took 0.817 seconds
[2026-09-17T19:27:46.230+0000] {processor.py:161} INFO - Started process (PID=5631) to work on /opt/airflow/dags/warehouse_dag.py
[2026-09-17T19:27:46.235+0000] {processor.py:830} INFO - Processing file /opt/airflow/dags/warehouse_dag.py for tasks to queue
[2026-09-17T19:27:46.245+0000] {logging_mixin.py:188} INFO - [2026-09-17T19:27:46.244+0000] {dagbag.py:545} INFO - Filling up the DagBag from /opt/airflow/dags/warehouse_dag.py
[2026-09-17T19:27:47.146+0000] {processor.py:840} INFO - DAG(s) 'youtube_warehouse' retrieved from /opt/airflow/dags/warehouse_dag.py
[2026-09-17T19:27:47.198+0000] {logging_mixin.py:188} INFO - [2026-09-17T19:27:47.197+0000] {dag.py:3096} INFO - Sync 1 DAGs
[2026-09-17T19:27:47.235+0000] {logging_mixin.py:188} INFO - [2026-09-17T19:27:47.234+0000] {dag.py:3954} INFO - Setting next_dagrun for youtube_warehouse to None, run_after=None
[2026-09-17T19:27:47.283+0000] {processor.py:183} INFO - Processing /opt/airflow/dags/warehouse_dag.py took 1.066 seconds
[2026-09-17T19:28:17.920+0000] {processor.py:161} INFO - Started process (PID=5640) to work on /opt/airflow/dags/warehouse_dag.py
[2026-09-17T19:28:17.923+0000] {processor.py:830} INFO - Processing file /opt/airflow/dags/warehouse_dag.py for tasks to queue
[2026-09-17T19:28:17.929+0000] {logging_mixin.py:188} INFO - [2026-09-17T19:28:17.928+0000] {dagbag.py:545} INFO - Filling up the DagBag from /opt/airflow/dags/warehouse_dag.py
[2026-09-17T19:28:18.837+0000] {processor.py:840} INFO - DAG(s) 'youtube_warehouse' retrieved from /opt/airflow/dags/warehouse_dag.py
[2026-09-17T19:28:18.909+0000] {logging_mixin.py:188} INFO - [2026-09-17T19:28:18.909+0000] {dag.py:3096} INFO - Sync 1 DAGs
[2026-09-17T19:28:18.942+0000] {logging_mixin.py:188} INFO - [2026-09-17T19:28:18.941+0000] {dag.py:3954} INFO - Setting next_dagrun for youtube_warehouse to None, run_after=None
[2026-09-17T19:28:18.993+0000] {processor.py:183} INFO - Processing /opt/airflow/dags/warehouse_dag.py took 1.085 seconds
[2026-09-17T19:28:49.616+0000] {processor.py:161} INFO - Started process (PID=5649) to work on /opt/airflow/dags/warehouse_dag.py
[2026-09-17T19:28:49.619+0000] {processor.py:830} INFO - Processing file /opt/airflow/dags/warehouse_dag.py for tasks to queue
[2026-09-17T19:28:49.628+0000] {logging_mixin.py:188} INFO - [2026-09-17T19:28:49.626+0000] {dagbag.py:545} INFO - Filling up the DagBag from /opt/airflow/dags/warehouse_dag.py
[2026-09-17T19:28:51.143+0000] {processor.py:840} INFO - DAG(s) 'youtube_warehouse' retrieved from /opt/airflow/dags/warehouse_dag.py
[2026-09-17T19:28:51.227+0000] {logging_mixin.py:188} INFO - [2026-09-17T19:28:51.226+0000] {dag.py:3096} INFO - Sync 1 DAGs
[2026-09-17T19:28:51.276+0000] {logging_mixin.py:188} INFO - [2026-09-17T19:28:51.273+0000] {dag.py:3954} INFO - Setting next_dagrun for youtube_warehouse to None, run_after=None
[2026-09-17T19:28:51.343+0000] {processor.py:183} INFO - Processing /opt/airflow/dags/warehouse_dag.py took 1.750 seconds
[2026-09-17T19:29:21.924+0000] {processor.py:161} INFO - Started process (PID=5659) to work on /opt/airflow/dags/warehouse_dag.py
[2026-09-17T19:29:21.928+0000] {processor.py:830} INFO - Processing file /opt/airflow/dags/warehouse_dag.py for tasks to queue
[2026-09-17T19:29:21.933+0000] {logging_mixin.py:188} INFO - [2026-09-17T19:29:21.932+0000] {dagbag.py:545} INFO - Filling up the DagBag from /opt/airflow/dags/warehouse_dag.py
[2026-09-17T19:29:22.784+0000] {processor.py:840} INFO - DAG(s) 'youtube_warehouse' retrieved from /opt/airflow/dags/warehouse_dag.py
[2026-09-17T19:29:22.822+0000] {logging_mixin.py:188} INFO - [2026-09-17T19:29:22.820+0000] {dag.py:3096} INFO - Sync 1 DAGs
[2026-09-17T19:29:22.842+0000] {logging_mixin.py:188} INFO - [2026-09-17T19:29:22.842+0000] {dag.py:3954} INFO - Setting next_dagrun for youtube_warehouse to None, run_after=None
[2026-09-17T19:29:22.879+0000] {processor.py:183} INFO - Processing /opt/airflow/dags/warehouse_dag.py took 0.967 seconds
[2026-09-17T19:29:53.333+0000] {processor.py:161} INFO - Started process (PID=5669) to work on /opt/airflow/dags/warehouse_dag.py
[2026-09-17T19:29:53.336+0000] {processor.py:830} INFO - Processing file /opt/airflow/dags/warehouse_dag.py for tasks to queue
[2026-09-17T19:29:53.342+0000] {logging_mixin.py:188} INFO - [2026-09-17T19:29:53.341+0000] {dagbag.py:545} INFO - Filling up the DagBag from /opt/airflow/dags/warehouse_dag.py
[2026-09-17T19:29:54.118+0000] {processor.py:840} INFO - DAG(s) 'youtube_warehouse' retrieved from /opt/airflow/dags/warehouse_dag.py
[2026-09-17T19:29:54.159+0000] {logging_mixin.py:188} INFO - [2026-09-17T19:29:54.158+0000] {dag.py:3096} INFO - Sync 1 DAGs
[2026-09-17T19:29:54.179+0000] {logging_mixin.py:188} INFO - [2026-09-17T19:29:54.178+0000] {dag.py:3954} INFO - Setting next_dagrun for youtube_warehouse to None, run_after=None
[2026-09-17T19:29:54.217+0000] {processor.py:183} INFO - Processing /opt/airflow/dags/warehouse_dag.py took 0.893 seconds
[2026-09-17T19:30:24.398+0000] {processor.py:161} INFO - Started process (PID=5678) to work on /opt/airflow/dags/warehouse_dag.py
[2026-09-17T19:30:24.417+0000] {processor.py:830} INFO - Processing file /opt/airflow/dags/warehouse_dag.py for tasks to queue
[2026-09-17T19:30:24.425+0000] {logging_mixin.py:188} INFO - [2026-09-17T19:30:24.424+0000] {dagbag.py:545} INFO - Filling up the DagBag from /opt/airflow/dags/warehouse_dag.py
[2026-09-17T19:30:25.446+0000] {processor.py:840} INFO - DAG(s) 'youtube_warehouse' retrieved from /opt/airflow/dags/warehouse_dag.py
[2026-09-17T19:30:25.501+0000] {logging_mixin.py:188} INFO - [2026-09-17T19:30:25.500+0000] {dag.py:3096} INFO - Sync 1 DAGs
[2026-09-17T19:30:25.528+0000] {logging_mixin.py:188} INFO - [2026-09-17T19:30:25.528+0000] {dag.py:3954} INFO - Setting next_dagrun for youtube_warehouse to None, run_after=None
[2026-09-17T19:30:25.566+0000] {processor.py:183} INFO - Processing /opt/airflow/dags/warehouse_dag.py took 1.192 seconds
[2026-09-17T19:30:56.080+0000] {processor.py:161} INFO - Started process (PID=5687) to work on /opt/airflow/dags/warehouse_dag.py
[2026-09-17T19:30:56.090+0000] {processor.py:830} INFO - Processing file /opt/airflow/dags/warehouse_dag.py for tasks to queue
[2026-09-17T19:30:56.096+0000] {logging_mixin.py:188} INFO - [2026-09-17T19:30:56.095+0000] {dagbag.py:545} INFO - Filling up the DagBag from /opt/airflow/dags/warehouse_dag.py
[2026-09-17T19:30:56.884+0000] {processor.py:840} INFO - DAG(s) 'youtube_warehouse' retrieved from /opt/airflow/dags/warehouse_dag.py
[2026-09-17T19:30:56.932+0000] {logging_mixin.py:188} INFO - [2026-09-17T19:30:56.932+0000] {dag.py:3096} INFO - Sync 1 DAGs
[2026-09-17T19:30:56.947+0000] {logging_mixin.py:188} INFO - [2026-09-17T19:30:56.947+0000] {dag.py:3954} INFO - Setting next_dagrun for youtube_warehouse to None, run_after=None
[2026-09-17T19:30:57.006+0000] {processor.py:183} INFO - Processing /opt/airflow/dags/warehouse_dag.py took 0.939 seconds
[2026-09-17T19:31:27.820+0000] {processor.py:161} INFO - Started process (PID=5696) to work on /opt/airflow/dags/warehouse_dag.py
[2026-09-17T19:31:27.823+0000] {processor.py:830} INFO - Processing file /opt/airflow/dags/warehouse_dag.py for tasks to queue
[2026-09-17T19:31:27.827+0000] {logging_mixin.py:188} INFO - [2026-09-17T19:31:27.827+0000] {dagbag.py:545} INFO - Filling up the DagBag from /opt/airflow/dags/warehouse_dag.py
[2026-09-17T19:31:28.534+0000] {processor.py:840} INFO - DAG(s) 'youtube_warehouse' retrieved from /opt/airflow/dags/warehouse_dag.py
[2026-09-17T19:31:28.565+0000] {logging_mixin.py:188} INFO - [2026-09-17T19:31:28.565+0000] {dag.py:3096} INFO - Sync 1 DAGs
[2026-09-17T19:31:28.585+0000] {logging_mixin.py:188} INFO - [2026-09-17T19:31:28.585+0000] {dag.py:3954} INFO - Setting next_dagrun for youtube_warehouse to None, run_after=None
[2026-09-17T19:31:28.621+0000] {processor.py:183} INFO - Processing /opt/airflow/dags/warehouse_dag.py took 0.814 seconds
[2026-09-17T19:31:59.453+0000] {processor.py:161} INFO - Started process (PID=5705) to work on /opt/airflow/dags/warehouse_dag.py
[2026-09-17T19:31:59.456+0000] {processor.py:830} INFO - Processing file /opt/airflow/dags/warehouse_dag.py for tasks to queue
[2026-09-17T19:31:59.462+0000] {logging_mixin.py:188} INFO - [2026-09-17T19:31:59.461+0000] {dagbag.py:545} INFO - Filling up the DagBag from /opt/airflow/dags/warehouse_dag.py
[2026-09-17T19:32:00.301+0000] {processor.py:840} INFO - DAG(s) 'youtube_warehouse' retrieved from /opt/airflow/dags/warehouse_dag.py
[2026-09-17T19:32:00.338+0000] {logging_mixin.py:188} INFO - [2026-09-17T19:32:00.337+0000] {dag.py:3096} INFO - Sync 1 DAGs
[2026-09-17T19:32:00.387+0000] {logging_mixin.py:188} INFO - [2026-09-17T19:32:00.387+0000] {dag.py:3954} INFO - Setting next_dagrun for youtube_warehouse to None, run_after=None
[2026-09-17T19:32:00.431+0000] {processor.py:183} INFO - Processing /opt/airflow/dags/warehouse_dag.py took 0.986 seconds
[2026-09-17T19:32:30.857+0000] {processor.py:161} INFO - Started process (PID=5714) to work on /opt/airflow/dags/warehouse_dag.py
[2026-09-17T19:32:30.860+0000] {processor.py:830} INFO - Processing file /opt/airflow/dags/warehouse_dag.py for tasks to queue
[2026-09-17T19:32:30.865+0000] {logging_mixin.py:188} INFO - [2026-09-17T19:32:30.864+0000] {dagbag.py:545} INFO - Filling up the DagBag from /opt/airflow/dags/warehouse_dag.py
[2026-09-17T19:32:31.527+0000] {processor.py:840} INFO - DAG(s) 'youtube_warehouse' retrieved from /opt/airflow/dags/warehouse_dag.py
[2026-09-17T19:32:31.560+0000] {logging_mixin.py:188} INFO - [2026-09-17T19:32:31.559+0000] {dag.py:3096} INFO - Sync 1 DAGs
[2026-09-17T19:32:31.575+0000] {logging_mixin.py:188} INFO - [2026-09-17T19:32:31.574+0000] {dag.py:3954} INFO - Setting next_dagrun for youtube_warehouse to None, run_after=None
[2026-09-17T19:32:31.635+0000] {processor.py:183} INFO - Processing /opt/airflow/dags/warehouse_dag.py took 0.787 seconds
[2026-09-17T19:33:01.962+0000] {processor.py:161} INFO - Started process (PID=5723) to work on /opt/airflow/dags/warehouse_dag.py
[2026-09-17T19:33:01.965+0000] {processor.py:830} INFO - Processing file /opt/airflow/dags/warehouse_dag.py for tasks to queue
[2026-09-17T19:33:01.968+0000] {logging_mixin.py:188} INFO - [2026-09-17T19:33:01.968+0000] {dagbag.py:545} INFO - Filling up the DagBag from /opt/airflow/dags/warehouse_dag.py
[2026-09-17T19:33:02.588+0000] {processor.py:840} INFO - DAG(s) 'youtube_warehouse' retrieved from /opt/airflow/dags/warehouse_dag.py
[2026-09-17T19:33:02.613+0000] {logging_mixin.py:188} INFO - [2026-09-17T19:33:02.613+0000] {dag.py:3096} INFO - Sync 1 DAGs
[2026-09-17T19:33:02.654+0000] {logging_mixin.py:188} INFO - [2026-09-17T19:33:02.654+0000] {dag.py:3954} INFO - Setting next_dagrun for youtube_warehouse to None, run_after=None
[2026-09-17T19:33:02.694+0000] {processor.py:183} INFO - Processing /opt/airflow/dags/warehouse_dag.py took 0.743 seconds
[2026-09-17T19:33:33.153+0000] {processor.py:161} INFO - Started process (PID=5732) to work on /opt/airflow/dags/warehouse_dag.py
[2026-09-17T19:33:33.157+0000] {processor.py:830} INFO - Processing file /opt/airflow/dags/warehouse_dag.py for tasks to queue
[2026-09-17T19:33:33.166+0000] {logging_mixin.py:188} INFO - [2026-09-17T19:33:33.165+0000] {dagbag.py:545} INFO - Filling up the DagBag from /opt/airflow/dags/warehouse_dag.py
[2026-09-17T19:33:33.854+0000] {processor.py:840} INFO - DAG(s) 'youtube_warehouse' retrieved from /opt/airflow/dags/warehouse_dag.py
[2026-09-17T19:33:33.880+0000] {logging_mixin.py:188} INFO - [2026-09-17T19:33:33.879+0000] {dag.py:3096} INFO - Sync 1 DAGs
[2026-09-17T19:33:33.896+0000] {logging_mixin.py:188} INFO - [2026-09-17T19:33:33.895+0000] {dag.py:3954} INFO - Setting next_dagrun for youtube_warehouse to None, run_after=None
[2026-09-17T19:33:33.926+0000] {processor.py:183} INFO - Processing /opt/airflow/dags/warehouse_dag.py took 0.787 seconds
[2026-09-17T19:34:04.213+0000] {processor.py:161} INFO - Started process (PID=5741) to work on /opt/airflow/dags/warehouse_dag.py
[2026-09-17T19:34:04.219+0000] {processor.py:830} INFO - Processing file /opt/airflow/dags/warehouse_dag.py for tasks to queue
[2026-09-17T19:34:04.225+0000] {logging_mixin.py:188} INFO - [2026-09-17T19:34:04.224+0000] {dagbag.py:545} INFO - Filling up the DagBag from /opt/airflow/dags/warehouse_dag.py
[2026-09-17T19:34:06.794+0000] {processor.py:840} INFO - DAG(s) 'youtube_warehouse' retrieved from /opt/airflow/dags/warehouse_dag.py
[2026-09-17T19:34:06.845+0000] {logging_mixin.py:188} INFO - [2026-09-17T19:34:06.844+0000] {dag.py:3096} INFO - Sync 1 DAGs
[2026-09-17T19:34:06.864+0000] {logging_mixin.py:188} INFO - [2026-09-17T19:34:06.863+0000] {dag.py:3954} INFO - Setting next_dagrun for youtube_warehouse to None, run_after=None
[2026-09-17T19:34:06.941+0000] {processor.py:183} INFO - Processing /opt/airflow/dags/warehouse_dag.py took 2.752 seconds
[2026-09-17T19:34:37.442+0000] {processor.py:161} INFO - Started process (PID=5756) to work on /opt/airflow/dags/warehouse_dag.py
[2026-09-17T19:34:37.445+0000] {processor.py:830} INFO - Processing file /opt/airflow/dags/warehouse_dag.py for tasks to queue
[2026-09-17T19:34:37.449+0000] {logging_mixin.py:188} INFO - [2026-09-17T19:34:37.448+0000] {dagbag.py:545} INFO - Filling up the DagBag from /opt/airflow/dags/warehouse_dag.py
[2026-09-17T19:34:38.171+0000] {processor.py:840} INFO - DAG(s) 'youtube_warehouse' retrieved from /opt/airflow/dags/warehouse_dag.py
[2026-09-17T19:34:38.199+0000] {logging_mixin.py:188} INFO - [2026-09-17T19:34:38.199+0000] {dag.py:3096} INFO - Sync 1 DAGs
[2026-09-17T19:34:38.217+0000] {logging_mixin.py:188} INFO - [2026-09-17T19:34:38.217+0000] {dag.py:3954} INFO - Setting next_dagrun for youtube_warehouse to None, run_after=None
[2026-09-17T19:34:38.249+0000] {processor.py:183} INFO - Processing /opt/airflow/dags/warehouse_dag.py took 0.816 seconds
[2026-09-17T19:35:08.569+0000] {processor.py:161} INFO - Started process (PID=5765) to work on /opt/airflow/dags/warehouse_dag.py
[2026-09-17T19:35:08.571+0000] {processor.py:830} INFO - Processing file /opt/airflow/dags/warehouse_dag.py for tasks to queue
[2026-09-17T19:35:08.574+0000] {logging_mixin.py:188} INFO - [2026-09-17T19:35:08.574+0000] {dagbag.py:545} INFO - Filling up the DagBag from /opt/airflow/dags/warehouse_dag.py
[2026-09-17T19:35:09.365+0000] {processor.py:840} INFO - DAG(s) 'youtube_warehouse' retrieved from /opt/airflow/dags/warehouse_dag.py
[2026-09-17T19:35:09.398+0000] {logging_mixin.py:188} INFO - [2026-09-17T19:35:09.398+0000] {dag.py:3096} INFO - Sync 1 DAGs
[2026-09-17T19:35:09.414+0000] {logging_mixin.py:188} INFO - [2026-09-17T19:35:09.413+0000] {dag.py:3954} INFO - Setting next_dagrun for youtube_warehouse to None, run_after=None
[2026-09-17T19:35:09.453+0000] {processor.py:183} INFO - Processing /opt/airflow/dags/warehouse_dag.py took 0.896 seconds
[2026-09-17T19:35:39.930+0000] {processor.py:161} INFO - Started process (PID=5774) to work on /opt/airflow/dags/warehouse_dag.py
[2026-09-17T19:35:39.935+0000] {processor.py:830} INFO - Processing file /opt/airflow/dags/warehouse_dag.py for tasks to queue
[2026-09-17T19:35:39.942+0000] {logging_mixin.py:188} INFO - [2026-09-17T19:35:39.941+0000] {dagbag.py:545} INFO - Filling up the DagBag from /opt/airflow/dags/warehouse_dag.py
[2026-09-17T19:35:40.656+0000] {processor.py:840} INFO - DAG(s) 'youtube_warehouse' retrieved from /opt/airflow/dags/warehouse_dag.py
[2026-09-17T19:35:40.714+0000] {logging_mixin.py:188} INFO - [2026-09-17T19:35:40.714+0000] {dag.py:3096} INFO - Sync 1 DAGs
[2026-09-17T19:35:40.732+0000] {logging_mixin.py:188} INFO - [2026-09-17T19:35:40.731+0000] {dag.py:3954} INFO - Setting next_dagrun for youtube_warehouse to None, run_after=None
[2026-09-17T19:35:40.799+0000] {processor.py:183} INFO - Processing /opt/airflow/dags/warehouse_dag.py took 0.879 seconds
[2026-09-17T19:36:11.241+0000] {processor.py:161} INFO - Started process (PID=5784) to work on /opt/airflow/dags/warehouse_dag.py
[2026-09-17T19:36:11.244+0000] {processor.py:830} INFO - Processing file /opt/airflow/dags/warehouse_dag.py for tasks to queue
[2026-09-17T19:36:11.248+0000] {logging_mixin.py:188} INFO - [2026-09-17T19:36:11.247+0000] {dagbag.py:545} INFO - Filling up the DagBag from /opt/airflow/dags/warehouse_dag.py
[2026-09-17T19:36:11.938+0000] {processor.py:840} INFO - DAG(s) 'youtube_warehouse' retrieved from /opt/airflow/dags/warehouse_dag.py
[2026-09-17T19:36:11.966+0000] {logging_mixin.py:188} INFO - [2026-09-17T19:36:11.966+0000] {dag.py:3096} INFO - Sync 1 DAGs
[2026-09-17T19:36:11.984+0000] {logging_mixin.py:188} INFO - [2026-09-17T19:36:11.983+0000] {dag.py:3954} INFO - Setting next_dagrun for youtube_warehouse to None, run_after=None
[2026-09-17T19:36:12.020+0000] {processor.py:183} INFO - Processing /opt/airflow/dags/warehouse_dag.py took 0.786 seconds
[2026-09-17T19:36:42.422+0000] {processor.py:161} INFO - Started process (PID=5793) to work on /opt/airflow/dags/warehouse_dag.py
[2026-09-17T19:36:42.428+0000] {processor.py:830} INFO - Processing file /opt/airflow/dags/warehouse_dag.py for tasks to queue
[2026-09-17T19:36:42.445+0000] {logging_mixin.py:188} INFO - [2026-09-17T19:36:42.444+0000] {dagbag.py:545} INFO - Filling up the DagBag from /opt/airflow/dags/warehouse_dag.py
[2026-09-17T19:36:44.107+0000] {processor.py:840} INFO - DAG(s) 'youtube_warehouse' retrieved from /opt/airflow/dags/warehouse_dag.py
[2026-09-17T19:36:44.165+0000] {logging_mixin.py:188} INFO - [2026-09-17T19:36:44.164+0000] {dag.py:3096} INFO - Sync 1 DAGs
[2026-09-17T19:36:44.192+0000] {logging_mixin.py:188} INFO - [2026-09-17T19:36:44.192+0000] {dag.py:3954} INFO - Setting next_dagrun for youtube_warehouse to None, run_after=None
[2026-09-17T19:36:44.245+0000] {processor.py:183} INFO - Processing /opt/airflow/dags/warehouse_dag.py took 1.866 seconds
[2026-09-17T19:37:14.852+0000] {processor.py:161} INFO - Started process (PID=5802) to work on /opt/airflow/dags/warehouse_dag.py
[2026-09-17T19:37:14.869+0000] {processor.py:830} INFO - Processing file /opt/airflow/dags/warehouse_dag.py for tasks to queue
[2026-09-17T19:37:14.875+0000] {logging_mixin.py:188} INFO - [2026-09-17T19:37:14.874+0000] {dagbag.py:545} INFO - Filling up the DagBag from /opt/airflow/dags/warehouse_dag.py
[2026-09-17T19:37:15.779+0000] {processor.py:840} INFO - DAG(s) 'youtube_warehouse' retrieved from /opt/airflow/dags/warehouse_dag.py
[2026-09-17T19:37:15.825+0000] {logging_mixin.py:188} INFO - [2026-09-17T19:37:15.824+0000] {dag.py:3096} INFO - Sync 1 DAGs
[2026-09-17T19:37:15.844+0000] {logging_mixin.py:188} INFO - [2026-09-17T19:37:15.844+0000] {dag.py:3954} INFO - Setting next_dagrun for youtube_warehouse to None, run_after=None
[2026-09-17T19:37:15.879+0000] {processor.py:183} INFO - Processing /opt/airflow/dags/warehouse_dag.py took 1.038 seconds
[2026-09-17T19:37:47.023+0000] {processor.py:161} INFO - Started process (PID=5812) to work on /opt/airflow/dags/warehouse_dag.py
[2026-09-17T19:37:47.064+0000] {processor.py:830} INFO - Processing file /opt/airflow/dags/warehouse_dag.py for tasks to queue
[2026-09-17T19:37:47.077+0000] {logging_mixin.py:188} INFO - [2026-09-17T19:37:47.076+0000] {dagbag.py:545} INFO - Filling up the DagBag from /opt/airflow/dags/warehouse_dag.py
[2026-09-17T19:37:48.500+0000] {processor.py:840} INFO - DAG(s) 'youtube_warehouse' retrieved from /opt/airflow/dags/warehouse_dag.py
[2026-09-17T19:37:48.593+0000] {logging_mixin.py:188} INFO - [2026-09-17T19:37:48.592+0000] {dag.py:3096} INFO - Sync 1 DAGs
[2026-09-17T19:37:48.652+0000] {logging_mixin.py:188} INFO - [2026-09-17T19:37:48.651+0000] {dag.py:3954} INFO - Setting next_dagrun for youtube_warehouse to None, run_after=None
[2026-09-17T19:37:48.766+0000] {processor.py:183} INFO - Processing /opt/airflow/dags/warehouse_dag.py took 1.825 seconds
[2026-09-17T19:38:19.447+0000] {processor.py:161} INFO - Started process (PID=5820) to work on /opt/airflow/dags/warehouse_dag.py
[2026-09-17T19:38:19.451+0000] {processor.py:830} INFO - Processing file /opt/airflow/dags/warehouse_dag.py for tasks to queue
[2026-09-17T19:38:19.455+0000] {logging_mixin.py:188} INFO - [2026-09-17T19:38:19.454+0000] {dagbag.py:545} INFO - Filling up the DagBag from /opt/airflow/dags/warehouse_dag.py
[2026-09-17T19:38:20.170+0000] {processor.py:840} INFO - DAG(s) 'youtube_warehouse' retrieved from /opt/airflow/dags/warehouse_dag.py
[2026-09-17T19:38:20.216+0000] {logging_mixin.py:188} INFO - [2026-09-17T19:38:20.216+0000] {dag.py:3096} INFO - Sync 1 DAGs
[2026-09-17T19:38:20.238+0000] {logging_mixin.py:188} INFO - [2026-09-17T19:38:20.237+0000] {dag.py:3954} INFO - Setting next_dagrun for youtube_warehouse to None, run_after=None
[2026-09-17T19:38:20.285+0000] {processor.py:183} INFO - Processing /opt/airflow/dags/warehouse_dag.py took 0.851 seconds
[2026-09-17T19:38:55.590+0000] {processor.py:161} INFO - Started process (PID=5830) to work on /opt/airflow/dags/warehouse_dag.py
[2026-09-17T19:38:55.612+0000] {processor.py:830} INFO - Processing file /opt/airflow/dags/warehouse_dag.py for tasks to queue
[2026-09-17T19:38:55.625+0000] {logging_mixin.py:188} INFO - [2026-09-17T19:38:55.624+0000] {dagbag.py:545} INFO - Filling up the DagBag from /opt/airflow/dags/warehouse_dag.py
[2026-09-17T19:39:09.208+0000] {processor.py:840} INFO - DAG(s) 'youtube_warehouse' retrieved from /opt/airflow/dags/warehouse_dag.py
[2026-09-17T19:39:10.850+0000] {logging_mixin.py:188} INFO - [2026-09-17T19:39:10.850+0000] {dag.py:3096} INFO - Sync 1 DAGs
[2026-09-17T19:39:11.046+0000] {logging_mixin.py:188} INFO - [2026-09-17T19:39:11.045+0000] {dag.py:3954} INFO - Setting next_dagrun for youtube_warehouse to None, run_after=None
[2026-09-17T19:39:11.305+0000] {processor.py:183} INFO - Processing /opt/airflow/dags/warehouse_dag.py took 15.746 seconds
[2026-09-17T19:39:41.872+0000] {processor.py:161} INFO - Started process (PID=5840) to work on /opt/airflow/dags/warehouse_dag.py
[2026-09-17T19:39:41.876+0000] {processor.py:830} INFO - Processing file /opt/airflow/dags/warehouse_dag.py for tasks to queue
[2026-09-17T19:39:41.881+0000] {logging_mixin.py:188} INFO - [2026-09-17T19:39:41.880+0000] {dagbag.py:545} INFO - Filling up the DagBag from /opt/airflow/dags/warehouse_dag.py
[2026-09-17T19:39:42.707+0000] {processor.py:840} INFO - DAG(s) 'youtube_warehouse' retrieved from /opt/airflow/dags/warehouse_dag.py
[2026-09-17T19:39:42.753+0000] {logging_mixin.py:188} INFO - [2026-09-17T19:39:42.752+0000] {dag.py:3096} INFO - Sync 1 DAGs
[2026-09-17T19:39:42.796+0000] {logging_mixin.py:188} INFO - [2026-09-17T19:39:42.795+0000] {dag.py:3954} INFO - Setting next_dagrun for youtube_warehouse to None, run_after=None
[2026-09-17T19:39:42.866+0000] {processor.py:183} INFO - Processing /opt/airflow/dags/warehouse_dag.py took 1.005 seconds
[2026-09-17T19:40:17.064+0000] {processor.py:161} INFO - Started process (PID=5855) to work on /opt/airflow/dags/warehouse_dag.py
[2026-09-17T19:40:17.325+0000] {processor.py:830} INFO - Processing file /opt/airflow/dags/warehouse_dag.py for tasks to queue
[2026-09-17T19:40:17.333+0000] {logging_mixin.py:188} INFO - [2026-09-17T19:40:17.332+0000] {dagbag.py:545} INFO - Filling up the DagBag from /opt/airflow/dags/warehouse_dag.py
[2026-09-17T19:49:52.218+0000] {processor.py:840} INFO - DAG(s) 'youtube_warehouse' retrieved from /opt/airflow/dags/warehouse_dag.py
[2026-09-17T19:49:55.137+0000] {logging_mixin.py:188} INFO - [2026-09-17T19:49:55.126+0000] {dag.py:3096} INFO - Sync 1 DAGs
[2026-09-17T19:49:55.284+0000] {logging_mixin.py:188} INFO - [2026-09-17T19:49:55.283+0000] {dag.py:3954} INFO - Setting next_dagrun for youtube_warehouse to None, run_after=None
[2026-09-17T19:49:55.789+0000] {processor.py:183} INFO - Processing /opt/airflow/dags/warehouse_dag.py took 9.152 seconds
[2026-09-17T19:50:35.306+0000] {processor.py:161} INFO - Started process (PID=5864) to work on /opt/airflow/dags/warehouse_dag.py
[2026-09-17T19:50:35.388+0000] {processor.py:830} INFO - Processing file /opt/airflow/dags/warehouse_dag.py for tasks to queue
[2026-09-17T19:50:35.750+0000] {logging_mixin.py:188} INFO - [2026-09-17T19:50:35.746+0000] {dagbag.py:545} INFO - Filling up the DagBag from /opt/airflow/dags/warehouse_dag.py
[2026-09-17T19:50:51.927+0000] {processor.py:840} INFO - DAG(s) 'youtube_warehouse' retrieved from /opt/airflow/dags/warehouse_dag.py
[2026-09-17T19:50:52.409+0000] {logging_mixin.py:188} INFO - [2026-09-17T19:50:52.409+0000] {dag.py:3096} INFO - Sync 1 DAGs
[2026-09-17T19:50:52.803+0000] {logging_mixin.py:188} INFO - [2026-09-17T19:50:52.802+0000] {dag.py:3954} INFO - Setting next_dagrun for youtube_warehouse to None, run_after=None
[2026-09-17T19:50:53.075+0000] {processor.py:183} INFO - Processing /opt/airflow/dags/warehouse_dag.py took 18.225 seconds
[2026-09-17T19:51:24.059+0000] {processor.py:161} INFO - Started process (PID=5880) to work on /opt/airflow/dags/warehouse_dag.py
[2026-09-17T19:51:24.068+0000] {processor.py:830} INFO - Processing file /opt/airflow/dags/warehouse_dag.py for tasks to queue
[2026-09-17T19:51:24.077+0000] {logging_mixin.py:188} INFO - [2026-09-17T19:51:24.076+0000] {dagbag.py:545} INFO - Filling up the DagBag from /opt/airflow/dags/warehouse_dag.py
[2026-09-17T19:51:26.929+0000] {processor.py:840} INFO - DAG(s) 'youtube_warehouse' retrieved from /opt/airflow/dags/warehouse_dag.py
[2026-09-17T19:51:27.075+0000] {logging_mixin.py:188} INFO - [2026-09-17T19:51:27.074+0000] {dag.py:3096} INFO - Sync 1 DAGs
[2026-09-17T19:51:27.136+0000] {logging_mixin.py:188} INFO - [2026-09-17T19:51:27.135+0000] {dag.py:3954} INFO - Setting next_dagrun for youtube_warehouse to None, run_after=None
[2026-09-17T19:51:27.224+0000] {processor.py:183} INFO - Processing /opt/airflow/dags/warehouse_dag.py took 3.185 seconds
[2026-09-17T19:51:58.504+0000] {processor.py:161} INFO - Started process (PID=5889) to work on /opt/airflow/dags/warehouse_dag.py
[2026-09-17T19:51:58.524+0000] {processor.py:830} INFO - Processing file /opt/airflow/dags/warehouse_dag.py for tasks to queue
[2026-09-17T19:51:58.536+0000] {logging_mixin.py:188} INFO - [2026-09-17T19:51:58.534+0000] {dagbag.py:545} INFO - Filling up the DagBag from /opt/airflow/dags/warehouse_dag.py
[2026-09-17T19:52:08.280+0000] {processor.py:840} INFO - DAG(s) 'youtube_warehouse' retrieved from /opt/airflow/dags/warehouse_dag.py
[2026-09-17T19:52:08.445+0000] {logging_mixin.py:188} INFO - [2026-09-17T19:52:08.444+0000] {dag.py:3096} INFO - Sync 1 DAGs
[2026-09-17T19:52:08.783+0000] {logging_mixin.py:188} INFO - [2026-09-17T19:52:08.783+0000] {dag.py:3954} INFO - Setting next_dagrun for youtube_warehouse to None, run_after=None
[2026-09-17T19:52:09.136+0000] {processor.py:183} INFO - Processing /opt/airflow/dags/warehouse_dag.py took 10.684 seconds
[2026-09-17T19:52:42.551+0000] {processor.py:161} INFO - Started process (PID=5898) to work on /opt/airflow/dags/warehouse_dag.py
[2026-09-17T19:52:42.575+0000] {processor.py:830} INFO - Processing file /opt/airflow/dags/warehouse_dag.py for tasks to queue
[2026-09-17T19:52:42.603+0000] {logging_mixin.py:188} INFO - [2026-09-17T19:52:42.602+0000] {dagbag.py:545} INFO - Filling up the DagBag from /opt/airflow/dags/warehouse_dag.py
[2026-09-17T19:52:59.313+0000] {processor.py:840} INFO - DAG(s) 'youtube_warehouse' retrieved from /opt/airflow/dags/warehouse_dag.py
[2026-09-17T19:52:59.492+0000] {logging_mixin.py:188} INFO - [2026-09-17T19:52:59.482+0000] {dag.py:3096} INFO - Sync 1 DAGs
[2026-09-17T19:52:59.593+0000] {logging_mixin.py:188} INFO - [2026-09-17T19:52:59.592+0000] {dag.py:3954} INFO - Setting next_dagrun for youtube_warehouse to None, run_after=None
[2026-09-17T19:53:00.265+0000] {processor.py:183} INFO - Processing /opt/airflow/dags/warehouse_dag.py took 17.858 seconds
[2026-09-17T19:53:31.809+0000] {processor.py:161} INFO - Started process (PID=5908) to work on /opt/airflow/dags/warehouse_dag.py
[2026-09-17T19:53:31.875+0000] {processor.py:830} INFO - Processing file /opt/airflow/dags/warehouse_dag.py for tasks to queue
[2026-09-17T19:53:31.889+0000] {logging_mixin.py:188} INFO - [2026-09-17T19:53:31.888+0000] {dagbag.py:545} INFO - Filling up the DagBag from /opt/airflow/dags/warehouse_dag.py
[2026-09-17T19:53:38.507+0000] {processor.py:840} INFO - DAG(s) 'youtube_warehouse' retrieved from /opt/airflow/dags/warehouse_dag.py
[2026-09-17T19:53:39.084+0000] {logging_mixin.py:188} INFO - [2026-09-17T19:53:39.082+0000] {dag.py:3096} INFO - Sync 1 DAGs
[2026-09-17T19:53:39.195+0000] {logging_mixin.py:188} INFO - [2026-09-17T19:53:39.185+0000] {dag.py:3954} INFO - Setting next_dagrun for youtube_warehouse to None, run_after=None
[2026-09-17T19:53:39.473+0000] {processor.py:183} INFO - Processing /opt/airflow/dags/warehouse_dag.py took 7.709 seconds
[2026-09-17T19:54:11.798+0000] {processor.py:161} INFO - Started process (PID=5923) to work on /opt/airflow/dags/warehouse_dag.py
[2026-09-17T19:54:11.804+0000] {processor.py:830} INFO - Processing file /opt/airflow/dags/warehouse_dag.py for tasks to queue
[2026-09-17T19:54:11.817+0000] {logging_mixin.py:188} INFO - [2026-09-17T19:54:11.815+0000] {dagbag.py:545} INFO - Filling up the DagBag from /opt/airflow/dags/warehouse_dag.py
[2026-09-17T19:54:17.988+0000] {processor.py:840} INFO - DAG(s) 'youtube_warehouse' retrieved from /opt/airflow/dags/warehouse_dag.py
[2026-09-17T19:54:18.095+0000] {logging_mixin.py:188} INFO - [2026-09-17T19:54:18.092+0000] {dag.py:3096} INFO - Sync 1 DAGs
[2026-09-17T19:54:18.241+0000] {logging_mixin.py:188} INFO - [2026-09-17T19:54:18.240+0000] {dag.py:3954} INFO - Setting next_dagrun for youtube_warehouse to None, run_after=None
[2026-09-17T19:54:18.293+0000] {processor.py:183} INFO - Processing /opt/airflow/dags/warehouse_dag.py took 6.535 seconds
[2026-09-17T19:54:50.106+0000] {processor.py:161} INFO - Started process (PID=5932) to work on /opt/airflow/dags/warehouse_dag.py
[2026-09-17T19:54:50.157+0000] {processor.py:830} INFO - Processing file /opt/airflow/dags/warehouse_dag.py for tasks to queue
[2026-09-17T19:54:50.233+0000] {logging_mixin.py:188} INFO - [2026-09-17T19:54:50.231+0000] {dagbag.py:545} INFO - Filling up the DagBag from /opt/airflow/dags/warehouse_dag.py
[2026-09-17T19:55:10.923+0000] {processor.py:840} INFO - DAG(s) 'youtube_warehouse' retrieved from /opt/airflow/dags/warehouse_dag.py
[2026-09-17T19:55:11.205+0000] {logging_mixin.py:188} INFO - [2026-09-17T19:55:11.203+0000] {dag.py:3096} INFO - Sync 1 DAGs
[2026-09-17T19:55:11.370+0000] {logging_mixin.py:188} INFO - [2026-09-17T19:55:11.369+0000] {dag.py:3954} INFO - Setting next_dagrun for youtube_warehouse to None, run_after=None
[2026-09-17T19:55:11.515+0000] {processor.py:183} INFO - Processing /opt/airflow/dags/warehouse_dag.py took 21.654 seconds
[2026-09-17T19:55:43.542+0000] {processor.py:161} INFO - Started process (PID=5942) to work on /opt/airflow/dags/warehouse_dag.py
[2026-09-17T19:55:43.576+0000] {processor.py:830} INFO - Processing file /opt/airflow/dags/warehouse_dag.py for tasks to queue
[2026-09-17T19:55:43.674+0000] {logging_mixin.py:188} INFO - [2026-09-17T19:55:43.673+0000] {dagbag.py:545} INFO - Filling up the DagBag from /opt/airflow/dags/warehouse_dag.py
[2026-09-17T19:55:58.310+0000] {processor.py:840} INFO - DAG(s) 'youtube_warehouse' retrieved from /opt/airflow/dags/warehouse_dag.py
[2026-09-17T19:55:58.796+0000] {logging_mixin.py:188} INFO - [2026-09-17T19:55:58.796+0000] {dag.py:3096} INFO - Sync 1 DAGs
[2026-09-17T19:55:59.090+0000] {logging_mixin.py:188} INFO - [2026-09-17T19:55:59.090+0000] {dag.py:3954} INFO - Setting next_dagrun for youtube_warehouse to None, run_after=None
[2026-09-17T19:55:59.624+0000] {processor.py:183} INFO - Processing /opt/airflow/dags/warehouse_dag.py took 16.211 seconds
[2026-09-17T19:57:59.067+0000] {processor.py:161} INFO - Started process (PID=5950) to work on /opt/airflow/dags/warehouse_dag.py
[2026-09-17T19:57:59.127+0000] {processor.py:830} INFO - Processing file /opt/airflow/dags/warehouse_dag.py for tasks to queue
[2026-09-17T19:57:59.352+0000] {logging_mixin.py:188} INFO - [2026-09-17T19:57:59.351+0000] {dagbag.py:545} INFO - Filling up the DagBag from /opt/airflow/dags/warehouse_dag.py
[2026-09-17T19:58:05.050+0000] {processor.py:840} INFO - DAG(s) 'youtube_warehouse' retrieved from /opt/airflow/dags/warehouse_dag.py
[2026-09-17T19:58:05.351+0000] {logging_mixin.py:188} INFO - [2026-09-17T19:58:05.350+0000] {dag.py:3096} INFO - Sync 1 DAGs
[2026-09-17T19:58:05.484+0000] {logging_mixin.py:188} INFO - [2026-09-17T19:58:05.483+0000] {dag.py:3954} INFO - Setting next_dagrun for youtube_warehouse to None, run_after=None
[2026-09-17T19:58:05.688+0000] {processor.py:183} INFO - Processing /opt/airflow/dags/warehouse_dag.py took 6.695 seconds
[2026-09-17T19:58:36.410+0000] {processor.py:161} INFO - Started process (PID=5960) to work on /opt/airflow/dags/warehouse_dag.py
[2026-09-17T19:58:36.434+0000] {processor.py:830} INFO - Processing file /opt/airflow/dags/warehouse_dag.py for tasks to queue
[2026-09-17T19:58:36.463+0000] {logging_mixin.py:188} INFO - [2026-09-17T19:58:36.461+0000] {dagbag.py:545} INFO - Filling up the DagBag from /opt/airflow/dags/warehouse_dag.py
[2026-09-17T19:58:39.914+0000] {processor.py:840} INFO - DAG(s) 'youtube_warehouse' retrieved from /opt/airflow/dags/warehouse_dag.py
[2026-09-17T19:58:40.268+0000] {logging_mixin.py:188} INFO - [2026-09-17T19:58:40.268+0000] {dag.py:3096} INFO - Sync 1 DAGs
[2026-09-17T19:58:40.444+0000] {logging_mixin.py:188} INFO - [2026-09-17T19:58:40.443+0000] {dag.py:3954} INFO - Setting next_dagrun for youtube_warehouse to None, run_after=None
[2026-09-17T19:58:40.684+0000] {processor.py:183} INFO - Processing /opt/airflow/dags/warehouse_dag.py took 4.347 seconds
[2026-09-17T19:59:11.854+0000] {processor.py:161} INFO - Started process (PID=5969) to work on /opt/airflow/dags/warehouse_dag.py
[2026-09-17T19:59:11.862+0000] {processor.py:830} INFO - Processing file /opt/airflow/dags/warehouse_dag.py for tasks to queue
[2026-09-17T19:59:11.865+0000] {logging_mixin.py:188} INFO - [2026-09-17T19:59:11.865+0000] {dagbag.py:545} INFO - Filling up the DagBag from /opt/airflow/dags/warehouse_dag.py
[2026-09-17T19:59:33.567+0000] {processor.py:840} INFO - DAG(s) 'youtube_warehouse' retrieved from /opt/airflow/dags/warehouse_dag.py
[2026-09-17T19:59:33.826+0000] {logging_mixin.py:188} INFO - [2026-09-17T19:59:33.816+0000] {dag.py:3096} INFO - Sync 1 DAGs
[2026-09-17T19:59:33.930+0000] {logging_mixin.py:188} INFO - [2026-09-17T19:59:33.929+0000] {dag.py:3954} INFO - Setting next_dagrun for youtube_warehouse to None, run_after=None
[2026-09-17T19:59:34.192+0000] {processor.py:183} INFO - Processing /opt/airflow/dags/warehouse_dag.py took 22.455 seconds
[2026-09-17T20:00:05.498+0000] {processor.py:161} INFO - Started process (PID=5984) to work on /opt/airflow/dags/warehouse_dag.py
[2026-09-17T20:00:05.513+0000] {processor.py:830} INFO - Processing file /opt/airflow/dags/warehouse_dag.py for tasks to queue
[2026-09-17T20:00:05.545+0000] {logging_mixin.py:188} INFO - [2026-09-17T20:00:05.544+0000] {dagbag.py:545} INFO - Filling up the DagBag from /opt/airflow/dags/warehouse_dag.py
[2026-09-17T20:00:09.293+0000] {processor.py:840} INFO - DAG(s) 'youtube_warehouse' retrieved from /opt/airflow/dags/warehouse_dag.py
[2026-09-17T20:00:09.446+0000] {logging_mixin.py:188} INFO - [2026-09-17T20:00:09.445+0000] {dag.py:3096} INFO - Sync 1 DAGs
[2026-09-17T20:00:09.535+0000] {logging_mixin.py:188} INFO - [2026-09-17T20:00:09.535+0000] {dag.py:3954} INFO - Setting next_dagrun for youtube_warehouse to None, run_after=None
[2026-09-17T20:00:09.690+0000] {processor.py:183} INFO - Processing /opt/airflow/dags/warehouse_dag.py took 4.253 seconds
[2026-09-17T20:00:40.600+0000] {processor.py:161} INFO - Started process (PID=5993) to work on /opt/airflow/dags/warehouse_dag.py
[2026-09-17T20:00:40.630+0000] {processor.py:830} INFO - Processing file /opt/airflow/dags/warehouse_dag.py for tasks to queue
[2026-09-17T20:00:40.650+0000] {logging_mixin.py:188} INFO - [2026-09-17T20:00:40.649+0000] {dagbag.py:545} INFO - Filling up the DagBag from /opt/airflow/dags/warehouse_dag.py
[2026-09-17T20:00:46.805+0000] {processor.py:840} INFO - DAG(s) 'youtube_warehouse' retrieved from /opt/airflow/dags/warehouse_dag.py
[2026-09-17T20:00:46.934+0000] {logging_mixin.py:188} INFO - [2026-09-17T20:00:46.933+0000] {dag.py:3096} INFO - Sync 1 DAGs
[2026-09-17T20:00:47.018+0000] {logging_mixin.py:188} INFO - [2026-09-17T20:00:47.017+0000] {dag.py:3954} INFO - Setting next_dagrun for youtube_warehouse to None, run_after=None
[2026-09-17T20:00:47.188+0000] {processor.py:183} INFO - Processing /opt/airflow/dags/warehouse_dag.py took 6.652 seconds
[2026-09-17T20:01:18.192+0000] {processor.py:161} INFO - Started process (PID=6003) to work on /opt/airflow/dags/warehouse_dag.py
[2026-09-17T20:01:18.220+0000] {processor.py:830} INFO - Processing file /opt/airflow/dags/warehouse_dag.py for tasks to queue
[2026-09-17T20:01:18.247+0000] {logging_mixin.py:188} INFO - [2026-09-17T20:01:18.245+0000] {dagbag.py:545} INFO - Filling up the DagBag from /opt/airflow/dags/warehouse_dag.py
[2026-09-17T20:01:21.390+0000] {processor.py:840} INFO - DAG(s) 'youtube_warehouse' retrieved from /opt/airflow/dags/warehouse_dag.py
[2026-09-17T20:01:21.707+0000] {logging_mixin.py:188} INFO - [2026-09-17T20:01:21.706+0000] {dag.py:3096} INFO - Sync 1 DAGs
[2026-09-17T20:01:21.841+0000] {logging_mixin.py:188} INFO - [2026-09-17T20:01:21.841+0000] {dag.py:3954} INFO - Setting next_dagrun for youtube_warehouse to None, run_after=None
[2026-09-17T20:01:22.004+0000] {processor.py:183} INFO - Processing /opt/airflow/dags/warehouse_dag.py took 3.870 seconds
[2026-09-17T20:01:52.406+0000] {processor.py:161} INFO - Started process (PID=6019) to work on /opt/airflow/dags/warehouse_dag.py
[2026-09-17T20:01:52.416+0000] {processor.py:830} INFO - Processing file /opt/airflow/dags/warehouse_dag.py for tasks to queue
[2026-09-17T20:01:52.426+0000] {logging_mixin.py:188} INFO - [2026-09-17T20:01:52.424+0000] {dagbag.py:545} INFO - Filling up the DagBag from /opt/airflow/dags/warehouse_dag.py
[2026-09-17T20:01:54.186+0000] {processor.py:840} INFO - DAG(s) 'youtube_warehouse' retrieved from /opt/airflow/dags/warehouse_dag.py
[2026-09-17T20:01:54.246+0000] {logging_mixin.py:188} INFO - [2026-09-17T20:01:54.245+0000] {dag.py:3096} INFO - Sync 1 DAGs
[2026-09-17T20:01:54.274+0000] {logging_mixin.py:188} INFO - [2026-09-17T20:01:54.273+0000] {dag.py:3954} INFO - Setting next_dagrun for youtube_warehouse to None, run_after=None
[2026-09-17T20:01:54.350+0000] {processor.py:183} INFO - Processing /opt/airflow/dags/warehouse_dag.py took 1.972 seconds
[2026-09-17T20:02:25.007+0000] {processor.py:161} INFO - Started process (PID=6028) to work on /opt/airflow/dags/warehouse_dag.py
[2026-09-17T20:02:25.026+0000] {processor.py:830} INFO - Processing file /opt/airflow/dags/warehouse_dag.py for tasks to queue
[2026-09-17T20:02:25.047+0000] {logging_mixin.py:188} INFO - [2026-09-17T20:02:25.046+0000] {dagbag.py:545} INFO - Filling up the DagBag from /opt/airflow/dags/warehouse_dag.py
[2026-09-17T20:02:28.398+0000] {processor.py:840} INFO - DAG(s) 'youtube_warehouse' retrieved from /opt/airflow/dags/warehouse_dag.py
[2026-09-17T20:02:28.550+0000] {logging_mixin.py:188} INFO - [2026-09-17T20:02:28.549+0000] {dag.py:3096} INFO - Sync 1 DAGs
[2026-09-17T20:02:28.635+0000] {logging_mixin.py:188} INFO - [2026-09-17T20:02:28.634+0000] {dag.py:3954} INFO - Setting next_dagrun for youtube_warehouse to None, run_after=None
[2026-09-17T20:02:28.805+0000] {processor.py:183} INFO - Processing /opt/airflow/dags/warehouse_dag.py took 3.849 seconds
[2026-09-17T20:03:02.513+0000] {processor.py:161} INFO - Started process (PID=6037) to work on /opt/airflow/dags/warehouse_dag.py
[2026-09-17T20:03:02.524+0000] {processor.py:830} INFO - Processing file /opt/airflow/dags/warehouse_dag.py for tasks to queue
[2026-09-17T20:03:02.538+0000] {logging_mixin.py:188} INFO - [2026-09-17T20:03:02.536+0000] {dagbag.py:545} INFO - Filling up the DagBag from /opt/airflow/dags/warehouse_dag.py
[2026-09-17T20:03:05.886+0000] {processor.py:840} INFO - DAG(s) 'youtube_warehouse' retrieved from /opt/airflow/dags/warehouse_dag.py
[2026-09-17T20:03:06.018+0000] {logging_mixin.py:188} INFO - [2026-09-17T20:03:06.016+0000] {dag.py:3096} INFO - Sync 1 DAGs
[2026-09-17T20:03:06.089+0000] {logging_mixin.py:188} INFO - [2026-09-17T20:03:06.089+0000] {dag.py:3954} INFO - Setting next_dagrun for youtube_warehouse to None, run_after=None
[2026-09-17T20:03:06.308+0000] {processor.py:183} INFO - Processing /opt/airflow/dags/warehouse_dag.py took 3.837 seconds
[2026-09-17T20:03:36.543+0000] {processor.py:161} INFO - Started process (PID=6047) to work on /opt/airflow/dags/warehouse_dag.py
[2026-09-17T20:03:36.549+0000] {processor.py:830} INFO - Processing file /opt/airflow/dags/warehouse_dag.py for tasks to queue
[2026-09-17T20:03:36.557+0000] {logging_mixin.py:188} INFO - [2026-09-17T20:03:36.557+0000] {dagbag.py:545} INFO - Filling up the DagBag from /opt/airflow/dags/warehouse_dag.py
[2026-09-17T20:03:37.346+0000] {processor.py:840} INFO - DAG(s) 'youtube_warehouse' retrieved from /opt/airflow/dags/warehouse_dag.py
[2026-09-17T20:03:37.402+0000] {logging_mixin.py:188} INFO - [2026-09-17T20:03:37.402+0000] {dag.py:3096} INFO - Sync 1 DAGs
[2026-09-17T20:03:37.417+0000] {logging_mixin.py:188} INFO - [2026-09-17T20:03:37.416+0000] {dag.py:3954} INFO - Setting next_dagrun for youtube_warehouse to None, run_after=None
[2026-09-17T20:03:37.450+0000] {processor.py:183} INFO - Processing /opt/airflow/dags/warehouse_dag.py took 0.937 seconds
[2026-09-17T20:04:08.691+0000] {processor.py:161} INFO - Started process (PID=6056) to work on /opt/airflow/dags/warehouse_dag.py
[2026-09-17T20:04:08.711+0000] {processor.py:830} INFO - Processing file /opt/airflow/dags/warehouse_dag.py for tasks to queue
[2026-09-17T20:04:08.741+0000] {logging_mixin.py:188} INFO - [2026-09-17T20:04:08.739+0000] {dagbag.py:545} INFO - Filling up the DagBag from /opt/airflow/dags/warehouse_dag.py
[2026-09-17T20:04:21.109+0000] {processor.py:840} INFO - DAG(s) 'youtube_warehouse' retrieved from /opt/airflow/dags/warehouse_dag.py
[2026-09-17T20:04:22.329+0000] {logging_mixin.py:188} INFO - [2026-09-17T20:04:22.325+0000] {dag.py:3096} INFO - Sync 1 DAGs
[2026-09-17T20:04:22.541+0000] {logging_mixin.py:188} INFO - [2026-09-17T20:04:22.540+0000] {dag.py:3954} INFO - Setting next_dagrun for youtube_warehouse to None, run_after=None
[2026-09-17T20:04:23.218+0000] {processor.py:183} INFO - Processing /opt/airflow/dags/warehouse_dag.py took 14.594 seconds
[2026-09-17T20:04:54.451+0000] {processor.py:161} INFO - Started process (PID=6065) to work on /opt/airflow/dags/warehouse_dag.py
[2026-09-17T20:04:54.519+0000] {processor.py:830} INFO - Processing file /opt/airflow/dags/warehouse_dag.py for tasks to queue
[2026-09-17T20:04:54.666+0000] {logging_mixin.py:188} INFO - [2026-09-17T20:04:54.646+0000] {dagbag.py:545} INFO - Filling up the DagBag from /opt/airflow/dags/warehouse_dag.py
[2026-09-17T20:04:59.521+0000] {processor.py:840} INFO - DAG(s) 'youtube_warehouse' retrieved from /opt/airflow/dags/warehouse_dag.py
[2026-09-17T20:04:59.718+0000] {logging_mixin.py:188} INFO - [2026-09-17T20:04:59.716+0000] {dag.py:3096} INFO - Sync 1 DAGs
[2026-09-17T20:04:59.800+0000] {logging_mixin.py:188} INFO - [2026-09-17T20:04:59.799+0000] {dag.py:3954} INFO - Setting next_dagrun for youtube_warehouse to None, run_after=None
[2026-09-17T20:04:59.987+0000] {processor.py:183} INFO - Processing /opt/airflow/dags/warehouse_dag.py took 5.815 seconds
[2026-09-17T20:05:31.733+0000] {processor.py:161} INFO - Started process (PID=6081) to work on /opt/airflow/dags/warehouse_dag.py
[2026-09-17T20:05:31.763+0000] {processor.py:830} INFO - Processing file /opt/airflow/dags/warehouse_dag.py for tasks to queue
[2026-09-17T20:05:31.784+0000] {logging_mixin.py:188} INFO - [2026-09-17T20:05:31.782+0000] {dagbag.py:545} INFO - Filling up the DagBag from /opt/airflow/dags/warehouse_dag.py
[2026-09-17T20:05:35.288+0000] {processor.py:840} INFO - DAG(s) 'youtube_warehouse' retrieved from /opt/airflow/dags/warehouse_dag.py
[2026-09-17T20:05:35.373+0000] {logging_mixin.py:188} INFO - [2026-09-17T20:05:35.372+0000] {dag.py:3096} INFO - Sync 1 DAGs
[2026-09-17T20:05:35.407+0000] {logging_mixin.py:188} INFO - [2026-09-17T20:05:35.406+0000] {dag.py:3954} INFO - Setting next_dagrun for youtube_warehouse to None, run_after=None
[2026-09-17T20:05:35.481+0000] {processor.py:183} INFO - Processing /opt/airflow/dags/warehouse_dag.py took 3.832 seconds
[2026-09-17T20:06:06.831+0000] {processor.py:161} INFO - Started process (PID=6090) to work on /opt/airflow/dags/warehouse_dag.py
[2026-09-17T20:06:06.852+0000] {processor.py:830} INFO - Processing file /opt/airflow/dags/warehouse_dag.py for tasks to queue
[2026-09-17T20:06:06.881+0000] {logging_mixin.py:188} INFO - [2026-09-17T20:06:06.880+0000] {dagbag.py:545} INFO - Filling up the DagBag from /opt/airflow/dags/warehouse_dag.py
[2026-09-17T20:06:09.762+0000] {processor.py:840} INFO - DAG(s) 'youtube_warehouse' retrieved from /opt/airflow/dags/warehouse_dag.py
[2026-09-17T20:06:09.854+0000] {logging_mixin.py:188} INFO - [2026-09-17T20:06:09.853+0000] {dag.py:3096} INFO - Sync 1 DAGs
[2026-09-17T20:06:09.934+0000] {logging_mixin.py:188} INFO - [2026-09-17T20:06:09.933+0000] {dag.py:3954} INFO - Setting next_dagrun for youtube_warehouse to None, run_after=None
[2026-09-17T20:06:10.100+0000] {processor.py:183} INFO - Processing /opt/airflow/dags/warehouse_dag.py took 3.300 seconds
[2026-09-17T20:06:41.425+0000] {processor.py:161} INFO - Started process (PID=6099) to work on /opt/airflow/dags/warehouse_dag.py
[2026-09-17T20:06:41.440+0000] {processor.py:830} INFO - Processing file /opt/airflow/dags/warehouse_dag.py for tasks to queue
[2026-09-17T20:06:41.475+0000] {logging_mixin.py:188} INFO - [2026-09-17T20:06:41.471+0000] {dagbag.py:545} INFO - Filling up the DagBag from /opt/airflow/dags/warehouse_dag.py
[2026-09-17T20:06:45.049+0000] {processor.py:840} INFO - DAG(s) 'youtube_warehouse' retrieved from /opt/airflow/dags/warehouse_dag.py
[2026-09-17T20:06:45.152+0000] {logging_mixin.py:188} INFO - [2026-09-17T20:06:45.151+0000] {dag.py:3096} INFO - Sync 1 DAGs
[2026-09-17T20:06:45.202+0000] {logging_mixin.py:188} INFO - [2026-09-17T20:06:45.202+0000] {dag.py:3954} INFO - Setting next_dagrun for youtube_warehouse to None, run_after=None
[2026-09-17T20:06:45.331+0000] {processor.py:183} INFO - Processing /opt/airflow/dags/warehouse_dag.py took 3.939 seconds
[2026-09-17T20:07:15.667+0000] {processor.py:161} INFO - Started process (PID=6108) to work on /opt/airflow/dags/warehouse_dag.py
[2026-09-17T20:07:15.691+0000] {processor.py:830} INFO - Processing file /opt/airflow/dags/warehouse_dag.py for tasks to queue
[2026-09-17T20:07:15.733+0000] {logging_mixin.py:188} INFO - [2026-09-17T20:07:15.729+0000] {dagbag.py:545} INFO - Filling up the DagBag from /opt/airflow/dags/warehouse_dag.py
[2026-09-17T20:07:19.276+0000] {processor.py:840} INFO - DAG(s) 'youtube_warehouse' retrieved from /opt/airflow/dags/warehouse_dag.py
[2026-09-17T20:07:19.441+0000] {logging_mixin.py:188} INFO - [2026-09-17T20:07:19.440+0000] {dag.py:3096} INFO - Sync 1 DAGs
[2026-09-17T20:07:19.505+0000] {logging_mixin.py:188} INFO - [2026-09-17T20:07:19.504+0000] {dag.py:3954} INFO - Setting next_dagrun for youtube_warehouse to None, run_after=None
[2026-09-17T20:07:20.094+0000] {processor.py:183} INFO - Processing /opt/airflow/dags/warehouse_dag.py took 4.487 seconds
[2026-09-17T20:07:51.517+0000] {processor.py:161} INFO - Started process (PID=6117) to work on /opt/airflow/dags/warehouse_dag.py
[2026-09-17T20:07:51.567+0000] {processor.py:830} INFO - Processing file /opt/airflow/dags/warehouse_dag.py for tasks to queue
[2026-09-17T20:07:51.758+0000] {logging_mixin.py:188} INFO - [2026-09-17T20:07:51.746+0000] {dagbag.py:545} INFO - Filling up the DagBag from /opt/airflow/dags/warehouse_dag.py
[2026-09-17T20:07:56.792+0000] {processor.py:840} INFO - DAG(s) 'youtube_warehouse' retrieved from /opt/airflow/dags/warehouse_dag.py
[2026-09-17T20:07:56.914+0000] {logging_mixin.py:188} INFO - [2026-09-17T20:07:56.913+0000] {dag.py:3096} INFO - Sync 1 DAGs
[2026-09-17T20:07:56.960+0000] {logging_mixin.py:188} INFO - [2026-09-17T20:07:56.959+0000] {dag.py:3954} INFO - Setting next_dagrun for youtube_warehouse to None, run_after=None
[2026-09-17T20:07:57.085+0000] {processor.py:183} INFO - Processing /opt/airflow/dags/warehouse_dag.py took 6.169 seconds
[2026-09-17T20:08:28.153+0000] {processor.py:161} INFO - Started process (PID=6126) to work on /opt/airflow/dags/warehouse_dag.py
[2026-09-17T20:08:28.172+0000] {processor.py:830} INFO - Processing file /opt/airflow/dags/warehouse_dag.py for tasks to queue
[2026-09-17T20:08:28.192+0000] {logging_mixin.py:188} INFO - [2026-09-17T20:08:28.190+0000] {dagbag.py:545} INFO - Filling up the DagBag from /opt/airflow/dags/warehouse_dag.py
[2026-09-17T20:08:33.584+0000] {processor.py:840} INFO - DAG(s) 'youtube_warehouse' retrieved from /opt/airflow/dags/warehouse_dag.py
[2026-09-17T20:08:33.694+0000] {logging_mixin.py:188} INFO - [2026-09-17T20:08:33.693+0000] {dag.py:3096} INFO - Sync 1 DAGs
[2026-09-17T20:08:33.763+0000] {logging_mixin.py:188} INFO - [2026-09-17T20:08:33.762+0000] {dag.py:3954} INFO - Setting next_dagrun for youtube_warehouse to None, run_after=None
[2026-09-17T20:08:33.886+0000] {processor.py:183} INFO - Processing /opt/airflow/dags/warehouse_dag.py took 5.746 seconds
[2026-09-17T20:09:05.715+0000] {processor.py:161} INFO - Started process (PID=6141) to work on /opt/airflow/dags/warehouse_dag.py
[2026-09-17T20:09:05.758+0000] {processor.py:830} INFO - Processing file /opt/airflow/dags/warehouse_dag.py for tasks to queue
[2026-09-17T20:09:05.790+0000] {logging_mixin.py:188} INFO - [2026-09-17T20:09:05.788+0000] {dagbag.py:545} INFO - Filling up the DagBag from /opt/airflow/dags/warehouse_dag.py
[2026-09-17T20:09:10.305+0000] {processor.py:840} INFO - DAG(s) 'youtube_warehouse' retrieved from /opt/airflow/dags/warehouse_dag.py
[2026-09-17T20:09:10.497+0000] {logging_mixin.py:188} INFO - [2026-09-17T20:09:10.494+0000] {dag.py:3096} INFO - Sync 1 DAGs
[2026-09-17T20:09:10.608+0000] {logging_mixin.py:188} INFO - [2026-09-17T20:09:10.607+0000] {dag.py:3954} INFO - Setting next_dagrun for youtube_warehouse to None, run_after=None
[2026-09-17T20:09:10.758+0000] {processor.py:183} INFO - Processing /opt/airflow/dags/warehouse_dag.py took 5.079 seconds
[2026-09-17T20:09:43.304+0000] {processor.py:161} INFO - Started process (PID=6150) to work on /opt/airflow/dags/warehouse_dag.py
[2026-09-17T20:09:43.385+0000] {processor.py:830} INFO - Processing file /opt/airflow/dags/warehouse_dag.py for tasks to queue
[2026-09-17T20:09:43.474+0000] {logging_mixin.py:188} INFO - [2026-09-17T20:09:43.470+0000] {dagbag.py:545} INFO - Filling up the DagBag from /opt/airflow/dags/warehouse_dag.py
[2026-09-17T20:09:46.161+0000] {processor.py:840} INFO - DAG(s) 'youtube_warehouse' retrieved from /opt/airflow/dags/warehouse_dag.py
[2026-09-17T20:09:46.235+0000] {logging_mixin.py:188} INFO - [2026-09-17T20:09:46.233+0000] {dag.py:3096} INFO - Sync 1 DAGs
[2026-09-17T20:09:46.278+0000] {logging_mixin.py:188} INFO - [2026-09-17T20:09:46.277+0000] {dag.py:3954} INFO - Setting next_dagrun for youtube_warehouse to None, run_after=None
[2026-09-17T20:09:46.380+0000] {processor.py:183} INFO - Processing /opt/airflow/dags/warehouse_dag.py took 3.577 seconds
[2026-09-17T20:10:17.313+0000] {processor.py:161} INFO - Started process (PID=6159) to work on /opt/airflow/dags/warehouse_dag.py
[2026-09-17T20:10:17.319+0000] {processor.py:830} INFO - Processing file /opt/airflow/dags/warehouse_dag.py for tasks to queue
[2026-09-17T20:10:17.330+0000] {logging_mixin.py:188} INFO - [2026-09-17T20:10:17.329+0000] {dagbag.py:545} INFO - Filling up the DagBag from /opt/airflow/dags/warehouse_dag.py
[2026-09-17T20:10:18.963+0000] {processor.py:840} INFO - DAG(s) 'youtube_warehouse' retrieved from /opt/airflow/dags/warehouse_dag.py
[2026-09-17T20:10:19.030+0000] {logging_mixin.py:188} INFO - [2026-09-17T20:10:19.029+0000] {dag.py:3096} INFO - Sync 1 DAGs
[2026-09-17T20:10:19.063+0000] {logging_mixin.py:188} INFO - [2026-09-17T20:10:19.062+0000] {dag.py:3954} INFO - Setting next_dagrun for youtube_warehouse to None, run_after=None
[2026-09-17T20:10:19.121+0000] {processor.py:183} INFO - Processing /opt/airflow/dags/warehouse_dag.py took 1.827 seconds
[2026-09-17T20:10:50.217+0000] {processor.py:161} INFO - Started process (PID=6168) to work on /opt/airflow/dags/warehouse_dag.py
[2026-09-17T20:10:50.223+0000] {processor.py:830} INFO - Processing file /opt/airflow/dags/warehouse_dag.py for tasks to queue
[2026-09-17T20:10:50.230+0000] {logging_mixin.py:188} INFO - [2026-09-17T20:10:50.230+0000] {dagbag.py:545} INFO - Filling up the DagBag from /opt/airflow/dags/warehouse_dag.py
[2026-09-17T20:10:51.465+0000] {processor.py:840} INFO - DAG(s) 'youtube_warehouse' retrieved from /opt/airflow/dags/warehouse_dag.py
[2026-09-17T20:10:51.583+0000] {logging_mixin.py:188} INFO - [2026-09-17T20:10:51.583+0000] {dag.py:3096} INFO - Sync 1 DAGs
[2026-09-17T20:10:51.720+0000] {logging_mixin.py:188} INFO - [2026-09-17T20:10:51.719+0000] {dag.py:3954} INFO - Setting next_dagrun for youtube_warehouse to None, run_after=None
[2026-09-17T20:10:51.834+0000] {processor.py:183} INFO - Processing /opt/airflow/dags/warehouse_dag.py took 1.633 seconds
[2026-09-17T20:11:22.448+0000] {processor.py:161} INFO - Started process (PID=6178) to work on /opt/airflow/dags/warehouse_dag.py
[2026-09-17T20:11:22.461+0000] {processor.py:830} INFO - Processing file /opt/airflow/dags/warehouse_dag.py for tasks to queue
[2026-09-17T20:11:22.482+0000] {logging_mixin.py:188} INFO - [2026-09-17T20:11:22.481+0000] {dagbag.py:545} INFO - Filling up the DagBag from /opt/airflow/dags/warehouse_dag.py
[2026-09-17T20:11:24.120+0000] {processor.py:840} INFO - DAG(s) 'youtube_warehouse' retrieved from /opt/airflow/dags/warehouse_dag.py
[2026-09-17T20:11:24.210+0000] {logging_mixin.py:188} INFO - [2026-09-17T20:11:24.209+0000] {dag.py:3096} INFO - Sync 1 DAGs
[2026-09-17T20:11:24.238+0000] {logging_mixin.py:188} INFO - [2026-09-17T20:11:24.238+0000] {dag.py:3954} INFO - Setting next_dagrun for youtube_warehouse to None, run_after=None
[2026-09-17T20:11:24.300+0000] {processor.py:183} INFO - Processing /opt/airflow/dags/warehouse_dag.py took 1.862 seconds
[2026-09-17T20:11:55.511+0000] {processor.py:161} INFO - Started process (PID=6187) to work on /opt/airflow/dags/warehouse_dag.py
[2026-09-17T20:11:55.532+0000] {processor.py:830} INFO - Processing file /opt/airflow/dags/warehouse_dag.py for tasks to queue
[2026-09-17T20:11:55.554+0000] {logging_mixin.py:188} INFO - [2026-09-17T20:11:55.553+0000] {dagbag.py:545} INFO - Filling up the DagBag from /opt/airflow/dags/warehouse_dag.py
[2026-09-17T20:11:59.581+0000] {processor.py:840} INFO - DAG(s) 'youtube_warehouse' retrieved from /opt/airflow/dags/warehouse_dag.py
[2026-09-17T20:11:59.645+0000] {logging_mixin.py:188} INFO - [2026-09-17T20:11:59.645+0000] {dag.py:3096} INFO - Sync 1 DAGs
[2026-09-17T20:11:59.690+0000] {logging_mixin.py:188} INFO - [2026-09-17T20:11:59.689+0000] {dag.py:3954} INFO - Setting next_dagrun for youtube_warehouse to None, run_after=None
[2026-09-17T20:11:59.794+0000] {processor.py:183} INFO - Processing /opt/airflow/dags/warehouse_dag.py took 4.303 seconds
[2026-09-17T20:12:30.980+0000] {processor.py:161} INFO - Started process (PID=6197) to work on /opt/airflow/dags/warehouse_dag.py
[2026-09-17T20:12:30.984+0000] {processor.py:830} INFO - Processing file /opt/airflow/dags/warehouse_dag.py for tasks to queue
[2026-09-17T20:12:30.995+0000] {logging_mixin.py:188} INFO - [2026-09-17T20:12:30.994+0000] {dagbag.py:545} INFO - Filling up the DagBag from /opt/airflow/dags/warehouse_dag.py
[2026-09-17T20:12:32.749+0000] {processor.py:840} INFO - DAG(s) 'youtube_warehouse' retrieved from /opt/airflow/dags/warehouse_dag.py
[2026-09-17T20:12:32.799+0000] {logging_mixin.py:188} INFO - [2026-09-17T20:12:32.799+0000] {dag.py:3096} INFO - Sync 1 DAGs
[2026-09-17T20:12:32.824+0000] {logging_mixin.py:188} INFO - [2026-09-17T20:12:32.824+0000] {dag.py:3954} INFO - Setting next_dagrun for youtube_warehouse to None, run_after=None
[2026-09-17T20:12:32.969+0000] {processor.py:183} INFO - Processing /opt/airflow/dags/warehouse_dag.py took 2.013 seconds
[2026-09-17T20:13:03.706+0000] {processor.py:161} INFO - Started process (PID=6212) to work on /opt/airflow/dags/warehouse_dag.py
[2026-09-17T20:13:03.713+0000] {processor.py:830} INFO - Processing file /opt/airflow/dags/warehouse_dag.py for tasks to queue
[2026-09-17T20:13:03.723+0000] {logging_mixin.py:188} INFO - [2026-09-17T20:13:03.722+0000] {dagbag.py:545} INFO - Filling up the DagBag from /opt/airflow/dags/warehouse_dag.py
[2026-09-17T20:13:04.661+0000] {processor.py:840} INFO - DAG(s) 'youtube_warehouse' retrieved from /opt/airflow/dags/warehouse_dag.py
[2026-09-17T20:13:04.705+0000] {logging_mixin.py:188} INFO - [2026-09-17T20:13:04.705+0000] {dag.py:3096} INFO - Sync 1 DAGs
[2026-09-17T20:13:04.727+0000] {logging_mixin.py:188} INFO - [2026-09-17T20:13:04.727+0000] {dag.py:3954} INFO - Setting next_dagrun for youtube_warehouse to None, run_after=None
[2026-09-17T20:13:04.928+0000] {processor.py:183} INFO - Processing /opt/airflow/dags/warehouse_dag.py took 1.250 seconds
[2026-09-17T20:13:35.267+0000] {processor.py:161} INFO - Started process (PID=6221) to work on /opt/airflow/dags/warehouse_dag.py
[2026-09-17T20:13:35.294+0000] {processor.py:830} INFO - Processing file /opt/airflow/dags/warehouse_dag.py for tasks to queue
[2026-09-17T20:13:35.301+0000] {logging_mixin.py:188} INFO - [2026-09-17T20:13:35.300+0000] {dagbag.py:545} INFO - Filling up the DagBag from /opt/airflow/dags/warehouse_dag.py
[2026-09-17T20:13:35.891+0000] {processor.py:840} INFO - DAG(s) 'youtube_warehouse' retrieved from /opt/airflow/dags/warehouse_dag.py
[2026-09-17T20:13:35.924+0000] {logging_mixin.py:188} INFO - [2026-09-17T20:13:35.923+0000] {dag.py:3096} INFO - Sync 1 DAGs
[2026-09-17T20:13:35.970+0000] {logging_mixin.py:188} INFO - [2026-09-17T20:13:35.969+0000] {dag.py:3954} INFO - Setting next_dagrun for youtube_warehouse to None, run_after=None
[2026-09-17T20:13:36.032+0000] {processor.py:183} INFO - Processing /opt/airflow/dags/warehouse_dag.py took 0.772 seconds
[2026-09-17T20:14:06.708+0000] {processor.py:161} INFO - Started process (PID=6230) to work on /opt/airflow/dags/warehouse_dag.py
[2026-09-17T20:14:06.711+0000] {processor.py:830} INFO - Processing file /opt/airflow/dags/warehouse_dag.py for tasks to queue
[2026-09-17T20:14:06.715+0000] {logging_mixin.py:188} INFO - [2026-09-17T20:14:06.714+0000] {dagbag.py:545} INFO - Filling up the DagBag from /opt/airflow/dags/warehouse_dag.py
[2026-09-17T20:14:07.204+0000] {processor.py:840} INFO - DAG(s) 'youtube_warehouse' retrieved from /opt/airflow/dags/warehouse_dag.py
[2026-09-17T20:14:07.223+0000] {logging_mixin.py:188} INFO - [2026-09-17T20:14:07.222+0000] {dag.py:3096} INFO - Sync 1 DAGs
[2026-09-17T20:14:07.235+0000] {logging_mixin.py:188} INFO - [2026-09-17T20:14:07.235+0000] {dag.py:3954} INFO - Setting next_dagrun for youtube_warehouse to None, run_after=None
[2026-09-17T20:14:07.261+0000] {processor.py:183} INFO - Processing /opt/airflow/dags/warehouse_dag.py took 0.561 seconds
[2026-09-17T20:14:37.434+0000] {processor.py:161} INFO - Started process (PID=6239) to work on /opt/airflow/dags/warehouse_dag.py
[2026-09-17T20:14:37.437+0000] {processor.py:830} INFO - Processing file /opt/airflow/dags/warehouse_dag.py for tasks to queue
[2026-09-17T20:14:37.441+0000] {logging_mixin.py:188} INFO - [2026-09-17T20:14:37.440+0000] {dagbag.py:545} INFO - Filling up the DagBag from /opt/airflow/dags/warehouse_dag.py
[2026-09-17T20:14:38.353+0000] {processor.py:840} INFO - DAG(s) 'youtube_warehouse' retrieved from /opt/airflow/dags/warehouse_dag.py
[2026-09-17T20:14:38.378+0000] {logging_mixin.py:188} INFO - [2026-09-17T20:14:38.376+0000] {dag.py:3096} INFO - Sync 1 DAGs
[2026-09-17T20:14:38.395+0000] {logging_mixin.py:188} INFO - [2026-09-17T20:14:38.394+0000] {dag.py:3954} INFO - Setting next_dagrun for youtube_warehouse to None, run_after=None
[2026-09-17T20:14:38.430+0000] {processor.py:183} INFO - Processing /opt/airflow/dags/warehouse_dag.py took 1.003 seconds
[2026-09-17T20:15:08.990+0000] {processor.py:161} INFO - Started process (PID=6248) to work on /opt/airflow/dags/warehouse_dag.py
[2026-09-17T20:15:08.994+0000] {processor.py:830} INFO - Processing file /opt/airflow/dags/warehouse_dag.py for tasks to queue
[2026-09-17T20:15:09.002+0000] {logging_mixin.py:188} INFO - [2026-09-17T20:15:09.001+0000] {dagbag.py:545} INFO - Filling up the DagBag from /opt/airflow/dags/warehouse_dag.py
[2026-09-17T20:15:11.990+0000] {processor.py:840} INFO - DAG(s) 'youtube_warehouse' retrieved from /opt/airflow/dags/warehouse_dag.py
[2026-09-17T20:15:12.104+0000] {logging_mixin.py:188} INFO - [2026-09-17T20:15:12.102+0000] {dag.py:3096} INFO - Sync 1 DAGs
[2026-09-17T20:15:12.200+0000] {logging_mixin.py:188} INFO - [2026-09-17T20:15:12.199+0000] {dag.py:3954} INFO - Setting next_dagrun for youtube_warehouse to None, run_after=None
[2026-09-17T20:15:12.335+0000] {processor.py:183} INFO - Processing /opt/airflow/dags/warehouse_dag.py took 3.366 seconds
[2026-09-17T20:15:43.092+0000] {processor.py:161} INFO - Started process (PID=6257) to work on /opt/airflow/dags/warehouse_dag.py
[2026-09-17T20:15:43.105+0000] {processor.py:830} INFO - Processing file /opt/airflow/dags/warehouse_dag.py for tasks to queue
[2026-09-17T20:15:43.113+0000] {logging_mixin.py:188} INFO - [2026-09-17T20:15:43.111+0000] {dagbag.py:545} INFO - Filling up the DagBag from /opt/airflow/dags/warehouse_dag.py
[2026-09-17T20:15:55.996+0000] {processor.py:840} INFO - DAG(s) 'youtube_warehouse' retrieved from /opt/airflow/dags/warehouse_dag.py
[2026-09-17T20:15:56.072+0000] {logging_mixin.py:188} INFO - [2026-09-17T20:15:56.070+0000] {dag.py:3096} INFO - Sync 1 DAGs
[2026-09-17T20:15:56.113+0000] {logging_mixin.py:188} INFO - [2026-09-17T20:15:56.112+0000] {dag.py:3954} INFO - Setting next_dagrun for youtube_warehouse to None, run_after=None
[2026-09-17T20:15:56.190+0000] {processor.py:183} INFO - Processing /opt/airflow/dags/warehouse_dag.py took 13.139 seconds
[2026-09-17T20:16:26.821+0000] {processor.py:161} INFO - Started process (PID=6266) to work on /opt/airflow/dags/warehouse_dag.py
[2026-09-17T20:16:26.825+0000] {processor.py:830} INFO - Processing file /opt/airflow/dags/warehouse_dag.py for tasks to queue
[2026-09-17T20:16:26.831+0000] {logging_mixin.py:188} INFO - [2026-09-17T20:16:26.831+0000] {dagbag.py:545} INFO - Filling up the DagBag from /opt/airflow/dags/warehouse_dag.py
[2026-09-17T20:16:27.483+0000] {processor.py:840} INFO - DAG(s) 'youtube_warehouse' retrieved from /opt/airflow/dags/warehouse_dag.py
[2026-09-17T20:16:27.508+0000] {logging_mixin.py:188} INFO - [2026-09-17T20:16:27.507+0000] {dag.py:3096} INFO - Sync 1 DAGs
[2026-09-17T20:16:27.521+0000] {logging_mixin.py:188} INFO - [2026-09-17T20:16:27.521+0000] {dag.py:3954} INFO - Setting next_dagrun for youtube_warehouse to None, run_after=None
[2026-09-17T20:16:27.547+0000] {processor.py:183} INFO - Processing /opt/airflow/dags/warehouse_dag.py took 0.752 seconds
[2026-09-17T20:17:09.836+0000] {processor.py:161} INFO - Started process (PID=6275) to work on /opt/airflow/dags/warehouse_dag.py
[2026-09-17T20:17:10.195+0000] {processor.py:830} INFO - Processing file /opt/airflow/dags/warehouse_dag.py for tasks to queue
[2026-09-17T20:17:10.243+0000] {logging_mixin.py:188} INFO - [2026-09-17T20:17:10.240+0000] {dagbag.py:545} INFO - Filling up the DagBag from /opt/airflow/dags/warehouse_dag.py
[2026-09-17T20:17:14.462+0000] {processor.py:840} INFO - DAG(s) 'youtube_warehouse' retrieved from /opt/airflow/dags/warehouse_dag.py
[2026-09-17T20:17:14.640+0000] {logging_mixin.py:188} INFO - [2026-09-17T20:17:14.639+0000] {dag.py:3096} INFO - Sync 1 DAGs
[2026-09-17T20:17:14.663+0000] {logging_mixin.py:188} INFO - [2026-09-17T20:17:14.663+0000] {dag.py:3954} INFO - Setting next_dagrun for youtube_warehouse to None, run_after=None
[2026-09-17T20:17:14.961+0000] {processor.py:183} INFO - Processing /opt/airflow/dags/warehouse_dag.py took 5.321 seconds
[2026-09-17T20:17:45.396+0000] {processor.py:161} INFO - Started process (PID=6290) to work on /opt/airflow/dags/warehouse_dag.py
[2026-09-17T20:17:45.405+0000] {processor.py:830} INFO - Processing file /opt/airflow/dags/warehouse_dag.py for tasks to queue
[2026-09-17T20:17:45.416+0000] {logging_mixin.py:188} INFO - [2026-09-17T20:17:45.415+0000] {dagbag.py:545} INFO - Filling up the DagBag from /opt/airflow/dags/warehouse_dag.py
[2026-09-17T20:17:46.396+0000] {processor.py:840} INFO - DAG(s) 'youtube_warehouse' retrieved from /opt/airflow/dags/warehouse_dag.py
[2026-09-17T20:17:46.425+0000] {logging_mixin.py:188} INFO - [2026-09-17T20:17:46.424+0000] {dag.py:3096} INFO - Sync 1 DAGs
[2026-09-17T20:17:46.443+0000] {logging_mixin.py:188} INFO - [2026-09-17T20:17:46.442+0000] {dag.py:3954} INFO - Setting next_dagrun for youtube_warehouse to None, run_after=None
[2026-09-17T20:17:46.476+0000] {processor.py:183} INFO - Processing /opt/airflow/dags/warehouse_dag.py took 1.097 seconds
[2026-09-17T20:18:17.100+0000] {processor.py:161} INFO - Started process (PID=6299) to work on /opt/airflow/dags/warehouse_dag.py
[2026-09-17T20:18:17.136+0000] {processor.py:830} INFO - Processing file /opt/airflow/dags/warehouse_dag.py for tasks to queue
[2026-09-17T20:18:17.144+0000] {logging_mixin.py:188} INFO - [2026-09-17T20:18:17.144+0000] {dagbag.py:545} INFO - Filling up the DagBag from /opt/airflow/dags/warehouse_dag.py
[2026-09-17T20:18:17.927+0000] {processor.py:840} INFO - DAG(s) 'youtube_warehouse' retrieved from /opt/airflow/dags/warehouse_dag.py
[2026-09-17T20:18:17.948+0000] {logging_mixin.py:188} INFO - [2026-09-17T20:18:17.948+0000] {dag.py:3096} INFO - Sync 1 DAGs
[2026-09-17T20:18:17.958+0000] {logging_mixin.py:188} INFO - [2026-09-17T20:18:17.958+0000] {dag.py:3954} INFO - Setting next_dagrun for youtube_warehouse to None, run_after=None
[2026-09-17T20:18:18.010+0000] {processor.py:183} INFO - Processing /opt/airflow/dags/warehouse_dag.py took 0.917 seconds
[2026-09-17T20:18:48.535+0000] {processor.py:161} INFO - Started process (PID=6308) to work on /opt/airflow/dags/warehouse_dag.py
[2026-09-17T20:18:48.536+0000] {processor.py:830} INFO - Processing file /opt/airflow/dags/warehouse_dag.py for tasks to queue
[2026-09-17T20:18:48.540+0000] {logging_mixin.py:188} INFO - [2026-09-17T20:18:48.539+0000] {dagbag.py:545} INFO - Filling up the DagBag from /opt/airflow/dags/warehouse_dag.py
[2026-09-17T20:18:49.035+0000] {processor.py:840} INFO - DAG(s) 'youtube_warehouse' retrieved from /opt/airflow/dags/warehouse_dag.py
[2026-09-17T20:18:49.054+0000] {logging_mixin.py:188} INFO - [2026-09-17T20:18:49.054+0000] {dag.py:3096} INFO - Sync 1 DAGs
[2026-09-17T20:18:49.066+0000] {logging_mixin.py:188} INFO - [2026-09-17T20:18:49.065+0000] {dag.py:3954} INFO - Setting next_dagrun for youtube_warehouse to None, run_after=None
[2026-09-17T20:18:49.085+0000] {processor.py:183} INFO - Processing /opt/airflow/dags/warehouse_dag.py took 0.556 seconds
[2026-09-17T20:19:19.223+0000] {processor.py:161} INFO - Started process (PID=6317) to work on /opt/airflow/dags/warehouse_dag.py
[2026-09-17T20:19:19.225+0000] {processor.py:830} INFO - Processing file /opt/airflow/dags/warehouse_dag.py for tasks to queue
[2026-09-17T20:19:19.229+0000] {logging_mixin.py:188} INFO - [2026-09-17T20:19:19.228+0000] {dagbag.py:545} INFO - Filling up the DagBag from /opt/airflow/dags/warehouse_dag.py
[2026-09-17T20:19:19.751+0000] {processor.py:840} INFO - DAG(s) 'youtube_warehouse' retrieved from /opt/airflow/dags/warehouse_dag.py
[2026-09-17T20:19:19.769+0000] {logging_mixin.py:188} INFO - [2026-09-17T20:19:19.769+0000] {dag.py:3096} INFO - Sync 1 DAGs
[2026-09-17T20:19:19.780+0000] {logging_mixin.py:188} INFO - [2026-09-17T20:19:19.780+0000] {dag.py:3954} INFO - Setting next_dagrun for youtube_warehouse to None, run_after=None
[2026-09-17T20:19:19.831+0000] {processor.py:183} INFO - Processing /opt/airflow/dags/warehouse_dag.py took 0.649 seconds
[2026-09-17T20:19:50.251+0000] {processor.py:161} INFO - Started process (PID=6326) to work on /opt/airflow/dags/warehouse_dag.py
[2026-09-17T20:19:50.254+0000] {processor.py:830} INFO - Processing file /opt/airflow/dags/warehouse_dag.py for tasks to queue
[2026-09-17T20:19:50.258+0000] {logging_mixin.py:188} INFO - [2026-09-17T20:19:50.258+0000] {dagbag.py:545} INFO - Filling up the DagBag from /opt/airflow/dags/warehouse_dag.py
[2026-09-17T20:19:50.906+0000] {processor.py:840} INFO - DAG(s) 'youtube_warehouse' retrieved from /opt/airflow/dags/warehouse_dag.py
[2026-09-17T20:19:50.924+0000] {logging_mixin.py:188} INFO - [2026-09-17T20:19:50.923+0000] {dag.py:3096} INFO - Sync 1 DAGs
[2026-09-17T20:19:50.934+0000] {logging_mixin.py:188} INFO - [2026-09-17T20:19:50.934+0000] {dag.py:3954} INFO - Setting next_dagrun for youtube_warehouse to None, run_after=None
[2026-09-17T20:19:50.954+0000] {processor.py:183} INFO - Processing /opt/airflow/dags/warehouse_dag.py took 0.715 seconds
[2026-09-17T20:20:21.328+0000] {processor.py:161} INFO - Started process (PID=6336) to work on /opt/airflow/dags/warehouse_dag.py
[2026-09-17T20:20:21.331+0000] {processor.py:830} INFO - Processing file /opt/airflow/dags/warehouse_dag.py for tasks to queue
[2026-09-17T20:20:21.335+0000] {logging_mixin.py:188} INFO - [2026-09-17T20:20:21.335+0000] {dagbag.py:545} INFO - Filling up the DagBag from /opt/airflow/dags/warehouse_dag.py
[2026-09-17T20:20:21.816+0000] {processor.py:840} INFO - DAG(s) 'youtube_warehouse' retrieved from /opt/airflow/dags/warehouse_dag.py
[2026-09-17T20:20:21.864+0000] {logging_mixin.py:188} INFO - [2026-09-17T20:20:21.863+0000] {dag.py:3096} INFO - Sync 1 DAGs
[2026-09-17T20:20:21.875+0000] {logging_mixin.py:188} INFO - [2026-09-17T20:20:21.875+0000] {dag.py:3954} INFO - Setting next_dagrun for youtube_warehouse to None, run_after=None
[2026-09-17T20:20:21.918+0000] {processor.py:183} INFO - Processing /opt/airflow/dags/warehouse_dag.py took 0.596 seconds
[2026-09-17T20:20:52.353+0000] {processor.py:161} INFO - Started process (PID=6345) to work on /opt/airflow/dags/warehouse_dag.py
[2026-09-17T20:20:52.356+0000] {processor.py:830} INFO - Processing file /opt/airflow/dags/warehouse_dag.py for tasks to queue
[2026-09-17T20:20:52.361+0000] {logging_mixin.py:188} INFO - [2026-09-17T20:20:52.360+0000] {dagbag.py:545} INFO - Filling up the DagBag from /opt/airflow/dags/warehouse_dag.py
[2026-09-17T20:20:52.956+0000] {processor.py:840} INFO - DAG(s) 'youtube_warehouse' retrieved from /opt/airflow/dags/warehouse_dag.py
[2026-09-17T20:20:52.998+0000] {logging_mixin.py:188} INFO - [2026-09-17T20:20:52.997+0000] {dag.py:3096} INFO - Sync 1 DAGs
[2026-09-17T20:20:53.009+0000] {logging_mixin.py:188} INFO - [2026-09-17T20:20:53.009+0000] {dag.py:3954} INFO - Setting next_dagrun for youtube_warehouse to None, run_after=None
[2026-09-17T20:20:53.033+0000] {processor.py:183} INFO - Processing /opt/airflow/dags/warehouse_dag.py took 0.688 seconds
[2026-09-17T20:21:23.269+0000] {processor.py:161} INFO - Started process (PID=6354) to work on /opt/airflow/dags/warehouse_dag.py
[2026-09-17T20:21:23.275+0000] {processor.py:830} INFO - Processing file /opt/airflow/dags/warehouse_dag.py for tasks to queue
[2026-09-17T20:21:23.280+0000] {logging_mixin.py:188} INFO - [2026-09-17T20:21:23.279+0000] {dagbag.py:545} INFO - Filling up the DagBag from /opt/airflow/dags/warehouse_dag.py
[2026-09-17T20:21:23.787+0000] {processor.py:840} INFO - DAG(s) 'youtube_warehouse' retrieved from /opt/airflow/dags/warehouse_dag.py
[2026-09-17T20:21:23.805+0000] {logging_mixin.py:188} INFO - [2026-09-17T20:21:23.805+0000] {dag.py:3096} INFO - Sync 1 DAGs
[2026-09-17T20:21:23.815+0000] {logging_mixin.py:188} INFO - [2026-09-17T20:21:23.815+0000] {dag.py:3954} INFO - Setting next_dagrun for youtube_warehouse to None, run_after=None
[2026-09-17T20:21:23.846+0000] {processor.py:183} INFO - Processing /opt/airflow/dags/warehouse_dag.py took 0.589 seconds
[2026-09-17T20:21:54.296+0000] {processor.py:161} INFO - Started process (PID=6363) to work on /opt/airflow/dags/warehouse_dag.py
[2026-09-17T20:21:54.299+0000] {processor.py:830} INFO - Processing file /opt/airflow/dags/warehouse_dag.py for tasks to queue
[2026-09-17T20:21:54.303+0000] {logging_mixin.py:188} INFO - [2026-09-17T20:21:54.302+0000] {dagbag.py:545} INFO - Filling up the DagBag from /opt/airflow/dags/warehouse_dag.py
[2026-09-17T20:21:54.873+0000] {processor.py:840} INFO - DAG(s) 'youtube_warehouse' retrieved from /opt/airflow/dags/warehouse_dag.py
[2026-09-17T20:21:54.900+0000] {logging_mixin.py:188} INFO - [2026-09-17T20:21:54.899+0000] {dag.py:3096} INFO - Sync 1 DAGs
[2026-09-17T20:21:54.911+0000] {logging_mixin.py:188} INFO - [2026-09-17T20:21:54.910+0000] {dag.py:3954} INFO - Setting next_dagrun for youtube_warehouse to None, run_after=None
[2026-09-17T20:21:54.949+0000] {processor.py:183} INFO - Processing /opt/airflow/dags/warehouse_dag.py took 0.659 seconds
[2026-09-17T20:22:25.187+0000] {processor.py:161} INFO - Started process (PID=6372) to work on /opt/airflow/dags/warehouse_dag.py
[2026-09-17T20:22:25.189+0000] {processor.py:830} INFO - Processing file /opt/airflow/dags/warehouse_dag.py for tasks to queue
[2026-09-17T20:22:25.192+0000] {logging_mixin.py:188} INFO - [2026-09-17T20:22:25.192+0000] {dagbag.py:545} INFO - Filling up the DagBag from /opt/airflow/dags/warehouse_dag.py
[2026-09-17T20:22:25.615+0000] {processor.py:840} INFO - DAG(s) 'youtube_warehouse' retrieved from /opt/airflow/dags/warehouse_dag.py
[2026-09-17T20:22:25.653+0000] {logging_mixin.py:188} INFO - [2026-09-17T20:22:25.652+0000] {dag.py:3096} INFO - Sync 1 DAGs
[2026-09-17T20:22:25.662+0000] {logging_mixin.py:188} INFO - [2026-09-17T20:22:25.662+0000] {dag.py:3954} INFO - Setting next_dagrun for youtube_warehouse to None, run_after=None
[2026-09-17T20:22:25.685+0000] {processor.py:183} INFO - Processing /opt/airflow/dags/warehouse_dag.py took 0.506 seconds
[2026-09-17T20:22:55.839+0000] {processor.py:161} INFO - Started process (PID=6381) to work on /opt/airflow/dags/warehouse_dag.py
[2026-09-17T20:22:55.842+0000] {processor.py:830} INFO - Processing file /opt/airflow/dags/warehouse_dag.py for tasks to queue
[2026-09-17T20:22:55.854+0000] {logging_mixin.py:188} INFO - [2026-09-17T20:22:55.853+0000] {dagbag.py:545} INFO - Filling up the DagBag from /opt/airflow/dags/warehouse_dag.py
[2026-09-17T20:22:56.331+0000] {processor.py:840} INFO - DAG(s) 'youtube_warehouse' retrieved from /opt/airflow/dags/warehouse_dag.py
[2026-09-17T20:22:56.366+0000] {logging_mixin.py:188} INFO - [2026-09-17T20:22:56.365+0000] {dag.py:3096} INFO - Sync 1 DAGs
[2026-09-17T20:22:56.377+0000] {logging_mixin.py:188} INFO - [2026-09-17T20:22:56.377+0000] {dag.py:3954} INFO - Setting next_dagrun for youtube_warehouse to None, run_after=None
[2026-09-17T20:22:56.410+0000] {processor.py:183} INFO - Processing /opt/airflow/dags/warehouse_dag.py took 0.578 seconds
[2026-09-17T20:23:27.213+0000] {processor.py:161} INFO - Started process (PID=6390) to work on /opt/airflow/dags/warehouse_dag.py
[2026-09-17T20:23:27.215+0000] {processor.py:830} INFO - Processing file /opt/airflow/dags/warehouse_dag.py for tasks to queue
[2026-09-17T20:23:27.220+0000] {logging_mixin.py:188} INFO - [2026-09-17T20:23:27.220+0000] {dagbag.py:545} INFO - Filling up the DagBag from /opt/airflow/dags/warehouse_dag.py
[2026-09-17T20:23:27.685+0000] {processor.py:840} INFO - DAG(s) 'youtube_warehouse' retrieved from /opt/airflow/dags/warehouse_dag.py
[2026-09-17T20:23:27.703+0000] {logging_mixin.py:188} INFO - [2026-09-17T20:23:27.703+0000] {dag.py:3096} INFO - Sync 1 DAGs
[2026-09-17T20:23:27.714+0000] {logging_mixin.py:188} INFO - [2026-09-17T20:23:27.713+0000] {dag.py:3954} INFO - Setting next_dagrun for youtube_warehouse to None, run_after=None
[2026-09-17T20:23:27.746+0000] {processor.py:183} INFO - Processing /opt/airflow/dags/warehouse_dag.py took 0.541 seconds
[2026-09-17T20:23:58.137+0000] {processor.py:161} INFO - Started process (PID=6399) to work on /opt/airflow/dags/warehouse_dag.py
[2026-09-17T20:23:58.139+0000] {processor.py:830} INFO - Processing file /opt/airflow/dags/warehouse_dag.py for tasks to queue
[2026-09-17T20:23:58.142+0000] {logging_mixin.py:188} INFO - [2026-09-17T20:23:58.142+0000] {dagbag.py:545} INFO - Filling up the DagBag from /opt/airflow/dags/warehouse_dag.py
[2026-09-17T20:23:58.664+0000] {processor.py:840} INFO - DAG(s) 'youtube_warehouse' retrieved from /opt/airflow/dags/warehouse_dag.py
[2026-09-17T20:23:58.690+0000] {logging_mixin.py:188} INFO - [2026-09-17T20:23:58.688+0000] {dag.py:3096} INFO - Sync 1 DAGs
[2026-09-17T20:23:58.702+0000] {logging_mixin.py:188} INFO - [2026-09-17T20:23:58.701+0000] {dag.py:3954} INFO - Setting next_dagrun for youtube_warehouse to None, run_after=None
[2026-09-17T20:23:58.731+0000] {processor.py:183} INFO - Processing /opt/airflow/dags/warehouse_dag.py took 0.601 seconds
[2026-09-17T20:24:29.497+0000] {processor.py:161} INFO - Started process (PID=6408) to work on /opt/airflow/dags/warehouse_dag.py
[2026-09-17T20:24:29.500+0000] {processor.py:830} INFO - Processing file /opt/airflow/dags/warehouse_dag.py for tasks to queue
[2026-09-17T20:24:29.505+0000] {logging_mixin.py:188} INFO - [2026-09-17T20:24:29.504+0000] {dagbag.py:545} INFO - Filling up the DagBag from /opt/airflow/dags/warehouse_dag.py
[2026-09-17T20:24:30.163+0000] {processor.py:840} INFO - DAG(s) 'youtube_warehouse' retrieved from /opt/airflow/dags/warehouse_dag.py
[2026-09-17T20:24:30.200+0000] {logging_mixin.py:188} INFO - [2026-09-17T20:24:30.200+0000] {dag.py:3096} INFO - Sync 1 DAGs
[2026-09-17T20:24:30.219+0000] {logging_mixin.py:188} INFO - [2026-09-17T20:24:30.218+0000] {dag.py:3954} INFO - Setting next_dagrun for youtube_warehouse to None, run_after=None
[2026-09-17T20:24:30.267+0000] {processor.py:183} INFO - Processing /opt/airflow/dags/warehouse_dag.py took 0.776 seconds
[2026-09-17T20:25:00.863+0000] {processor.py:161} INFO - Started process (PID=6417) to work on /opt/airflow/dags/warehouse_dag.py
[2026-09-17T20:25:00.874+0000] {processor.py:830} INFO - Processing file /opt/airflow/dags/warehouse_dag.py for tasks to queue
[2026-09-17T20:25:00.878+0000] {logging_mixin.py:188} INFO - [2026-09-17T20:25:00.878+0000] {dagbag.py:545} INFO - Filling up the DagBag from /opt/airflow/dags/warehouse_dag.py
[2026-09-17T20:25:01.450+0000] {processor.py:840} INFO - DAG(s) 'youtube_warehouse' retrieved from /opt/airflow/dags/warehouse_dag.py
[2026-09-17T20:25:01.476+0000] {logging_mixin.py:188} INFO - [2026-09-17T20:25:01.475+0000] {dag.py:3096} INFO - Sync 1 DAGs
[2026-09-17T20:25:01.485+0000] {logging_mixin.py:188} INFO - [2026-09-17T20:25:01.485+0000] {dag.py:3954} INFO - Setting next_dagrun for youtube_warehouse to None, run_after=None
[2026-09-17T20:25:01.532+0000] {processor.py:183} INFO - Processing /opt/airflow/dags/warehouse_dag.py took 0.677 seconds
[2026-09-17T20:25:32.269+0000] {processor.py:161} INFO - Started process (PID=6426) to work on /opt/airflow/dags/warehouse_dag.py
[2026-09-17T20:25:32.272+0000] {processor.py:830} INFO - Processing file /opt/airflow/dags/warehouse_dag.py for tasks to queue
[2026-09-17T20:25:32.278+0000] {logging_mixin.py:188} INFO - [2026-09-17T20:25:32.277+0000] {dagbag.py:545} INFO - Filling up the DagBag from /opt/airflow/dags/warehouse_dag.py
[2026-09-17T20:25:32.909+0000] {processor.py:840} INFO - DAG(s) 'youtube_warehouse' retrieved from /opt/airflow/dags/warehouse_dag.py
[2026-09-17T20:25:32.936+0000] {logging_mixin.py:188} INFO - [2026-09-17T20:25:32.935+0000] {dag.py:3096} INFO - Sync 1 DAGs
[2026-09-17T20:25:32.950+0000] {logging_mixin.py:188} INFO - [2026-09-17T20:25:32.950+0000] {dag.py:3954} INFO - Setting next_dagrun for youtube_warehouse to None, run_after=None
[2026-09-17T20:25:32.983+0000] {processor.py:183} INFO - Processing /opt/airflow/dags/warehouse_dag.py took 0.741 seconds
[2026-09-17T20:26:03.255+0000] {processor.py:161} INFO - Started process (PID=6435) to work on /opt/airflow/dags/warehouse_dag.py
[2026-09-17T20:26:03.263+0000] {processor.py:830} INFO - Processing file /opt/airflow/dags/warehouse_dag.py for tasks to queue
[2026-09-17T20:26:03.269+0000] {logging_mixin.py:188} INFO - [2026-09-17T20:26:03.267+0000] {dagbag.py:545} INFO - Filling up the DagBag from /opt/airflow/dags/warehouse_dag.py
[2026-09-17T20:26:06.862+0000] {processor.py:840} INFO - DAG(s) 'youtube_warehouse' retrieved from /opt/airflow/dags/warehouse_dag.py
[2026-09-17T20:26:06.970+0000] {logging_mixin.py:188} INFO - [2026-09-17T20:26:06.970+0000] {dag.py:3096} INFO - Sync 1 DAGs
[2026-09-17T20:26:07.037+0000] {logging_mixin.py:188} INFO - [2026-09-17T20:26:07.036+0000] {dag.py:3954} INFO - Setting next_dagrun for youtube_warehouse to None, run_after=None
[2026-09-17T20:26:07.170+0000] {processor.py:183} INFO - Processing /opt/airflow/dags/warehouse_dag.py took 3.929 seconds
[2026-09-17T20:26:37.885+0000] {processor.py:161} INFO - Started process (PID=6444) to work on /opt/airflow/dags/warehouse_dag.py
[2026-09-17T20:26:37.887+0000] {processor.py:830} INFO - Processing file /opt/airflow/dags/warehouse_dag.py for tasks to queue
[2026-09-17T20:26:37.894+0000] {logging_mixin.py:188} INFO - [2026-09-17T20:26:37.894+0000] {dagbag.py:545} INFO - Filling up the DagBag from /opt/airflow/dags/warehouse_dag.py
[2026-09-17T20:26:39.601+0000] {processor.py:840} INFO - DAG(s) 'youtube_warehouse' retrieved from /opt/airflow/dags/warehouse_dag.py
[2026-09-17T20:26:39.656+0000] {logging_mixin.py:188} INFO - [2026-09-17T20:26:39.655+0000] {dag.py:3096} INFO - Sync 1 DAGs
[2026-09-17T20:26:39.681+0000] {logging_mixin.py:188} INFO - [2026-09-17T20:26:39.681+0000] {dag.py:3954} INFO - Setting next_dagrun for youtube_warehouse to None, run_after=None
[2026-09-17T20:26:39.742+0000] {processor.py:183} INFO - Processing /opt/airflow/dags/warehouse_dag.py took 1.874 seconds
[2026-09-17T20:27:11.273+0000] {processor.py:161} INFO - Started process (PID=6453) to work on /opt/airflow/dags/warehouse_dag.py
[2026-09-17T20:27:11.781+0000] {processor.py:830} INFO - Processing file /opt/airflow/dags/warehouse_dag.py for tasks to queue
[2026-09-17T20:27:12.669+0000] {logging_mixin.py:188} INFO - [2026-09-17T20:27:12.614+0000] {dagbag.py:545} INFO - Filling up the DagBag from /opt/airflow/dags/warehouse_dag.py
[2026-09-17T20:27:14.168+0000] {processor.py:840} INFO - DAG(s) 'youtube_warehouse' retrieved from /opt/airflow/dags/warehouse_dag.py
[2026-09-17T20:27:14.208+0000] {logging_mixin.py:188} INFO - [2026-09-17T20:27:14.208+0000] {dag.py:3096} INFO - Sync 1 DAGs
[2026-09-17T20:27:14.224+0000] {logging_mixin.py:188} INFO - [2026-09-17T20:27:14.223+0000] {dag.py:3954} INFO - Setting next_dagrun for youtube_warehouse to None, run_after=None
[2026-09-17T20:27:14.307+0000] {processor.py:183} INFO - Processing /opt/airflow/dags/warehouse_dag.py took 3.743 seconds
[2026-09-17T20:27:44.903+0000] {processor.py:161} INFO - Started process (PID=6462) to work on /opt/airflow/dags/warehouse_dag.py
[2026-09-17T20:27:44.912+0000] {processor.py:830} INFO - Processing file /opt/airflow/dags/warehouse_dag.py for tasks to queue
[2026-09-17T20:27:44.918+0000] {logging_mixin.py:188} INFO - [2026-09-17T20:27:44.918+0000] {dagbag.py:545} INFO - Filling up the DagBag from /opt/airflow/dags/warehouse_dag.py
[2026-09-17T20:27:45.652+0000] {processor.py:840} INFO - DAG(s) 'youtube_warehouse' retrieved from /opt/airflow/dags/warehouse_dag.py
[2026-09-17T20:27:45.706+0000] {logging_mixin.py:188} INFO - [2026-09-17T20:27:45.705+0000] {dag.py:3096} INFO - Sync 1 DAGs
[2026-09-17T20:27:45.723+0000] {logging_mixin.py:188} INFO - [2026-09-17T20:27:45.723+0000] {dag.py:3954} INFO - Setting next_dagrun for youtube_warehouse to None, run_after=None
[2026-09-17T20:27:45.754+0000] {processor.py:183} INFO - Processing /opt/airflow/dags/warehouse_dag.py took 0.860 seconds
[2026-09-17T20:28:16.244+0000] {processor.py:161} INFO - Started process (PID=6477) to work on /opt/airflow/dags/warehouse_dag.py
[2026-09-17T20:28:16.264+0000] {processor.py:830} INFO - Processing file /opt/airflow/dags/warehouse_dag.py for tasks to queue
[2026-09-17T20:28:16.274+0000] {logging_mixin.py:188} INFO - [2026-09-17T20:28:16.272+0000] {dagbag.py:545} INFO - Filling up the DagBag from /opt/airflow/dags/warehouse_dag.py
[2026-09-17T20:28:17.693+0000] {processor.py:840} INFO - DAG(s) 'youtube_warehouse' retrieved from /opt/airflow/dags/warehouse_dag.py
[2026-09-17T20:28:17.814+0000] {logging_mixin.py:188} INFO - [2026-09-17T20:28:17.812+0000] {dag.py:3096} INFO - Sync 1 DAGs
[2026-09-17T20:28:17.859+0000] {logging_mixin.py:188} INFO - [2026-09-17T20:28:17.858+0000] {dag.py:3954} INFO - Setting next_dagrun for youtube_warehouse to None, run_after=None
[2026-09-17T20:28:17.960+0000] {processor.py:183} INFO - Processing /opt/airflow/dags/warehouse_dag.py took 1.734 seconds
[2026-09-17T20:28:48.763+0000] {processor.py:161} INFO - Started process (PID=6486) to work on /opt/airflow/dags/warehouse_dag.py
[2026-09-17T20:28:48.952+0000] {processor.py:830} INFO - Processing file /opt/airflow/dags/warehouse_dag.py for tasks to queue
[2026-09-17T20:28:48.957+0000] {logging_mixin.py:188} INFO - [2026-09-17T20:28:48.957+0000] {dagbag.py:545} INFO - Filling up the DagBag from /opt/airflow/dags/warehouse_dag.py
[2026-09-17T20:28:50.681+0000] {processor.py:840} INFO - DAG(s) 'youtube_warehouse' retrieved from /opt/airflow/dags/warehouse_dag.py
[2026-09-17T20:28:50.716+0000] {logging_mixin.py:188} INFO - [2026-09-17T20:28:50.715+0000] {dag.py:3096} INFO - Sync 1 DAGs
[2026-09-17T20:28:50.737+0000] {logging_mixin.py:188} INFO - [2026-09-17T20:28:50.737+0000] {dag.py:3954} INFO - Setting next_dagrun for youtube_warehouse to None, run_after=None
[2026-09-17T20:28:50.774+0000] {processor.py:183} INFO - Processing /opt/airflow/dags/warehouse_dag.py took 2.019 seconds
[2026-09-17T20:29:21.356+0000] {processor.py:161} INFO - Started process (PID=6495) to work on /opt/airflow/dags/warehouse_dag.py
[2026-09-17T20:29:21.361+0000] {processor.py:830} INFO - Processing file /opt/airflow/dags/warehouse_dag.py for tasks to queue
[2026-09-17T20:29:21.368+0000] {logging_mixin.py:188} INFO - [2026-09-17T20:29:21.367+0000] {dagbag.py:545} INFO - Filling up the DagBag from /opt/airflow/dags/warehouse_dag.py
[2026-09-17T20:29:23.236+0000] {processor.py:840} INFO - DAG(s) 'youtube_warehouse' retrieved from /opt/airflow/dags/warehouse_dag.py
[2026-09-17T20:29:23.283+0000] {logging_mixin.py:188} INFO - [2026-09-17T20:29:23.283+0000] {dag.py:3096} INFO - Sync 1 DAGs
[2026-09-17T20:29:23.306+0000] {logging_mixin.py:188} INFO - [2026-09-17T20:29:23.305+0000] {dag.py:3954} INFO - Setting next_dagrun for youtube_warehouse to None, run_after=None
[2026-09-17T20:29:23.348+0000] {processor.py:183} INFO - Processing /opt/airflow/dags/warehouse_dag.py took 2.024 seconds
[2026-09-17T20:29:53.758+0000] {processor.py:161} INFO - Started process (PID=6504) to work on /opt/airflow/dags/warehouse_dag.py
[2026-09-17T20:29:53.760+0000] {processor.py:830} INFO - Processing file /opt/airflow/dags/warehouse_dag.py for tasks to queue
[2026-09-17T20:29:53.763+0000] {logging_mixin.py:188} INFO - [2026-09-17T20:29:53.763+0000] {dagbag.py:545} INFO - Filling up the DagBag from /opt/airflow/dags/warehouse_dag.py
[2026-09-17T20:29:54.383+0000] {processor.py:840} INFO - DAG(s) 'youtube_warehouse' retrieved from /opt/airflow/dags/warehouse_dag.py
[2026-09-17T20:29:54.439+0000] {logging_mixin.py:188} INFO - [2026-09-17T20:29:54.437+0000] {dag.py:3096} INFO - Sync 1 DAGs
[2026-09-17T20:29:54.538+0000] {logging_mixin.py:188} INFO - [2026-09-17T20:29:54.537+0000] {dag.py:3954} INFO - Setting next_dagrun for youtube_warehouse to None, run_after=None
[2026-09-17T20:29:54.599+0000] {processor.py:183} INFO - Processing /opt/airflow/dags/warehouse_dag.py took 0.856 seconds
[2026-09-17T20:30:25.362+0000] {processor.py:161} INFO - Started process (PID=6513) to work on /opt/airflow/dags/warehouse_dag.py
[2026-09-17T20:30:25.365+0000] {processor.py:830} INFO - Processing file /opt/airflow/dags/warehouse_dag.py for tasks to queue
[2026-09-17T20:30:25.368+0000] {logging_mixin.py:188} INFO - [2026-09-17T20:30:25.368+0000] {dagbag.py:545} INFO - Filling up the DagBag from /opt/airflow/dags/warehouse_dag.py
[2026-09-17T20:30:25.978+0000] {processor.py:840} INFO - DAG(s) 'youtube_warehouse' retrieved from /opt/airflow/dags/warehouse_dag.py
[2026-09-17T20:30:26.002+0000] {logging_mixin.py:188} INFO - [2026-09-17T20:30:26.001+0000] {dag.py:3096} INFO - Sync 1 DAGs
[2026-09-17T20:30:26.013+0000] {logging_mixin.py:188} INFO - [2026-09-17T20:30:26.013+0000] {dag.py:3954} INFO - Setting next_dagrun for youtube_warehouse to None, run_after=None
[2026-09-17T20:30:26.038+0000] {processor.py:183} INFO - Processing /opt/airflow/dags/warehouse_dag.py took 0.683 seconds
[2026-09-17T20:30:56.816+0000] {processor.py:161} INFO - Started process (PID=6522) to work on /opt/airflow/dags/warehouse_dag.py
[2026-09-17T20:30:56.819+0000] {processor.py:830} INFO - Processing file /opt/airflow/dags/warehouse_dag.py for tasks to queue
[2026-09-17T20:30:56.823+0000] {logging_mixin.py:188} INFO - [2026-09-17T20:30:56.822+0000] {dagbag.py:545} INFO - Filling up the DagBag from /opt/airflow/dags/warehouse_dag.py
[2026-09-17T20:30:57.556+0000] {processor.py:840} INFO - DAG(s) 'youtube_warehouse' retrieved from /opt/airflow/dags/warehouse_dag.py
[2026-09-17T20:30:57.592+0000] {logging_mixin.py:188} INFO - [2026-09-17T20:30:57.592+0000] {dag.py:3096} INFO - Sync 1 DAGs
[2026-09-17T20:30:57.616+0000] {logging_mixin.py:188} INFO - [2026-09-17T20:30:57.616+0000] {dag.py:3954} INFO - Setting next_dagrun for youtube_warehouse to None, run_after=None
[2026-09-17T20:30:57.668+0000] {processor.py:183} INFO - Processing /opt/airflow/dags/warehouse_dag.py took 0.861 seconds
[2026-09-17T20:31:27.971+0000] {processor.py:161} INFO - Started process (PID=6531) to work on /opt/airflow/dags/warehouse_dag.py
[2026-09-17T20:31:27.976+0000] {processor.py:830} INFO - Processing file /opt/airflow/dags/warehouse_dag.py for tasks to queue
[2026-09-17T20:31:27.982+0000] {logging_mixin.py:188} INFO - [2026-09-17T20:31:27.981+0000] {dagbag.py:545} INFO - Filling up the DagBag from /opt/airflow/dags/warehouse_dag.py
[2026-09-17T20:31:28.571+0000] {processor.py:840} INFO - DAG(s) 'youtube_warehouse' retrieved from /opt/airflow/dags/warehouse_dag.py
[2026-09-17T20:31:28.609+0000] {logging_mixin.py:188} INFO - [2026-09-17T20:31:28.609+0000] {dag.py:3096} INFO - Sync 1 DAGs
[2026-09-17T20:31:28.625+0000] {logging_mixin.py:188} INFO - [2026-09-17T20:31:28.625+0000] {dag.py:3954} INFO - Setting next_dagrun for youtube_warehouse to None, run_after=None
[2026-09-17T20:31:28.659+0000] {processor.py:183} INFO - Processing /opt/airflow/dags/warehouse_dag.py took 0.694 seconds
[2026-09-17T20:31:59.100+0000] {processor.py:161} INFO - Started process (PID=6540) to work on /opt/airflow/dags/warehouse_dag.py
[2026-09-17T20:31:59.102+0000] {processor.py:830} INFO - Processing file /opt/airflow/dags/warehouse_dag.py for tasks to queue
[2026-09-17T20:31:59.107+0000] {logging_mixin.py:188} INFO - [2026-09-17T20:31:59.107+0000] {dagbag.py:545} INFO - Filling up the DagBag from /opt/airflow/dags/warehouse_dag.py
[2026-09-17T20:31:59.707+0000] {processor.py:840} INFO - DAG(s) 'youtube_warehouse' retrieved from /opt/airflow/dags/warehouse_dag.py
[2026-09-17T20:31:59.760+0000] {logging_mixin.py:188} INFO - [2026-09-17T20:31:59.760+0000] {dag.py:3096} INFO - Sync 1 DAGs
[2026-09-17T20:31:59.776+0000] {logging_mixin.py:188} INFO - [2026-09-17T20:31:59.775+0000] {dag.py:3954} INFO - Setting next_dagrun for youtube_warehouse to None, run_after=None
[2026-09-17T20:31:59.812+0000] {processor.py:183} INFO - Processing /opt/airflow/dags/warehouse_dag.py took 0.719 seconds
[2026-09-17T20:32:30.102+0000] {processor.py:161} INFO - Started process (PID=6549) to work on /opt/airflow/dags/warehouse_dag.py
[2026-09-17T20:32:30.105+0000] {processor.py:830} INFO - Processing file /opt/airflow/dags/warehouse_dag.py for tasks to queue
[2026-09-17T20:32:30.108+0000] {logging_mixin.py:188} INFO - [2026-09-17T20:32:30.108+0000] {dagbag.py:545} INFO - Filling up the DagBag from /opt/airflow/dags/warehouse_dag.py
[2026-09-17T20:32:30.703+0000] {processor.py:840} INFO - DAG(s) 'youtube_warehouse' retrieved from /opt/airflow/dags/warehouse_dag.py
[2026-09-17T20:32:30.721+0000] {logging_mixin.py:188} INFO - [2026-09-17T20:32:30.721+0000] {dag.py:3096} INFO - Sync 1 DAGs
[2026-09-17T20:32:30.732+0000] {logging_mixin.py:188} INFO - [2026-09-17T20:32:30.732+0000] {dag.py:3954} INFO - Setting next_dagrun for youtube_warehouse to None, run_after=None
[2026-09-17T20:32:30.786+0000] {processor.py:183} INFO - Processing /opt/airflow/dags/warehouse_dag.py took 0.691 seconds
[2026-09-17T20:33:01.258+0000] {processor.py:161} INFO - Started process (PID=6558) to work on /opt/airflow/dags/warehouse_dag.py
[2026-09-17T20:33:01.261+0000] {processor.py:830} INFO - Processing file /opt/airflow/dags/warehouse_dag.py for tasks to queue
[2026-09-17T20:33:01.264+0000] {logging_mixin.py:188} INFO - [2026-09-17T20:33:01.264+0000] {dagbag.py:545} INFO - Filling up the DagBag from /opt/airflow/dags/warehouse_dag.py
[2026-09-17T20:33:01.826+0000] {processor.py:840} INFO - DAG(s) 'youtube_warehouse' retrieved from /opt/airflow/dags/warehouse_dag.py
[2026-09-17T20:33:01.866+0000] {logging_mixin.py:188} INFO - [2026-09-17T20:33:01.866+0000] {dag.py:3096} INFO - Sync 1 DAGs
[2026-09-17T20:33:01.877+0000] {logging_mixin.py:188} INFO - [2026-09-17T20:33:01.877+0000] {dag.py:3954} INFO - Setting next_dagrun for youtube_warehouse to None, run_after=None
[2026-09-17T20:33:01.917+0000] {processor.py:183} INFO - Processing /opt/airflow/dags/warehouse_dag.py took 0.668 seconds
[2026-09-17T20:33:32.179+0000] {processor.py:161} INFO - Started process (PID=6568) to work on /opt/airflow/dags/warehouse_dag.py
[2026-09-17T20:33:32.183+0000] {processor.py:830} INFO - Processing file /opt/airflow/dags/warehouse_dag.py for tasks to queue
[2026-09-17T20:33:32.190+0000] {logging_mixin.py:188} INFO - [2026-09-17T20:33:32.190+0000] {dagbag.py:545} INFO - Filling up the DagBag from /opt/airflow/dags/warehouse_dag.py
[2026-09-17T20:33:33.331+0000] {processor.py:840} INFO - DAG(s) 'youtube_warehouse' retrieved from /opt/airflow/dags/warehouse_dag.py
[2026-09-17T20:33:33.372+0000] {logging_mixin.py:188} INFO - [2026-09-17T20:33:33.371+0000] {dag.py:3096} INFO - Sync 1 DAGs
[2026-09-17T20:33:33.398+0000] {logging_mixin.py:188} INFO - [2026-09-17T20:33:33.398+0000] {dag.py:3954} INFO - Setting next_dagrun for youtube_warehouse to None, run_after=None
[2026-09-17T20:33:33.466+0000] {processor.py:183} INFO - Processing /opt/airflow/dags/warehouse_dag.py took 1.306 seconds
[2026-09-17T20:34:03.852+0000] {processor.py:161} INFO - Started process (PID=6577) to work on /opt/airflow/dags/warehouse_dag.py
[2026-09-17T20:34:03.855+0000] {processor.py:830} INFO - Processing file /opt/airflow/dags/warehouse_dag.py for tasks to queue
[2026-09-17T20:34:03.858+0000] {logging_mixin.py:188} INFO - [2026-09-17T20:34:03.857+0000] {dagbag.py:545} INFO - Filling up the DagBag from /opt/airflow/dags/warehouse_dag.py
[2026-09-17T20:34:04.371+0000] {processor.py:840} INFO - DAG(s) 'youtube_warehouse' retrieved from /opt/airflow/dags/warehouse_dag.py
[2026-09-17T20:34:04.410+0000] {logging_mixin.py:188} INFO - [2026-09-17T20:34:04.409+0000] {dag.py:3096} INFO - Sync 1 DAGs
[2026-09-17T20:34:04.424+0000] {logging_mixin.py:188} INFO - [2026-09-17T20:34:04.424+0000] {dag.py:3954} INFO - Setting next_dagrun for youtube_warehouse to None, run_after=None
[2026-09-17T20:34:04.475+0000] {processor.py:183} INFO - Processing /opt/airflow/dags/warehouse_dag.py took 0.630 seconds
[2026-09-17T20:34:34.895+0000] {processor.py:161} INFO - Started process (PID=6585) to work on /opt/airflow/dags/warehouse_dag.py
[2026-09-17T20:34:34.897+0000] {processor.py:830} INFO - Processing file /opt/airflow/dags/warehouse_dag.py for tasks to queue
[2026-09-17T20:34:34.900+0000] {logging_mixin.py:188} INFO - [2026-09-17T20:34:34.900+0000] {dagbag.py:545} INFO - Filling up the DagBag from /opt/airflow/dags/warehouse_dag.py
[2026-09-17T20:34:35.387+0000] {processor.py:840} INFO - DAG(s) 'youtube_warehouse' retrieved from /opt/airflow/dags/warehouse_dag.py
[2026-09-17T20:34:35.407+0000] {logging_mixin.py:188} INFO - [2026-09-17T20:34:35.406+0000] {dag.py:3096} INFO - Sync 1 DAGs
[2026-09-17T20:34:35.417+0000] {logging_mixin.py:188} INFO - [2026-09-17T20:34:35.416+0000] {dag.py:3954} INFO - Setting next_dagrun for youtube_warehouse to None, run_after=None
[2026-09-17T20:34:35.488+0000] {processor.py:183} INFO - Processing /opt/airflow/dags/warehouse_dag.py took 0.600 seconds
[2026-09-17T20:35:05.631+0000] {processor.py:161} INFO - Started process (PID=6594) to work on /opt/airflow/dags/warehouse_dag.py
[2026-09-17T20:35:05.648+0000] {processor.py:830} INFO - Processing file /opt/airflow/dags/warehouse_dag.py for tasks to queue
[2026-09-17T20:35:05.651+0000] {logging_mixin.py:188} INFO - [2026-09-17T20:35:05.651+0000] {dagbag.py:545} INFO - Filling up the DagBag from /opt/airflow/dags/warehouse_dag.py
[2026-09-17T20:35:06.213+0000] {processor.py:840} INFO - DAG(s) 'youtube_warehouse' retrieved from /opt/airflow/dags/warehouse_dag.py
[2026-09-17T20:35:06.249+0000] {logging_mixin.py:188} INFO - [2026-09-17T20:35:06.249+0000] {dag.py:3096} INFO - Sync 1 DAGs
[2026-09-17T20:35:06.271+0000] {logging_mixin.py:188} INFO - [2026-09-17T20:35:06.270+0000] {dag.py:3954} INFO - Setting next_dagrun for youtube_warehouse to None, run_after=None
[2026-09-17T20:35:06.299+0000] {processor.py:183} INFO - Processing /opt/airflow/dags/warehouse_dag.py took 0.674 seconds
[2026-09-17T20:35:36.539+0000] {processor.py:161} INFO - Started process (PID=6603) to work on /opt/airflow/dags/warehouse_dag.py
[2026-09-17T20:35:36.541+0000] {processor.py:830} INFO - Processing file /opt/airflow/dags/warehouse_dag.py for tasks to queue
[2026-09-17T20:35:36.544+0000] {logging_mixin.py:188} INFO - [2026-09-17T20:35:36.544+0000] {dagbag.py:545} INFO - Filling up the DagBag from /opt/airflow/dags/warehouse_dag.py
[2026-09-17T20:35:37.020+0000] {processor.py:840} INFO - DAG(s) 'youtube_warehouse' retrieved from /opt/airflow/dags/warehouse_dag.py
[2026-09-17T20:35:37.039+0000] {logging_mixin.py:188} INFO - [2026-09-17T20:35:37.039+0000] {dag.py:3096} INFO - Sync 1 DAGs
[2026-09-17T20:35:37.049+0000] {logging_mixin.py:188} INFO - [2026-09-17T20:35:37.049+0000] {dag.py:3954} INFO - Setting next_dagrun for youtube_warehouse to None, run_after=None
[2026-09-17T20:35:37.079+0000] {processor.py:183} INFO - Processing /opt/airflow/dags/warehouse_dag.py took 0.547 seconds
[2026-09-17T20:36:07.232+0000] {processor.py:161} INFO - Started process (PID=6612) to work on /opt/airflow/dags/warehouse_dag.py
[2026-09-17T20:36:07.234+0000] {processor.py:830} INFO - Processing file /opt/airflow/dags/warehouse_dag.py for tasks to queue
[2026-09-17T20:36:07.237+0000] {logging_mixin.py:188} INFO - [2026-09-17T20:36:07.237+0000] {dagbag.py:545} INFO - Filling up the DagBag from /opt/airflow/dags/warehouse_dag.py
[2026-09-17T20:36:07.715+0000] {processor.py:840} INFO - DAG(s) 'youtube_warehouse' retrieved from /opt/airflow/dags/warehouse_dag.py
[2026-09-17T20:36:07.732+0000] {logging_mixin.py:188} INFO - [2026-09-17T20:36:07.732+0000] {dag.py:3096} INFO - Sync 1 DAGs
[2026-09-17T20:36:07.743+0000] {logging_mixin.py:188} INFO - [2026-09-17T20:36:07.743+0000] {dag.py:3954} INFO - Setting next_dagrun for youtube_warehouse to None, run_after=None
[2026-09-17T20:36:07.783+0000] {processor.py:183} INFO - Processing /opt/airflow/dags/warehouse_dag.py took 0.557 seconds
[2026-09-17T20:36:37.881+0000] {processor.py:161} INFO - Started process (PID=6621) to work on /opt/airflow/dags/warehouse_dag.py
[2026-09-17T20:36:37.883+0000] {processor.py:830} INFO - Processing file /opt/airflow/dags/warehouse_dag.py for tasks to queue
[2026-09-17T20:36:37.885+0000] {logging_mixin.py:188} INFO - [2026-09-17T20:36:37.885+0000] {dagbag.py:545} INFO - Filling up the DagBag from /opt/airflow/dags/warehouse_dag.py
[2026-09-17T20:36:38.385+0000] {processor.py:840} INFO - DAG(s) 'youtube_warehouse' retrieved from /opt/airflow/dags/warehouse_dag.py
[2026-09-17T20:36:38.403+0000] {logging_mixin.py:188} INFO - [2026-09-17T20:36:38.402+0000] {dag.py:3096} INFO - Sync 1 DAGs
[2026-09-17T20:36:38.413+0000] {logging_mixin.py:188} INFO - [2026-09-17T20:36:38.413+0000] {dag.py:3954} INFO - Setting next_dagrun for youtube_warehouse to None, run_after=None
[2026-09-17T20:36:38.436+0000] {processor.py:183} INFO - Processing /opt/airflow/dags/warehouse_dag.py took 0.562 seconds
[2026-09-17T20:37:08.551+0000] {processor.py:161} INFO - Started process (PID=6630) to work on /opt/airflow/dags/warehouse_dag.py
[2026-09-17T20:37:08.554+0000] {processor.py:830} INFO - Processing file /opt/airflow/dags/warehouse_dag.py for tasks to queue
[2026-09-17T20:37:08.558+0000] {logging_mixin.py:188} INFO - [2026-09-17T20:37:08.557+0000] {dagbag.py:545} INFO - Filling up the DagBag from /opt/airflow/dags/warehouse_dag.py
[2026-09-17T20:37:09.049+0000] {processor.py:840} INFO - DAG(s) 'youtube_warehouse' retrieved from /opt/airflow/dags/warehouse_dag.py
[2026-09-17T20:37:09.068+0000] {logging_mixin.py:188} INFO - [2026-09-17T20:37:09.067+0000] {dag.py:3096} INFO - Sync 1 DAGs
[2026-09-17T20:37:09.078+0000] {logging_mixin.py:188} INFO - [2026-09-17T20:37:09.077+0000] {dag.py:3954} INFO - Setting next_dagrun for youtube_warehouse to None, run_after=None
[2026-09-17T20:37:09.099+0000] {processor.py:183} INFO - Processing /opt/airflow/dags/warehouse_dag.py took 0.553 seconds
[2026-09-17T20:37:39.958+0000] {processor.py:161} INFO - Started process (PID=6639) to work on /opt/airflow/dags/warehouse_dag.py
[2026-09-17T20:37:39.962+0000] {processor.py:830} INFO - Processing file /opt/airflow/dags/warehouse_dag.py for tasks to queue
[2026-09-17T20:37:39.966+0000] {logging_mixin.py:188} INFO - [2026-09-17T20:37:39.965+0000] {dagbag.py:545} INFO - Filling up the DagBag from /opt/airflow/dags/warehouse_dag.py
[2026-09-17T20:37:40.421+0000] {processor.py:840} INFO - DAG(s) 'youtube_warehouse' retrieved from /opt/airflow/dags/warehouse_dag.py
[2026-09-17T20:37:40.440+0000] {logging_mixin.py:188} INFO - [2026-09-17T20:37:40.439+0000] {dag.py:3096} INFO - Sync 1 DAGs
[2026-09-17T20:37:40.453+0000] {logging_mixin.py:188} INFO - [2026-09-17T20:37:40.453+0000] {dag.py:3954} INFO - Setting next_dagrun for youtube_warehouse to None, run_after=None
[2026-09-17T20:37:40.476+0000] {processor.py:183} INFO - Processing /opt/airflow/dags/warehouse_dag.py took 0.524 seconds
[2026-09-17T20:38:10.749+0000] {processor.py:161} INFO - Started process (PID=6648) to work on /opt/airflow/dags/warehouse_dag.py
[2026-09-17T20:38:10.752+0000] {processor.py:830} INFO - Processing file /opt/airflow/dags/warehouse_dag.py for tasks to queue
[2026-09-17T20:38:10.755+0000] {logging_mixin.py:188} INFO - [2026-09-17T20:38:10.755+0000] {dagbag.py:545} INFO - Filling up the DagBag from /opt/airflow/dags/warehouse_dag.py
[2026-09-17T20:38:11.230+0000] {processor.py:840} INFO - DAG(s) 'youtube_warehouse' retrieved from /opt/airflow/dags/warehouse_dag.py
[2026-09-17T20:38:11.248+0000] {logging_mixin.py:188} INFO - [2026-09-17T20:38:11.247+0000] {dag.py:3096} INFO - Sync 1 DAGs
[2026-09-17T20:38:11.259+0000] {logging_mixin.py:188} INFO - [2026-09-17T20:38:11.259+0000] {dag.py:3954} INFO - Setting next_dagrun for youtube_warehouse to None, run_after=None
[2026-09-17T20:38:11.302+0000] {processor.py:183} INFO - Processing /opt/airflow/dags/warehouse_dag.py took 0.558 seconds
[2026-09-17T20:38:42.186+0000] {processor.py:161} INFO - Started process (PID=6657) to work on /opt/airflow/dags/warehouse_dag.py
[2026-09-17T20:38:42.189+0000] {processor.py:830} INFO - Processing file /opt/airflow/dags/warehouse_dag.py for tasks to queue
[2026-09-17T20:38:42.192+0000] {logging_mixin.py:188} INFO - [2026-09-17T20:38:42.192+0000] {dagbag.py:545} INFO - Filling up the DagBag from /opt/airflow/dags/warehouse_dag.py
[2026-09-17T20:38:42.636+0000] {processor.py:840} INFO - DAG(s) 'youtube_warehouse' retrieved from /opt/airflow/dags/warehouse_dag.py
[2026-09-17T20:38:42.654+0000] {logging_mixin.py:188} INFO - [2026-09-17T20:38:42.654+0000] {dag.py:3096} INFO - Sync 1 DAGs
[2026-09-17T20:38:42.665+0000] {logging_mixin.py:188} INFO - [2026-09-17T20:38:42.665+0000] {dag.py:3954} INFO - Setting next_dagrun for youtube_warehouse to None, run_after=None
[2026-09-17T20:38:42.691+0000] {processor.py:183} INFO - Processing /opt/airflow/dags/warehouse_dag.py took 0.510 seconds
[2026-09-17T20:39:12.916+0000] {processor.py:161} INFO - Started process (PID=6666) to work on /opt/airflow/dags/warehouse_dag.py
[2026-09-17T20:39:12.918+0000] {processor.py:830} INFO - Processing file /opt/airflow/dags/warehouse_dag.py for tasks to queue
[2026-09-17T20:39:12.921+0000] {logging_mixin.py:188} INFO - [2026-09-17T20:39:12.921+0000] {dagbag.py:545} INFO - Filling up the DagBag from /opt/airflow/dags/warehouse_dag.py
[2026-09-17T20:39:13.419+0000] {processor.py:840} INFO - DAG(s) 'youtube_warehouse' retrieved from /opt/airflow/dags/warehouse_dag.py
[2026-09-17T20:39:13.452+0000] {logging_mixin.py:188} INFO - [2026-09-17T20:39:13.451+0000] {dag.py:3096} INFO - Sync 1 DAGs
[2026-09-17T20:39:13.466+0000] {logging_mixin.py:188} INFO - [2026-09-17T20:39:13.466+0000] {dag.py:3954} INFO - Setting next_dagrun for youtube_warehouse to None, run_after=None
[2026-09-17T20:39:13.495+0000] {processor.py:183} INFO - Processing /opt/airflow/dags/warehouse_dag.py took 0.585 seconds
[2026-09-17T20:39:44.360+0000] {processor.py:161} INFO - Started process (PID=6675) to work on /opt/airflow/dags/warehouse_dag.py
[2026-09-17T20:39:44.363+0000] {processor.py:830} INFO - Processing file /opt/airflow/dags/warehouse_dag.py for tasks to queue
[2026-09-17T20:39:44.367+0000] {logging_mixin.py:188} INFO - [2026-09-17T20:39:44.367+0000] {dagbag.py:545} INFO - Filling up the DagBag from /opt/airflow/dags/warehouse_dag.py
[2026-09-17T20:39:44.997+0000] {processor.py:840} INFO - DAG(s) 'youtube_warehouse' retrieved from /opt/airflow/dags/warehouse_dag.py
[2026-09-17T20:39:45.017+0000] {logging_mixin.py:188} INFO - [2026-09-17T20:39:45.016+0000] {dag.py:3096} INFO - Sync 1 DAGs
[2026-09-17T20:39:45.031+0000] {logging_mixin.py:188} INFO - [2026-09-17T20:39:45.030+0000] {dag.py:3954} INFO - Setting next_dagrun for youtube_warehouse to None, run_after=None
[2026-09-17T20:39:45.081+0000] {processor.py:183} INFO - Processing /opt/airflow/dags/warehouse_dag.py took 0.728 seconds
[2026-09-17T20:40:15.307+0000] {processor.py:161} INFO - Started process (PID=6684) to work on /opt/airflow/dags/warehouse_dag.py
[2026-09-17T20:40:15.310+0000] {processor.py:830} INFO - Processing file /opt/airflow/dags/warehouse_dag.py for tasks to queue
[2026-09-17T20:40:15.315+0000] {logging_mixin.py:188} INFO - [2026-09-17T20:40:15.314+0000] {dagbag.py:545} INFO - Filling up the DagBag from /opt/airflow/dags/warehouse_dag.py
[2026-09-17T20:40:15.843+0000] {processor.py:840} INFO - DAG(s) 'youtube_warehouse' retrieved from /opt/airflow/dags/warehouse_dag.py
[2026-09-17T20:40:15.864+0000] {logging_mixin.py:188} INFO - [2026-09-17T20:40:15.863+0000] {dag.py:3096} INFO - Sync 1 DAGs
[2026-09-17T20:40:15.874+0000] {logging_mixin.py:188} INFO - [2026-09-17T20:40:15.874+0000] {dag.py:3954} INFO - Setting next_dagrun for youtube_warehouse to None, run_after=None
[2026-09-17T20:40:15.902+0000] {processor.py:183} INFO - Processing /opt/airflow/dags/warehouse_dag.py took 0.601 seconds
[2026-09-17T20:40:46.625+0000] {processor.py:161} INFO - Started process (PID=6693) to work on /opt/airflow/dags/warehouse_dag.py
[2026-09-17T20:40:46.628+0000] {processor.py:830} INFO - Processing file /opt/airflow/dags/warehouse_dag.py for tasks to queue
[2026-09-17T20:40:46.632+0000] {logging_mixin.py:188} INFO - [2026-09-17T20:40:46.631+0000] {dagbag.py:545} INFO - Filling up the DagBag from /opt/airflow/dags/warehouse_dag.py
[2026-09-17T20:40:47.173+0000] {processor.py:840} INFO - DAG(s) 'youtube_warehouse' retrieved from /opt/airflow/dags/warehouse_dag.py
[2026-09-17T20:40:47.205+0000] {logging_mixin.py:188} INFO - [2026-09-17T20:40:47.204+0000] {dag.py:3096} INFO - Sync 1 DAGs
[2026-09-17T20:40:47.217+0000] {logging_mixin.py:188} INFO - [2026-09-17T20:40:47.217+0000] {dag.py:3954} INFO - Setting next_dagrun for youtube_warehouse to None, run_after=None
[2026-09-17T20:40:47.258+0000] {processor.py:183} INFO - Processing /opt/airflow/dags/warehouse_dag.py took 0.641 seconds
[2026-09-17T20:41:17.692+0000] {processor.py:161} INFO - Started process (PID=6702) to work on /opt/airflow/dags/warehouse_dag.py
[2026-09-17T20:41:17.704+0000] {processor.py:830} INFO - Processing file /opt/airflow/dags/warehouse_dag.py for tasks to queue
[2026-09-17T20:41:17.708+0000] {logging_mixin.py:188} INFO - [2026-09-17T20:41:17.707+0000] {dagbag.py:545} INFO - Filling up the DagBag from /opt/airflow/dags/warehouse_dag.py
[2026-09-17T20:41:18.314+0000] {processor.py:840} INFO - DAG(s) 'youtube_warehouse' retrieved from /opt/airflow/dags/warehouse_dag.py
[2026-09-17T20:41:18.333+0000] {logging_mixin.py:188} INFO - [2026-09-17T20:41:18.333+0000] {dag.py:3096} INFO - Sync 1 DAGs
[2026-09-17T20:41:18.344+0000] {logging_mixin.py:188} INFO - [2026-09-17T20:41:18.343+0000] {dag.py:3954} INFO - Setting next_dagrun for youtube_warehouse to None, run_after=None
[2026-09-17T20:41:18.370+0000] {processor.py:183} INFO - Processing /opt/airflow/dags/warehouse_dag.py took 0.683 seconds
[2026-09-17T20:41:49.106+0000] {processor.py:161} INFO - Started process (PID=6711) to work on /opt/airflow/dags/warehouse_dag.py
[2026-09-17T20:41:49.109+0000] {processor.py:830} INFO - Processing file /opt/airflow/dags/warehouse_dag.py for tasks to queue
[2026-09-17T20:41:49.113+0000] {logging_mixin.py:188} INFO - [2026-09-17T20:41:49.113+0000] {dagbag.py:545} INFO - Filling up the DagBag from /opt/airflow/dags/warehouse_dag.py
[2026-09-17T20:41:49.601+0000] {processor.py:840} INFO - DAG(s) 'youtube_warehouse' retrieved from /opt/airflow/dags/warehouse_dag.py
[2026-09-17T20:41:49.640+0000] {logging_mixin.py:188} INFO - [2026-09-17T20:41:49.639+0000] {dag.py:3096} INFO - Sync 1 DAGs
[2026-09-17T20:41:49.652+0000] {logging_mixin.py:188} INFO - [2026-09-17T20:41:49.652+0000] {dag.py:3954} INFO - Setting next_dagrun for youtube_warehouse to None, run_after=None
[2026-09-17T20:41:49.682+0000] {processor.py:183} INFO - Processing /opt/airflow/dags/warehouse_dag.py took 0.581 seconds
[2026-09-17T20:42:20.011+0000] {processor.py:161} INFO - Started process (PID=6721) to work on /opt/airflow/dags/warehouse_dag.py
[2026-09-17T20:42:20.014+0000] {processor.py:830} INFO - Processing file /opt/airflow/dags/warehouse_dag.py for tasks to queue
[2026-09-17T20:42:20.018+0000] {logging_mixin.py:188} INFO - [2026-09-17T20:42:20.018+0000] {dagbag.py:545} INFO - Filling up the DagBag from /opt/airflow/dags/warehouse_dag.py
[2026-09-17T20:42:20.463+0000] {processor.py:840} INFO - DAG(s) 'youtube_warehouse' retrieved from /opt/airflow/dags/warehouse_dag.py
[2026-09-17T20:42:20.481+0000] {logging_mixin.py:188} INFO - [2026-09-17T20:42:20.480+0000] {dag.py:3096} INFO - Sync 1 DAGs
[2026-09-17T20:42:20.490+0000] {logging_mixin.py:188} INFO - [2026-09-17T20:42:20.490+0000] {dag.py:3954} INFO - Setting next_dagrun for youtube_warehouse to None, run_after=None
[2026-09-17T20:42:20.527+0000] {processor.py:183} INFO - Processing /opt/airflow/dags/warehouse_dag.py took 0.524 seconds
[2026-09-17T20:42:50.755+0000] {processor.py:161} INFO - Started process (PID=6736) to work on /opt/airflow/dags/warehouse_dag.py
[2026-09-17T20:42:50.757+0000] {processor.py:830} INFO - Processing file /opt/airflow/dags/warehouse_dag.py for tasks to queue
[2026-09-17T20:42:50.760+0000] {logging_mixin.py:188} INFO - [2026-09-17T20:42:50.760+0000] {dagbag.py:545} INFO - Filling up the DagBag from /opt/airflow/dags/warehouse_dag.py
[2026-09-17T20:42:51.377+0000] {processor.py:840} INFO - DAG(s) 'youtube_warehouse' retrieved from /opt/airflow/dags/warehouse_dag.py
[2026-09-17T20:42:51.420+0000] {logging_mixin.py:188} INFO - [2026-09-17T20:42:51.420+0000] {dag.py:3096} INFO - Sync 1 DAGs
[2026-09-17T20:42:51.430+0000] {logging_mixin.py:188} INFO - [2026-09-17T20:42:51.430+0000] {dag.py:3954} INFO - Setting next_dagrun for youtube_warehouse to None, run_after=None
[2026-09-17T20:42:51.476+0000] {processor.py:183} INFO - Processing /opt/airflow/dags/warehouse_dag.py took 0.729 seconds
[2026-09-17T20:43:21.887+0000] {processor.py:161} INFO - Started process (PID=6745) to work on /opt/airflow/dags/warehouse_dag.py
[2026-09-17T20:43:21.906+0000] {processor.py:830} INFO - Processing file /opt/airflow/dags/warehouse_dag.py for tasks to queue
[2026-09-17T20:43:21.910+0000] {logging_mixin.py:188} INFO - [2026-09-17T20:43:21.909+0000] {dagbag.py:545} INFO - Filling up the DagBag from /opt/airflow/dags/warehouse_dag.py
[2026-09-17T20:43:22.451+0000] {processor.py:840} INFO - DAG(s) 'youtube_warehouse' retrieved from /opt/airflow/dags/warehouse_dag.py
[2026-09-17T20:43:22.470+0000] {logging_mixin.py:188} INFO - [2026-09-17T20:43:22.470+0000] {dag.py:3096} INFO - Sync 1 DAGs
[2026-09-17T20:43:22.481+0000] {logging_mixin.py:188} INFO - [2026-09-17T20:43:22.480+0000] {dag.py:3954} INFO - Setting next_dagrun for youtube_warehouse to None, run_after=None
[2026-09-17T20:43:22.511+0000] {processor.py:183} INFO - Processing /opt/airflow/dags/warehouse_dag.py took 0.631 seconds
[2026-09-17T20:43:52.876+0000] {processor.py:161} INFO - Started process (PID=6754) to work on /opt/airflow/dags/warehouse_dag.py
[2026-09-17T20:43:52.878+0000] {processor.py:830} INFO - Processing file /opt/airflow/dags/warehouse_dag.py for tasks to queue
[2026-09-17T20:43:52.882+0000] {logging_mixin.py:188} INFO - [2026-09-17T20:43:52.882+0000] {dagbag.py:545} INFO - Filling up the DagBag from /opt/airflow/dags/warehouse_dag.py
[2026-09-17T20:43:53.367+0000] {processor.py:840} INFO - DAG(s) 'youtube_warehouse' retrieved from /opt/airflow/dags/warehouse_dag.py
[2026-09-17T20:43:53.384+0000] {logging_mixin.py:188} INFO - [2026-09-17T20:43:53.384+0000] {dag.py:3096} INFO - Sync 1 DAGs
[2026-09-17T20:43:53.395+0000] {logging_mixin.py:188} INFO - [2026-09-17T20:43:53.395+0000] {dag.py:3954} INFO - Setting next_dagrun for youtube_warehouse to None, run_after=None
[2026-09-17T20:43:53.423+0000] {processor.py:183} INFO - Processing /opt/airflow/dags/warehouse_dag.py took 0.553 seconds
[2026-09-17T20:44:23.540+0000] {processor.py:161} INFO - Started process (PID=6763) to work on /opt/airflow/dags/warehouse_dag.py
[2026-09-17T20:44:23.543+0000] {processor.py:830} INFO - Processing file /opt/airflow/dags/warehouse_dag.py for tasks to queue
[2026-09-17T20:44:23.547+0000] {logging_mixin.py:188} INFO - [2026-09-17T20:44:23.546+0000] {dagbag.py:545} INFO - Filling up the DagBag from /opt/airflow/dags/warehouse_dag.py
[2026-09-17T20:44:23.993+0000] {processor.py:840} INFO - DAG(s) 'youtube_warehouse' retrieved from /opt/airflow/dags/warehouse_dag.py
[2026-09-17T20:44:24.010+0000] {logging_mixin.py:188} INFO - [2026-09-17T20:44:24.010+0000] {dag.py:3096} INFO - Sync 1 DAGs
[2026-09-17T20:44:24.022+0000] {logging_mixin.py:188} INFO - [2026-09-17T20:44:24.021+0000] {dag.py:3954} INFO - Setting next_dagrun for youtube_warehouse to None, run_after=None
[2026-09-17T20:44:24.064+0000] {processor.py:183} INFO - Processing /opt/airflow/dags/warehouse_dag.py took 0.529 seconds
[2026-09-17T20:44:54.193+0000] {processor.py:161} INFO - Started process (PID=6772) to work on /opt/airflow/dags/warehouse_dag.py
[2026-09-17T20:44:54.195+0000] {processor.py:830} INFO - Processing file /opt/airflow/dags/warehouse_dag.py for tasks to queue
[2026-09-17T20:44:54.199+0000] {logging_mixin.py:188} INFO - [2026-09-17T20:44:54.199+0000] {dagbag.py:545} INFO - Filling up the DagBag from /opt/airflow/dags/warehouse_dag.py
[2026-09-17T20:44:54.792+0000] {processor.py:840} INFO - DAG(s) 'youtube_warehouse' retrieved from /opt/airflow/dags/warehouse_dag.py
[2026-09-17T20:44:54.904+0000] {logging_mixin.py:188} INFO - [2026-09-17T20:44:54.904+0000] {dag.py:3096} INFO - Sync 1 DAGs
[2026-09-17T20:44:54.921+0000] {logging_mixin.py:188} INFO - [2026-09-17T20:44:54.920+0000] {dag.py:3954} INFO - Setting next_dagrun for youtube_warehouse to None, run_after=None
[2026-09-17T20:44:54.948+0000] {processor.py:183} INFO - Processing /opt/airflow/dags/warehouse_dag.py took 0.764 seconds
[2026-09-17T20:45:25.508+0000] {processor.py:161} INFO - Started process (PID=6781) to work on /opt/airflow/dags/warehouse_dag.py
[2026-09-17T20:45:25.509+0000] {processor.py:830} INFO - Processing file /opt/airflow/dags/warehouse_dag.py for tasks to queue
[2026-09-17T20:45:25.512+0000] {logging_mixin.py:188} INFO - [2026-09-17T20:45:25.512+0000] {dagbag.py:545} INFO - Filling up the DagBag from /opt/airflow/dags/warehouse_dag.py
[2026-09-17T20:45:26.077+0000] {processor.py:840} INFO - DAG(s) 'youtube_warehouse' retrieved from /opt/airflow/dags/warehouse_dag.py
[2026-09-17T20:45:26.097+0000] {logging_mixin.py:188} INFO - [2026-09-17T20:45:26.097+0000] {dag.py:3096} INFO - Sync 1 DAGs
[2026-09-17T20:45:26.133+0000] {logging_mixin.py:188} INFO - [2026-09-17T20:45:26.133+0000] {dag.py:3954} INFO - Setting next_dagrun for youtube_warehouse to None, run_after=None
[2026-09-17T20:45:26.160+0000] {processor.py:183} INFO - Processing /opt/airflow/dags/warehouse_dag.py took 0.659 seconds
[2026-09-17T20:45:56.279+0000] {processor.py:161} INFO - Started process (PID=6790) to work on /opt/airflow/dags/warehouse_dag.py
[2026-09-17T20:45:56.282+0000] {processor.py:830} INFO - Processing file /opt/airflow/dags/warehouse_dag.py for tasks to queue
[2026-09-17T20:45:56.287+0000] {logging_mixin.py:188} INFO - [2026-09-17T20:45:56.286+0000] {dagbag.py:545} INFO - Filling up the DagBag from /opt/airflow/dags/warehouse_dag.py
[2026-09-17T20:45:56.825+0000] {processor.py:840} INFO - DAG(s) 'youtube_warehouse' retrieved from /opt/airflow/dags/warehouse_dag.py
[2026-09-17T20:45:56.847+0000] {logging_mixin.py:188} INFO - [2026-09-17T20:45:56.846+0000] {dag.py:3096} INFO - Sync 1 DAGs
[2026-09-17T20:45:56.860+0000] {logging_mixin.py:188} INFO - [2026-09-17T20:45:56.860+0000] {dag.py:3954} INFO - Setting next_dagrun for youtube_warehouse to None, run_after=None
[2026-09-17T20:45:56.903+0000] {processor.py:183} INFO - Processing /opt/airflow/dags/warehouse_dag.py took 0.631 seconds
[2026-09-17T20:46:27.320+0000] {processor.py:161} INFO - Started process (PID=6799) to work on /opt/airflow/dags/warehouse_dag.py
[2026-09-17T20:46:27.322+0000] {processor.py:830} INFO - Processing file /opt/airflow/dags/warehouse_dag.py for tasks to queue
[2026-09-17T20:46:27.325+0000] {logging_mixin.py:188} INFO - [2026-09-17T20:46:27.325+0000] {dagbag.py:545} INFO - Filling up the DagBag from /opt/airflow/dags/warehouse_dag.py
[2026-09-17T20:46:27.822+0000] {processor.py:840} INFO - DAG(s) 'youtube_warehouse' retrieved from /opt/airflow/dags/warehouse_dag.py
[2026-09-17T20:46:27.846+0000] {logging_mixin.py:188} INFO - [2026-09-17T20:46:27.846+0000] {dag.py:3096} INFO - Sync 1 DAGs
[2026-09-17T20:46:27.860+0000] {logging_mixin.py:188} INFO - [2026-09-17T20:46:27.859+0000] {dag.py:3954} INFO - Setting next_dagrun for youtube_warehouse to None, run_after=None
[2026-09-17T20:46:27.881+0000] {processor.py:183} INFO - Processing /opt/airflow/dags/warehouse_dag.py took 0.568 seconds
[2026-09-17T20:46:58.185+0000] {processor.py:161} INFO - Started process (PID=6808) to work on /opt/airflow/dags/warehouse_dag.py
[2026-09-17T20:46:58.187+0000] {processor.py:830} INFO - Processing file /opt/airflow/dags/warehouse_dag.py for tasks to queue
[2026-09-17T20:46:58.190+0000] {logging_mixin.py:188} INFO - [2026-09-17T20:46:58.189+0000] {dagbag.py:545} INFO - Filling up the DagBag from /opt/airflow/dags/warehouse_dag.py
[2026-09-17T20:46:58.709+0000] {processor.py:840} INFO - DAG(s) 'youtube_warehouse' retrieved from /opt/airflow/dags/warehouse_dag.py
[2026-09-17T20:46:58.773+0000] {logging_mixin.py:188} INFO - [2026-09-17T20:46:58.773+0000] {dag.py:3096} INFO - Sync 1 DAGs
[2026-09-17T20:46:58.789+0000] {logging_mixin.py:188} INFO - [2026-09-17T20:46:58.788+0000] {dag.py:3954} INFO - Setting next_dagrun for youtube_warehouse to None, run_after=None
[2026-09-17T20:46:58.848+0000] {processor.py:183} INFO - Processing /opt/airflow/dags/warehouse_dag.py took 0.670 seconds
[2026-09-17T20:47:29.544+0000] {processor.py:161} INFO - Started process (PID=6817) to work on /opt/airflow/dags/warehouse_dag.py
[2026-09-17T20:47:29.546+0000] {processor.py:830} INFO - Processing file /opt/airflow/dags/warehouse_dag.py for tasks to queue
[2026-09-17T20:47:29.549+0000] {logging_mixin.py:188} INFO - [2026-09-17T20:47:29.549+0000] {dagbag.py:545} INFO - Filling up the DagBag from /opt/airflow/dags/warehouse_dag.py
[2026-09-17T20:47:30.135+0000] {processor.py:840} INFO - DAG(s) 'youtube_warehouse' retrieved from /opt/airflow/dags/warehouse_dag.py
[2026-09-17T20:47:30.159+0000] {logging_mixin.py:188} INFO - [2026-09-17T20:47:30.158+0000] {dag.py:3096} INFO - Sync 1 DAGs
[2026-09-17T20:47:30.173+0000] {logging_mixin.py:188} INFO - [2026-09-17T20:47:30.173+0000] {dag.py:3954} INFO - Setting next_dagrun for youtube_warehouse to None, run_after=None
[2026-09-17T20:47:30.215+0000] {processor.py:183} INFO - Processing /opt/airflow/dags/warehouse_dag.py took 0.679 seconds
[2026-09-17T20:48:00.671+0000] {processor.py:161} INFO - Started process (PID=6826) to work on /opt/airflow/dags/warehouse_dag.py
[2026-09-17T20:48:00.674+0000] {processor.py:830} INFO - Processing file /opt/airflow/dags/warehouse_dag.py for tasks to queue
[2026-09-17T20:48:00.677+0000] {logging_mixin.py:188} INFO - [2026-09-17T20:48:00.676+0000] {dagbag.py:545} INFO - Filling up the DagBag from /opt/airflow/dags/warehouse_dag.py
[2026-09-17T20:48:01.214+0000] {processor.py:840} INFO - DAG(s) 'youtube_warehouse' retrieved from /opt/airflow/dags/warehouse_dag.py
[2026-09-17T20:48:01.239+0000] {logging_mixin.py:188} INFO - [2026-09-17T20:48:01.239+0000] {dag.py:3096} INFO - Sync 1 DAGs
[2026-09-17T20:48:01.254+0000] {logging_mixin.py:188} INFO - [2026-09-17T20:48:01.253+0000] {dag.py:3954} INFO - Setting next_dagrun for youtube_warehouse to None, run_after=None
[2026-09-17T20:48:01.296+0000] {processor.py:183} INFO - Processing /opt/airflow/dags/warehouse_dag.py took 0.632 seconds
[2026-09-17T20:48:31.589+0000] {processor.py:161} INFO - Started process (PID=6836) to work on /opt/airflow/dags/warehouse_dag.py
[2026-09-17T20:48:31.592+0000] {processor.py:830} INFO - Processing file /opt/airflow/dags/warehouse_dag.py for tasks to queue
[2026-09-17T20:48:31.596+0000] {logging_mixin.py:188} INFO - [2026-09-17T20:48:31.596+0000] {dagbag.py:545} INFO - Filling up the DagBag from /opt/airflow/dags/warehouse_dag.py
[2026-09-17T20:48:32.145+0000] {processor.py:840} INFO - DAG(s) 'youtube_warehouse' retrieved from /opt/airflow/dags/warehouse_dag.py
[2026-09-17T20:48:32.167+0000] {logging_mixin.py:188} INFO - [2026-09-17T20:48:32.166+0000] {dag.py:3096} INFO - Sync 1 DAGs
[2026-09-17T20:48:32.198+0000] {logging_mixin.py:188} INFO - [2026-09-17T20:48:32.198+0000] {dag.py:3954} INFO - Setting next_dagrun for youtube_warehouse to None, run_after=None
[2026-09-17T20:48:32.228+0000] {processor.py:183} INFO - Processing /opt/airflow/dags/warehouse_dag.py took 0.661 seconds
[2026-09-17T20:49:02.690+0000] {processor.py:161} INFO - Started process (PID=6845) to work on /opt/airflow/dags/warehouse_dag.py
[2026-09-17T20:49:02.693+0000] {processor.py:830} INFO - Processing file /opt/airflow/dags/warehouse_dag.py for tasks to queue
[2026-09-17T20:49:02.695+0000] {logging_mixin.py:188} INFO - [2026-09-17T20:49:02.695+0000] {dagbag.py:545} INFO - Filling up the DagBag from /opt/airflow/dags/warehouse_dag.py
[2026-09-17T20:49:03.295+0000] {processor.py:840} INFO - DAG(s) 'youtube_warehouse' retrieved from /opt/airflow/dags/warehouse_dag.py
[2026-09-17T20:49:03.317+0000] {logging_mixin.py:188} INFO - [2026-09-17T20:49:03.317+0000] {dag.py:3096} INFO - Sync 1 DAGs
[2026-09-17T20:49:03.332+0000] {logging_mixin.py:188} INFO - [2026-09-17T20:49:03.331+0000] {dag.py:3954} INFO - Setting next_dagrun for youtube_warehouse to None, run_after=None
[2026-09-17T20:49:03.370+0000] {processor.py:183} INFO - Processing /opt/airflow/dags/warehouse_dag.py took 0.688 seconds
[2026-09-17T20:49:33.723+0000] {processor.py:161} INFO - Started process (PID=6854) to work on /opt/airflow/dags/warehouse_dag.py
[2026-09-17T20:49:33.726+0000] {processor.py:830} INFO - Processing file /opt/airflow/dags/warehouse_dag.py for tasks to queue
[2026-09-17T20:49:33.729+0000] {logging_mixin.py:188} INFO - [2026-09-17T20:49:33.729+0000] {dagbag.py:545} INFO - Filling up the DagBag from /opt/airflow/dags/warehouse_dag.py
[2026-09-17T20:49:34.220+0000] {processor.py:840} INFO - DAG(s) 'youtube_warehouse' retrieved from /opt/airflow/dags/warehouse_dag.py
[2026-09-17T20:49:34.241+0000] {logging_mixin.py:188} INFO - [2026-09-17T20:49:34.240+0000] {dag.py:3096} INFO - Sync 1 DAGs
[2026-09-17T20:49:34.255+0000] {logging_mixin.py:188} INFO - [2026-09-17T20:49:34.254+0000] {dag.py:3954} INFO - Setting next_dagrun for youtube_warehouse to None, run_after=None
[2026-09-17T20:49:34.285+0000] {processor.py:183} INFO - Processing /opt/airflow/dags/warehouse_dag.py took 0.571 seconds
[2026-09-17T20:50:05.184+0000] {processor.py:161} INFO - Started process (PID=6863) to work on /opt/airflow/dags/warehouse_dag.py
[2026-09-17T20:50:05.186+0000] {processor.py:830} INFO - Processing file /opt/airflow/dags/warehouse_dag.py for tasks to queue
[2026-09-17T20:50:05.191+0000] {logging_mixin.py:188} INFO - [2026-09-17T20:50:05.190+0000] {dagbag.py:545} INFO - Filling up the DagBag from /opt/airflow/dags/warehouse_dag.py
[2026-09-17T20:50:05.726+0000] {processor.py:840} INFO - DAG(s) 'youtube_warehouse' retrieved from /opt/airflow/dags/warehouse_dag.py
[2026-09-17T20:50:05.748+0000] {logging_mixin.py:188} INFO - [2026-09-17T20:50:05.747+0000] {dag.py:3096} INFO - Sync 1 DAGs
[2026-09-17T20:50:05.759+0000] {logging_mixin.py:188} INFO - [2026-09-17T20:50:05.759+0000] {dag.py:3954} INFO - Setting next_dagrun for youtube_warehouse to None, run_after=None
[2026-09-17T20:50:05.799+0000] {processor.py:183} INFO - Processing /opt/airflow/dags/warehouse_dag.py took 0.621 seconds
[2026-09-17T20:50:35.941+0000] {processor.py:161} INFO - Started process (PID=6872) to work on /opt/airflow/dags/warehouse_dag.py
[2026-09-17T20:50:35.944+0000] {processor.py:830} INFO - Processing file /opt/airflow/dags/warehouse_dag.py for tasks to queue
[2026-09-17T20:50:35.946+0000] {logging_mixin.py:188} INFO - [2026-09-17T20:50:35.946+0000] {dagbag.py:545} INFO - Filling up the DagBag from /opt/airflow/dags/warehouse_dag.py
[2026-09-17T20:50:36.479+0000] {processor.py:840} INFO - DAG(s) 'youtube_warehouse' retrieved from /opt/airflow/dags/warehouse_dag.py
[2026-09-17T20:50:36.513+0000] {logging_mixin.py:188} INFO - [2026-09-17T20:50:36.513+0000] {dag.py:3096} INFO - Sync 1 DAGs
[2026-09-17T20:50:36.526+0000] {logging_mixin.py:188} INFO - [2026-09-17T20:50:36.525+0000] {dag.py:3954} INFO - Setting next_dagrun for youtube_warehouse to None, run_after=None
[2026-09-17T20:50:36.570+0000] {processor.py:183} INFO - Processing /opt/airflow/dags/warehouse_dag.py took 0.636 seconds
[2026-09-17T20:51:07.303+0000] {processor.py:161} INFO - Started process (PID=6881) to work on /opt/airflow/dags/warehouse_dag.py
[2026-09-17T20:51:07.306+0000] {processor.py:830} INFO - Processing file /opt/airflow/dags/warehouse_dag.py for tasks to queue
[2026-09-17T20:51:07.314+0000] {logging_mixin.py:188} INFO - [2026-09-17T20:51:07.313+0000] {dagbag.py:545} INFO - Filling up the DagBag from /opt/airflow/dags/warehouse_dag.py
[2026-09-17T20:51:07.933+0000] {processor.py:840} INFO - DAG(s) 'youtube_warehouse' retrieved from /opt/airflow/dags/warehouse_dag.py
[2026-09-17T20:51:07.955+0000] {logging_mixin.py:188} INFO - [2026-09-17T20:51:07.955+0000] {dag.py:3096} INFO - Sync 1 DAGs
[2026-09-17T20:51:07.969+0000] {logging_mixin.py:188} INFO - [2026-09-17T20:51:07.968+0000] {dag.py:3954} INFO - Setting next_dagrun for youtube_warehouse to None, run_after=None
[2026-09-17T20:51:07.994+0000] {processor.py:183} INFO - Processing /opt/airflow/dags/warehouse_dag.py took 0.698 seconds
[2026-09-17T20:51:38.730+0000] {processor.py:161} INFO - Started process (PID=6890) to work on /opt/airflow/dags/warehouse_dag.py
[2026-09-17T20:51:38.733+0000] {processor.py:830} INFO - Processing file /opt/airflow/dags/warehouse_dag.py for tasks to queue
[2026-09-17T20:51:38.737+0000] {logging_mixin.py:188} INFO - [2026-09-17T20:51:38.736+0000] {dagbag.py:545} INFO - Filling up the DagBag from /opt/airflow/dags/warehouse_dag.py
[2026-09-17T20:51:39.289+0000] {processor.py:840} INFO - DAG(s) 'youtube_warehouse' retrieved from /opt/airflow/dags/warehouse_dag.py
[2026-09-17T20:51:39.313+0000] {logging_mixin.py:188} INFO - [2026-09-17T20:51:39.313+0000] {dag.py:3096} INFO - Sync 1 DAGs
[2026-09-17T20:51:39.326+0000] {logging_mixin.py:188} INFO - [2026-09-17T20:51:39.326+0000] {dag.py:3954} INFO - Setting next_dagrun for youtube_warehouse to None, run_after=None
[2026-09-17T20:51:39.357+0000] {processor.py:183} INFO - Processing /opt/airflow/dags/warehouse_dag.py took 0.636 seconds
[2026-09-17T20:52:10.185+0000] {processor.py:161} INFO - Started process (PID=6899) to work on /opt/airflow/dags/warehouse_dag.py
[2026-09-17T20:52:10.188+0000] {processor.py:830} INFO - Processing file /opt/airflow/dags/warehouse_dag.py for tasks to queue
[2026-09-17T20:52:10.190+0000] {logging_mixin.py:188} INFO - [2026-09-17T20:52:10.190+0000] {dagbag.py:545} INFO - Filling up the DagBag from /opt/airflow/dags/warehouse_dag.py
[2026-09-17T20:52:10.946+0000] {processor.py:840} INFO - DAG(s) 'youtube_warehouse' retrieved from /opt/airflow/dags/warehouse_dag.py
[2026-09-17T20:52:10.966+0000] {logging_mixin.py:188} INFO - [2026-09-17T20:52:10.966+0000] {dag.py:3096} INFO - Sync 1 DAGs
[2026-09-17T20:52:10.980+0000] {logging_mixin.py:188} INFO - [2026-09-17T20:52:10.980+0000] {dag.py:3954} INFO - Setting next_dagrun for youtube_warehouse to None, run_after=None
[2026-09-17T20:52:11.004+0000] {processor.py:183} INFO - Processing /opt/airflow/dags/warehouse_dag.py took 0.829 seconds
[2026-09-17T20:52:41.598+0000] {processor.py:161} INFO - Started process (PID=6907) to work on /opt/airflow/dags/warehouse_dag.py
[2026-09-17T20:52:41.601+0000] {processor.py:830} INFO - Processing file /opt/airflow/dags/warehouse_dag.py for tasks to queue
[2026-09-17T20:52:41.606+0000] {logging_mixin.py:188} INFO - [2026-09-17T20:52:41.605+0000] {dagbag.py:545} INFO - Filling up the DagBag from /opt/airflow/dags/warehouse_dag.py
[2026-09-17T20:52:42.166+0000] {processor.py:840} INFO - DAG(s) 'youtube_warehouse' retrieved from /opt/airflow/dags/warehouse_dag.py
[2026-09-17T20:52:42.199+0000] {logging_mixin.py:188} INFO - [2026-09-17T20:52:42.199+0000] {dag.py:3096} INFO - Sync 1 DAGs
[2026-09-17T20:52:42.212+0000] {logging_mixin.py:188} INFO - [2026-09-17T20:52:42.212+0000] {dag.py:3954} INFO - Setting next_dagrun for youtube_warehouse to None, run_after=None
[2026-09-17T20:52:42.255+0000] {processor.py:183} INFO - Processing /opt/airflow/dags/warehouse_dag.py took 0.671 seconds
[2026-09-17T20:53:13.122+0000] {processor.py:161} INFO - Started process (PID=6916) to work on /opt/airflow/dags/warehouse_dag.py
[2026-09-17T20:53:13.124+0000] {processor.py:830} INFO - Processing file /opt/airflow/dags/warehouse_dag.py for tasks to queue
[2026-09-17T20:53:13.129+0000] {logging_mixin.py:188} INFO - [2026-09-17T20:53:13.128+0000] {dagbag.py:545} INFO - Filling up the DagBag from /opt/airflow/dags/warehouse_dag.py
[2026-09-17T20:53:13.710+0000] {processor.py:840} INFO - DAG(s) 'youtube_warehouse' retrieved from /opt/airflow/dags/warehouse_dag.py
[2026-09-17T20:53:13.755+0000] {logging_mixin.py:188} INFO - [2026-09-17T20:53:13.755+0000] {dag.py:3096} INFO - Sync 1 DAGs
[2026-09-17T20:53:13.768+0000] {logging_mixin.py:188} INFO - [2026-09-17T20:53:13.767+0000] {dag.py:3954} INFO - Setting next_dagrun for youtube_warehouse to None, run_after=None
[2026-09-17T20:53:13.808+0000] {processor.py:183} INFO - Processing /opt/airflow/dags/warehouse_dag.py took 0.693 seconds
[2026-09-17T20:53:44.012+0000] {processor.py:161} INFO - Started process (PID=6925) to work on /opt/airflow/dags/warehouse_dag.py
[2026-09-17T20:53:44.016+0000] {processor.py:830} INFO - Processing file /opt/airflow/dags/warehouse_dag.py for tasks to queue
[2026-09-17T20:53:44.019+0000] {logging_mixin.py:188} INFO - [2026-09-17T20:53:44.019+0000] {dagbag.py:545} INFO - Filling up the DagBag from /opt/airflow/dags/warehouse_dag.py
[2026-09-17T20:53:44.632+0000] {processor.py:840} INFO - DAG(s) 'youtube_warehouse' retrieved from /opt/airflow/dags/warehouse_dag.py
[2026-09-17T20:53:44.653+0000] {logging_mixin.py:188} INFO - [2026-09-17T20:53:44.652+0000] {dag.py:3096} INFO - Sync 1 DAGs
[2026-09-17T20:53:44.665+0000] {logging_mixin.py:188} INFO - [2026-09-17T20:53:44.665+0000] {dag.py:3954} INFO - Setting next_dagrun for youtube_warehouse to None, run_after=None
[2026-09-17T20:53:44.706+0000] {processor.py:183} INFO - Processing /opt/airflow/dags/warehouse_dag.py took 0.704 seconds
[2026-09-17T20:54:15.134+0000] {processor.py:161} INFO - Started process (PID=6934) to work on /opt/airflow/dags/warehouse_dag.py
[2026-09-17T20:54:15.136+0000] {processor.py:830} INFO - Processing file /opt/airflow/dags/warehouse_dag.py for tasks to queue
[2026-09-17T20:54:15.139+0000] {logging_mixin.py:188} INFO - [2026-09-17T20:54:15.139+0000] {dagbag.py:545} INFO - Filling up the DagBag from /opt/airflow/dags/warehouse_dag.py
[2026-09-17T20:54:15.661+0000] {processor.py:840} INFO - DAG(s) 'youtube_warehouse' retrieved from /opt/airflow/dags/warehouse_dag.py
[2026-09-17T20:54:15.686+0000] {logging_mixin.py:188} INFO - [2026-09-17T20:54:15.685+0000] {dag.py:3096} INFO - Sync 1 DAGs
[2026-09-17T20:54:15.703+0000] {logging_mixin.py:188} INFO - [2026-09-17T20:54:15.702+0000] {dag.py:3954} INFO - Setting next_dagrun for youtube_warehouse to None, run_after=None
[2026-09-17T20:54:15.742+0000] {processor.py:183} INFO - Processing /opt/airflow/dags/warehouse_dag.py took 0.617 seconds
[2026-09-17T20:54:46.065+0000] {processor.py:161} INFO - Started process (PID=6943) to work on /opt/airflow/dags/warehouse_dag.py
[2026-09-17T20:54:46.067+0000] {processor.py:830} INFO - Processing file /opt/airflow/dags/warehouse_dag.py for tasks to queue
[2026-09-17T20:54:46.070+0000] {logging_mixin.py:188} INFO - [2026-09-17T20:54:46.070+0000] {dagbag.py:545} INFO - Filling up the DagBag from /opt/airflow/dags/warehouse_dag.py
[2026-09-17T20:54:46.614+0000] {processor.py:840} INFO - DAG(s) 'youtube_warehouse' retrieved from /opt/airflow/dags/warehouse_dag.py
[2026-09-17T20:54:46.638+0000] {logging_mixin.py:188} INFO - [2026-09-17T20:54:46.638+0000] {dag.py:3096} INFO - Sync 1 DAGs
[2026-09-17T20:54:46.651+0000] {logging_mixin.py:188} INFO - [2026-09-17T20:54:46.650+0000] {dag.py:3954} INFO - Setting next_dagrun for youtube_warehouse to None, run_after=None
[2026-09-17T20:54:46.714+0000] {processor.py:183} INFO - Processing /opt/airflow/dags/warehouse_dag.py took 0.657 seconds
[2026-09-17T20:55:17.182+0000] {processor.py:161} INFO - Started process (PID=6952) to work on /opt/airflow/dags/warehouse_dag.py
[2026-09-17T20:55:17.185+0000] {processor.py:830} INFO - Processing file /opt/airflow/dags/warehouse_dag.py for tasks to queue
[2026-09-17T20:55:17.188+0000] {logging_mixin.py:188} INFO - [2026-09-17T20:55:17.188+0000] {dagbag.py:545} INFO - Filling up the DagBag from /opt/airflow/dags/warehouse_dag.py
[2026-09-17T20:55:17.744+0000] {processor.py:840} INFO - DAG(s) 'youtube_warehouse' retrieved from /opt/airflow/dags/warehouse_dag.py
[2026-09-17T20:55:17.767+0000] {logging_mixin.py:188} INFO - [2026-09-17T20:55:17.767+0000] {dag.py:3096} INFO - Sync 1 DAGs
[2026-09-17T20:55:17.779+0000] {logging_mixin.py:188} INFO - [2026-09-17T20:55:17.779+0000] {dag.py:3954} INFO - Setting next_dagrun for youtube_warehouse to None, run_after=None
[2026-09-17T20:55:17.820+0000] {processor.py:183} INFO - Processing /opt/airflow/dags/warehouse_dag.py took 0.649 seconds
[2026-09-17T20:55:47.925+0000] {processor.py:161} INFO - Started process (PID=6961) to work on /opt/airflow/dags/warehouse_dag.py
[2026-09-17T20:55:47.927+0000] {processor.py:830} INFO - Processing file /opt/airflow/dags/warehouse_dag.py for tasks to queue
[2026-09-17T20:55:47.932+0000] {logging_mixin.py:188} INFO - [2026-09-17T20:55:47.931+0000] {dagbag.py:545} INFO - Filling up the DagBag from /opt/airflow/dags/warehouse_dag.py
[2026-09-17T20:55:48.462+0000] {processor.py:840} INFO - DAG(s) 'youtube_warehouse' retrieved from /opt/airflow/dags/warehouse_dag.py
[2026-09-17T20:55:48.514+0000] {logging_mixin.py:188} INFO - [2026-09-17T20:55:48.513+0000] {dag.py:3096} INFO - Sync 1 DAGs
[2026-09-17T20:55:48.526+0000] {logging_mixin.py:188} INFO - [2026-09-17T20:55:48.526+0000] {dag.py:3954} INFO - Setting next_dagrun for youtube_warehouse to None, run_after=None
[2026-09-17T20:55:48.566+0000] {processor.py:183} INFO - Processing /opt/airflow/dags/warehouse_dag.py took 0.650 seconds
[2026-09-17T20:56:19.288+0000] {processor.py:161} INFO - Started process (PID=6970) to work on /opt/airflow/dags/warehouse_dag.py
[2026-09-17T20:56:19.291+0000] {processor.py:830} INFO - Processing file /opt/airflow/dags/warehouse_dag.py for tasks to queue
[2026-09-17T20:56:19.295+0000] {logging_mixin.py:188} INFO - [2026-09-17T20:56:19.294+0000] {dagbag.py:545} INFO - Filling up the DagBag from /opt/airflow/dags/warehouse_dag.py
[2026-09-17T20:56:20.053+0000] {processor.py:840} INFO - DAG(s) 'youtube_warehouse' retrieved from /opt/airflow/dags/warehouse_dag.py
[2026-09-17T20:56:20.088+0000] {logging_mixin.py:188} INFO - [2026-09-17T20:56:20.087+0000] {dag.py:3096} INFO - Sync 1 DAGs
[2026-09-17T20:56:20.106+0000] {logging_mixin.py:188} INFO - [2026-09-17T20:56:20.106+0000] {dag.py:3954} INFO - Setting next_dagrun for youtube_warehouse to None, run_after=None
[2026-09-17T20:56:20.146+0000] {processor.py:183} INFO - Processing /opt/airflow/dags/warehouse_dag.py took 0.868 seconds
[2026-09-17T20:56:50.600+0000] {processor.py:161} INFO - Started process (PID=6979) to work on /opt/airflow/dags/warehouse_dag.py
[2026-09-17T20:56:50.603+0000] {processor.py:830} INFO - Processing file /opt/airflow/dags/warehouse_dag.py for tasks to queue
[2026-09-17T20:56:50.606+0000] {logging_mixin.py:188} INFO - [2026-09-17T20:56:50.605+0000] {dagbag.py:545} INFO - Filling up the DagBag from /opt/airflow/dags/warehouse_dag.py
[2026-09-17T20:56:51.161+0000] {processor.py:840} INFO - DAG(s) 'youtube_warehouse' retrieved from /opt/airflow/dags/warehouse_dag.py
[2026-09-17T20:56:51.199+0000] {logging_mixin.py:188} INFO - [2026-09-17T20:56:51.198+0000] {dag.py:3096} INFO - Sync 1 DAGs
[2026-09-17T20:56:51.212+0000] {logging_mixin.py:188} INFO - [2026-09-17T20:56:51.211+0000] {dag.py:3954} INFO - Setting next_dagrun for youtube_warehouse to None, run_after=None
[2026-09-17T20:56:51.248+0000] {processor.py:183} INFO - Processing /opt/airflow/dags/warehouse_dag.py took 0.660 seconds
[2026-09-17T20:57:21.479+0000] {processor.py:161} INFO - Started process (PID=6988) to work on /opt/airflow/dags/warehouse_dag.py
[2026-09-17T20:57:21.481+0000] {processor.py:830} INFO - Processing file /opt/airflow/dags/warehouse_dag.py for tasks to queue
[2026-09-17T20:57:21.484+0000] {logging_mixin.py:188} INFO - [2026-09-17T20:57:21.484+0000] {dagbag.py:545} INFO - Filling up the DagBag from /opt/airflow/dags/warehouse_dag.py
[2026-09-17T20:57:22.044+0000] {processor.py:840} INFO - DAG(s) 'youtube_warehouse' retrieved from /opt/airflow/dags/warehouse_dag.py
[2026-09-17T20:57:22.077+0000] {logging_mixin.py:188} INFO - [2026-09-17T20:57:22.076+0000] {dag.py:3096} INFO - Sync 1 DAGs
[2026-09-17T20:57:22.091+0000] {logging_mixin.py:188} INFO - [2026-09-17T20:57:22.091+0000] {dag.py:3954} INFO - Setting next_dagrun for youtube_warehouse to None, run_after=None
[2026-09-17T20:57:22.144+0000] {processor.py:183} INFO - Processing /opt/airflow/dags/warehouse_dag.py took 0.676 seconds
[2026-09-17T20:57:52.571+0000] {processor.py:161} INFO - Started process (PID=6997) to work on /opt/airflow/dags/warehouse_dag.py
[2026-09-17T20:57:52.574+0000] {processor.py:830} INFO - Processing file /opt/airflow/dags/warehouse_dag.py for tasks to queue
[2026-09-17T20:57:52.578+0000] {logging_mixin.py:188} INFO - [2026-09-17T20:57:52.577+0000] {dagbag.py:545} INFO - Filling up the DagBag from /opt/airflow/dags/warehouse_dag.py
[2026-09-17T20:57:53.075+0000] {processor.py:840} INFO - DAG(s) 'youtube_warehouse' retrieved from /opt/airflow/dags/warehouse_dag.py
[2026-09-17T20:57:53.101+0000] {logging_mixin.py:188} INFO - [2026-09-17T20:57:53.101+0000] {dag.py:3096} INFO - Sync 1 DAGs
[2026-09-17T20:57:53.113+0000] {logging_mixin.py:188} INFO - [2026-09-17T20:57:53.113+0000] {dag.py:3954} INFO - Setting next_dagrun for youtube_warehouse to None, run_after=None
[2026-09-17T20:57:53.148+0000] {processor.py:183} INFO - Processing /opt/airflow/dags/warehouse_dag.py took 0.584 seconds
[2026-09-17T20:58:23.458+0000] {processor.py:161} INFO - Started process (PID=7012) to work on /opt/airflow/dags/warehouse_dag.py
[2026-09-17T20:58:23.461+0000] {processor.py:830} INFO - Processing file /opt/airflow/dags/warehouse_dag.py for tasks to queue
[2026-09-17T20:58:23.464+0000] {logging_mixin.py:188} INFO - [2026-09-17T20:58:23.463+0000] {dagbag.py:545} INFO - Filling up the DagBag from /opt/airflow/dags/warehouse_dag.py
[2026-09-17T20:58:23.990+0000] {processor.py:840} INFO - DAG(s) 'youtube_warehouse' retrieved from /opt/airflow/dags/warehouse_dag.py
[2026-09-17T20:58:24.012+0000] {logging_mixin.py:188} INFO - [2026-09-17T20:58:24.012+0000] {dag.py:3096} INFO - Sync 1 DAGs
[2026-09-17T20:58:24.023+0000] {logging_mixin.py:188} INFO - [2026-09-17T20:58:24.023+0000] {dag.py:3954} INFO - Setting next_dagrun for youtube_warehouse to None, run_after=None
[2026-09-17T20:58:24.045+0000] {processor.py:183} INFO - Processing /opt/airflow/dags/warehouse_dag.py took 0.595 seconds
[2026-09-17T20:58:54.860+0000] {processor.py:161} INFO - Started process (PID=7021) to work on /opt/airflow/dags/warehouse_dag.py
[2026-09-17T20:58:54.861+0000] {processor.py:830} INFO - Processing file /opt/airflow/dags/warehouse_dag.py for tasks to queue
[2026-09-17T20:58:54.865+0000] {logging_mixin.py:188} INFO - [2026-09-17T20:58:54.864+0000] {dagbag.py:545} INFO - Filling up the DagBag from /opt/airflow/dags/warehouse_dag.py
[2026-09-17T20:58:55.362+0000] {processor.py:840} INFO - DAG(s) 'youtube_warehouse' retrieved from /opt/airflow/dags/warehouse_dag.py
[2026-09-17T20:58:55.383+0000] {logging_mixin.py:188} INFO - [2026-09-17T20:58:55.382+0000] {dag.py:3096} INFO - Sync 1 DAGs
[2026-09-17T20:58:55.394+0000] {logging_mixin.py:188} INFO - [2026-09-17T20:58:55.394+0000] {dag.py:3954} INFO - Setting next_dagrun for youtube_warehouse to None, run_after=None
[2026-09-17T20:58:55.436+0000] {processor.py:183} INFO - Processing /opt/airflow/dags/warehouse_dag.py took 0.583 seconds
[2026-09-17T20:59:25.795+0000] {processor.py:161} INFO - Started process (PID=7029) to work on /opt/airflow/dags/warehouse_dag.py
[2026-09-17T20:59:25.797+0000] {processor.py:830} INFO - Processing file /opt/airflow/dags/warehouse_dag.py for tasks to queue
[2026-09-17T20:59:25.800+0000] {logging_mixin.py:188} INFO - [2026-09-17T20:59:25.800+0000] {dagbag.py:545} INFO - Filling up the DagBag from /opt/airflow/dags/warehouse_dag.py
[2026-09-17T20:59:26.331+0000] {processor.py:840} INFO - DAG(s) 'youtube_warehouse' retrieved from /opt/airflow/dags/warehouse_dag.py
[2026-09-17T20:59:26.353+0000] {logging_mixin.py:188} INFO - [2026-09-17T20:59:26.352+0000] {dag.py:3096} INFO - Sync 1 DAGs
[2026-09-17T20:59:26.364+0000] {logging_mixin.py:188} INFO - [2026-09-17T20:59:26.363+0000] {dag.py:3954} INFO - Setting next_dagrun for youtube_warehouse to None, run_after=None
[2026-09-17T20:59:26.418+0000] {processor.py:183} INFO - Processing /opt/airflow/dags/warehouse_dag.py took 0.630 seconds
[2026-09-17T20:59:57.168+0000] {processor.py:161} INFO - Started process (PID=7038) to work on /opt/airflow/dags/warehouse_dag.py
[2026-09-17T20:59:57.173+0000] {processor.py:830} INFO - Processing file /opt/airflow/dags/warehouse_dag.py for tasks to queue
[2026-09-17T20:59:57.181+0000] {logging_mixin.py:188} INFO - [2026-09-17T20:59:57.180+0000] {dagbag.py:545} INFO - Filling up the DagBag from /opt/airflow/dags/warehouse_dag.py
[2026-09-17T20:59:58.529+0000] {processor.py:840} INFO - DAG(s) 'youtube_warehouse' retrieved from /opt/airflow/dags/warehouse_dag.py
[2026-09-17T20:59:58.575+0000] {logging_mixin.py:188} INFO - [2026-09-17T20:59:58.574+0000] {dag.py:3096} INFO - Sync 1 DAGs
[2026-09-17T20:59:58.604+0000] {logging_mixin.py:188} INFO - [2026-09-17T20:59:58.603+0000] {dag.py:3954} INFO - Setting next_dagrun for youtube_warehouse to None, run_after=None
[2026-09-17T20:59:58.664+0000] {processor.py:183} INFO - Processing /opt/airflow/dags/warehouse_dag.py took 1.507 seconds
