[2026-09-16T13:46:00.200+0000] {manager.py:470} INFO - Processing files using up to 2 processes at a time 
[2026-09-16T13:46:00.215+0000] {manager.py:471} INFO - Process each file at most once every 30 seconds
[2026-09-16T13:46:00.221+0000] {manager.py:472} INFO - Checking for new files in /opt/airflow/dags every 300 seconds
[2026-09-16T13:46:00.236+0000] {manager.py:737} INFO - Searching for files in /opt/airflow/dags
[2026-09-16T13:46:00.266+0000] {manager.py:740} INFO - There are 0 files in /opt/airflow/dags
[2026-09-16T13:51:00.741+0000] {manager.py:737} INFO - Searching for files in /opt/airflow/dags
[2026-09-16T13:51:00.861+0000] {manager.py:740} INFO - There are 0 files in /opt/airflow/dags
[2026-09-16T13:56:00.808+0000] {manager.py:737} INFO - Searching for files in /opt/airflow/dags
[2026-09-16T13:56:00.977+0000] {manager.py:740} INFO - There are 0 files in /opt/airflow/dags
[2026-09-16T14:01:01.196+0000] {manager.py:737} INFO - Searching for files in /opt/airflow/dags
[2026-09-16T14:01:01.219+0000] {manager.py:740} INFO - There are 0 files in /opt/airflow/dags
[2026-09-16T14:06:01.805+0000] {manager.py:737} INFO - Searching for files in /opt/airflow/dags
[2026-09-16T14:06:01.885+0000] {manager.py:740} INFO - There are 0 files in /opt/airflow/dags
[2026-09-16T14:11:02.675+0000] {manager.py:737} INFO - Searching for files in /opt/airflow/dags
[2026-09-16T14:11:02.733+0000] {manager.py:740} INFO - There are 1 files in /opt/airflow/dags
[2026-09-16T14:11:10.792+0000] {manager.py:878} INFO - 
================================================================================
DAG File Processing Stats

File Path                           PID    Runtime      # DAGs    # Errors  Last Runtime    Last Run
----------------------------------  -----  ---------  --------  ----------  --------------  -------------------
/opt/airflow/dags/warehouse_dag.py                           0           1  0.28s           2026-09-16T14:11:10
================================================================================
[2026-09-16T14:11:41.306+0000] {manager.py:878} INFO - 
================================================================================
DAG File Processing Stats

File Path                           PID    Runtime      # DAGs    # Errors  Last Runtime    Last Run
----------------------------------  -----  ---------  --------  ----------  --------------  -------------------
/opt/airflow/dags/warehouse_dag.py                           0           1  0.28s           2026-09-16T14:11:40
================================================================================
[2026-09-16T14:12:11.757+0000] {manager.py:878} INFO - 
================================================================================
DAG File Processing Stats

File Path                           PID    Runtime      # DAGs    # Errors  Last Runtime    Last Run
----------------------------------  -----  ---------  --------  ----------  --------------  -------------------
/opt/airflow/dags/warehouse_dag.py                           0           1  0.29s           2026-09-16T14:11:44
================================================================================
[2026-09-16T14:12:42.089+0000] {manager.py:878} INFO - 
================================================================================
DAG File Processing Stats

File Path                           PID    Runtime      # DAGs    # Errors  Last Runtime    Last Run
----------------------------------  -----  ---------  --------  ----------  --------------  -------------------
/opt/airflow/dags/warehouse_dag.py                           0           1  0.17s           2026-09-16T14:12:14
================================================================================
[2026-09-16T14:13:12.503+0000] {manager.py:878} INFO - 
================================================================================
DAG File Processing Stats

File Path                           PID    Runtime      # DAGs    # Errors  Last Runtime    Last Run
----------------------------------  -----  ---------  --------  ----------  --------------  -------------------
/opt/airflow/dags/warehouse_dag.py                           0           1  0.18s           2026-09-16T14:12:45
================================================================================
[2026-09-16T14:13:42.890+0000] {manager.py:878} INFO - 
================================================================================
DAG File Processing Stats

File Path                           PID    Runtime      # DAGs    # Errors  Last Runtime    Last Run
----------------------------------  -----  ---------  --------  ----------  --------------  -------------------
/opt/airflow/dags/warehouse_dag.py                           0           1  0.19s           2026-09-16T14:13:15
================================================================================
[2026-09-16T14:14:13.366+0000] {manager.py:878} INFO - 
================================================================================
DAG File Processing Stats

File Path                           PID    Runtime      # DAGs    # Errors  Last Runtime    Last Run
----------------------------------  -----  ---------  --------  ----------  --------------  -------------------
/opt/airflow/dags/warehouse_dag.py                           0           1  0.22s           2026-09-16T14:13:46
================================================================================
[2026-09-16T14:14:43.726+0000] {manager.py:878} INFO - 
================================================================================
DAG File Processing Stats

File Path                           PID    Runtime      # DAGs    # Errors  Last Runtime    Last Run
----------------------------------  -----  ---------  --------  ----------  --------------  -------------------
/opt/airflow/dags/warehouse_dag.py                           0           1  0.24s           2026-09-16T14:14:16
================================================================================
[2026-09-16T14:15:14.433+0000] {manager.py:878} INFO - 
================================================================================
DAG File Processing Stats

File Path                           PID    Runtime      # DAGs    # Errors  Last Runtime    Last Run
----------------------------------  -----  ---------  --------  ----------  --------------  -------------------
/opt/airflow/dags/warehouse_dag.py                           0           1  0.31s           2026-09-16T14:14:47
================================================================================
[2026-09-16T14:15:44.844+0000] {manager.py:878} INFO - 
================================================================================
DAG File Processing Stats

File Path                           PID    Runtime      # DAGs    # Errors  Last Runtime    Last Run
----------------------------------  -----  ---------  --------  ----------  --------------  -------------------
/opt/airflow/dags/warehouse_dag.py                           0           1  0.27s           2026-09-16T14:15:17
================================================================================
[2026-09-16T14:16:03.317+0000] {manager.py:737} INFO - Searching for files in /opt/airflow/dags
[2026-09-16T14:16:03.414+0000] {manager.py:740} INFO - There are 1 files in /opt/airflow/dags
[2026-09-16T14:16:15.603+0000] {manager.py:878} INFO - 
================================================================================
DAG File Processing Stats

File Path                           PID    Runtime      # DAGs    # Errors  Last Runtime    Last Run
----------------------------------  -----  ---------  --------  ----------  --------------  -------------------
/opt/airflow/dags/warehouse_dag.py                           0           1  0.32s           2026-09-16T14:15:48
================================================================================
[2026-09-16T14:16:45.839+0000] {manager.py:878} INFO - 
================================================================================
DAG File Processing Stats

File Path                           PID    Runtime      # DAGs    # Errors  Last Runtime    Last Run
----------------------------------  -----  ---------  --------  ----------  --------------  -------------------
/opt/airflow/dags/warehouse_dag.py                           0           1  0.41s           2026-09-16T14:16:19
================================================================================
[2026-09-16T14:17:16.582+0000] {manager.py:878} INFO - 
================================================================================
DAG File Processing Stats

File Path                           PID    Runtime      # DAGs    # Errors  Last Runtime    Last Run
----------------------------------  -----  ---------  --------  ----------  --------------  -------------------
/opt/airflow/dags/warehouse_dag.py                           0           1  0.53s           2026-09-16T14:16:50
================================================================================
[2026-09-16T14:17:47.226+0000] {manager.py:878} INFO - 
================================================================================
DAG File Processing Stats

File Path                           PID    Runtime      # DAGs    # Errors  Last Runtime    Last Run
----------------------------------  -----  ---------  --------  ----------  --------------  -------------------
/opt/airflow/dags/warehouse_dag.py                           0           1  0.40s           2026-09-16T14:17:21
================================================================================
[2026-09-16T14:18:17.660+0000] {manager.py:878} INFO - 
================================================================================
DAG File Processing Stats

File Path                           PID    Runtime      # DAGs    # Errors  Last Runtime    Last Run
----------------------------------  -----  ---------  --------  ----------  --------------  -------------------
/opt/airflow/dags/warehouse_dag.py                           0           1  0.25s           2026-09-16T14:17:51
================================================================================
[2026-09-16T14:18:48.003+0000] {manager.py:878} INFO - 
================================================================================
DAG File Processing Stats

File Path                           PID    Runtime      # DAGs    # Errors  Last Runtime    Last Run
----------------------------------  -----  ---------  --------  ----------  --------------  -------------------
/opt/airflow/dags/warehouse_dag.py                           0           1  0.13s           2026-09-16T14:18:21
================================================================================
[2026-09-16T14:19:18.328+0000] {manager.py:878} INFO - 
================================================================================
DAG File Processing Stats

File Path                           PID    Runtime      # DAGs    # Errors  Last Runtime    Last Run
----------------------------------  -----  ---------  --------  ----------  --------------  -------------------
/opt/airflow/dags/warehouse_dag.py                           0           1  0.14s           2026-09-16T14:18:52
================================================================================
[2026-09-16T14:19:48.691+0000] {manager.py:878} INFO - 
================================================================================
DAG File Processing Stats

File Path                           PID    Runtime      # DAGs    # Errors  Last Runtime    Last Run
----------------------------------  -----  ---------  --------  ----------  --------------  -------------------
/opt/airflow/dags/warehouse_dag.py                           0           1  0.14s           2026-09-16T14:19:22
================================================================================
[2026-09-16T14:20:18.984+0000] {manager.py:878} INFO - 
================================================================================
DAG File Processing Stats

File Path                           PID    Runtime      # DAGs    # Errors  Last Runtime    Last Run
----------------------------------  -----  ---------  --------  ----------  --------------  -------------------
/opt/airflow/dags/warehouse_dag.py                           0           1  0.23s           2026-09-16T14:19:52
================================================================================
[2026-09-16T14:20:49.246+0000] {manager.py:878} INFO - 
================================================================================
DAG File Processing Stats

File Path                           PID    Runtime      # DAGs    # Errors  Last Runtime    Last Run
----------------------------------  -----  ---------  --------  ----------  --------------  -------------------
/opt/airflow/dags/warehouse_dag.py                           0           1  0.20s           2026-09-16T14:20:23
================================================================================
[2026-09-16T14:21:03.400+0000] {manager.py:737} INFO - Searching for files in /opt/airflow/dags
[2026-09-16T14:21:03.481+0000] {manager.py:740} INFO - There are 1 files in /opt/airflow/dags
[2026-09-16T14:21:19.687+0000] {manager.py:878} INFO - 
================================================================================
DAG File Processing Stats

File Path                           PID    Runtime      # DAGs    # Errors  Last Runtime    Last Run
----------------------------------  -----  ---------  --------  ----------  --------------  -------------------
/opt/airflow/dags/warehouse_dag.py                           0           1  0.20s           2026-09-16T14:20:53
================================================================================
[2026-09-16T14:21:49.980+0000] {manager.py:878} INFO - 
================================================================================
DAG File Processing Stats

File Path                           PID    Runtime      # DAGs    # Errors  Last Runtime    Last Run
----------------------------------  -----  ---------  --------  ----------  --------------  -------------------
/opt/airflow/dags/warehouse_dag.py                           0           1  0.24s           2026-09-16T14:21:23
================================================================================
[2026-09-16T14:22:20.435+0000] {manager.py:878} INFO - 
================================================================================
DAG File Processing Stats

File Path                           PID    Runtime      # DAGs    # Errors  Last Runtime    Last Run
----------------------------------  -----  ---------  --------  ----------  --------------  -------------------
/opt/airflow/dags/warehouse_dag.py                           0           1  0.20s           2026-09-16T14:21:54
================================================================================
[2026-09-16T14:22:50.692+0000] {manager.py:878} INFO - 
================================================================================
DAG File Processing Stats

File Path                           PID    Runtime      # DAGs    # Errors  Last Runtime    Last Run
----------------------------------  -----  ---------  --------  ----------  --------------  -------------------
/opt/airflow/dags/warehouse_dag.py                           0           1  0.19s           2026-09-16T14:22:24
================================================================================
[2026-09-16T14:23:21.068+0000] {manager.py:878} INFO - 
================================================================================
DAG File Processing Stats

File Path                           PID    Runtime      # DAGs    # Errors  Last Runtime    Last Run
----------------------------------  -----  ---------  --------  ----------  --------------  -------------------
/opt/airflow/dags/warehouse_dag.py                           0           1  0.14s           2026-09-16T14:22:54
================================================================================
[2026-09-16T14:23:51.310+0000] {manager.py:878} INFO - 
================================================================================
DAG File Processing Stats

File Path                           PID    Runtime      # DAGs    # Errors  Last Runtime    Last Run
----------------------------------  -----  ---------  --------  ----------  --------------  -------------------
/opt/airflow/dags/warehouse_dag.py                           0           1  0.18s           2026-09-16T14:23:25
================================================================================
[2026-09-16T14:24:21.690+0000] {manager.py:878} INFO - 
================================================================================
DAG File Processing Stats

File Path                           PID    Runtime      # DAGs    # Errors  Last Runtime    Last Run
----------------------------------  -----  ---------  --------  ----------  --------------  -------------------
/opt/airflow/dags/warehouse_dag.py                           0           1  0.18s           2026-09-16T14:23:55
================================================================================
[2026-09-16T14:24:51.964+0000] {manager.py:878} INFO - 
================================================================================
DAG File Processing Stats

File Path                           PID    Runtime      # DAGs    # Errors  Last Runtime    Last Run
----------------------------------  -----  ---------  --------  ----------  --------------  -------------------
/opt/airflow/dags/warehouse_dag.py                           0           1  0.20s           2026-09-16T14:24:25
================================================================================
[2026-09-16T14:25:22.365+0000] {manager.py:878} INFO - 
================================================================================
DAG File Processing Stats

File Path                           PID    Runtime      # DAGs    # Errors  Last Runtime    Last Run
----------------------------------  -----  ---------  --------  ----------  --------------  -------------------
/opt/airflow/dags/warehouse_dag.py                           0           1  0.18s           2026-09-16T14:24:56
================================================================================
[2026-09-16T14:25:52.613+0000] {manager.py:878} INFO - 
================================================================================
DAG File Processing Stats

File Path                           PID    Runtime      # DAGs    # Errors  Last Runtime    Last Run
----------------------------------  -----  ---------  --------  ----------  --------------  -------------------
/opt/airflow/dags/warehouse_dag.py                           0           1  0.14s           2026-09-16T14:25:26
================================================================================
[2026-09-16T14:26:03.810+0000] {manager.py:737} INFO - Searching for files in /opt/airflow/dags
[2026-09-16T14:26:03.859+0000] {manager.py:740} INFO - There are 1 files in /opt/airflow/dags
[2026-09-16T14:26:23.121+0000] {manager.py:878} INFO - 
================================================================================
DAG File Processing Stats

File Path                           PID    Runtime      # DAGs    # Errors  Last Runtime    Last Run
----------------------------------  -----  ---------  --------  ----------  --------------  -------------------
/opt/airflow/dags/warehouse_dag.py                           0           1  0.17s           2026-09-16T14:25:56
================================================================================
[2026-09-16T14:26:53.402+0000] {manager.py:878} INFO - 
================================================================================
DAG File Processing Stats

File Path                           PID    Runtime      # DAGs    # Errors  Last Runtime    Last Run
----------------------------------  -----  ---------  --------  ----------  --------------  -------------------
/opt/airflow/dags/warehouse_dag.py                           0           1  0.16s           2026-09-16T14:26:27
================================================================================
[2026-09-16T14:27:23.707+0000] {manager.py:878} INFO - 
================================================================================
DAG File Processing Stats

File Path                           PID    Runtime      # DAGs    # Errors  Last Runtime    Last Run
----------------------------------  -----  ---------  --------  ----------  --------------  -------------------
/opt/airflow/dags/warehouse_dag.py                           0           1  0.15s           2026-09-16T14:26:57
================================================================================
[2026-09-16T14:27:54.034+0000] {manager.py:878} INFO - 
================================================================================
DAG File Processing Stats

File Path                           PID    Runtime      # DAGs    # Errors  Last Runtime    Last Run
----------------------------------  -----  ---------  --------  ----------  --------------  -------------------
/opt/airflow/dags/warehouse_dag.py                           0           1  0.24s           2026-09-16T14:27:28
================================================================================
[2026-09-16T14:28:24.418+0000] {manager.py:878} INFO - 
================================================================================
DAG File Processing Stats

File Path                           PID    Runtime      # DAGs    # Errors  Last Runtime    Last Run
----------------------------------  -----  ---------  --------  ----------  --------------  -------------------
/opt/airflow/dags/warehouse_dag.py                           0           1  0.17s           2026-09-16T14:27:58
================================================================================
[2026-09-16T14:28:54.675+0000] {manager.py:878} INFO - 
================================================================================
DAG File Processing Stats

File Path                           PID    Runtime      # DAGs    # Errors  Last Runtime    Last Run
----------------------------------  -----  ---------  --------  ----------  --------------  -------------------
/opt/airflow/dags/warehouse_dag.py                           0           1  0.13s           2026-09-16T14:28:28
================================================================================
[2026-09-16T14:29:25.013+0000] {manager.py:878} INFO - 
================================================================================
DAG File Processing Stats

File Path                           PID    Runtime      # DAGs    # Errors  Last Runtime    Last Run
----------------------------------  -----  ---------  --------  ----------  --------------  -------------------
/opt/airflow/dags/warehouse_dag.py                           0           1  0.16s           2026-09-16T14:28:58
================================================================================
[2026-09-16T14:29:55.315+0000] {manager.py:878} INFO - 
================================================================================
DAG File Processing Stats

File Path                           PID    Runtime      # DAGs    # Errors  Last Runtime    Last Run
----------------------------------  -----  ---------  --------  ----------  --------------  -------------------
/opt/airflow/dags/warehouse_dag.py                           0           1  0.16s           2026-09-16T14:29:29
================================================================================
[2026-09-16T14:30:25.656+0000] {manager.py:878} INFO - 
================================================================================
DAG File Processing Stats

File Path                           PID    Runtime      # DAGs    # Errors  Last Runtime    Last Run
----------------------------------  -----  ---------  --------  ----------  --------------  -------------------
/opt/airflow/dags/warehouse_dag.py                           0           1  0.12s           2026-09-16T14:29:59
================================================================================
[2026-09-16T14:30:55.930+0000] {manager.py:878} INFO - 
================================================================================
DAG File Processing Stats

File Path                           PID    Runtime      # DAGs    # Errors  Last Runtime    Last Run
----------------------------------  -----  ---------  --------  ----------  --------------  -------------------
/opt/airflow/dags/warehouse_dag.py                           0           1  0.14s           2026-09-16T14:30:29
================================================================================
[2026-09-16T14:31:04.102+0000] {manager.py:737} INFO - Searching for files in /opt/airflow/dags
[2026-09-16T14:31:04.194+0000] {manager.py:740} INFO - There are 1 files in /opt/airflow/dags
[2026-09-16T14:31:26.432+0000] {manager.py:878} INFO - 
================================================================================
DAG File Processing Stats

File Path                           PID    Runtime      # DAGs    # Errors  Last Runtime    Last Run
----------------------------------  -----  ---------  --------  ----------  --------------  -------------------
/opt/airflow/dags/warehouse_dag.py                           0           1  0.16s           2026-09-16T14:31:00
================================================================================
[2026-09-16T14:31:56.764+0000] {manager.py:878} INFO - 
================================================================================
DAG File Processing Stats

File Path                           PID    Runtime      # DAGs    # Errors  Last Runtime    Last Run
----------------------------------  -----  ---------  --------  ----------  --------------  -------------------
/opt/airflow/dags/warehouse_dag.py                           0           1  0.13s           2026-09-16T14:31:30
================================================================================
[2026-09-16T14:32:27.029+0000] {manager.py:878} INFO - 
================================================================================
DAG File Processing Stats

File Path                           PID    Runtime      # DAGs    # Errors  Last Runtime    Last Run
----------------------------------  -----  ---------  --------  ----------  --------------  -------------------
/opt/airflow/dags/warehouse_dag.py                           0           1  0.19s           2026-09-16T14:32:01
================================================================================
[2026-09-16T14:32:57.409+0000] {manager.py:878} INFO - 
================================================================================
DAG File Processing Stats

File Path                           PID    Runtime      # DAGs    # Errors  Last Runtime    Last Run
----------------------------------  -----  ---------  --------  ----------  --------------  -------------------
/opt/airflow/dags/warehouse_dag.py                           0           1  0.16s           2026-09-16T14:32:31
================================================================================
[2026-09-16T14:33:27.723+0000] {manager.py:878} INFO - 
================================================================================
DAG File Processing Stats

File Path                           PID    Runtime      # DAGs    # Errors  Last Runtime    Last Run
----------------------------------  -----  ---------  --------  ----------  --------------  -------------------
/opt/airflow/dags/warehouse_dag.py                           0           1  0.19s           2026-09-16T14:33:01
================================================================================
[2026-09-16T14:33:57.994+0000] {manager.py:878} INFO - 
================================================================================
DAG File Processing Stats

File Path                           PID    Runtime      # DAGs    # Errors  Last Runtime    Last Run
----------------------------------  -----  ---------  --------  ----------  --------------  -------------------
/opt/airflow/dags/warehouse_dag.py                           0           1  0.13s           2026-09-16T14:33:31
================================================================================
[2026-09-16T14:34:28.360+0000] {manager.py:878} INFO - 
================================================================================
DAG File Processing Stats

File Path                           PID    Runtime      # DAGs    # Errors  Last Runtime    Last Run
----------------------------------  -----  ---------  --------  ----------  --------------  -------------------
/opt/airflow/dags/warehouse_dag.py                           0           1  0.13s           2026-09-16T14:34:02
================================================================================
[2026-09-16T14:34:58.687+0000] {manager.py:878} INFO - 
================================================================================
DAG File Processing Stats

File Path                           PID    Runtime      # DAGs    # Errors  Last Runtime    Last Run
----------------------------------  -----  ---------  --------  ----------  --------------  -------------------
/opt/airflow/dags/warehouse_dag.py                           0           1  0.16s           2026-09-16T14:34:32
================================================================================
[2026-09-16T14:35:29.072+0000] {manager.py:878} INFO - 
================================================================================
DAG File Processing Stats

File Path                           PID    Runtime      # DAGs    # Errors  Last Runtime    Last Run
----------------------------------  -----  ---------  --------  ----------  --------------  -------------------
/opt/airflow/dags/warehouse_dag.py                           0           1  0.15s           2026-09-16T14:35:02
================================================================================
[2026-09-16T14:35:59.368+0000] {manager.py:878} INFO - 
================================================================================
DAG File Processing Stats

File Path                           PID    Runtime      # DAGs    # Errors  Last Runtime    Last Run
----------------------------------  -----  ---------  --------  ----------  --------------  -------------------
/opt/airflow/dags/warehouse_dag.py                           0           1  0.13s           2026-09-16T14:35:33
================================================================================
[2026-09-16T14:36:04.492+0000] {manager.py:737} INFO - Searching for files in /opt/airflow/dags
[2026-09-16T14:36:04.549+0000] {manager.py:740} INFO - There are 1 files in /opt/airflow/dags
[2026-09-16T14:36:29.789+0000] {manager.py:878} INFO - 
================================================================================
DAG File Processing Stats

File Path                           PID    Runtime      # DAGs    # Errors  Last Runtime    Last Run
----------------------------------  -----  ---------  --------  ----------  --------------  -------------------
/opt/airflow/dags/warehouse_dag.py                           0           1  0.13s           2026-09-16T14:36:03
================================================================================
[2026-09-16T14:37:00.078+0000] {manager.py:878} INFO - 
================================================================================
DAG File Processing Stats

File Path                           PID    Runtime      # DAGs    # Errors  Last Runtime    Last Run
----------------------------------  -----  ---------  --------  ----------  --------------  -------------------
/opt/airflow/dags/warehouse_dag.py                           0           1  0.13s           2026-09-16T14:36:33
================================================================================
[2026-09-16T14:37:30.458+0000] {manager.py:878} INFO - 
================================================================================
DAG File Processing Stats

File Path                           PID    Runtime      # DAGs    # Errors  Last Runtime    Last Run
----------------------------------  -----  ---------  --------  ----------  --------------  -------------------
/opt/airflow/dags/warehouse_dag.py                           0           1  0.21s           2026-09-16T14:37:04
================================================================================
[2026-09-16T14:38:00.808+0000] {manager.py:878} INFO - 
================================================================================
DAG File Processing Stats

File Path                           PID    Runtime      # DAGs    # Errors  Last Runtime    Last Run
----------------------------------  -----  ---------  --------  ----------  --------------  -------------------
/opt/airflow/dags/warehouse_dag.py                           0           1  0.13s           2026-09-16T14:37:34
================================================================================
[2026-09-16T14:38:31.113+0000] {manager.py:878} INFO - 
================================================================================
DAG File Processing Stats

File Path                           PID    Runtime      # DAGs    # Errors  Last Runtime    Last Run
----------------------------------  -----  ---------  --------  ----------  --------------  -------------------
/opt/airflow/dags/warehouse_dag.py                           0           1  0.15s           2026-09-16T14:38:05
================================================================================
[2026-09-16T14:39:01.471+0000] {manager.py:878} INFO - 
================================================================================
DAG File Processing Stats

File Path                           PID    Runtime      # DAGs    # Errors  Last Runtime    Last Run
----------------------------------  -----  ---------  --------  ----------  --------------  -------------------
/opt/airflow/dags/warehouse_dag.py                           0           1  0.13s           2026-09-16T14:38:35
================================================================================
[2026-09-16T14:39:31.805+0000] {manager.py:878} INFO - 
================================================================================
DAG File Processing Stats

File Path                           PID    Runtime      # DAGs    # Errors  Last Runtime    Last Run
----------------------------------  -----  ---------  --------  ----------  --------------  -------------------
/opt/airflow/dags/warehouse_dag.py                           0           1  0.12s           2026-09-16T14:39:05
================================================================================
[2026-09-16T14:40:02.103+0000] {manager.py:878} INFO - 
================================================================================
DAG File Processing Stats

File Path                           PID    Runtime      # DAGs    # Errors  Last Runtime    Last Run
----------------------------------  -----  ---------  --------  ----------  --------------  -------------------
/opt/airflow/dags/warehouse_dag.py                           0           1  0.15s           2026-09-16T14:39:35
================================================================================
[2026-09-16T14:40:32.455+0000] {manager.py:878} INFO - 
================================================================================
DAG File Processing Stats

File Path                           PID    Runtime      # DAGs    # Errors  Last Runtime    Last Run
----------------------------------  -----  ---------  --------  ----------  --------------  -------------------
/opt/airflow/dags/warehouse_dag.py                           0           1  0.14s           2026-09-16T14:40:06
================================================================================
[2026-09-16T14:41:02.732+0000] {manager.py:878} INFO - 
================================================================================
DAG File Processing Stats

File Path                           PID    Runtime      # DAGs    # Errors  Last Runtime    Last Run
----------------------------------  -----  ---------  --------  ----------  --------------  -------------------
/opt/airflow/dags/warehouse_dag.py                           0           1  0.09s           2026-09-16T14:40:36
================================================================================
[2026-09-16T14:41:04.747+0000] {manager.py:737} INFO - Searching for files in /opt/airflow/dags
[2026-09-16T14:41:04.806+0000] {manager.py:740} INFO - There are 1 files in /opt/airflow/dags
[2026-09-16T14:41:33.119+0000] {manager.py:878} INFO - 
================================================================================
DAG File Processing Stats

File Path                           PID    Runtime      # DAGs    # Errors  Last Runtime    Last Run
----------------------------------  -----  ---------  --------  ----------  --------------  -------------------
/opt/airflow/dags/warehouse_dag.py                           0           1  0.13s           2026-09-16T14:41:06
================================================================================
[2026-09-16T14:42:03.431+0000] {manager.py:878} INFO - 
================================================================================
DAG File Processing Stats

File Path                           PID    Runtime      # DAGs    # Errors  Last Runtime    Last Run
----------------------------------  -----  ---------  --------  ----------  --------------  -------------------
/opt/airflow/dags/warehouse_dag.py                           0           1  0.18s           2026-09-16T14:41:37
================================================================================
[2026-09-16T14:42:33.871+0000] {manager.py:878} INFO - 
================================================================================
DAG File Processing Stats

File Path                           PID    Runtime      # DAGs    # Errors  Last Runtime    Last Run
----------------------------------  -----  ---------  --------  ----------  --------------  -------------------
/opt/airflow/dags/warehouse_dag.py                           0           1  0.15s           2026-09-16T14:42:07
================================================================================
[2026-09-16T14:43:04.207+0000] {manager.py:878} INFO - 
================================================================================
DAG File Processing Stats

File Path                           PID    Runtime      # DAGs    # Errors  Last Runtime    Last Run
----------------------------------  -----  ---------  --------  ----------  --------------  -------------------
/opt/airflow/dags/warehouse_dag.py                           0           1  0.22s           2026-09-16T14:42:38
================================================================================
[2026-09-16T14:43:34.646+0000] {manager.py:878} INFO - 
================================================================================
DAG File Processing Stats

File Path                           PID    Runtime      # DAGs    # Errors  Last Runtime    Last Run
----------------------------------  -----  ---------  --------  ----------  --------------  -------------------
/opt/airflow/dags/warehouse_dag.py                           0           1  0.16s           2026-09-16T14:43:08
================================================================================
[2026-09-16T14:44:04.963+0000] {manager.py:878} INFO - 
================================================================================
DAG File Processing Stats

File Path                           PID    Runtime      # DAGs    # Errors  Last Runtime    Last Run
----------------------------------  -----  ---------  --------  ----------  --------------  -------------------
/opt/airflow/dags/warehouse_dag.py                           0           1  0.16s           2026-09-16T14:43:38
================================================================================
[2026-09-16T14:44:35.355+0000] {manager.py:878} INFO - 
================================================================================
DAG File Processing Stats

File Path                           PID    Runtime      # DAGs    # Errors  Last Runtime    Last Run
----------------------------------  -----  ---------  --------  ----------  --------------  -------------------
/opt/airflow/dags/warehouse_dag.py                           0           1  0.13s           2026-09-16T14:44:09
================================================================================
[2026-09-16T14:45:05.671+0000] {manager.py:878} INFO - 
================================================================================
DAG File Processing Stats

File Path                           PID    Runtime      # DAGs    # Errors  Last Runtime    Last Run
----------------------------------  -----  ---------  --------  ----------  --------------  -------------------
/opt/airflow/dags/warehouse_dag.py                           0           1  0.13s           2026-09-16T14:44:39
================================================================================
[2026-09-16T14:45:36.009+0000] {manager.py:878} INFO - 
================================================================================
DAG File Processing Stats

File Path                           PID    Runtime      # DAGs    # Errors  Last Runtime    Last Run
----------------------------------  -----  ---------  --------  ----------  --------------  -------------------
/opt/airflow/dags/warehouse_dag.py                           0           1  0.13s           2026-09-16T14:45:09
================================================================================
[2026-09-16T14:46:05.327+0000] {manager.py:737} INFO - Searching for files in /opt/airflow/dags
[2026-09-16T14:46:05.432+0000] {manager.py:740} INFO - There are 1 files in /opt/airflow/dags
[2026-09-16T14:46:06.473+0000] {manager.py:878} INFO - 
================================================================================
DAG File Processing Stats

File Path                           PID    Runtime      # DAGs    # Errors  Last Runtime    Last Run
----------------------------------  -----  ---------  --------  ----------  --------------  -------------------
/opt/airflow/dags/warehouse_dag.py                           0           1  0.15s           2026-09-16T14:45:40
================================================================================
[2026-09-16T14:46:36.739+0000] {manager.py:878} INFO - 
================================================================================
DAG File Processing Stats

File Path                           PID    Runtime      # DAGs    # Errors  Last Runtime    Last Run
----------------------------------  -----  ---------  --------  ----------  --------------  -------------------
/opt/airflow/dags/warehouse_dag.py                           0           1  0.19s           2026-09-16T14:46:10
================================================================================
[2026-09-16T14:47:07.179+0000] {manager.py:878} INFO - 
================================================================================
DAG File Processing Stats

File Path                           PID    Runtime      # DAGs    # Errors  Last Runtime    Last Run
----------------------------------  -----  ---------  --------  ----------  --------------  -------------------
/opt/airflow/dags/warehouse_dag.py                           0           1  0.16s           2026-09-16T14:46:40
================================================================================
[2026-09-16T14:47:37.638+0000] {manager.py:878} INFO - 
================================================================================
DAG File Processing Stats

File Path                           PID    Runtime      # DAGs    # Errors  Last Runtime    Last Run
----------------------------------  -----  ---------  --------  ----------  --------------  -------------------
/opt/airflow/dags/warehouse_dag.py                           0           1  0.23s           2026-09-16T14:47:11
================================================================================
[2026-09-16T14:48:07.782+0000] {manager.py:878} INFO - 
================================================================================
DAG File Processing Stats

File Path                           PID    Runtime      # DAGs    # Errors  Last Runtime    Last Run
----------------------------------  -----  ---------  --------  ----------  --------------  -------------------
/opt/airflow/dags/warehouse_dag.py                           0           1  0.56s           2026-09-16T14:47:42
================================================================================
[2026-09-16T14:48:38.210+0000] {manager.py:878} INFO - 
================================================================================
DAG File Processing Stats

File Path                           PID    Runtime      # DAGs    # Errors  Last Runtime    Last Run
----------------------------------  -----  ---------  --------  ----------  --------------  -------------------
/opt/airflow/dags/warehouse_dag.py                           0           1  0.24s           2026-09-16T14:48:13
================================================================================
[2026-09-16T14:49:08.607+0000] {manager.py:878} INFO - 
================================================================================
DAG File Processing Stats

File Path                           PID    Runtime      # DAGs    # Errors  Last Runtime    Last Run
----------------------------------  -----  ---------  --------  ----------  --------------  -------------------
/opt/airflow/dags/warehouse_dag.py                           0           1  0.19s           2026-09-16T14:48:43
================================================================================
[2026-09-16T14:49:39.032+0000] {manager.py:878} INFO - 
================================================================================
DAG File Processing Stats

File Path                           PID    Runtime      # DAGs    # Errors  Last Runtime    Last Run
----------------------------------  -----  ---------  --------  ----------  --------------  -------------------
/opt/airflow/dags/warehouse_dag.py                           0           1  0.30s           2026-09-16T14:49:13
================================================================================
[2026-09-16T14:50:09.312+0000] {manager.py:878} INFO - 
================================================================================
DAG File Processing Stats

File Path                           PID    Runtime      # DAGs    # Errors  Last Runtime    Last Run
----------------------------------  -----  ---------  --------  ----------  --------------  -------------------
/opt/airflow/dags/warehouse_dag.py                           0           1  0.14s           2026-09-16T14:49:44
================================================================================
[2026-09-16T14:50:39.864+0000] {manager.py:878} INFO - 
================================================================================
DAG File Processing Stats

File Path                           PID    Runtime      # DAGs    # Errors  Last Runtime    Last Run
----------------------------------  -----  ---------  --------  ----------  --------------  -------------------
/opt/airflow/dags/warehouse_dag.py                           0           1  0.22s           2026-09-16T14:50:14
================================================================================
[2026-09-16T14:51:05.526+0000] {manager.py:737} INFO - Searching for files in /opt/airflow/dags
[2026-09-16T14:51:05.663+0000] {manager.py:740} INFO - There are 1 files in /opt/airflow/dags
[2026-09-16T14:51:09.906+0000] {manager.py:878} INFO - 
================================================================================
DAG File Processing Stats

File Path                           PID    Runtime      # DAGs    # Errors  Last Runtime    Last Run
----------------------------------  -----  ---------  --------  ----------  --------------  -------------------
/opt/airflow/dags/warehouse_dag.py                           0           1  0.29s           2026-09-16T14:50:45
================================================================================
[2026-09-16T14:51:40.527+0000] {manager.py:878} INFO - 
================================================================================
DAG File Processing Stats

File Path                           PID    Runtime      # DAGs    # Errors  Last Runtime    Last Run
----------------------------------  -----  ---------  --------  ----------  --------------  -------------------
/opt/airflow/dags/warehouse_dag.py                           0           1  0.32s           2026-09-16T14:51:16
================================================================================
[2026-09-16T14:52:10.621+0000] {manager.py:878} INFO - 
================================================================================
DAG File Processing Stats

File Path                           PID    Runtime      # DAGs    # Errors  Last Runtime    Last Run
----------------------------------  -----  ---------  --------  ----------  --------------  -------------------
/opt/airflow/dags/warehouse_dag.py                           0           1  0.48s           2026-09-16T14:51:47
================================================================================
[2026-09-16T14:52:40.722+0000] {manager.py:878} INFO - 
================================================================================
DAG File Processing Stats

File Path                           PID    Runtime      # DAGs    # Errors  Last Runtime    Last Run
----------------------------------  -----  ---------  --------  ----------  --------------  -------------------
/opt/airflow/dags/warehouse_dag.py                           0           1  0.77s           2026-09-16T14:52:18
================================================================================
[2026-09-16T14:53:11.019+0000] {manager.py:878} INFO - 
================================================================================
DAG File Processing Stats

File Path                           PID    Runtime      # DAGs    # Errors  Last Runtime    Last Run
----------------------------------  -----  ---------  --------  ----------  --------------  -------------------
/opt/airflow/dags/warehouse_dag.py                           0           1  0.19s           2026-09-16T14:52:49
================================================================================
[2026-09-16T14:53:41.391+0000] {manager.py:878} INFO - 
================================================================================
DAG File Processing Stats

File Path                           PID    Runtime      # DAGs    # Errors  Last Runtime    Last Run
----------------------------------  -----  ---------  --------  ----------  --------------  -------------------
/opt/airflow/dags/warehouse_dag.py                           0           1  0.14s           2026-09-16T14:53:19
================================================================================
[2026-09-16T14:54:11.639+0000] {manager.py:878} INFO - 
================================================================================
DAG File Processing Stats

File Path                           PID    Runtime      # DAGs    # Errors  Last Runtime    Last Run
----------------------------------  -----  ---------  --------  ----------  --------------  -------------------
/opt/airflow/dags/warehouse_dag.py                           0           1  0.20s           2026-09-16T14:53:49
================================================================================
[2026-09-16T14:54:41.893+0000] {manager.py:878} INFO - 
================================================================================
DAG File Processing Stats

File Path                           PID    Runtime      # DAGs    # Errors  Last Runtime    Last Run
----------------------------------  -----  ---------  --------  ----------  --------------  -------------------
/opt/airflow/dags/warehouse_dag.py                           0           1  0.13s           2026-09-16T14:54:19
================================================================================
[2026-09-16T14:55:12.233+0000] {manager.py:878} INFO - 
================================================================================
DAG File Processing Stats

File Path                           PID    Runtime      # DAGs    # Errors  Last Runtime    Last Run
----------------------------------  -----  ---------  --------  ----------  --------------  -------------------
/opt/airflow/dags/warehouse_dag.py                           0           1  0.15s           2026-09-16T14:54:50
================================================================================
[2026-09-16T14:55:42.548+0000] {manager.py:878} INFO - 
================================================================================
DAG File Processing Stats

File Path                           PID    Runtime      # DAGs    # Errors  Last Runtime    Last Run
----------------------------------  -----  ---------  --------  ----------  --------------  -------------------
/opt/airflow/dags/warehouse_dag.py                           0           1  0.13s           2026-09-16T14:55:20
================================================================================
[2026-09-16T14:56:05.812+0000] {manager.py:737} INFO - Searching for files in /opt/airflow/dags
[2026-09-16T14:56:05.867+0000] {manager.py:740} INFO - There are 1 files in /opt/airflow/dags
[2026-09-16T14:56:12.948+0000] {manager.py:878} INFO - 
================================================================================
DAG File Processing Stats

File Path                           PID    Runtime      # DAGs    # Errors  Last Runtime    Last Run
----------------------------------  -----  ---------  --------  ----------  --------------  -------------------
/opt/airflow/dags/warehouse_dag.py                           0           1  0.12s           2026-09-16T14:55:50
================================================================================
[2026-09-16T14:56:43.225+0000] {manager.py:878} INFO - 
================================================================================
DAG File Processing Stats

File Path                           PID    Runtime      # DAGs    # Errors  Last Runtime    Last Run
----------------------------------  -----  ---------  --------  ----------  --------------  -------------------
/opt/airflow/dags/warehouse_dag.py                           0           1  0.12s           2026-09-16T14:56:21
================================================================================
[2026-09-16T14:57:13.513+0000] {manager.py:878} INFO - 
================================================================================
DAG File Processing Stats

File Path                           PID    Runtime      # DAGs    # Errors  Last Runtime    Last Run
----------------------------------  -----  ---------  --------  ----------  --------------  -------------------
/opt/airflow/dags/warehouse_dag.py                           0           1  0.15s           2026-09-16T14:56:51
================================================================================
[2026-09-16T14:57:43.808+0000] {manager.py:878} INFO - 
================================================================================
DAG File Processing Stats

File Path                           PID    Runtime      # DAGs    # Errors  Last Runtime    Last Run
----------------------------------  -----  ---------  --------  ----------  --------------  -------------------
/opt/airflow/dags/warehouse_dag.py                           0           1  0.14s           2026-09-16T14:57:21
================================================================================
[2026-09-16T14:58:14.086+0000] {manager.py:878} INFO - 
================================================================================
DAG File Processing Stats

File Path                           PID    Runtime      # DAGs    # Errors  Last Runtime    Last Run
----------------------------------  -----  ---------  --------  ----------  --------------  -------------------
/opt/airflow/dags/warehouse_dag.py                           0           1  0.13s           2026-09-16T14:57:52
================================================================================
[2026-09-16T14:58:44.333+0000] {manager.py:878} INFO - 
================================================================================
DAG File Processing Stats

File Path                           PID    Runtime      # DAGs    # Errors  Last Runtime    Last Run
----------------------------------  -----  ---------  --------  ----------  --------------  -------------------
/opt/airflow/dags/warehouse_dag.py                           0           1  0.19s           2026-09-16T14:58:22
================================================================================
[2026-09-16T14:59:14.574+0000] {manager.py:878} INFO - 
================================================================================
DAG File Processing Stats

File Path                           PID    Runtime      # DAGs    # Errors  Last Runtime    Last Run
----------------------------------  -----  ---------  --------  ----------  --------------  -------------------
/opt/airflow/dags/warehouse_dag.py                           0           1  0.12s           2026-09-16T14:58:52
================================================================================
[2026-09-16T14:59:44.946+0000] {manager.py:878} INFO - 
================================================================================
DAG File Processing Stats

File Path                           PID    Runtime      # DAGs    # Errors  Last Runtime    Last Run
----------------------------------  -----  ---------  --------  ----------  --------------  -------------------
/opt/airflow/dags/warehouse_dag.py                           0           1  0.17s           2026-09-16T14:59:22
================================================================================
[2026-09-16T15:00:15.424+0000] {manager.py:878} INFO - 
================================================================================
DAG File Processing Stats

File Path                           PID    Runtime      # DAGs    # Errors  Last Runtime    Last Run
----------------------------------  -----  ---------  --------  ----------  --------------  -------------------
/opt/airflow/dags/warehouse_dag.py                           0           1  0.33s           2026-09-16T14:59:53
================================================================================
[2026-09-16T15:00:46.060+0000] {manager.py:878} INFO - 
================================================================================
DAG File Processing Stats

File Path                           PID    Runtime      # DAGs    # Errors  Last Runtime    Last Run
----------------------------------  -----  ---------  --------  ----------  --------------  -------------------
/opt/airflow/dags/warehouse_dag.py                           0           1  0.31s           2026-09-16T15:00:23
================================================================================
[2026-09-16T15:01:06.373+0000] {manager.py:737} INFO - Searching for files in /opt/airflow/dags
[2026-09-16T15:01:06.507+0000] {manager.py:740} INFO - There are 1 files in /opt/airflow/dags
[2026-09-16T15:01:16.737+0000] {manager.py:878} INFO - 
================================================================================
DAG File Processing Stats

File Path                           PID    Runtime      # DAGs    # Errors  Last Runtime    Last Run
----------------------------------  -----  ---------  --------  ----------  --------------  -------------------
/opt/airflow/dags/warehouse_dag.py                           0           1  0.18s           2026-09-16T15:00:54
================================================================================
[2026-09-16T15:01:47.350+0000] {manager.py:878} INFO - 
================================================================================
DAG File Processing Stats

File Path                           PID    Runtime      # DAGs    # Errors  Last Runtime    Last Run
----------------------------------  -----  ---------  --------  ----------  --------------  -------------------
/opt/airflow/dags/warehouse_dag.py                           0           1  0.45s           2026-09-16T15:01:25
================================================================================
[2026-09-16T15:02:17.628+0000] {manager.py:878} INFO - 
================================================================================
DAG File Processing Stats

File Path                           PID    Runtime      # DAGs    # Errors  Last Runtime    Last Run
----------------------------------  -----  ---------  --------  ----------  --------------  -------------------
/opt/airflow/dags/warehouse_dag.py                           0           1  0.18s           2026-09-16T15:01:55
================================================================================
[2026-09-16T15:02:48.062+0000] {manager.py:878} INFO - 
================================================================================
DAG File Processing Stats

File Path                           PID    Runtime      # DAGs    # Errors  Last Runtime    Last Run
----------------------------------  -----  ---------  --------  ----------  --------------  -------------------
/opt/airflow/dags/warehouse_dag.py                           0           1  0.19s           2026-09-16T15:02:25
================================================================================
[2026-09-16T15:03:18.362+0000] {manager.py:878} INFO - 
================================================================================
DAG File Processing Stats

File Path                           PID    Runtime      # DAGs    # Errors  Last Runtime    Last Run
----------------------------------  -----  ---------  --------  ----------  --------------  -------------------
/opt/airflow/dags/warehouse_dag.py                           0           1  0.15s           2026-09-16T15:02:56
================================================================================
[2026-09-16T15:03:48.695+0000] {manager.py:878} INFO - 
================================================================================
DAG File Processing Stats

File Path                           PID    Runtime      # DAGs    # Errors  Last Runtime    Last Run
----------------------------------  -----  ---------  --------  ----------  --------------  -------------------
/opt/airflow/dags/warehouse_dag.py                           0           1  0.20s           2026-09-16T15:03:26
================================================================================
[2026-09-16T15:04:19.166+0000] {manager.py:878} INFO - 
================================================================================
DAG File Processing Stats

File Path                           PID    Runtime      # DAGs    # Errors  Last Runtime    Last Run
----------------------------------  -----  ---------  --------  ----------  --------------  -------------------
/opt/airflow/dags/warehouse_dag.py                           0           1  0.22s           2026-09-16T15:03:57
================================================================================
[2026-09-16T15:04:49.561+0000] {manager.py:878} INFO - 
================================================================================
DAG File Processing Stats

File Path                           PID    Runtime      # DAGs    # Errors  Last Runtime    Last Run
----------------------------------  -----  ---------  --------  ----------  --------------  -------------------
/opt/airflow/dags/warehouse_dag.py                           0           1  0.20s           2026-09-16T15:04:27
================================================================================
[2026-09-16T15:05:19.980+0000] {manager.py:878} INFO - 
================================================================================
DAG File Processing Stats

File Path                           PID    Runtime      # DAGs    # Errors  Last Runtime    Last Run
----------------------------------  -----  ---------  --------  ----------  --------------  -------------------
/opt/airflow/dags/warehouse_dag.py                           0           1  0.24s           2026-09-16T15:04:57
================================================================================
[2026-09-16T15:05:50.412+0000] {manager.py:878} INFO - 
================================================================================
DAG File Processing Stats

File Path                           PID    Runtime      # DAGs    # Errors  Last Runtime    Last Run
----------------------------------  -----  ---------  --------  ----------  --------------  -------------------
/opt/airflow/dags/warehouse_dag.py                           0           1  0.21s           2026-09-16T15:05:28
================================================================================
[2026-09-16T15:06:06.688+0000] {manager.py:737} INFO - Searching for files in /opt/airflow/dags
[2026-09-16T15:06:06.769+0000] {manager.py:740} INFO - There are 1 files in /opt/airflow/dags
[2026-09-16T15:06:20.893+0000] {manager.py:878} INFO - 
================================================================================
DAG File Processing Stats

File Path                           PID    Runtime      # DAGs    # Errors  Last Runtime    Last Run
----------------------------------  -----  ---------  --------  ----------  --------------  -------------------
/opt/airflow/dags/warehouse_dag.py                           0           1  0.26s           2026-09-16T15:05:58
================================================================================
[2026-09-16T15:06:51.201+0000] {manager.py:878} INFO - 
================================================================================
DAG File Processing Stats

File Path                           PID    Runtime      # DAGs    # Errors  Last Runtime    Last Run
----------------------------------  -----  ---------  --------  ----------  --------------  -------------------
/opt/airflow/dags/warehouse_dag.py                           0           1  0.16s           2026-09-16T15:06:29
================================================================================
[2026-09-16T15:07:21.573+0000] {manager.py:878} INFO - 
================================================================================
DAG File Processing Stats

File Path                           PID    Runtime      # DAGs    # Errors  Last Runtime    Last Run
----------------------------------  -----  ---------  --------  ----------  --------------  -------------------
/opt/airflow/dags/warehouse_dag.py                           0           1  0.17s           2026-09-16T15:06:59
================================================================================
[2026-09-16T15:07:52.089+0000] {manager.py:878} INFO - 
================================================================================
DAG File Processing Stats

File Path                           PID    Runtime      # DAGs    # Errors  Last Runtime    Last Run
----------------------------------  -----  ---------  --------  ----------  --------------  -------------------
/opt/airflow/dags/warehouse_dag.py                           0           1  0.26s           2026-09-16T15:07:30
================================================================================
[2026-09-16T15:08:22.534+0000] {manager.py:878} INFO - 
================================================================================
DAG File Processing Stats

File Path                           PID    Runtime      # DAGs    # Errors  Last Runtime    Last Run
----------------------------------  -----  ---------  --------  ----------  --------------  -------------------
/opt/airflow/dags/warehouse_dag.py                           0           1  0.22s           2026-09-16T15:08:00
================================================================================
[2026-09-16T15:08:52.977+0000] {manager.py:878} INFO - 
================================================================================
DAG File Processing Stats

File Path                           PID    Runtime      # DAGs    # Errors  Last Runtime    Last Run
----------------------------------  -----  ---------  --------  ----------  --------------  -------------------
/opt/airflow/dags/warehouse_dag.py                           0           1  0.33s           2026-09-16T15:08:30
================================================================================
[2026-09-16T15:09:23.514+0000] {manager.py:878} INFO - 
================================================================================
DAG File Processing Stats

File Path                           PID    Runtime      # DAGs    # Errors  Last Runtime    Last Run
----------------------------------  -----  ---------  --------  ----------  --------------  -------------------
/opt/airflow/dags/warehouse_dag.py                           0           1  0.24s           2026-09-16T15:09:01
================================================================================
[2026-09-16T15:09:53.962+0000] {manager.py:878} INFO - 
================================================================================
DAG File Processing Stats

File Path                           PID    Runtime      # DAGs    # Errors  Last Runtime    Last Run
----------------------------------  -----  ---------  --------  ----------  --------------  -------------------
/opt/airflow/dags/warehouse_dag.py                           0           1  0.21s           2026-09-16T15:09:31
================================================================================
[2026-09-16T15:10:24.469+0000] {manager.py:878} INFO - 
================================================================================
DAG File Processing Stats

File Path                           PID    Runtime      # DAGs    # Errors  Last Runtime    Last Run
----------------------------------  -----  ---------  --------  ----------  --------------  -------------------
/opt/airflow/dags/warehouse_dag.py                           0           1  0.38s           2026-09-16T15:10:02
================================================================================
[2026-09-16T15:10:55.055+0000] {manager.py:878} INFO - 
================================================================================
DAG File Processing Stats

File Path                           PID    Runtime      # DAGs    # Errors  Last Runtime    Last Run
----------------------------------  -----  ---------  --------  ----------  --------------  -------------------
/opt/airflow/dags/warehouse_dag.py                           0           1  0.25s           2026-09-16T15:10:32
================================================================================
[2026-09-16T15:11:07.239+0000] {manager.py:737} INFO - Searching for files in /opt/airflow/dags
[2026-09-16T15:11:07.308+0000] {manager.py:740} INFO - There are 1 files in /opt/airflow/dags
[2026-09-16T15:11:25.510+0000] {manager.py:878} INFO - 
================================================================================
DAG File Processing Stats

File Path                           PID    Runtime      # DAGs    # Errors  Last Runtime    Last Run
----------------------------------  -----  ---------  --------  ----------  --------------  -------------------
/opt/airflow/dags/warehouse_dag.py                           0           1  0.16s           2026-09-16T15:11:03
================================================================================
[2026-09-16T15:11:55.940+0000] {manager.py:878} INFO - 
================================================================================
DAG File Processing Stats

File Path                           PID    Runtime      # DAGs    # Errors  Last Runtime    Last Run
----------------------------------  -----  ---------  --------  ----------  --------------  -------------------
/opt/airflow/dags/warehouse_dag.py                           0           1  0.20s           2026-09-16T15:11:33
================================================================================
[2026-09-16T15:12:26.361+0000] {manager.py:878} INFO - 
================================================================================
DAG File Processing Stats

File Path                           PID    Runtime      # DAGs    # Errors  Last Runtime    Last Run
----------------------------------  -----  ---------  --------  ----------  --------------  -------------------
/opt/airflow/dags/warehouse_dag.py                           0           1  0.29s           2026-09-16T15:12:04
================================================================================
[2026-09-16T15:12:56.589+0000] {manager.py:878} INFO - 
================================================================================
DAG File Processing Stats

File Path                           PID    Runtime      # DAGs    # Errors  Last Runtime    Last Run
----------------------------------  -----  ---------  --------  ----------  --------------  -------------------
/opt/airflow/dags/warehouse_dag.py                           0           1  0.20s           2026-09-16T15:12:34
================================================================================
[2026-09-16T15:13:27.006+0000] {manager.py:878} INFO - 
================================================================================
DAG File Processing Stats

File Path                           PID    Runtime      # DAGs    # Errors  Last Runtime    Last Run
----------------------------------  -----  ---------  --------  ----------  --------------  -------------------
/opt/airflow/dags/warehouse_dag.py                           0           1  0.17s           2026-09-16T15:13:04
================================================================================
[2026-09-16T15:13:57.275+0000] {manager.py:878} INFO - 
================================================================================
DAG File Processing Stats

File Path                           PID    Runtime      # DAGs    # Errors  Last Runtime    Last Run
----------------------------------  -----  ---------  --------  ----------  --------------  -------------------
/opt/airflow/dags/warehouse_dag.py                           0           1  0.17s           2026-09-16T15:13:35
================================================================================
[2026-09-16T15:14:27.640+0000] {manager.py:878} INFO - 
================================================================================
DAG File Processing Stats

File Path                           PID    Runtime      # DAGs    # Errors  Last Runtime    Last Run
----------------------------------  -----  ---------  --------  ----------  --------------  -------------------
/opt/airflow/dags/warehouse_dag.py                           0           1  0.15s           2026-09-16T15:14:05
================================================================================
[2026-09-16T15:14:57.104+0000] {manager.py:452} INFO - Exiting gracefully upon receiving signal 15
[2026-09-16T15:16:02.254+0000] {manager.py:470} INFO - Processing files using up to 2 processes at a time 
[2026-09-16T15:16:02.260+0000] {manager.py:471} INFO - Process each file at most once every 30 seconds
[2026-09-16T15:16:02.265+0000] {manager.py:472} INFO - Checking for new files in /opt/airflow/dags every 300 seconds
[2026-09-16T15:16:02.270+0000] {manager.py:737} INFO - Searching for files in /opt/airflow/dags
[2026-09-16T15:16:02.422+0000] {manager.py:740} INFO - There are 1 files in /opt/airflow/dags
[2026-09-16T15:16:02.797+0000] {manager.py:878} INFO - 
================================================================================
DAG File Processing Stats

File Path                             PID  Runtime      # DAGs    # Errors  Last Runtime    Last Run
----------------------------------  -----  ---------  --------  ----------  --------------  ----------
/opt/airflow/dags/warehouse_dag.py     72  0.16s             0           0
================================================================================
[2026-09-16T15:16:33.278+0000] {manager.py:878} INFO - 
================================================================================
DAG File Processing Stats

File Path                           PID    Runtime      # DAGs    # Errors  Last Runtime    Last Run
----------------------------------  -----  ---------  --------  ----------  --------------  -------------------
/opt/airflow/dags/warehouse_dag.py                           0           0  0.18s           2026-09-16T15:16:17
================================================================================
[2026-09-16T15:17:03.685+0000] {manager.py:878} INFO - 
================================================================================
DAG File Processing Stats

File Path                           PID    Runtime      # DAGs    # Errors  Last Runtime    Last Run
----------------------------------  -----  ---------  --------  ----------  --------------  -------------------
/opt/airflow/dags/warehouse_dag.py                           0           0  0.14s           2026-09-16T15:16:47
================================================================================
[2026-09-16T15:17:34.226+0000] {manager.py:878} INFO - 
================================================================================
DAG File Processing Stats

File Path                           PID    Runtime      # DAGs    # Errors  Last Runtime    Last Run
----------------------------------  -----  ---------  --------  ----------  --------------  -------------------
/opt/airflow/dags/warehouse_dag.py                           0           0  0.29s           2026-09-16T15:17:18
================================================================================
[2026-09-16T15:18:04.472+0000] {manager.py:878} INFO - 
================================================================================
DAG File Processing Stats

File Path                           PID    Runtime      # DAGs    # Errors  Last Runtime    Last Run
----------------------------------  -----  ---------  --------  ----------  --------------  -------------------
/opt/airflow/dags/warehouse_dag.py                           0           0  1.00s           2026-09-16T15:17:49
================================================================================
[2026-09-16T15:18:34.760+0000] {manager.py:878} INFO - 
================================================================================
DAG File Processing Stats

File Path                           PID    Runtime      # DAGs    # Errors  Last Runtime    Last Run
----------------------------------  -----  ---------  --------  ----------  --------------  -------------------
/opt/airflow/dags/warehouse_dag.py                           0           0  0.68s           2026-09-16T15:18:21
================================================================================
[2026-09-16T15:19:05.319+0000] {manager.py:878} INFO - 
================================================================================
DAG File Processing Stats

File Path                           PID    Runtime      # DAGs    # Errors  Last Runtime    Last Run
----------------------------------  -----  ---------  --------  ----------  --------------  -------------------
/opt/airflow/dags/warehouse_dag.py                           0           0  0.11s           2026-09-16T15:18:52
================================================================================
[2026-09-16T15:19:35.611+0000] {manager.py:878} INFO - 
================================================================================
DAG File Processing Stats

File Path                           PID    Runtime      # DAGs    # Errors  Last Runtime    Last Run
----------------------------------  -----  ---------  --------  ----------  --------------  -------------------
/opt/airflow/dags/warehouse_dag.py                           0           0  0.13s           2026-09-16T15:19:22
================================================================================
[2026-09-16T15:20:05.989+0000] {manager.py:878} INFO - 
================================================================================
DAG File Processing Stats

File Path                           PID    Runtime      # DAGs    # Errors  Last Runtime    Last Run
----------------------------------  -----  ---------  --------  ----------  --------------  -------------------
/opt/airflow/dags/warehouse_dag.py                           0           0  0.19s           2026-09-16T15:19:52
================================================================================
[2026-09-16T15:20:36.323+0000] {manager.py:878} INFO - 
================================================================================
DAG File Processing Stats

File Path                           PID    Runtime      # DAGs    # Errors  Last Runtime    Last Run
----------------------------------  -----  ---------  --------  ----------  --------------  -------------------
/opt/airflow/dags/warehouse_dag.py                           0           0  0.11s           2026-09-16T15:20:23
================================================================================
[2026-09-16T15:21:02.572+0000] {manager.py:737} INFO - Searching for files in /opt/airflow/dags
[2026-09-16T15:21:02.656+0000] {manager.py:740} INFO - There are 1 files in /opt/airflow/dags
[2026-09-16T15:21:06.385+0000] {manager.py:878} INFO - 
================================================================================
DAG File Processing Stats

File Path                            PID    Runtime      # DAGs    # Errors  Last Runtime    Last Run
-----------------------------------  -----  ---------  --------  ----------  --------------  -------------------
/opt/airflow/dags/extraction_dag.py                           0           1  0.58s           2026-09-16T15:21:03
================================================================================
[2026-09-16T15:21:36.629+0000] {manager.py:878} INFO - 
================================================================================
DAG File Processing Stats

File Path                            PID    Runtime      # DAGs    # Errors  Last Runtime    Last Run
-----------------------------------  -----  ---------  --------  ----------  --------------  -------------------
/opt/airflow/dags/extraction_dag.py                           0           1  0.49s           2026-09-16T15:21:10
================================================================================
[2026-09-16T15:22:06.807+0000] {manager.py:878} INFO - 
================================================================================
DAG File Processing Stats

File Path                            PID    Runtime      # DAGs    # Errors  Last Runtime    Last Run
-----------------------------------  -----  ---------  --------  ----------  --------------  -------------------
/opt/airflow/dags/extraction_dag.py                           1           0  1.82s           2026-09-16T15:22:06
================================================================================
[2026-09-16T15:22:37.275+0000] {manager.py:878} INFO - 
================================================================================
DAG File Processing Stats

File Path                              PID  Runtime      # DAGs    # Errors  Last Runtime    Last Run
-----------------------------------  -----  ---------  --------  ----------  --------------  -------------------
/opt/airflow/dags/extraction_dag.py    167  0.01s             1           0  0.40s           2026-09-16T15:22:27
================================================================================
[2026-09-16T15:23:07.540+0000] {manager.py:878} INFO - 
================================================================================
DAG File Processing Stats

File Path                              PID  Runtime      # DAGs    # Errors  Last Runtime    Last Run
-----------------------------------  -----  ---------  --------  ----------  --------------  -------------------
/opt/airflow/dags/extraction_dag.py    174  0.01s             0           1  0.20s           2026-09-16T15:22:37
================================================================================
[2026-09-16T15:23:37.768+0000] {manager.py:878} INFO - 
================================================================================
DAG File Processing Stats

File Path                              PID  Runtime      # DAGs    # Errors  Last Runtime    Last Run
-----------------------------------  -----  ---------  --------  ----------  --------------  -------------------
/opt/airflow/dags/extraction_dag.py    181  0.01s             0           1  0.13s           2026-09-16T15:23:07
================================================================================
[2026-09-16T15:24:08.156+0000] {manager.py:878} INFO - 
================================================================================
DAG File Processing Stats

File Path                              PID  Runtime      # DAGs    # Errors  Last Runtime    Last Run
-----------------------------------  -----  ---------  --------  ----------  --------------  -------------------
/opt/airflow/dags/extraction_dag.py    188  0.01s             0           1  0.14s           2026-09-16T15:23:37
================================================================================
[2026-09-16T15:24:38.346+0000] {manager.py:878} INFO - 
================================================================================
DAG File Processing Stats

File Path                            PID    Runtime      # DAGs    # Errors  Last Runtime    Last Run
-----------------------------------  -----  ---------  --------  ----------  --------------  -------------------
/opt/airflow/dags/extraction_dag.py                           1           0  0.94s           2026-09-16T15:24:35
================================================================================
[2026-09-16T15:25:08.871+0000] {manager.py:878} INFO - 
================================================================================
DAG File Processing Stats

File Path                            PID    Runtime      # DAGs    # Errors  Last Runtime    Last Run
-----------------------------------  -----  ---------  --------  ----------  --------------  -------------------
/opt/airflow/dags/extraction_dag.py                           0           1  0.18s           2026-09-16T15:24:45
================================================================================
[2026-09-16T15:25:39.137+0000] {manager.py:878} INFO - 
================================================================================
DAG File Processing Stats

File Path                            PID    Runtime      # DAGs    # Errors  Last Runtime    Last Run
-----------------------------------  -----  ---------  --------  ----------  --------------  -------------------
/opt/airflow/dags/extraction_dag.py                           0           1  0.13s           2026-09-16T15:25:16
================================================================================
[2026-09-16T15:26:03.452+0000] {manager.py:737} INFO - Searching for files in /opt/airflow/dags
[2026-09-16T15:26:03.557+0000] {manager.py:740} INFO - There are 1 files in /opt/airflow/dags
[2026-09-16T15:26:09.670+0000] {manager.py:878} INFO - 
================================================================================
DAG File Processing Stats

File Path                            PID    Runtime      # DAGs    # Errors  Last Runtime    Last Run
-----------------------------------  -----  ---------  --------  ----------  --------------  -------------------
/opt/airflow/dags/extraction_dag.py                           0           1  0.13s           2026-09-16T15:25:46
================================================================================
[2026-09-16T15:26:39.925+0000] {manager.py:878} INFO - 
================================================================================
DAG File Processing Stats

File Path                            PID    Runtime      # DAGs    # Errors  Last Runtime    Last Run
-----------------------------------  -----  ---------  --------  ----------  --------------  -------------------
/opt/airflow/dags/extraction_dag.py                           0           1  0.13s           2026-09-16T15:26:16
================================================================================
[2026-09-16T15:27:10.293+0000] {manager.py:878} INFO - 
================================================================================
DAG File Processing Stats

File Path                            PID    Runtime      # DAGs    # Errors  Last Runtime    Last Run
-----------------------------------  -----  ---------  --------  ----------  --------------  -------------------
/opt/airflow/dags/extraction_dag.py                           0           1  0.17s           2026-09-16T15:26:47
================================================================================
[2026-09-16T15:27:40.637+0000] {manager.py:878} INFO - 
================================================================================
DAG File Processing Stats

File Path                            PID    Runtime      # DAGs    # Errors  Last Runtime    Last Run
-----------------------------------  -----  ---------  --------  ----------  --------------  -------------------
/opt/airflow/dags/extraction_dag.py                           0           1  0.16s           2026-09-16T15:27:17
================================================================================
[2026-09-16T15:28:11.218+0000] {manager.py:878} INFO - 
================================================================================
DAG File Processing Stats

File Path                            PID    Runtime      # DAGs    # Errors  Last Runtime    Last Run
-----------------------------------  -----  ---------  --------  ----------  --------------  -------------------
/opt/airflow/dags/extraction_dag.py                           0           1  0.28s           2026-09-16T15:27:48
================================================================================
[2026-09-16T15:28:41.233+0000] {manager.py:878} INFO - 
================================================================================
DAG File Processing Stats

File Path                            PID    Runtime      # DAGs    # Errors  Last Runtime    Last Run
-----------------------------------  -----  ---------  --------  ----------  --------------  -------------------
/opt/airflow/dags/extraction_dag.py                           0           1  0.62s           2026-09-16T15:28:19
================================================================================
[2026-09-16T15:29:12.106+0000] {manager.py:878} INFO - 
================================================================================
DAG File Processing Stats

File Path                            PID    Runtime      # DAGs    # Errors  Last Runtime    Last Run
-----------------------------------  -----  ---------  --------  ----------  --------------  -------------------
/opt/airflow/dags/extraction_dag.py                           0           1  0.62s           2026-09-16T15:28:50
================================================================================
[2026-09-16T15:29:42.775+0000] {manager.py:878} INFO - 
================================================================================
DAG File Processing Stats

File Path                            PID    Runtime      # DAGs    # Errors  Last Runtime    Last Run
-----------------------------------  -----  ---------  --------  ----------  --------------  -------------------
/opt/airflow/dags/extraction_dag.py                           0           1  0.39s           2026-09-16T15:29:32
================================================================================
[2026-09-16T15:30:13.173+0000] {manager.py:878} INFO - 
================================================================================
DAG File Processing Stats

File Path                            PID    Runtime      # DAGs    # Errors  Last Runtime    Last Run
-----------------------------------  -----  ---------  --------  ----------  --------------  -------------------
/opt/airflow/dags/extraction_dag.py                           1           0  1.28s           2026-09-16T15:29:49
================================================================================
[2026-09-16T15:30:43.572+0000] {manager.py:878} INFO - 
================================================================================
DAG File Processing Stats

File Path                            PID    Runtime      # DAGs    # Errors  Last Runtime    Last Run
-----------------------------------  -----  ---------  --------  ----------  --------------  -------------------
/opt/airflow/dags/extraction_dag.py                           1           0  0.38s           2026-09-16T15:30:19
================================================================================
[2026-09-16T15:31:04.102+0000] {manager.py:737} INFO - Searching for files in /opt/airflow/dags
[2026-09-16T15:31:04.213+0000] {manager.py:740} INFO - There are 1 files in /opt/airflow/dags
[2026-09-16T15:31:14.336+0000] {manager.py:878} INFO - 
================================================================================
DAG File Processing Stats

File Path                            PID    Runtime      # DAGs    # Errors  Last Runtime    Last Run
-----------------------------------  -----  ---------  --------  ----------  --------------  -------------------
/opt/airflow/dags/extraction_dag.py                           1           0  0.41s           2026-09-16T15:30:50
================================================================================
[2026-09-16T15:31:44.636+0000] {manager.py:878} INFO - 
================================================================================
DAG File Processing Stats

File Path                            PID    Runtime      # DAGs    # Errors  Last Runtime    Last Run
-----------------------------------  -----  ---------  --------  ----------  --------------  -------------------
/opt/airflow/dags/extraction_dag.py                           1           0  0.28s           2026-09-16T15:31:20
================================================================================
[2026-09-16T15:32:15.175+0000] {manager.py:878} INFO - 
================================================================================
DAG File Processing Stats

File Path                            PID    Runtime      # DAGs    # Errors  Last Runtime    Last Run
-----------------------------------  -----  ---------  --------  ----------  --------------  -------------------
/opt/airflow/dags/extraction_dag.py                           1           0  0.36s           2026-09-16T15:31:51
================================================================================
[2026-09-16T15:32:45.769+0000] {manager.py:878} INFO - 
================================================================================
DAG File Processing Stats

File Path                            PID    Runtime      # DAGs    # Errors  Last Runtime    Last Run
-----------------------------------  -----  ---------  --------  ----------  --------------  -------------------
/opt/airflow/dags/extraction_dag.py                           1           0  0.33s           2026-09-16T15:32:21
================================================================================
[2026-09-16T15:33:16.338+0000] {manager.py:878} INFO - 
================================================================================
DAG File Processing Stats

File Path                            PID    Runtime      # DAGs    # Errors  Last Runtime    Last Run
-----------------------------------  -----  ---------  --------  ----------  --------------  -------------------
/opt/airflow/dags/extraction_dag.py                           1           0  0.31s           2026-09-16T15:32:52
================================================================================
[2026-09-16T15:33:46.870+0000] {manager.py:878} INFO - 
================================================================================
DAG File Processing Stats

File Path                            PID    Runtime      # DAGs    # Errors  Last Runtime    Last Run
-----------------------------------  -----  ---------  --------  ----------  --------------  -------------------
/opt/airflow/dags/extraction_dag.py                           1           0  0.31s           2026-09-16T15:33:23
================================================================================
[2026-09-16T15:34:17.429+0000] {manager.py:878} INFO - 
================================================================================
DAG File Processing Stats

File Path                            PID    Runtime      # DAGs    # Errors  Last Runtime    Last Run
-----------------------------------  -----  ---------  --------  ----------  --------------  -------------------
/opt/airflow/dags/extraction_dag.py                           1           0  0.23s           2026-09-16T15:33:53
================================================================================
[2026-09-16T15:34:47.904+0000] {manager.py:878} INFO - 
================================================================================
DAG File Processing Stats

File Path                            PID    Runtime      # DAGs    # Errors  Last Runtime    Last Run
-----------------------------------  -----  ---------  --------  ----------  --------------  -------------------
/opt/airflow/dags/extraction_dag.py                           1           0  0.27s           2026-09-16T15:34:23
================================================================================
[2026-09-16T15:35:18.201+0000] {manager.py:878} INFO - 
================================================================================
DAG File Processing Stats

File Path                            PID    Runtime      # DAGs    # Errors  Last Runtime    Last Run
-----------------------------------  -----  ---------  --------  ----------  --------------  -------------------
/opt/airflow/dags/extraction_dag.py                           1           0  0.30s           2026-09-16T15:34:54
================================================================================
[2026-09-16T15:35:48.739+0000] {manager.py:878} INFO - 
================================================================================
DAG File Processing Stats

File Path                            PID    Runtime      # DAGs    # Errors  Last Runtime    Last Run
-----------------------------------  -----  ---------  --------  ----------  --------------  -------------------
/opt/airflow/dags/extraction_dag.py                           1           0  0.39s           2026-09-16T15:35:24
================================================================================
[2026-09-16T15:36:04.168+0000] {manager.py:737} INFO - Searching for files in /opt/airflow/dags
[2026-09-16T15:36:04.235+0000] {manager.py:740} INFO - There are 1 files in /opt/airflow/dags
[2026-09-16T15:36:19.096+0000] {manager.py:878} INFO - 
================================================================================
DAG File Processing Stats

File Path                            PID    Runtime      # DAGs    # Errors  Last Runtime    Last Run
-----------------------------------  -----  ---------  --------  ----------  --------------  -------------------
/opt/airflow/dags/extraction_dag.py                           1           0  0.30s           2026-09-16T15:35:55
================================================================================
[2026-09-16T15:36:49.607+0000] {manager.py:878} INFO - 
================================================================================
DAG File Processing Stats

File Path                            PID    Runtime      # DAGs    # Errors  Last Runtime    Last Run
-----------------------------------  -----  ---------  --------  ----------  --------------  -------------------
/opt/airflow/dags/extraction_dag.py                           1           0  0.30s           2026-09-16T15:36:25
================================================================================
[2026-09-16T15:37:19.961+0000] {manager.py:878} INFO - 
================================================================================
DAG File Processing Stats

File Path                            PID    Runtime      # DAGs    # Errors  Last Runtime    Last Run
-----------------------------------  -----  ---------  --------  ----------  --------------  -------------------
/opt/airflow/dags/extraction_dag.py                           1           0  0.43s           2026-09-16T15:36:56
================================================================================
[2026-09-16T15:37:50.063+0000] {manager.py:878} INFO - 
================================================================================
DAG File Processing Stats

File Path                            PID    Runtime      # DAGs    # Errors  Last Runtime    Last Run
-----------------------------------  -----  ---------  --------  ----------  --------------  -------------------
/opt/airflow/dags/extraction_dag.py                           1           0  0.43s           2026-09-16T15:37:26
================================================================================
[2026-09-16T15:38:20.346+0000] {manager.py:878} INFO - 
================================================================================
DAG File Processing Stats

File Path                            PID    Runtime      # DAGs    # Errors  Last Runtime    Last Run
-----------------------------------  -----  ---------  --------  ----------  --------------  -------------------
/opt/airflow/dags/extraction_dag.py                           1           0  0.26s           2026-09-16T15:37:57
================================================================================
[2026-09-16T15:38:50.840+0000] {manager.py:878} INFO - 
================================================================================
DAG File Processing Stats

File Path                            PID    Runtime      # DAGs    # Errors  Last Runtime    Last Run
-----------------------------------  -----  ---------  --------  ----------  --------------  -------------------
/opt/airflow/dags/extraction_dag.py                           1           0  0.23s           2026-09-16T15:38:27
================================================================================
[2026-09-16T15:39:21.329+0000] {manager.py:878} INFO - 
================================================================================
DAG File Processing Stats

File Path                            PID    Runtime      # DAGs    # Errors  Last Runtime    Last Run
-----------------------------------  -----  ---------  --------  ----------  --------------  -------------------
/opt/airflow/dags/extraction_dag.py                           1           0  0.40s           2026-09-16T15:38:58
================================================================================
[2026-09-16T15:39:51.795+0000] {manager.py:878} INFO - 
================================================================================
DAG File Processing Stats

File Path                            PID    Runtime      # DAGs    # Errors  Last Runtime    Last Run
-----------------------------------  -----  ---------  --------  ----------  --------------  -------------------
/opt/airflow/dags/extraction_dag.py                           1           0  0.32s           2026-09-16T15:39:28
================================================================================
[2026-09-16T15:40:22.170+0000] {manager.py:878} INFO - 
================================================================================
DAG File Processing Stats

File Path                            PID    Runtime      # DAGs    # Errors  Last Runtime    Last Run
-----------------------------------  -----  ---------  --------  ----------  --------------  -------------------
/opt/airflow/dags/extraction_dag.py                           1           0  0.31s           2026-09-16T15:39:59
================================================================================
[2026-09-16T15:40:52.631+0000] {manager.py:878} INFO - 
================================================================================
DAG File Processing Stats

File Path                            PID    Runtime      # DAGs    # Errors  Last Runtime    Last Run
-----------------------------------  -----  ---------  --------  ----------  --------------  -------------------
/opt/airflow/dags/extraction_dag.py                           1           0  0.27s           2026-09-16T15:40:29
================================================================================
[2026-09-16T15:41:04.761+0000] {manager.py:737} INFO - Searching for files in /opt/airflow/dags
[2026-09-16T15:41:04.829+0000] {manager.py:740} INFO - There are 1 files in /opt/airflow/dags
[2026-09-16T15:41:23.011+0000] {manager.py:878} INFO - 
================================================================================
DAG File Processing Stats

File Path                            PID    Runtime      # DAGs    # Errors  Last Runtime    Last Run
-----------------------------------  -----  ---------  --------  ----------  --------------  -------------------
/opt/airflow/dags/extraction_dag.py                           1           0  0.26s           2026-09-16T15:40:59
================================================================================
[2026-09-16T15:41:53.339+0000] {manager.py:878} INFO - 
================================================================================
DAG File Processing Stats

File Path                            PID    Runtime      # DAGs    # Errors  Last Runtime    Last Run
-----------------------------------  -----  ---------  --------  ----------  --------------  -------------------
/opt/airflow/dags/extraction_dag.py                           1           0  0.32s           2026-09-16T15:41:30
================================================================================
[2026-09-16T15:42:23.819+0000] {manager.py:878} INFO - 
================================================================================
DAG File Processing Stats

File Path                            PID    Runtime      # DAGs    # Errors  Last Runtime    Last Run
-----------------------------------  -----  ---------  --------  ----------  --------------  -------------------
/opt/airflow/dags/extraction_dag.py                           1           0  0.25s           2026-09-16T15:42:00
================================================================================
[2026-09-16T15:42:54.082+0000] {manager.py:878} INFO - 
================================================================================
DAG File Processing Stats

File Path                            PID    Runtime      # DAGs    # Errors  Last Runtime    Last Run
-----------------------------------  -----  ---------  --------  ----------  --------------  -------------------
/opt/airflow/dags/extraction_dag.py                           1           0  0.27s           2026-09-16T15:42:31
================================================================================
[2026-09-16T15:43:24.621+0000] {manager.py:878} INFO - 
================================================================================
DAG File Processing Stats

File Path                            PID    Runtime      # DAGs    # Errors  Last Runtime    Last Run
-----------------------------------  -----  ---------  --------  ----------  --------------  -------------------
/opt/airflow/dags/extraction_dag.py                           1           0  0.29s           2026-09-16T15:43:01
================================================================================
[2026-09-16T15:43:55.175+0000] {manager.py:878} INFO - 
================================================================================
DAG File Processing Stats

File Path                            PID    Runtime      # DAGs    # Errors  Last Runtime    Last Run
-----------------------------------  -----  ---------  --------  ----------  --------------  -------------------
/opt/airflow/dags/extraction_dag.py                           1           0  0.35s           2026-09-16T15:43:32
================================================================================
[2026-09-16T15:44:25.755+0000] {manager.py:878} INFO - 
================================================================================
DAG File Processing Stats

File Path                            PID    Runtime      # DAGs    # Errors  Last Runtime    Last Run
-----------------------------------  -----  ---------  --------  ----------  --------------  -------------------
/opt/airflow/dags/extraction_dag.py                           1           0  0.23s           2026-09-16T15:44:02
================================================================================
[2026-09-16T15:44:56.252+0000] {manager.py:878} INFO - 
================================================================================
DAG File Processing Stats

File Path                            PID    Runtime      # DAGs    # Errors  Last Runtime    Last Run
-----------------------------------  -----  ---------  --------  ----------  --------------  -------------------
/opt/airflow/dags/extraction_dag.py                           1           0  0.27s           2026-09-16T15:44:33
================================================================================
[2026-09-16T15:45:26.587+0000] {manager.py:878} INFO - 
================================================================================
DAG File Processing Stats

File Path                            PID    Runtime      # DAGs    # Errors  Last Runtime    Last Run
-----------------------------------  -----  ---------  --------  ----------  --------------  -------------------
/opt/airflow/dags/extraction_dag.py                           1           0  0.19s           2026-09-16T15:45:03
================================================================================
[2026-09-16T15:45:56.931+0000] {manager.py:878} INFO - 
================================================================================
DAG File Processing Stats

File Path                            PID    Runtime      # DAGs    # Errors  Last Runtime    Last Run
-----------------------------------  -----  ---------  --------  ----------  --------------  -------------------
/opt/airflow/dags/extraction_dag.py                           1           0  0.32s           2026-09-16T15:45:33
================================================================================
[2026-09-16T15:46:05.224+0000] {manager.py:737} INFO - Searching for files in /opt/airflow/dags
[2026-09-16T15:46:05.325+0000] {manager.py:740} INFO - There are 1 files in /opt/airflow/dags
[2026-09-16T15:46:27.551+0000] {manager.py:878} INFO - 
================================================================================
DAG File Processing Stats

File Path                            PID    Runtime      # DAGs    # Errors  Last Runtime    Last Run
-----------------------------------  -----  ---------  --------  ----------  --------------  -------------------
/opt/airflow/dags/extraction_dag.py                           1           0  0.32s           2026-09-16T15:46:04
================================================================================
[2026-09-16T15:46:57.844+0000] {manager.py:878} INFO - 
================================================================================
DAG File Processing Stats

File Path                            PID    Runtime      # DAGs    # Errors  Last Runtime    Last Run
-----------------------------------  -----  ---------  --------  ----------  --------------  -------------------
/opt/airflow/dags/extraction_dag.py                           1           0  0.35s           2026-09-16T15:46:34
================================================================================
[2026-09-16T15:47:28.404+0000] {manager.py:878} INFO - 
================================================================================
DAG File Processing Stats

File Path                            PID    Runtime      # DAGs    # Errors  Last Runtime    Last Run
-----------------------------------  -----  ---------  --------  ----------  --------------  -------------------
/opt/airflow/dags/extraction_dag.py                           1           0  0.28s           2026-09-16T15:47:05
================================================================================
[2026-09-16T15:47:58.992+0000] {manager.py:878} INFO - 
================================================================================
DAG File Processing Stats

File Path                            PID    Runtime      # DAGs    # Errors  Last Runtime    Last Run
-----------------------------------  -----  ---------  --------  ----------  --------------  -------------------
/opt/airflow/dags/extraction_dag.py                           1           0  0.25s           2026-09-16T15:47:36
================================================================================
[2026-09-16T15:48:29.505+0000] {manager.py:878} INFO - 
================================================================================
DAG File Processing Stats

File Path                            PID    Runtime      # DAGs    # Errors  Last Runtime    Last Run
-----------------------------------  -----  ---------  --------  ----------  --------------  -------------------
/opt/airflow/dags/extraction_dag.py                           1           0  0.24s           2026-09-16T15:48:06
================================================================================
[2026-09-16T15:48:59.774+0000] {manager.py:878} INFO - 
================================================================================
DAG File Processing Stats

File Path                            PID    Runtime      # DAGs    # Errors  Last Runtime    Last Run
-----------------------------------  -----  ---------  --------  ----------  --------------  -------------------
/opt/airflow/dags/extraction_dag.py                           1           0  0.27s           2026-09-16T15:48:36
================================================================================
[2026-09-16T15:49:29.847+0000] {manager.py:878} INFO - 
================================================================================
DAG File Processing Stats

File Path                            PID    Runtime      # DAGs    # Errors  Last Runtime    Last Run
-----------------------------------  -----  ---------  --------  ----------  --------------  -------------------
/opt/airflow/dags/extraction_dag.py                           1           0  0.56s           2026-09-16T15:49:07
================================================================================
[2026-09-16T15:50:00.146+0000] {manager.py:878} INFO - 
================================================================================
DAG File Processing Stats

File Path                            PID    Runtime      # DAGs    # Errors  Last Runtime    Last Run
-----------------------------------  -----  ---------  --------  ----------  --------------  -------------------
/opt/airflow/dags/extraction_dag.py                           1           0  0.26s           2026-09-16T15:49:38
================================================================================
[2026-09-16T15:50:30.640+0000] {manager.py:878} INFO - 
================================================================================
DAG File Processing Stats

File Path                            PID    Runtime      # DAGs    # Errors  Last Runtime    Last Run
-----------------------------------  -----  ---------  --------  ----------  --------------  -------------------
/opt/airflow/dags/extraction_dag.py                           1           0  0.40s           2026-09-16T15:50:08
================================================================================
[2026-09-16T15:51:01.145+0000] {manager.py:878} INFO - 
================================================================================
DAG File Processing Stats

File Path                            PID    Runtime      # DAGs    # Errors  Last Runtime    Last Run
-----------------------------------  -----  ---------  --------  ----------  --------------  -------------------
/opt/airflow/dags/extraction_dag.py                           1           0  0.30s           2026-09-16T15:50:39
================================================================================
[2026-09-16T15:51:05.329+0000] {manager.py:737} INFO - Searching for files in /opt/airflow/dags
[2026-09-16T15:51:05.426+0000] {manager.py:740} INFO - There are 1 files in /opt/airflow/dags
[2026-09-16T15:51:31.655+0000] {manager.py:878} INFO - 
================================================================================
DAG File Processing Stats

File Path                            PID    Runtime      # DAGs    # Errors  Last Runtime    Last Run
-----------------------------------  -----  ---------  --------  ----------  --------------  -------------------
/opt/airflow/dags/extraction_dag.py                           1           0  0.26s           2026-09-16T15:51:09
================================================================================
[2026-09-16T15:52:01.915+0000] {manager.py:878} INFO - 
================================================================================
DAG File Processing Stats

File Path                            PID    Runtime      # DAGs    # Errors  Last Runtime    Last Run
-----------------------------------  -----  ---------  --------  ----------  --------------  -------------------
/opt/airflow/dags/extraction_dag.py                           1           0  0.29s           2026-09-16T15:51:40
================================================================================
[2026-09-16T15:52:32.453+0000] {manager.py:878} INFO - 
================================================================================
DAG File Processing Stats

File Path                            PID    Runtime      # DAGs    # Errors  Last Runtime    Last Run
-----------------------------------  -----  ---------  --------  ----------  --------------  -------------------
/opt/airflow/dags/extraction_dag.py                           1           0  0.25s           2026-09-16T15:52:10
================================================================================
[2026-09-16T15:53:03.016+0000] {manager.py:878} INFO - 
================================================================================
DAG File Processing Stats

File Path                            PID    Runtime      # DAGs    # Errors  Last Runtime    Last Run
-----------------------------------  -----  ---------  --------  ----------  --------------  -------------------
/opt/airflow/dags/extraction_dag.py                           1           0  0.36s           2026-09-16T15:52:41
================================================================================
[2026-09-16T15:53:33.288+0000] {manager.py:878} INFO - 
================================================================================
DAG File Processing Stats

File Path                            PID    Runtime      # DAGs    # Errors  Last Runtime    Last Run
-----------------------------------  -----  ---------  --------  ----------  --------------  -------------------
/opt/airflow/dags/extraction_dag.py                           1           0  0.78s           2026-09-16T15:53:12
================================================================================
[2026-09-16T15:54:03.546+0000] {manager.py:878} INFO - 
================================================================================
DAG File Processing Stats

File Path                            PID    Runtime      # DAGs    # Errors  Last Runtime    Last Run
-----------------------------------  -----  ---------  --------  ----------  --------------  -------------------
/opt/airflow/dags/extraction_dag.py                           1           0  0.53s           2026-09-16T15:53:42
================================================================================
[2026-09-16T15:54:33.598+0000] {manager.py:878} INFO - 
================================================================================
DAG File Processing Stats

File Path                            PID    Runtime      # DAGs    # Errors  Last Runtime    Last Run
-----------------------------------  -----  ---------  --------  ----------  --------------  -------------------
/opt/airflow/dags/extraction_dag.py                           1           0  0.29s           2026-09-16T15:54:13
================================================================================
[2026-09-16T15:55:03.913+0000] {manager.py:878} INFO - 
================================================================================
DAG File Processing Stats

File Path                            PID    Runtime      # DAGs    # Errors  Last Runtime    Last Run
-----------------------------------  -----  ---------  --------  ----------  --------------  -------------------
/opt/airflow/dags/extraction_dag.py                           1           0  0.49s           2026-09-16T15:54:44
================================================================================
[2026-09-16T15:55:34.637+0000] {manager.py:878} INFO - 
================================================================================
DAG File Processing Stats

File Path                            PID    Runtime      # DAGs    # Errors  Last Runtime    Last Run
-----------------------------------  -----  ---------  --------  ----------  --------------  -------------------
/opt/airflow/dags/extraction_dag.py                           1           0  0.25s           2026-09-16T15:55:14
================================================================================
[2026-09-16T15:56:05.139+0000] {manager.py:878} INFO - 
================================================================================
DAG File Processing Stats

File Path                            PID    Runtime      # DAGs    # Errors  Last Runtime    Last Run
-----------------------------------  -----  ---------  --------  ----------  --------------  -------------------
/opt/airflow/dags/extraction_dag.py                           1           0  0.25s           2026-09-16T15:55:44
================================================================================
[2026-09-16T15:56:06.147+0000] {manager.py:737} INFO - Searching for files in /opt/airflow/dags
[2026-09-16T15:56:06.216+0000] {manager.py:740} INFO - There are 1 files in /opt/airflow/dags
[2026-09-16T15:56:35.495+0000] {manager.py:878} INFO - 
================================================================================
DAG File Processing Stats

File Path                            PID    Runtime      # DAGs    # Errors  Last Runtime    Last Run
-----------------------------------  -----  ---------  --------  ----------  --------------  -------------------
/opt/airflow/dags/extraction_dag.py                           1           0  0.28s           2026-09-16T15:56:15
================================================================================
[2026-09-16T15:57:06.049+0000] {manager.py:878} INFO - 
================================================================================
DAG File Processing Stats

File Path                            PID    Runtime      # DAGs    # Errors  Last Runtime    Last Run
-----------------------------------  -----  ---------  --------  ----------  --------------  -------------------
/opt/airflow/dags/extraction_dag.py                           1           0  0.27s           2026-09-16T15:56:46
================================================================================
[2026-09-16T15:57:36.590+0000] {manager.py:878} INFO - 
================================================================================
DAG File Processing Stats

File Path                            PID    Runtime      # DAGs    # Errors  Last Runtime    Last Run
-----------------------------------  -----  ---------  --------  ----------  --------------  -------------------
/opt/airflow/dags/extraction_dag.py                           1           0  0.29s           2026-09-16T15:57:16
================================================================================
[2026-09-16T15:58:07.115+0000] {manager.py:878} INFO - 
================================================================================
DAG File Processing Stats

File Path                            PID    Runtime      # DAGs    # Errors  Last Runtime    Last Run
-----------------------------------  -----  ---------  --------  ----------  --------------  -------------------
/opt/airflow/dags/extraction_dag.py                           1           0  0.24s           2026-09-16T15:57:47
================================================================================
[2026-09-16T15:58:37.607+0000] {manager.py:878} INFO - 
================================================================================
DAG File Processing Stats

File Path                            PID    Runtime      # DAGs    # Errors  Last Runtime    Last Run
-----------------------------------  -----  ---------  --------  ----------  --------------  -------------------
/opt/airflow/dags/extraction_dag.py                           1           0  0.21s           2026-09-16T15:58:17
================================================================================
[2026-09-16T15:59:08.107+0000] {manager.py:878} INFO - 
================================================================================
DAG File Processing Stats

File Path                            PID    Runtime      # DAGs    # Errors  Last Runtime    Last Run
-----------------------------------  -----  ---------  --------  ----------  --------------  -------------------
/opt/airflow/dags/extraction_dag.py                           1           0  0.28s           2026-09-16T15:58:48
================================================================================
[2026-09-16T15:59:38.518+0000] {manager.py:878} INFO - 
================================================================================
DAG File Processing Stats

File Path                            PID    Runtime      # DAGs    # Errors  Last Runtime    Last Run
-----------------------------------  -----  ---------  --------  ----------  --------------  -------------------
/opt/airflow/dags/extraction_dag.py                           1           0  0.32s           2026-09-16T15:59:18
================================================================================
[2026-09-16T16:00:09.047+0000] {manager.py:878} INFO - 
================================================================================
DAG File Processing Stats

File Path                            PID    Runtime      # DAGs    # Errors  Last Runtime    Last Run
-----------------------------------  -----  ---------  --------  ----------  --------------  -------------------
/opt/airflow/dags/extraction_dag.py                           1           0  0.27s           2026-09-16T15:59:48
================================================================================
[2026-09-16T16:00:39.432+0000] {manager.py:878} INFO - 
================================================================================
DAG File Processing Stats

File Path                            PID    Runtime      # DAGs    # Errors  Last Runtime    Last Run
-----------------------------------  -----  ---------  --------  ----------  --------------  -------------------
/opt/airflow/dags/extraction_dag.py                           1           0  0.36s           2026-09-16T16:00:19
================================================================================
[2026-09-16T16:01:06.195+0000] {manager.py:737} INFO - Searching for files in /opt/airflow/dags
[2026-09-16T16:01:06.260+0000] {manager.py:740} INFO - There are 1 files in /opt/airflow/dags
[2026-09-16T16:01:10.014+0000] {manager.py:878} INFO - 
================================================================================
DAG File Processing Stats

File Path                            PID    Runtime      # DAGs    # Errors  Last Runtime    Last Run
-----------------------------------  -----  ---------  --------  ----------  --------------  -------------------
/opt/airflow/dags/extraction_dag.py                           1           0  0.24s           2026-09-16T16:00:50
================================================================================
[2026-09-16T16:01:40.646+0000] {manager.py:878} INFO - 
================================================================================
DAG File Processing Stats

File Path                            PID    Runtime      # DAGs    # Errors  Last Runtime    Last Run
-----------------------------------  -----  ---------  --------  ----------  --------------  -------------------
/opt/airflow/dags/extraction_dag.py                           1           0  0.43s           2026-09-16T16:01:20
================================================================================
[2026-09-16T16:02:11.093+0000] {manager.py:878} INFO - 
================================================================================
DAG File Processing Stats

File Path                            PID    Runtime      # DAGs    # Errors  Last Runtime    Last Run
-----------------------------------  -----  ---------  --------  ----------  --------------  -------------------
/opt/airflow/dags/extraction_dag.py                           1           0  0.33s           2026-09-16T16:01:51
================================================================================
[2026-09-16T16:02:41.600+0000] {manager.py:878} INFO - 
================================================================================
DAG File Processing Stats

File Path                            PID    Runtime      # DAGs    # Errors  Last Runtime    Last Run
-----------------------------------  -----  ---------  --------  ----------  --------------  -------------------
/opt/airflow/dags/extraction_dag.py                           1           0  0.39s           2026-09-16T16:02:21
================================================================================
[2026-09-16T16:03:12.010+0000] {manager.py:878} INFO - 
================================================================================
DAG File Processing Stats

File Path                            PID    Runtime      # DAGs    # Errors  Last Runtime    Last Run
-----------------------------------  -----  ---------  --------  ----------  --------------  -------------------
/opt/airflow/dags/extraction_dag.py                           1           0  0.29s           2026-09-16T16:02:51
================================================================================
[2026-09-16T16:03:42.392+0000] {manager.py:878} INFO - 
================================================================================
DAG File Processing Stats

File Path                            PID    Runtime      # DAGs    # Errors  Last Runtime    Last Run
-----------------------------------  -----  ---------  --------  ----------  --------------  -------------------
/opt/airflow/dags/extraction_dag.py                           1           0  0.36s           2026-09-16T16:03:22
================================================================================
[2026-09-16T16:04:12.883+0000] {manager.py:878} INFO - 
================================================================================
DAG File Processing Stats

File Path                            PID    Runtime      # DAGs    # Errors  Last Runtime    Last Run
-----------------------------------  -----  ---------  --------  ----------  --------------  -------------------
/opt/airflow/dags/extraction_dag.py                           1           0  0.26s           2026-09-16T16:03:52
================================================================================
[2026-09-16T16:04:43.168+0000] {manager.py:878} INFO - 
================================================================================
DAG File Processing Stats

File Path                            PID    Runtime      # DAGs    # Errors  Last Runtime    Last Run
-----------------------------------  -----  ---------  --------  ----------  --------------  -------------------
/opt/airflow/dags/extraction_dag.py                           1           0  0.34s           2026-09-16T16:04:23
================================================================================
[2026-09-16T16:05:13.785+0000] {manager.py:878} INFO - 
================================================================================
DAG File Processing Stats

File Path                            PID    Runtime      # DAGs    # Errors  Last Runtime    Last Run
-----------------------------------  -----  ---------  --------  ----------  --------------  -------------------
/opt/airflow/dags/extraction_dag.py                           1           0  0.19s           2026-09-16T16:04:53
================================================================================
[2026-09-16T16:05:44.163+0000] {manager.py:878} INFO - 
================================================================================
DAG File Processing Stats

File Path                            PID    Runtime      # DAGs    # Errors  Last Runtime    Last Run
-----------------------------------  -----  ---------  --------  ----------  --------------  -------------------
/opt/airflow/dags/extraction_dag.py                           1           0  0.25s           2026-09-16T16:05:24
================================================================================
[2026-09-16T16:06:06.453+0000] {manager.py:737} INFO - Searching for files in /opt/airflow/dags
[2026-09-16T16:06:06.585+0000] {manager.py:740} INFO - There are 1 files in /opt/airflow/dags
[2026-09-16T16:06:14.682+0000] {manager.py:878} INFO - 
================================================================================
DAG File Processing Stats

File Path                            PID    Runtime      # DAGs    # Errors  Last Runtime    Last Run
-----------------------------------  -----  ---------  --------  ----------  --------------  -------------------
/opt/airflow/dags/extraction_dag.py                           1           0  0.25s           2026-09-16T16:05:54
================================================================================
[2026-09-16T16:06:44.966+0000] {manager.py:878} INFO - 
================================================================================
DAG File Processing Stats

File Path                            PID    Runtime      # DAGs    # Errors  Last Runtime    Last Run
-----------------------------------  -----  ---------  --------  ----------  --------------  -------------------
/opt/airflow/dags/extraction_dag.py                           1           0  0.29s           2026-09-16T16:06:25
================================================================================
[2026-09-16T16:07:15.546+0000] {manager.py:878} INFO - 
================================================================================
DAG File Processing Stats

File Path                            PID    Runtime      # DAGs    # Errors  Last Runtime    Last Run
-----------------------------------  -----  ---------  --------  ----------  --------------  -------------------
/opt/airflow/dags/extraction_dag.py                           1           0  0.25s           2026-09-16T16:06:55
================================================================================
[2026-09-16T16:07:46.047+0000] {manager.py:878} INFO - 
================================================================================
DAG File Processing Stats

File Path                            PID    Runtime      # DAGs    # Errors  Last Runtime    Last Run
-----------------------------------  -----  ---------  --------  ----------  --------------  -------------------
/opt/airflow/dags/extraction_dag.py                           1           0  0.28s           2026-09-16T16:07:25
================================================================================
[2026-09-16T16:08:16.384+0000] {manager.py:878} INFO - 
================================================================================
DAG File Processing Stats

File Path                            PID    Runtime      # DAGs    # Errors  Last Runtime    Last Run
-----------------------------------  -----  ---------  --------  ----------  --------------  -------------------
/opt/airflow/dags/extraction_dag.py                           1           0  0.32s           2026-09-16T16:07:56
================================================================================
[2026-09-16T16:08:46.919+0000] {manager.py:878} INFO - 
================================================================================
DAG File Processing Stats

File Path                            PID    Runtime      # DAGs    # Errors  Last Runtime    Last Run
-----------------------------------  -----  ---------  --------  ----------  --------------  -------------------
/opt/airflow/dags/extraction_dag.py                           1           0  0.24s           2026-09-16T16:08:26
================================================================================
[2026-09-16T16:09:17.238+0000] {manager.py:878} INFO - 
================================================================================
DAG File Processing Stats

File Path                            PID    Runtime      # DAGs    # Errors  Last Runtime    Last Run
-----------------------------------  -----  ---------  --------  ----------  --------------  -------------------
/opt/airflow/dags/extraction_dag.py                           1           0  0.24s           2026-09-16T16:08:57
================================================================================
[2026-09-16T16:09:47.703+0000] {manager.py:878} INFO - 
================================================================================
DAG File Processing Stats

File Path                            PID    Runtime      # DAGs    # Errors  Last Runtime    Last Run
-----------------------------------  -----  ---------  --------  ----------  --------------  -------------------
/opt/airflow/dags/extraction_dag.py                           1           0  0.23s           2026-09-16T16:09:27
================================================================================
[2026-09-16T16:10:18.009+0000] {manager.py:878} INFO - 
================================================================================
DAG File Processing Stats

File Path                            PID    Runtime      # DAGs    # Errors  Last Runtime    Last Run
-----------------------------------  -----  ---------  --------  ----------  --------------  -------------------
/opt/airflow/dags/extraction_dag.py                           1           0  0.25s           2026-09-16T16:09:58
================================================================================
[2026-09-16T16:10:48.492+0000] {manager.py:878} INFO - 
================================================================================
DAG File Processing Stats

File Path                            PID    Runtime      # DAGs    # Errors  Last Runtime    Last Run
-----------------------------------  -----  ---------  --------  ----------  --------------  -------------------
/opt/airflow/dags/extraction_dag.py                           1           0  0.28s           2026-09-16T16:10:28
================================================================================
[2026-09-16T16:11:06.703+0000] {manager.py:737} INFO - Searching for files in /opt/airflow/dags
[2026-09-16T16:11:06.783+0000] {manager.py:740} INFO - There are 1 files in /opt/airflow/dags
[2026-09-16T16:11:18.894+0000] {manager.py:878} INFO - 
================================================================================
DAG File Processing Stats

File Path                            PID    Runtime      # DAGs    # Errors  Last Runtime    Last Run
-----------------------------------  -----  ---------  --------  ----------  --------------  -------------------
/opt/airflow/dags/extraction_dag.py                           1           0  0.27s           2026-09-16T16:10:58
================================================================================
[2026-09-16T16:25:47.417+0000] {manager.py:737} INFO - Searching for files in /opt/airflow/dags
[2026-09-16T16:25:47.516+0000] {manager.py:740} INFO - There are 1 files in /opt/airflow/dags
[2026-09-16T16:25:57.718+0000] {manager.py:878} INFO - 
================================================================================
DAG File Processing Stats

File Path                            PID    Runtime      # DAGs    # Errors  Last Runtime    Last Run
-----------------------------------  -----  ---------  --------  ----------  --------------  -------------------
/opt/airflow/dags/extraction_dag.py                           1           0  0.58s           2026-09-16T16:25:48
================================================================================
[2026-09-16T16:26:28.000+0000] {manager.py:878} INFO - 
================================================================================
DAG File Processing Stats

File Path                            PID    Runtime      # DAGs    # Errors  Last Runtime    Last Run
-----------------------------------  -----  ---------  --------  ----------  --------------  -------------------
/opt/airflow/dags/extraction_dag.py                           1           0  0.57s           2026-09-16T16:26:19
================================================================================
[2026-09-16T16:26:58.390+0000] {manager.py:878} INFO - 
================================================================================
DAG File Processing Stats

File Path                            PID    Runtime      # DAGs    # Errors  Last Runtime    Last Run
-----------------------------------  -----  ---------  --------  ----------  --------------  -------------------
/opt/airflow/dags/extraction_dag.py                           1           0  0.33s           2026-09-16T16:26:49
================================================================================
[2026-09-16T16:27:28.919+0000] {manager.py:878} INFO - 
================================================================================
DAG File Processing Stats

File Path                            PID    Runtime      # DAGs    # Errors  Last Runtime    Last Run
-----------------------------------  -----  ---------  --------  ----------  --------------  -------------------
/opt/airflow/dags/extraction_dag.py                           1           0  0.45s           2026-09-16T16:27:20
================================================================================
[2026-09-16T16:27:59.471+0000] {manager.py:878} INFO - 
================================================================================
DAG File Processing Stats

File Path                            PID    Runtime      # DAGs    # Errors  Last Runtime    Last Run
-----------------------------------  -----  ---------  --------  ----------  --------------  -------------------
/opt/airflow/dags/extraction_dag.py                           1           0  0.36s           2026-09-16T16:27:50
================================================================================
[2026-09-16T16:28:29.784+0000] {manager.py:878} INFO - 
================================================================================
DAG File Processing Stats

File Path                            PID    Runtime      # DAGs    # Errors  Last Runtime    Last Run
-----------------------------------  -----  ---------  --------  ----------  --------------  -------------------
/opt/airflow/dags/extraction_dag.py                           1           0  0.22s           2026-09-16T16:28:20
================================================================================
[2026-09-16T16:29:00.202+0000] {manager.py:878} INFO - 
================================================================================
DAG File Processing Stats

File Path                            PID    Runtime      # DAGs    # Errors  Last Runtime    Last Run
-----------------------------------  -----  ---------  --------  ----------  --------------  -------------------
/opt/airflow/dags/extraction_dag.py                           1           0  0.25s           2026-09-16T16:28:51
================================================================================
[2026-09-16T16:29:30.584+0000] {manager.py:878} INFO - 
================================================================================
DAG File Processing Stats

File Path                            PID    Runtime      # DAGs    # Errors  Last Runtime    Last Run
-----------------------------------  -----  ---------  --------  ----------  --------------  -------------------
/opt/airflow/dags/extraction_dag.py                           1           0  0.21s           2026-09-16T16:29:21
================================================================================
[2026-09-16T16:30:00.959+0000] {manager.py:878} INFO - 
================================================================================
DAG File Processing Stats

File Path                            PID    Runtime      # DAGs    # Errors  Last Runtime    Last Run
-----------------------------------  -----  ---------  --------  ----------  --------------  -------------------
/opt/airflow/dags/extraction_dag.py                           1           0  0.24s           2026-09-16T16:29:52
================================================================================
[2026-09-16T16:30:31.442+0000] {manager.py:878} INFO - 
================================================================================
DAG File Processing Stats

File Path                            PID    Runtime      # DAGs    # Errors  Last Runtime    Last Run
-----------------------------------  -----  ---------  --------  ----------  --------------  -------------------
/opt/airflow/dags/extraction_dag.py                           1           0  0.28s           2026-09-16T16:30:22
================================================================================
[2026-09-16T16:30:47.613+0000] {manager.py:737} INFO - Searching for files in /opt/airflow/dags
[2026-09-16T16:30:47.703+0000] {manager.py:740} INFO - There are 1 files in /opt/airflow/dags
[2026-09-16T16:31:01.933+0000] {manager.py:878} INFO - 
================================================================================
DAG File Processing Stats

File Path                            PID    Runtime      # DAGs    # Errors  Last Runtime    Last Run
-----------------------------------  -----  ---------  --------  ----------  --------------  -------------------
/opt/airflow/dags/extraction_dag.py                           1           0  0.35s           2026-09-16T16:30:53
================================================================================
[2026-09-16T16:31:32.558+0000] {manager.py:878} INFO - 
================================================================================
DAG File Processing Stats

File Path                            PID    Runtime      # DAGs    # Errors  Last Runtime    Last Run
-----------------------------------  -----  ---------  --------  ----------  --------------  -------------------
/opt/airflow/dags/extraction_dag.py                           1           0  0.25s           2026-09-16T16:31:23
================================================================================
[2026-09-16T16:32:03.118+0000] {manager.py:878} INFO - 
================================================================================
DAG File Processing Stats

File Path                            PID    Runtime      # DAGs    # Errors  Last Runtime    Last Run
-----------------------------------  -----  ---------  --------  ----------  --------------  -------------------
/opt/airflow/dags/extraction_dag.py                           1           0  0.30s           2026-09-16T16:31:54
================================================================================
[2026-09-16T16:32:33.488+0000] {manager.py:878} INFO - 
================================================================================
DAG File Processing Stats

File Path                            PID    Runtime      # DAGs    # Errors  Last Runtime    Last Run
-----------------------------------  -----  ---------  --------  ----------  --------------  -------------------
/opt/airflow/dags/extraction_dag.py                           1           0  0.31s           2026-09-16T16:32:24
================================================================================
[2026-09-16T16:33:04.076+0000] {manager.py:878} INFO - 
================================================================================
DAG File Processing Stats

File Path                            PID    Runtime      # DAGs    # Errors  Last Runtime    Last Run
-----------------------------------  -----  ---------  --------  ----------  --------------  -------------------
/opt/airflow/dags/extraction_dag.py                           1           0  0.32s           2026-09-16T16:32:55
================================================================================
[2026-09-16T16:33:34.428+0000] {manager.py:878} INFO - 
================================================================================
DAG File Processing Stats

File Path                            PID    Runtime      # DAGs    # Errors  Last Runtime    Last Run
-----------------------------------  -----  ---------  --------  ----------  --------------  -------------------
/opt/airflow/dags/extraction_dag.py                           1           0  0.25s           2026-09-16T16:33:25
================================================================================
[2026-09-16T16:34:04.968+0000] {manager.py:878} INFO - 
================================================================================
DAG File Processing Stats

File Path                            PID    Runtime      # DAGs    # Errors  Last Runtime    Last Run
-----------------------------------  -----  ---------  --------  ----------  --------------  -------------------
/opt/airflow/dags/extraction_dag.py                           1           0  0.32s           2026-09-16T16:33:55
================================================================================
[2026-09-16T16:34:35.386+0000] {manager.py:878} INFO - 
================================================================================
DAG File Processing Stats

File Path                            PID    Runtime      # DAGs    # Errors  Last Runtime    Last Run
-----------------------------------  -----  ---------  --------  ----------  --------------  -------------------
/opt/airflow/dags/extraction_dag.py                           1           0  0.30s           2026-09-16T16:34:26
================================================================================
[2026-09-16T16:35:05.876+0000] {manager.py:878} INFO - 
================================================================================
DAG File Processing Stats

File Path                            PID    Runtime      # DAGs    # Errors  Last Runtime    Last Run
-----------------------------------  -----  ---------  --------  ----------  --------------  -------------------
/opt/airflow/dags/extraction_dag.py                           1           0  0.44s           2026-09-16T16:34:57
================================================================================
[2026-09-16T16:35:36.405+0000] {manager.py:878} INFO - 
================================================================================
DAG File Processing Stats

File Path                            PID    Runtime      # DAGs    # Errors  Last Runtime    Last Run
-----------------------------------  -----  ---------  --------  ----------  --------------  -------------------
/opt/airflow/dags/extraction_dag.py                           1           0  0.33s           2026-09-16T16:35:27
================================================================================
[2026-09-16T16:35:48.506+0000] {manager.py:737} INFO - Searching for files in /opt/airflow/dags
[2026-09-16T16:35:48.591+0000] {manager.py:740} INFO - There are 1 files in /opt/airflow/dags
[2026-09-16T16:36:06.811+0000] {manager.py:878} INFO - 
================================================================================
DAG File Processing Stats

File Path                            PID    Runtime      # DAGs    # Errors  Last Runtime    Last Run
-----------------------------------  -----  ---------  --------  ----------  --------------  -------------------
/opt/airflow/dags/extraction_dag.py                           1           0  0.24s           2026-09-16T16:35:57
================================================================================
[2026-09-16T16:36:37.308+0000] {manager.py:878} INFO - 
================================================================================
DAG File Processing Stats

File Path                            PID    Runtime      # DAGs    # Errors  Last Runtime    Last Run
-----------------------------------  -----  ---------  --------  ----------  --------------  -------------------
/opt/airflow/dags/extraction_dag.py                           1           0  0.22s           2026-09-16T16:36:28
================================================================================
[2026-09-16T16:37:07.634+0000] {manager.py:878} INFO - 
================================================================================
DAG File Processing Stats

File Path                            PID    Runtime      # DAGs    # Errors  Last Runtime    Last Run
-----------------------------------  -----  ---------  --------  ----------  --------------  -------------------
/opt/airflow/dags/extraction_dag.py                           1           0  0.29s           2026-09-16T16:36:58
================================================================================
[2026-09-16T16:37:38.179+0000] {manager.py:878} INFO - 
================================================================================
DAG File Processing Stats

File Path                            PID    Runtime      # DAGs    # Errors  Last Runtime    Last Run
-----------------------------------  -----  ---------  --------  ----------  --------------  -------------------
/opt/airflow/dags/extraction_dag.py                           1           0  0.34s           2026-09-16T16:37:29
================================================================================
[2026-09-16T16:38:08.573+0000] {manager.py:878} INFO - 
================================================================================
DAG File Processing Stats

File Path                            PID    Runtime      # DAGs    # Errors  Last Runtime    Last Run
-----------------------------------  -----  ---------  --------  ----------  --------------  -------------------
/opt/airflow/dags/extraction_dag.py                           1           0  0.43s           2026-09-16T16:37:59
================================================================================
[2026-09-16T16:38:39.239+0000] {manager.py:878} INFO - 
================================================================================
DAG File Processing Stats

File Path                            PID    Runtime      # DAGs    # Errors  Last Runtime    Last Run
-----------------------------------  -----  ---------  --------  ----------  --------------  -------------------
/opt/airflow/dags/extraction_dag.py                           1           0  0.33s           2026-09-16T16:38:30
================================================================================
[2026-09-16T16:39:09.863+0000] {manager.py:878} INFO - 
================================================================================
DAG File Processing Stats

File Path                            PID    Runtime      # DAGs    # Errors  Last Runtime    Last Run
-----------------------------------  -----  ---------  --------  ----------  --------------  -------------------
/opt/airflow/dags/extraction_dag.py                           1           0  0.23s           2026-09-16T16:39:01
================================================================================
[2026-09-16T16:39:40.365+0000] {manager.py:878} INFO - 
================================================================================
DAG File Processing Stats

File Path                            PID    Runtime      # DAGs    # Errors  Last Runtime    Last Run
-----------------------------------  -----  ---------  --------  ----------  --------------  -------------------
/opt/airflow/dags/extraction_dag.py                           1           0  0.21s           2026-09-16T16:39:31
================================================================================
[2026-09-16T16:40:10.692+0000] {manager.py:878} INFO - 
================================================================================
DAG File Processing Stats

File Path                            PID    Runtime      # DAGs    # Errors  Last Runtime    Last Run
-----------------------------------  -----  ---------  --------  ----------  --------------  -------------------
/opt/airflow/dags/extraction_dag.py                           1           0  0.25s           2026-09-16T16:40:01
================================================================================
[2026-09-16T16:40:41.214+0000] {manager.py:878} INFO - 
================================================================================
DAG File Processing Stats

File Path                            PID    Runtime      # DAGs    # Errors  Last Runtime    Last Run
-----------------------------------  -----  ---------  --------  ----------  --------------  -------------------
/opt/airflow/dags/extraction_dag.py                           1           0  0.30s           2026-09-16T16:40:32
================================================================================
[2026-09-16T16:40:49.294+0000] {manager.py:737} INFO - Searching for files in /opt/airflow/dags
[2026-09-16T16:40:49.352+0000] {manager.py:740} INFO - There are 1 files in /opt/airflow/dags
[2026-09-16T16:41:11.605+0000] {manager.py:878} INFO - 
================================================================================
DAG File Processing Stats

File Path                            PID    Runtime      # DAGs    # Errors  Last Runtime    Last Run
-----------------------------------  -----  ---------  --------  ----------  --------------  -------------------
/opt/airflow/dags/extraction_dag.py                           1           0  0.31s           2026-09-16T16:41:02
================================================================================
[2026-09-16T17:29:09.077+0000] {manager.py:737} INFO - Searching for files in /opt/airflow/dags
[2026-09-16T17:29:10.515+0000] {manager.py:740} INFO - There are 1 files in /opt/airflow/dags
[2026-09-16T17:41:19.217+0000] {manager.py:737} INFO - Searching for files in /opt/airflow/dags
[2026-09-16T17:41:19.445+0000] {manager.py:740} INFO - There are 1 files in /opt/airflow/dags
[2026-09-16T17:41:20.048+0000] {manager.py:1203} ERROR - Processor for /opt/airflow/dags/extraction_dag.py with PID 1073 started at 2026-09-16T17:29:10.682559+00:00 has timed out, killing it.
[2026-09-16T17:41:32.326+0000] {manager.py:878} INFO - 
================================================================================
DAG File Processing Stats

File Path                            PID    Runtime      # DAGs    # Errors  Last Runtime    Last Run
-----------------------------------  -----  ---------  --------  ----------  --------------  -------------------
/opt/airflow/dags/extraction_dag.py                           0           1  729.37s         2026-09-16T17:41:20
================================================================================
[2026-09-16T17:42:02.619+0000] {manager.py:878} INFO - 
================================================================================
DAG File Processing Stats

File Path                            PID    Runtime      # DAGs    # Errors  Last Runtime    Last Run
-----------------------------------  -----  ---------  --------  ----------  --------------  -------------------
/opt/airflow/dags/extraction_dag.py                           1           0  0.38s           2026-09-16T17:41:50
================================================================================
[2026-09-16T17:42:32.906+0000] {manager.py:878} INFO - 
================================================================================
DAG File Processing Stats

File Path                            PID    Runtime      # DAGs    # Errors  Last Runtime    Last Run
-----------------------------------  -----  ---------  --------  ----------  --------------  -------------------
/opt/airflow/dags/extraction_dag.py                           1           0  0.66s           2026-09-16T17:42:21
================================================================================
[2026-09-16T17:43:03.219+0000] {manager.py:878} INFO - 
================================================================================
DAG File Processing Stats

File Path                            PID    Runtime      # DAGs    # Errors  Last Runtime    Last Run
-----------------------------------  -----  ---------  --------  ----------  --------------  -------------------
/opt/airflow/dags/extraction_dag.py                           1           0  0.35s           2026-09-16T17:42:52
================================================================================
[2026-09-16T17:43:33.862+0000] {manager.py:878} INFO - 
================================================================================
DAG File Processing Stats

File Path                            PID    Runtime      # DAGs    # Errors  Last Runtime    Last Run
-----------------------------------  -----  ---------  --------  ----------  --------------  -------------------
/opt/airflow/dags/extraction_dag.py                           1           0  0.28s           2026-09-16T17:43:23
================================================================================
[2026-09-16T17:44:04.393+0000] {manager.py:878} INFO - 
================================================================================
DAG File Processing Stats

File Path                            PID    Runtime      # DAGs    # Errors  Last Runtime    Last Run
-----------------------------------  -----  ---------  --------  ----------  --------------  -------------------
/opt/airflow/dags/extraction_dag.py                           1           0  0.38s           2026-09-16T17:43:53
================================================================================
[2026-09-16T17:44:34.749+0000] {manager.py:878} INFO - 
================================================================================
DAG File Processing Stats

File Path                            PID    Runtime      # DAGs    # Errors  Last Runtime    Last Run
-----------------------------------  -----  ---------  --------  ----------  --------------  -------------------
/opt/airflow/dags/extraction_dag.py                           1           0  0.35s           2026-09-16T17:44:23
================================================================================
[2026-09-16T17:45:05.275+0000] {manager.py:878} INFO - 
================================================================================
DAG File Processing Stats

File Path                            PID    Runtime      # DAGs    # Errors  Last Runtime    Last Run
-----------------------------------  -----  ---------  --------  ----------  --------------  -------------------
/opt/airflow/dags/extraction_dag.py                           1           0  0.30s           2026-09-16T17:44:54
================================================================================
[2026-09-16T17:45:35.853+0000] {manager.py:878} INFO - 
================================================================================
DAG File Processing Stats

File Path                            PID    Runtime      # DAGs    # Errors  Last Runtime    Last Run
-----------------------------------  -----  ---------  --------  ----------  --------------  -------------------
/opt/airflow/dags/extraction_dag.py                           1           0  0.28s           2026-09-16T17:45:25
================================================================================
[2026-09-16T17:46:06.342+0000] {manager.py:878} INFO - 
================================================================================
DAG File Processing Stats

File Path                            PID    Runtime      # DAGs    # Errors  Last Runtime    Last Run
-----------------------------------  -----  ---------  --------  ----------  --------------  -------------------
/opt/airflow/dags/extraction_dag.py                           1           0  0.25s           2026-09-16T17:45:55
================================================================================
[2026-09-16T17:46:19.439+0000] {manager.py:737} INFO - Searching for files in /opt/airflow/dags
[2026-09-16T17:46:19.551+0000] {manager.py:740} INFO - There are 1 files in /opt/airflow/dags
[2026-09-16T17:46:36.746+0000] {manager.py:878} INFO - 
================================================================================
DAG File Processing Stats

File Path                            PID    Runtime      # DAGs    # Errors  Last Runtime    Last Run
-----------------------------------  -----  ---------  --------  ----------  --------------  -------------------
/opt/airflow/dags/extraction_dag.py                           1           0  0.29s           2026-09-16T17:46:25
================================================================================
[2026-09-16T17:47:07.321+0000] {manager.py:878} INFO - 
================================================================================
DAG File Processing Stats

File Path                            PID    Runtime      # DAGs    # Errors  Last Runtime    Last Run
-----------------------------------  -----  ---------  --------  ----------  --------------  -------------------
/opt/airflow/dags/extraction_dag.py                           1           0  0.33s           2026-09-16T17:46:56
================================================================================
[2026-09-16T17:47:37.901+0000] {manager.py:878} INFO - 
================================================================================
DAG File Processing Stats

File Path                            PID    Runtime      # DAGs    # Errors  Last Runtime    Last Run
-----------------------------------  -----  ---------  --------  ----------  --------------  -------------------
/opt/airflow/dags/extraction_dag.py                           1           0  0.30s           2026-09-16T17:47:27
================================================================================
[2026-09-16T17:48:08.471+0000] {manager.py:878} INFO - 
================================================================================
DAG File Processing Stats

File Path                            PID    Runtime      # DAGs    # Errors  Last Runtime    Last Run
-----------------------------------  -----  ---------  --------  ----------  --------------  -------------------
/opt/airflow/dags/extraction_dag.py                           1           0  0.24s           2026-09-16T17:47:57
================================================================================
[2026-09-16T17:48:39.020+0000] {manager.py:878} INFO - 
================================================================================
DAG File Processing Stats

File Path                            PID    Runtime      # DAGs    # Errors  Last Runtime    Last Run
-----------------------------------  -----  ---------  --------  ----------  --------------  -------------------
/opt/airflow/dags/extraction_dag.py                           1           0  0.30s           2026-09-16T17:48:27
================================================================================
[2026-09-16T17:49:09.430+0000] {manager.py:878} INFO - 
================================================================================
DAG File Processing Stats

File Path                            PID    Runtime      # DAGs    # Errors  Last Runtime    Last Run
-----------------------------------  -----  ---------  --------  ----------  --------------  -------------------
/opt/airflow/dags/extraction_dag.py                           1           0  0.41s           2026-09-16T17:48:58
================================================================================
[2026-09-16T17:49:40.117+0000] {manager.py:878} INFO - 
================================================================================
DAG File Processing Stats

File Path                            PID    Runtime      # DAGs    # Errors  Last Runtime    Last Run
-----------------------------------  -----  ---------  --------  ----------  --------------  -------------------
/opt/airflow/dags/extraction_dag.py                           1           0  0.33s           2026-09-16T17:49:29
================================================================================
[2026-09-16T17:50:10.149+0000] {manager.py:878} INFO - 
================================================================================
DAG File Processing Stats

File Path                            PID    Runtime      # DAGs    # Errors  Last Runtime    Last Run
-----------------------------------  -----  ---------  --------  ----------  --------------  -------------------
/opt/airflow/dags/extraction_dag.py                           1           0  0.40s           2026-09-16T17:50:00
================================================================================
[2026-09-16T17:50:40.494+0000] {manager.py:878} INFO - 
================================================================================
DAG File Processing Stats

File Path                            PID    Runtime      # DAGs    # Errors  Last Runtime    Last Run
-----------------------------------  -----  ---------  --------  ----------  --------------  -------------------
/opt/airflow/dags/extraction_dag.py                           1           0  0.37s           2026-09-16T17:50:30
================================================================================
[2026-09-16T17:51:11.170+0000] {manager.py:878} INFO - 
================================================================================
DAG File Processing Stats

File Path                            PID    Runtime      # DAGs    # Errors  Last Runtime    Last Run
-----------------------------------  -----  ---------  --------  ----------  --------------  -------------------
/opt/airflow/dags/extraction_dag.py                           1           0  0.22s           2026-09-16T17:51:01
================================================================================
[2026-09-16T17:51:19.446+0000] {manager.py:737} INFO - Searching for files in /opt/airflow/dags
[2026-09-16T17:51:19.536+0000] {manager.py:740} INFO - There are 1 files in /opt/airflow/dags
[2026-09-16T17:51:41.770+0000] {manager.py:878} INFO - 
================================================================================
DAG File Processing Stats

File Path                            PID    Runtime      # DAGs    # Errors  Last Runtime    Last Run
-----------------------------------  -----  ---------  --------  ----------  --------------  -------------------
/opt/airflow/dags/extraction_dag.py                           1           0  0.35s           2026-09-16T17:51:31
================================================================================
[2026-09-16T17:52:12.142+0000] {manager.py:878} INFO - 
================================================================================
DAG File Processing Stats

File Path                            PID    Runtime      # DAGs    # Errors  Last Runtime    Last Run
-----------------------------------  -----  ---------  --------  ----------  --------------  -------------------
/opt/airflow/dags/extraction_dag.py                           1           0  0.20s           2026-09-16T17:52:02
================================================================================
[2026-09-16T17:52:42.563+0000] {manager.py:878} INFO - 
================================================================================
DAG File Processing Stats

File Path                            PID    Runtime      # DAGs    # Errors  Last Runtime    Last Run
-----------------------------------  -----  ---------  --------  ----------  --------------  -------------------
/opt/airflow/dags/extraction_dag.py                           1           0  0.42s           2026-09-16T17:52:32
================================================================================
[2026-09-16T17:59:48.035+0000] {manager.py:737} INFO - Searching for files in /opt/airflow/dags
[2026-09-16T18:33:06.477+0000] {manager.py:740} INFO - There are 1 files in /opt/airflow/dags
[2026-09-16T18:34:34.044+0000] {manager.py:878} INFO - 
================================================================================
DAG File Processing Stats

File Path                              PID  Runtime      # DAGs    # Errors  Last Runtime    Last Run
-----------------------------------  -----  ---------  --------  ----------  --------------  -------------------
/opt/airflow/dags/extraction_dag.py   1243  0.02s             1           0  0.28s           2026-09-16T17:53:03
================================================================================
[2026-09-16T18:34:34.130+0000] {manager.py:737} INFO - Searching for files in /opt/airflow/dags
[2026-09-16T18:34:34.366+0000] {manager.py:740} INFO - There are 1 files in /opt/airflow/dags
[2026-09-16T18:35:04.109+0000] {manager.py:878} INFO - 
================================================================================
DAG File Processing Stats

File Path                            PID    Runtime      # DAGs    # Errors  Last Runtime    Last Run
-----------------------------------  -----  ---------  --------  ----------  --------------  -------------------
/opt/airflow/dags/extraction_dag.py                           1           0  0.79s           2026-09-16T18:34:34
================================================================================
[2026-09-16T18:35:34.269+0000] {manager.py:878} INFO - 
================================================================================
DAG File Processing Stats

File Path                            PID    Runtime      # DAGs    # Errors  Last Runtime    Last Run
-----------------------------------  -----  ---------  --------  ----------  --------------  -------------------
/opt/airflow/dags/extraction_dag.py                           1           0  0.30s           2026-09-16T18:35:05
================================================================================
[2026-09-16T18:36:04.814+0000] {manager.py:878} INFO - 
================================================================================
DAG File Processing Stats

File Path                            PID    Runtime      # DAGs    # Errors  Last Runtime    Last Run
-----------------------------------  -----  ---------  --------  ----------  --------------  -------------------
/opt/airflow/dags/extraction_dag.py                           1           0  0.26s           2026-09-16T18:35:35
================================================================================
[2026-09-16T18:36:35.802+0000] {manager.py:878} INFO - 
================================================================================
DAG File Processing Stats

File Path                            PID    Runtime      # DAGs    # Errors  Last Runtime    Last Run
-----------------------------------  -----  ---------  --------  ----------  --------------  -------------------
/opt/airflow/dags/extraction_dag.py                           1           0  0.41s           2026-09-16T18:36:06
================================================================================
[2026-09-16T18:37:06.210+0000] {manager.py:878} INFO - 
================================================================================
DAG File Processing Stats

File Path                            PID    Runtime      # DAGs    # Errors  Last Runtime    Last Run
-----------------------------------  -----  ---------  --------  ----------  --------------  -------------------
/opt/airflow/dags/extraction_dag.py                           1           0  0.26s           2026-09-16T18:36:37
================================================================================
[2026-09-16T18:37:36.643+0000] {manager.py:878} INFO - 
================================================================================
DAG File Processing Stats

File Path                            PID    Runtime      # DAGs    # Errors  Last Runtime    Last Run
-----------------------------------  -----  ---------  --------  ----------  --------------  -------------------
/opt/airflow/dags/extraction_dag.py                           1           0  0.59s           2026-09-16T18:37:07
================================================================================
[2026-09-16T18:38:06.866+0000] {manager.py:878} INFO - 
================================================================================
DAG File Processing Stats

File Path                            PID    Runtime      # DAGs    # Errors  Last Runtime    Last Run
-----------------------------------  -----  ---------  --------  ----------  --------------  -------------------
/opt/airflow/dags/extraction_dag.py                           1           0  0.54s           2026-09-16T18:37:38
================================================================================
[2026-09-16T18:38:37.595+0000] {manager.py:878} INFO - 
================================================================================
DAG File Processing Stats

File Path                            PID    Runtime      # DAGs    # Errors  Last Runtime    Last Run
-----------------------------------  -----  ---------  --------  ----------  --------------  -------------------
/opt/airflow/dags/extraction_dag.py                           1           0  0.59s           2026-09-16T18:38:09
================================================================================
[2026-09-16T18:39:07.965+0000] {manager.py:878} INFO - 
================================================================================
DAG File Processing Stats

File Path                            PID    Runtime      # DAGs    # Errors  Last Runtime    Last Run
-----------------------------------  -----  ---------  --------  ----------  --------------  -------------------
/opt/airflow/dags/extraction_dag.py                           1           0  0.38s           2026-09-16T18:38:39
================================================================================
[2026-09-16T18:39:34.442+0000] {manager.py:737} INFO - Searching for files in /opt/airflow/dags
[2026-09-16T18:39:34.584+0000] {manager.py:740} INFO - There are 1 files in /opt/airflow/dags
[2026-09-16T18:39:38.660+0000] {manager.py:878} INFO - 
================================================================================
DAG File Processing Stats

File Path                            PID    Runtime      # DAGs    # Errors  Last Runtime    Last Run
-----------------------------------  -----  ---------  --------  ----------  --------------  -------------------
/opt/airflow/dags/extraction_dag.py                           1           0  0.31s           2026-09-16T18:39:10
================================================================================
[2026-09-16T18:40:09.086+0000] {manager.py:878} INFO - 
================================================================================
DAG File Processing Stats

File Path                            PID    Runtime      # DAGs    # Errors  Last Runtime    Last Run
-----------------------------------  -----  ---------  --------  ----------  --------------  -------------------
/opt/airflow/dags/extraction_dag.py                           1           0  0.60s           2026-09-16T18:39:41
================================================================================
[2026-09-16T18:40:39.183+0000] {manager.py:878} INFO - 
================================================================================
DAG File Processing Stats

File Path                            PID    Runtime      # DAGs    # Errors  Last Runtime    Last Run
-----------------------------------  -----  ---------  --------  ----------  --------------  -------------------
/opt/airflow/dags/extraction_dag.py                           1           0  0.37s           2026-09-16T18:40:11
================================================================================
[2026-09-16T18:41:09.483+0000] {manager.py:878} INFO - 
================================================================================
DAG File Processing Stats

File Path                            PID    Runtime      # DAGs    # Errors  Last Runtime    Last Run
-----------------------------------  -----  ---------  --------  ----------  --------------  -------------------
/opt/airflow/dags/extraction_dag.py                           1           0  0.31s           2026-09-16T18:40:42
================================================================================
[2026-09-16T18:41:40.059+0000] {manager.py:878} INFO - 
================================================================================
DAG File Processing Stats

File Path                            PID    Runtime      # DAGs    # Errors  Last Runtime    Last Run
-----------------------------------  -----  ---------  --------  ----------  --------------  -------------------
/opt/airflow/dags/extraction_dag.py                           1           0  0.38s           2026-09-16T18:41:13
================================================================================
[2026-09-16T18:42:10.680+0000] {manager.py:878} INFO - 
================================================================================
DAG File Processing Stats

File Path                            PID    Runtime      # DAGs    # Errors  Last Runtime    Last Run
-----------------------------------  -----  ---------  --------  ----------  --------------  -------------------
/opt/airflow/dags/extraction_dag.py                           1           0  0.24s           2026-09-16T18:41:43
================================================================================
[2026-09-16T18:42:41.156+0000] {manager.py:878} INFO - 
================================================================================
DAG File Processing Stats

File Path                            PID    Runtime      # DAGs    # Errors  Last Runtime    Last Run
-----------------------------------  -----  ---------  --------  ----------  --------------  -------------------
/opt/airflow/dags/extraction_dag.py                           1           0  0.23s           2026-09-16T18:42:13
================================================================================
[2026-09-16T18:43:11.446+0000] {manager.py:878} INFO - 
================================================================================
DAG File Processing Stats

File Path                            PID    Runtime      # DAGs    # Errors  Last Runtime    Last Run
-----------------------------------  -----  ---------  --------  ----------  --------------  -------------------
/opt/airflow/dags/extraction_dag.py                           1           0  0.28s           2026-09-16T18:42:44
================================================================================
[2026-09-16T18:43:41.972+0000] {manager.py:878} INFO - 
================================================================================
DAG File Processing Stats

File Path                            PID    Runtime      # DAGs    # Errors  Last Runtime    Last Run
-----------------------------------  -----  ---------  --------  ----------  --------------  -------------------
/opt/airflow/dags/extraction_dag.py                           1           0  0.28s           2026-09-16T18:43:15
================================================================================
[2026-09-16T18:44:12.531+0000] {manager.py:878} INFO - 
================================================================================
DAG File Processing Stats

File Path                            PID    Runtime      # DAGs    # Errors  Last Runtime    Last Run
-----------------------------------  -----  ---------  --------  ----------  --------------  -------------------
/opt/airflow/dags/extraction_dag.py                           1           0  0.27s           2026-09-16T18:43:45
================================================================================
[2026-09-16T18:44:34.964+0000] {manager.py:737} INFO - Searching for files in /opt/airflow/dags
[2026-09-16T18:44:35.016+0000] {manager.py:740} INFO - There are 1 files in /opt/airflow/dags
[2026-09-16T18:44:43.100+0000] {manager.py:878} INFO - 
================================================================================
DAG File Processing Stats

File Path                            PID    Runtime      # DAGs    # Errors  Last Runtime    Last Run
-----------------------------------  -----  ---------  --------  ----------  --------------  -------------------
/opt/airflow/dags/extraction_dag.py                           1           0  0.30s           2026-09-16T18:44:15
================================================================================
[2026-09-16T18:45:13.425+0000] {manager.py:878} INFO - 
================================================================================
DAG File Processing Stats

File Path                            PID    Runtime      # DAGs    # Errors  Last Runtime    Last Run
-----------------------------------  -----  ---------  --------  ----------  --------------  -------------------
/opt/airflow/dags/extraction_dag.py                           1           0  0.41s           2026-09-16T18:44:46
================================================================================
[2026-09-16T18:45:44.057+0000] {manager.py:878} INFO - 
================================================================================
DAG File Processing Stats

File Path                            PID    Runtime      # DAGs    # Errors  Last Runtime    Last Run
-----------------------------------  -----  ---------  --------  ----------  --------------  -------------------
/opt/airflow/dags/extraction_dag.py                           1           0  0.20s           2026-09-16T18:45:17
================================================================================
[2026-09-16T18:46:14.508+0000] {manager.py:878} INFO - 
================================================================================
DAG File Processing Stats

File Path                            PID    Runtime      # DAGs    # Errors  Last Runtime    Last Run
-----------------------------------  -----  ---------  --------  ----------  --------------  -------------------
/opt/airflow/dags/extraction_dag.py                           1           0  0.25s           2026-09-16T18:45:47
================================================================================
[2026-09-16T18:46:44.861+0000] {manager.py:878} INFO - 
================================================================================
DAG File Processing Stats

File Path                            PID    Runtime      # DAGs    # Errors  Last Runtime    Last Run
-----------------------------------  -----  ---------  --------  ----------  --------------  -------------------
/opt/airflow/dags/extraction_dag.py                           1           0  0.26s           2026-09-16T18:46:17
================================================================================
[2026-09-16T18:47:15.311+0000] {manager.py:878} INFO - 
================================================================================
DAG File Processing Stats

File Path                            PID    Runtime      # DAGs    # Errors  Last Runtime    Last Run
-----------------------------------  -----  ---------  --------  ----------  --------------  -------------------
/opt/airflow/dags/extraction_dag.py                           1           0  0.33s           2026-09-16T18:46:48
================================================================================
[2026-09-16T18:47:45.743+0000] {manager.py:878} INFO - 
================================================================================
DAG File Processing Stats

File Path                            PID    Runtime      # DAGs    # Errors  Last Runtime    Last Run
-----------------------------------  -----  ---------  --------  ----------  --------------  -------------------
/opt/airflow/dags/extraction_dag.py                           1           0  0.39s           2026-09-16T18:47:18
================================================================================
[2026-09-16T18:48:16.226+0000] {manager.py:878} INFO - 
================================================================================
DAG File Processing Stats

File Path                            PID    Runtime      # DAGs    # Errors  Last Runtime    Last Run
-----------------------------------  -----  ---------  --------  ----------  --------------  -------------------
/opt/airflow/dags/extraction_dag.py                           1           0  0.28s           2026-09-16T18:47:49
================================================================================
[2026-09-16T18:48:46.612+0000] {manager.py:878} INFO - 
================================================================================
DAG File Processing Stats

File Path                            PID    Runtime      # DAGs    # Errors  Last Runtime    Last Run
-----------------------------------  -----  ---------  --------  ----------  --------------  -------------------
/opt/airflow/dags/extraction_dag.py                           1           0  0.53s           2026-09-16T18:48:19
================================================================================
[2026-09-16T18:49:16.729+0000] {manager.py:878} INFO - 
================================================================================
DAG File Processing Stats

File Path                            PID    Runtime      # DAGs    # Errors  Last Runtime    Last Run
-----------------------------------  -----  ---------  --------  ----------  --------------  -------------------
/opt/airflow/dags/extraction_dag.py                           1           0  0.35s           2026-09-16T18:48:50
================================================================================
[2026-09-16T18:49:35.287+0000] {manager.py:737} INFO - Searching for files in /opt/airflow/dags
[2026-09-16T18:49:35.366+0000] {manager.py:740} INFO - There are 1 files in /opt/airflow/dags
[2026-09-16T18:49:47.039+0000] {manager.py:878} INFO - 
================================================================================
DAG File Processing Stats

File Path                            PID    Runtime      # DAGs    # Errors  Last Runtime    Last Run
-----------------------------------  -----  ---------  --------  ----------  --------------  -------------------
/opt/airflow/dags/extraction_dag.py                           1           0  0.37s           2026-09-16T18:49:21
================================================================================
[2026-09-16T18:50:17.080+0000] {manager.py:878} INFO - 
================================================================================
DAG File Processing Stats

File Path                            PID    Runtime      # DAGs    # Errors  Last Runtime    Last Run
-----------------------------------  -----  ---------  --------  ----------  --------------  -------------------
/opt/airflow/dags/extraction_dag.py                           1           0  0.34s           2026-09-16T18:49:51
================================================================================
[2026-09-16T18:50:47.342+0000] {manager.py:878} INFO - 
================================================================================
DAG File Processing Stats

File Path                            PID    Runtime      # DAGs    # Errors  Last Runtime    Last Run
-----------------------------------  -----  ---------  --------  ----------  --------------  -------------------
/opt/airflow/dags/extraction_dag.py                           1           0  0.32s           2026-09-16T18:50:22
================================================================================
[2026-09-16T18:51:17.944+0000] {manager.py:878} INFO - 
================================================================================
DAG File Processing Stats

File Path                            PID    Runtime      # DAGs    # Errors  Last Runtime    Last Run
-----------------------------------  -----  ---------  --------  ----------  --------------  -------------------
/opt/airflow/dags/extraction_dag.py                           1           0  0.27s           2026-09-16T18:50:52
================================================================================
[2026-09-16T18:51:48.083+0000] {manager.py:878} INFO - 
================================================================================
DAG File Processing Stats

File Path                            PID    Runtime      # DAGs    # Errors  Last Runtime    Last Run
-----------------------------------  -----  ---------  --------  ----------  --------------  -------------------
/opt/airflow/dags/extraction_dag.py                           1           0  0.61s           2026-09-16T18:51:23
================================================================================
[2026-09-16T18:52:18.707+0000] {manager.py:878} INFO - 
================================================================================
DAG File Processing Stats

File Path                            PID    Runtime      # DAGs    # Errors  Last Runtime    Last Run
-----------------------------------  -----  ---------  --------  ----------  --------------  -------------------
/opt/airflow/dags/extraction_dag.py                           1           0  0.34s           2026-09-16T18:51:54
================================================================================
[2026-09-16T18:52:49.000+0000] {manager.py:878} INFO - 
================================================================================
DAG File Processing Stats

File Path                            PID    Runtime      # DAGs    # Errors  Last Runtime    Last Run
-----------------------------------  -----  ---------  --------  ----------  --------------  -------------------
/opt/airflow/dags/extraction_dag.py                           1           0  0.27s           2026-09-16T18:52:25
================================================================================
[2026-09-16T18:53:19.509+0000] {manager.py:878} INFO - 
================================================================================
DAG File Processing Stats

File Path                            PID    Runtime      # DAGs    # Errors  Last Runtime    Last Run
-----------------------------------  -----  ---------  --------  ----------  --------------  -------------------
/opt/airflow/dags/extraction_dag.py                           1           0  0.25s           2026-09-16T18:52:55
================================================================================
[2026-09-16T18:53:50.034+0000] {manager.py:878} INFO - 
================================================================================
DAG File Processing Stats

File Path                            PID    Runtime      # DAGs    # Errors  Last Runtime    Last Run
-----------------------------------  -----  ---------  --------  ----------  --------------  -------------------
/opt/airflow/dags/extraction_dag.py                           1           0  0.39s           2026-09-16T18:53:25
================================================================================
[2026-09-16T18:54:20.465+0000] {manager.py:878} INFO - 
================================================================================
DAG File Processing Stats

File Path                            PID    Runtime      # DAGs    # Errors  Last Runtime    Last Run
-----------------------------------  -----  ---------  --------  ----------  --------------  -------------------
/opt/airflow/dags/extraction_dag.py                           1           0  0.36s           2026-09-16T18:53:56
================================================================================
[2026-09-16T18:54:35.812+0000] {manager.py:737} INFO - Searching for files in /opt/airflow/dags
[2026-09-16T18:54:35.936+0000] {manager.py:740} INFO - There are 1 files in /opt/airflow/dags
[2026-09-16T18:54:51.098+0000] {manager.py:878} INFO - 
================================================================================
DAG File Processing Stats

File Path                            PID    Runtime      # DAGs    # Errors  Last Runtime    Last Run
-----------------------------------  -----  ---------  --------  ----------  --------------  -------------------
/opt/airflow/dags/extraction_dag.py                           1           0  0.30s           2026-09-16T18:54:26
================================================================================
[2026-09-16T18:55:21.334+0000] {manager.py:878} INFO - 
================================================================================
DAG File Processing Stats

File Path                            PID    Runtime      # DAGs    # Errors  Last Runtime    Last Run
-----------------------------------  -----  ---------  --------  ----------  --------------  -------------------
/opt/airflow/dags/extraction_dag.py                           1           0  0.24s           2026-09-16T18:54:57
================================================================================
[2026-09-16T18:55:51.727+0000] {manager.py:878} INFO - 
================================================================================
DAG File Processing Stats

File Path                            PID    Runtime      # DAGs    # Errors  Last Runtime    Last Run
-----------------------------------  -----  ---------  --------  ----------  --------------  -------------------
/opt/airflow/dags/extraction_dag.py                           1           0  0.19s           2026-09-16T18:55:27
================================================================================
[2026-09-16T18:56:22.211+0000] {manager.py:878} INFO - 
================================================================================
DAG File Processing Stats

File Path                            PID    Runtime      # DAGs    # Errors  Last Runtime    Last Run
-----------------------------------  -----  ---------  --------  ----------  --------------  -------------------
/opt/airflow/dags/extraction_dag.py                           1           0  0.28s           2026-09-16T18:55:58
================================================================================
[2026-09-16T18:56:52.568+0000] {manager.py:878} INFO - 
================================================================================
DAG File Processing Stats

File Path                            PID    Runtime      # DAGs    # Errors  Last Runtime    Last Run
-----------------------------------  -----  ---------  --------  ----------  --------------  -------------------
/opt/airflow/dags/extraction_dag.py                           1           0  0.31s           2026-09-16T18:56:28
================================================================================
[2026-09-16T18:57:23.084+0000] {manager.py:878} INFO - 
================================================================================
DAG File Processing Stats

File Path                            PID    Runtime      # DAGs    # Errors  Last Runtime    Last Run
-----------------------------------  -----  ---------  --------  ----------  --------------  -------------------
/opt/airflow/dags/extraction_dag.py                           1           0  0.33s           2026-09-16T18:56:58
================================================================================
[2026-09-16T18:57:53.452+0000] {manager.py:878} INFO - 
================================================================================
DAG File Processing Stats

File Path                            PID    Runtime      # DAGs    # Errors  Last Runtime    Last Run
-----------------------------------  -----  ---------  --------  ----------  --------------  -------------------
/opt/airflow/dags/extraction_dag.py                           1           0  0.32s           2026-09-16T18:57:29
================================================================================
[2026-09-16T18:58:23.957+0000] {manager.py:878} INFO - 
================================================================================
DAG File Processing Stats

File Path                            PID    Runtime      # DAGs    # Errors  Last Runtime    Last Run
-----------------------------------  -----  ---------  --------  ----------  --------------  -------------------
/opt/airflow/dags/extraction_dag.py                           1           0  0.39s           2026-09-16T18:57:59
================================================================================
[2026-09-16T18:58:54.325+0000] {manager.py:878} INFO - 
================================================================================
DAG File Processing Stats

File Path                            PID    Runtime      # DAGs    # Errors  Last Runtime    Last Run
-----------------------------------  -----  ---------  --------  ----------  --------------  -------------------
/opt/airflow/dags/extraction_dag.py                           1           0  0.28s           2026-09-16T18:58:30
================================================================================
[2026-09-16T18:59:24.701+0000] {manager.py:878} INFO - 
================================================================================
DAG File Processing Stats

File Path                            PID    Runtime      # DAGs    # Errors  Last Runtime    Last Run
-----------------------------------  -----  ---------  --------  ----------  --------------  -------------------
/opt/airflow/dags/extraction_dag.py                           1           0  0.22s           2026-09-16T18:59:00
================================================================================
[2026-09-16T18:59:35.861+0000] {manager.py:737} INFO - Searching for files in /opt/airflow/dags
[2026-09-16T18:59:35.936+0000] {manager.py:740} INFO - There are 1 files in /opt/airflow/dags
[2026-09-16T18:59:55.126+0000] {manager.py:878} INFO - 
================================================================================
DAG File Processing Stats

File Path                            PID    Runtime      # DAGs    # Errors  Last Runtime    Last Run
-----------------------------------  -----  ---------  --------  ----------  --------------  -------------------
/opt/airflow/dags/extraction_dag.py                           1           0  0.25s           2026-09-16T18:59:31
================================================================================
[2026-09-16T19:00:25.439+0000] {manager.py:878} INFO - 
================================================================================
DAG File Processing Stats

File Path                            PID    Runtime      # DAGs    # Errors  Last Runtime    Last Run
-----------------------------------  -----  ---------  --------  ----------  --------------  -------------------
/opt/airflow/dags/extraction_dag.py                           1           0  0.31s           2026-09-16T19:00:01
================================================================================
[2026-09-16T19:00:55.954+0000] {manager.py:878} INFO - 
================================================================================
DAG File Processing Stats

File Path                            PID    Runtime      # DAGs    # Errors  Last Runtime    Last Run
-----------------------------------  -----  ---------  --------  ----------  --------------  -------------------
/opt/airflow/dags/extraction_dag.py                           1           0  0.27s           2026-09-16T19:00:32
================================================================================
[2026-09-16T19:01:26.499+0000] {manager.py:878} INFO - 
================================================================================
DAG File Processing Stats

File Path                            PID    Runtime      # DAGs    # Errors  Last Runtime    Last Run
-----------------------------------  -----  ---------  --------  ----------  --------------  -------------------
/opt/airflow/dags/extraction_dag.py                           1           0  0.28s           2026-09-16T19:01:02
================================================================================
[2026-09-16T19:01:57.053+0000] {manager.py:878} INFO - 
================================================================================
DAG File Processing Stats

File Path                            PID    Runtime      # DAGs    # Errors  Last Runtime    Last Run
-----------------------------------  -----  ---------  --------  ----------  --------------  -------------------
/opt/airflow/dags/extraction_dag.py                           1           0  0.29s           2026-09-16T19:01:33
================================================================================
[2026-09-16T19:02:35.411+0000] {manager.py:878} INFO - 
================================================================================
DAG File Processing Stats

File Path                            PID    Runtime      # DAGs    # Errors  Last Runtime    Last Run
-----------------------------------  -----  ---------  --------  ----------  --------------  -------------------
/opt/airflow/dags/extraction_dag.py                           1           0  1.48s           2026-09-16T19:02:15
================================================================================
[2026-09-16T19:03:06.068+0000] {manager.py:878} INFO - 
================================================================================
DAG File Processing Stats

File Path                            PID    Runtime      # DAGs    # Errors  Last Runtime    Last Run
-----------------------------------  -----  ---------  --------  ----------  --------------  -------------------
/opt/airflow/dags/extraction_dag.py                           1           0  0.23s           2026-09-16T19:02:46
================================================================================
[2026-09-16T19:03:36.548+0000] {manager.py:878} INFO - 
================================================================================
DAG File Processing Stats

File Path                            PID    Runtime      # DAGs    # Errors  Last Runtime    Last Run
-----------------------------------  -----  ---------  --------  ----------  --------------  -------------------
/opt/airflow/dags/extraction_dag.py                           1           0  0.35s           2026-09-16T19:03:16
================================================================================
[2026-09-16T19:04:07.144+0000] {manager.py:878} INFO - 
================================================================================
DAG File Processing Stats

File Path                            PID    Runtime      # DAGs    # Errors  Last Runtime    Last Run
-----------------------------------  -----  ---------  --------  ----------  --------------  -------------------
/opt/airflow/dags/extraction_dag.py                           1           0  0.26s           2026-09-16T19:03:47
================================================================================
[2026-09-16T19:04:35.879+0000] {manager.py:737} INFO - Searching for files in /opt/airflow/dags
[2026-09-16T19:04:35.963+0000] {manager.py:740} INFO - There are 1 files in /opt/airflow/dags
[2026-09-16T19:04:37.669+0000] {manager.py:878} INFO - 
================================================================================
DAG File Processing Stats

File Path                            PID    Runtime      # DAGs    # Errors  Last Runtime    Last Run
-----------------------------------  -----  ---------  --------  ----------  --------------  -------------------
/opt/airflow/dags/extraction_dag.py                           1           0  0.23s           2026-09-16T19:04:17
================================================================================
[2026-09-16T19:05:07.983+0000] {manager.py:878} INFO - 
================================================================================
DAG File Processing Stats

File Path                            PID    Runtime      # DAGs    # Errors  Last Runtime    Last Run
-----------------------------------  -----  ---------  --------  ----------  --------------  -------------------
/opt/airflow/dags/extraction_dag.py                           1           0  0.28s           2026-09-16T19:04:48
================================================================================
[2026-09-16T19:05:38.496+0000] {manager.py:878} INFO - 
================================================================================
DAG File Processing Stats

File Path                            PID    Runtime      # DAGs    # Errors  Last Runtime    Last Run
-----------------------------------  -----  ---------  --------  ----------  --------------  -------------------
/opt/airflow/dags/extraction_dag.py                           1           0  0.28s           2026-09-16T19:05:18
================================================================================
[2026-09-16T19:06:08.828+0000] {manager.py:878} INFO - 
================================================================================
DAG File Processing Stats

File Path                            PID    Runtime      # DAGs    # Errors  Last Runtime    Last Run
-----------------------------------  -----  ---------  --------  ----------  --------------  -------------------
/opt/airflow/dags/extraction_dag.py                           1           0  0.34s           2026-09-16T19:05:48
================================================================================
[2026-09-16T19:06:39.401+0000] {manager.py:878} INFO - 
================================================================================
DAG File Processing Stats

File Path                            PID    Runtime      # DAGs    # Errors  Last Runtime    Last Run
-----------------------------------  -----  ---------  --------  ----------  --------------  -------------------
/opt/airflow/dags/extraction_dag.py                           1           0  0.24s           2026-09-16T19:06:19
================================================================================
[2026-09-16T19:07:09.918+0000] {manager.py:878} INFO - 
================================================================================
DAG File Processing Stats

File Path                            PID    Runtime      # DAGs    # Errors  Last Runtime    Last Run
-----------------------------------  -----  ---------  --------  ----------  --------------  -------------------
/opt/airflow/dags/extraction_dag.py                           1           0  0.44s           2026-09-16T19:06:49
================================================================================
[2026-09-16T19:07:40.404+0000] {manager.py:878} INFO - 
================================================================================
DAG File Processing Stats

File Path                            PID    Runtime      # DAGs    # Errors  Last Runtime    Last Run
-----------------------------------  -----  ---------  --------  ----------  --------------  -------------------
/opt/airflow/dags/extraction_dag.py                           1           0  0.35s           2026-09-16T19:07:20
================================================================================
[2026-09-16T19:08:10.758+0000] {manager.py:878} INFO - 
================================================================================
DAG File Processing Stats

File Path                            PID    Runtime      # DAGs    # Errors  Last Runtime    Last Run
-----------------------------------  -----  ---------  --------  ----------  --------------  -------------------
/opt/airflow/dags/extraction_dag.py                           1           0  0.21s           2026-09-16T19:07:50
================================================================================
[2026-09-16T19:08:41.094+0000] {manager.py:878} INFO - 
================================================================================
DAG File Processing Stats

File Path                            PID    Runtime      # DAGs    # Errors  Last Runtime    Last Run
-----------------------------------  -----  ---------  --------  ----------  --------------  -------------------
/opt/airflow/dags/extraction_dag.py                           1           0  0.16s           2026-09-16T19:08:20
================================================================================
[2026-09-16T19:09:11.396+0000] {manager.py:878} INFO - 
================================================================================
DAG File Processing Stats

File Path                            PID    Runtime      # DAGs    # Errors  Last Runtime    Last Run
-----------------------------------  -----  ---------  --------  ----------  --------------  -------------------
/opt/airflow/dags/extraction_dag.py                           1           0  0.21s           2026-09-16T19:08:51
================================================================================
[2026-09-16T19:09:36.699+0000] {manager.py:737} INFO - Searching for files in /opt/airflow/dags
[2026-09-16T19:09:36.770+0000] {manager.py:740} INFO - There are 1 files in /opt/airflow/dags
[2026-09-16T19:09:41.833+0000] {manager.py:878} INFO - 
================================================================================
DAG File Processing Stats

File Path                            PID    Runtime      # DAGs    # Errors  Last Runtime    Last Run
-----------------------------------  -----  ---------  --------  ----------  --------------  -------------------
/opt/airflow/dags/extraction_dag.py                           1           0  0.19s           2026-09-16T19:09:21
================================================================================
[2026-09-16T19:10:12.142+0000] {manager.py:878} INFO - 
================================================================================
DAG File Processing Stats

File Path                            PID    Runtime      # DAGs    # Errors  Last Runtime    Last Run
-----------------------------------  -----  ---------  --------  ----------  --------------  -------------------
/opt/airflow/dags/extraction_dag.py                           1           0  0.30s           2026-09-16T19:09:52
================================================================================
[2026-09-16T19:10:42.682+0000] {manager.py:878} INFO - 
================================================================================
DAG File Processing Stats

File Path                            PID    Runtime      # DAGs    # Errors  Last Runtime    Last Run
-----------------------------------  -----  ---------  --------  ----------  --------------  -------------------
/opt/airflow/dags/extraction_dag.py                           1           0  0.28s           2026-09-16T19:10:22
================================================================================
[2026-09-16T19:11:13.172+0000] {manager.py:878} INFO - 
================================================================================
DAG File Processing Stats

File Path                            PID    Runtime      # DAGs    # Errors  Last Runtime    Last Run
-----------------------------------  -----  ---------  --------  ----------  --------------  -------------------
/opt/airflow/dags/extraction_dag.py                           1           0  0.24s           2026-09-16T19:10:53
================================================================================
[2026-09-16T19:11:43.626+0000] {manager.py:878} INFO - 
================================================================================
DAG File Processing Stats

File Path                            PID    Runtime      # DAGs    # Errors  Last Runtime    Last Run
-----------------------------------  -----  ---------  --------  ----------  --------------  -------------------
/opt/airflow/dags/extraction_dag.py                           1           0  0.20s           2026-09-16T19:11:23
================================================================================
[2026-09-16T19:12:14.049+0000] {manager.py:878} INFO - 
================================================================================
DAG File Processing Stats

File Path                            PID    Runtime      # DAGs    # Errors  Last Runtime    Last Run
-----------------------------------  -----  ---------  --------  ----------  --------------  -------------------
/opt/airflow/dags/extraction_dag.py                           1           0  0.18s           2026-09-16T19:11:53
================================================================================
[2026-09-16T19:12:44.348+0000] {manager.py:878} INFO - 
================================================================================
DAG File Processing Stats

File Path                            PID    Runtime      # DAGs    # Errors  Last Runtime    Last Run
-----------------------------------  -----  ---------  --------  ----------  --------------  -------------------
/opt/airflow/dags/extraction_dag.py                           1           0  0.19s           2026-09-16T19:12:24
================================================================================
[2026-09-16T19:13:14.827+0000] {manager.py:878} INFO - 
================================================================================
DAG File Processing Stats

File Path                            PID    Runtime      # DAGs    # Errors  Last Runtime    Last Run
-----------------------------------  -----  ---------  --------  ----------  --------------  -------------------
/opt/airflow/dags/extraction_dag.py                           1           0  0.34s           2026-09-16T19:12:54
================================================================================
[2026-09-16T19:13:45.256+0000] {manager.py:878} INFO - 
================================================================================
DAG File Processing Stats

File Path                            PID    Runtime      # DAGs    # Errors  Last Runtime    Last Run
-----------------------------------  -----  ---------  --------  ----------  --------------  -------------------
/opt/airflow/dags/extraction_dag.py                           1           0  0.99s           2026-09-16T19:13:25
================================================================================
[2026-09-16T19:14:15.343+0000] {manager.py:878} INFO - 
================================================================================
DAG File Processing Stats

File Path                            PID    Runtime      # DAGs    # Errors  Last Runtime    Last Run
-----------------------------------  -----  ---------  --------  ----------  --------------  -------------------
/opt/airflow/dags/extraction_dag.py                           1           0  0.63s           2026-09-16T19:13:57
================================================================================
[2026-09-16T19:14:37.093+0000] {manager.py:737} INFO - Searching for files in /opt/airflow/dags
[2026-09-16T19:14:37.194+0000] {manager.py:740} INFO - There are 1 files in /opt/airflow/dags
[2026-09-16T19:14:45.346+0000] {manager.py:878} INFO - 
================================================================================
DAG File Processing Stats

File Path                            PID    Runtime      # DAGs    # Errors  Last Runtime    Last Run
-----------------------------------  -----  ---------  --------  ----------  --------------  -------------------
/opt/airflow/dags/extraction_dag.py                           1           0  0.53s           2026-09-16T19:14:28
================================================================================
[2026-09-16T19:15:15.702+0000] {manager.py:878} INFO - 
================================================================================
DAG File Processing Stats

File Path                            PID    Runtime      # DAGs    # Errors  Last Runtime    Last Run
-----------------------------------  -----  ---------  --------  ----------  --------------  -------------------
/opt/airflow/dags/extraction_dag.py                           1           0  0.75s           2026-09-16T19:14:59
================================================================================
[2026-09-16T19:15:45.902+0000] {manager.py:878} INFO - 
================================================================================
DAG File Processing Stats

File Path                            PID    Runtime      # DAGs    # Errors  Last Runtime    Last Run
-----------------------------------  -----  ---------  --------  ----------  --------------  -------------------
/opt/airflow/dags/extraction_dag.py                           1           0  0.79s           2026-09-16T19:15:30
================================================================================
[2026-09-16T19:16:16.164+0000] {manager.py:878} INFO - 
================================================================================
DAG File Processing Stats

File Path                            PID    Runtime      # DAGs    # Errors  Last Runtime    Last Run
-----------------------------------  -----  ---------  --------  ----------  --------------  -------------------
/opt/airflow/dags/extraction_dag.py                           1           0  0.21s           2026-09-16T19:16:01
================================================================================
[2026-09-16T19:16:46.653+0000] {manager.py:878} INFO - 
================================================================================
DAG File Processing Stats

File Path                            PID    Runtime      # DAGs    # Errors  Last Runtime    Last Run
-----------------------------------  -----  ---------  --------  ----------  --------------  -------------------
/opt/airflow/dags/extraction_dag.py                           1           0  0.22s           2026-09-16T19:16:31
================================================================================
[2026-09-16T19:17:16.955+0000] {manager.py:878} INFO - 
================================================================================
DAG File Processing Stats

File Path                            PID    Runtime      # DAGs    # Errors  Last Runtime    Last Run
-----------------------------------  -----  ---------  --------  ----------  --------------  -------------------
/opt/airflow/dags/extraction_dag.py                           1           0  0.23s           2026-09-16T19:17:02
================================================================================
[2026-09-16T19:17:47.436+0000] {manager.py:878} INFO - 
================================================================================
DAG File Processing Stats

File Path                            PID    Runtime      # DAGs    # Errors  Last Runtime    Last Run
-----------------------------------  -----  ---------  --------  ----------  --------------  -------------------
/opt/airflow/dags/extraction_dag.py                           1           0  0.20s           2026-09-16T19:17:32
================================================================================
[2026-09-16T19:18:17.749+0000] {manager.py:878} INFO - 
================================================================================
DAG File Processing Stats

File Path                            PID    Runtime      # DAGs    # Errors  Last Runtime    Last Run
-----------------------------------  -----  ---------  --------  ----------  --------------  -------------------
/opt/airflow/dags/extraction_dag.py                           1           0  0.22s           2026-09-16T19:18:02
================================================================================
[2026-09-16T19:18:48.218+0000] {manager.py:878} INFO - 
================================================================================
DAG File Processing Stats

File Path                            PID    Runtime      # DAGs    # Errors  Last Runtime    Last Run
-----------------------------------  -----  ---------  --------  ----------  --------------  -------------------
/opt/airflow/dags/extraction_dag.py                           1           0  0.27s           2026-09-16T19:18:33
================================================================================
[2026-09-16T19:19:47.510+0000] {manager.py:737} INFO - Searching for files in /opt/airflow/dags
[2026-09-16T19:19:47.661+0000] {manager.py:740} INFO - There are 1 files in /opt/airflow/dags
[2026-09-16T19:19:56.346+0000] {manager.py:878} INFO - 
================================================================================
DAG File Processing Stats

File Path                            PID    Runtime      # DAGs    # Errors  Last Runtime    Last Run
-----------------------------------  -----  ---------  --------  ----------  --------------  -------------------
/opt/airflow/dags/extraction_dag.py                           1           0  0.56s           2026-09-16T19:19:48
================================================================================
[2026-09-16T19:20:26.610+0000] {manager.py:878} INFO - 
================================================================================
DAG File Processing Stats

File Path                            PID    Runtime      # DAGs    # Errors  Last Runtime    Last Run
-----------------------------------  -----  ---------  --------  ----------  --------------  -------------------
/opt/airflow/dags/extraction_dag.py                           1           0  0.42s           2026-09-16T19:20:18
================================================================================
[2026-09-16T19:20:57.288+0000] {manager.py:878} INFO - 
================================================================================
DAG File Processing Stats

File Path                            PID    Runtime      # DAGs    # Errors  Last Runtime    Last Run
-----------------------------------  -----  ---------  --------  ----------  --------------  -------------------
/opt/airflow/dags/extraction_dag.py                           1           0  0.23s           2026-09-16T19:20:49
================================================================================
[2026-09-16T19:21:27.769+0000] {manager.py:878} INFO - 
================================================================================
DAG File Processing Stats

File Path                            PID    Runtime      # DAGs    # Errors  Last Runtime    Last Run
-----------------------------------  -----  ---------  --------  ----------  --------------  -------------------
/opt/airflow/dags/extraction_dag.py                           1           0  0.29s           2026-09-16T19:21:19
================================================================================
[2026-09-16T19:21:58.044+0000] {manager.py:878} INFO - 
================================================================================
DAG File Processing Stats

File Path                            PID    Runtime      # DAGs    # Errors  Last Runtime    Last Run
-----------------------------------  -----  ---------  --------  ----------  --------------  -------------------
/opt/airflow/dags/extraction_dag.py                           1           0  0.35s           2026-09-16T19:21:50
================================================================================
[2026-09-16T19:22:28.575+0000] {manager.py:878} INFO - 
================================================================================
DAG File Processing Stats

File Path                            PID    Runtime      # DAGs    # Errors  Last Runtime    Last Run
-----------------------------------  -----  ---------  --------  ----------  --------------  -------------------
/opt/airflow/dags/extraction_dag.py                           1           0  0.46s           2026-09-16T19:22:20
================================================================================
[2026-09-16T19:22:59.309+0000] {manager.py:878} INFO - 
================================================================================
DAG File Processing Stats

File Path                            PID    Runtime      # DAGs    # Errors  Last Runtime    Last Run
-----------------------------------  -----  ---------  --------  ----------  --------------  -------------------
/opt/airflow/dags/extraction_dag.py                           1           0  0.27s           2026-09-16T19:22:51
================================================================================
[2026-09-16T19:23:29.734+0000] {manager.py:878} INFO - 
================================================================================
DAG File Processing Stats

File Path                            PID    Runtime      # DAGs    # Errors  Last Runtime    Last Run
-----------------------------------  -----  ---------  --------  ----------  --------------  -------------------
/opt/airflow/dags/extraction_dag.py                           1           0  0.29s           2026-09-16T19:23:21
================================================================================
[2026-09-16T19:24:00.134+0000] {manager.py:878} INFO - 
================================================================================
DAG File Processing Stats

File Path                            PID    Runtime      # DAGs    # Errors  Last Runtime    Last Run
-----------------------------------  -----  ---------  --------  ----------  --------------  -------------------
/opt/airflow/dags/extraction_dag.py                           1           0  0.28s           2026-09-16T19:23:52
================================================================================
[2026-09-16T19:24:30.587+0000] {manager.py:878} INFO - 
================================================================================
DAG File Processing Stats

File Path                            PID    Runtime      # DAGs    # Errors  Last Runtime    Last Run
-----------------------------------  -----  ---------  --------  ----------  --------------  -------------------
/opt/airflow/dags/extraction_dag.py                           1           0  0.22s           2026-09-16T19:24:22
================================================================================
[2026-09-16T19:24:47.751+0000] {manager.py:737} INFO - Searching for files in /opt/airflow/dags
[2026-09-16T19:24:47.828+0000] {manager.py:740} INFO - There are 1 files in /opt/airflow/dags
[2026-09-16T19:25:01.031+0000] {manager.py:878} INFO - 
================================================================================
DAG File Processing Stats

File Path                            PID    Runtime      # DAGs    # Errors  Last Runtime    Last Run
-----------------------------------  -----  ---------  --------  ----------  --------------  -------------------
/opt/airflow/dags/extraction_dag.py                           1           0  0.35s           2026-09-16T19:24:53
================================================================================
[2026-09-16T19:25:31.647+0000] {manager.py:878} INFO - 
================================================================================
DAG File Processing Stats

File Path                            PID    Runtime      # DAGs    # Errors  Last Runtime    Last Run
-----------------------------------  -----  ---------  --------  ----------  --------------  -------------------
/opt/airflow/dags/extraction_dag.py                           1           0  0.33s           2026-09-16T19:25:23
================================================================================
[2026-09-16T19:26:02.337+0000] {manager.py:878} INFO - 
================================================================================
DAG File Processing Stats

File Path                            PID    Runtime      # DAGs    # Errors  Last Runtime    Last Run
-----------------------------------  -----  ---------  --------  ----------  --------------  -------------------
/opt/airflow/dags/extraction_dag.py                           1           0  0.42s           2026-09-16T19:25:54
================================================================================
[2026-09-16T19:26:32.570+0000] {manager.py:878} INFO - 
================================================================================
DAG File Processing Stats

File Path                            PID    Runtime      # DAGs    # Errors  Last Runtime    Last Run
-----------------------------------  -----  ---------  --------  ----------  --------------  -------------------
/opt/airflow/dags/extraction_dag.py                           1           0  0.85s           2026-09-16T19:26:25
================================================================================
[2026-09-16T19:27:03.206+0000] {manager.py:878} INFO - 
================================================================================
DAG File Processing Stats

File Path                            PID    Runtime      # DAGs    # Errors  Last Runtime    Last Run
-----------------------------------  -----  ---------  --------  ----------  --------------  -------------------
/opt/airflow/dags/extraction_dag.py                           1           0  0.56s           2026-09-16T19:26:56
================================================================================
[2026-09-16T19:27:33.973+0000] {manager.py:878} INFO - 
================================================================================
DAG File Processing Stats

File Path                            PID    Runtime      # DAGs    # Errors  Last Runtime    Last Run
-----------------------------------  -----  ---------  --------  ----------  --------------  -------------------
/opt/airflow/dags/extraction_dag.py                           1           0  0.39s           2026-09-16T19:27:26
================================================================================
[2026-09-16T19:28:04.241+0000] {manager.py:878} INFO - 
================================================================================
DAG File Processing Stats

File Path                            PID    Runtime      # DAGs    # Errors  Last Runtime    Last Run
-----------------------------------  -----  ---------  --------  ----------  --------------  -------------------
/opt/airflow/dags/extraction_dag.py                           1           0  0.19s           2026-09-16T19:27:57
================================================================================
[2026-09-16T19:28:34.607+0000] {manager.py:878} INFO - 
================================================================================
DAG File Processing Stats

File Path                            PID    Runtime      # DAGs    # Errors  Last Runtime    Last Run
-----------------------------------  -----  ---------  --------  ----------  --------------  -------------------
/opt/airflow/dags/extraction_dag.py                           1           0  0.27s           2026-09-16T19:28:27
================================================================================
[2026-09-16T19:29:04.941+0000] {manager.py:878} INFO - 
================================================================================
DAG File Processing Stats

File Path                            PID    Runtime      # DAGs    # Errors  Last Runtime    Last Run
-----------------------------------  -----  ---------  --------  ----------  --------------  -------------------
/opt/airflow/dags/extraction_dag.py                           1           0  0.22s           2026-09-16T19:28:58
================================================================================
[2026-09-16T19:29:35.281+0000] {manager.py:878} INFO - 
================================================================================
DAG File Processing Stats

File Path                            PID    Runtime      # DAGs    # Errors  Last Runtime    Last Run
-----------------------------------  -----  ---------  --------  ----------  --------------  -------------------
/opt/airflow/dags/extraction_dag.py                           1           0  0.26s           2026-09-16T19:29:28
================================================================================
[2026-09-16T19:29:48.391+0000] {manager.py:737} INFO - Searching for files in /opt/airflow/dags
[2026-09-16T19:29:48.450+0000] {manager.py:740} INFO - There are 1 files in /opt/airflow/dags
[2026-09-16T19:30:05.691+0000] {manager.py:878} INFO - 
================================================================================
DAG File Processing Stats

File Path                            PID    Runtime      # DAGs    # Errors  Last Runtime    Last Run
-----------------------------------  -----  ---------  --------  ----------  --------------  -------------------
/opt/airflow/dags/extraction_dag.py                           1           0  0.28s           2026-09-16T19:29:58
================================================================================
[2026-09-16T19:30:36.123+0000] {manager.py:878} INFO - 
================================================================================
DAG File Processing Stats

File Path                            PID    Runtime      # DAGs    # Errors  Last Runtime    Last Run
-----------------------------------  -----  ---------  --------  ----------  --------------  -------------------
/opt/airflow/dags/extraction_dag.py                           1           0  0.25s           2026-09-16T19:30:29
================================================================================
[2026-09-16T19:31:06.465+0000] {manager.py:878} INFO - 
================================================================================
DAG File Processing Stats

File Path                            PID    Runtime      # DAGs    # Errors  Last Runtime    Last Run
-----------------------------------  -----  ---------  --------  ----------  --------------  -------------------
/opt/airflow/dags/extraction_dag.py                           1           0  0.29s           2026-09-16T19:30:59
================================================================================
[2026-09-16T19:31:36.930+0000] {manager.py:878} INFO - 
================================================================================
DAG File Processing Stats

File Path                            PID    Runtime      # DAGs    # Errors  Last Runtime    Last Run
-----------------------------------  -----  ---------  --------  ----------  --------------  -------------------
/opt/airflow/dags/extraction_dag.py                           1           0  0.30s           2026-09-16T19:31:29
================================================================================
[2026-09-16T19:32:07.273+0000] {manager.py:878} INFO - 
================================================================================
DAG File Processing Stats

File Path                            PID    Runtime      # DAGs    # Errors  Last Runtime    Last Run
-----------------------------------  -----  ---------  --------  ----------  --------------  -------------------
/opt/airflow/dags/extraction_dag.py                           1           0  0.25s           2026-09-16T19:32:00
================================================================================
[2026-09-16T19:32:37.628+0000] {manager.py:878} INFO - 
================================================================================
DAG File Processing Stats

File Path                            PID    Runtime      # DAGs    # Errors  Last Runtime    Last Run
-----------------------------------  -----  ---------  --------  ----------  --------------  -------------------
/opt/airflow/dags/extraction_dag.py                           1           0  0.20s           2026-09-16T19:32:30
================================================================================
[2026-09-16T19:33:08.026+0000] {manager.py:878} INFO - 
================================================================================
DAG File Processing Stats

File Path                            PID    Runtime      # DAGs    # Errors  Last Runtime    Last Run
-----------------------------------  -----  ---------  --------  ----------  --------------  -------------------
/opt/airflow/dags/extraction_dag.py                           1           0  0.45s           2026-09-16T19:33:01
================================================================================
[2026-09-16T19:33:38.110+0000] {manager.py:878} INFO - 
================================================================================
DAG File Processing Stats

File Path                            PID    Runtime      # DAGs    # Errors  Last Runtime    Last Run
-----------------------------------  -----  ---------  --------  ----------  --------------  -------------------
/opt/airflow/dags/extraction_dag.py                           1           0  0.35s           2026-09-16T19:33:32
================================================================================
[2026-09-16T19:34:08.393+0000] {manager.py:878} INFO - 
================================================================================
DAG File Processing Stats

File Path                            PID    Runtime      # DAGs    # Errors  Last Runtime    Last Run
-----------------------------------  -----  ---------  --------  ----------  --------------  -------------------
/opt/airflow/dags/extraction_dag.py                           1           0  0.25s           2026-09-16T19:34:02
================================================================================
[2026-09-16T19:34:38.873+0000] {manager.py:878} INFO - 
================================================================================
DAG File Processing Stats

File Path                            PID    Runtime      # DAGs    # Errors  Last Runtime    Last Run
-----------------------------------  -----  ---------  --------  ----------  --------------  -------------------
/opt/airflow/dags/extraction_dag.py                           1           0  0.35s           2026-09-16T19:34:33
================================================================================
[2026-09-16T19:34:48.948+0000] {manager.py:737} INFO - Searching for files in /opt/airflow/dags
[2026-09-16T19:34:49.136+0000] {manager.py:740} INFO - There are 1 files in /opt/airflow/dags
[2026-09-16T19:35:09.534+0000] {manager.py:878} INFO - 
================================================================================
DAG File Processing Stats

File Path                            PID    Runtime      # DAGs    # Errors  Last Runtime    Last Run
-----------------------------------  -----  ---------  --------  ----------  --------------  -------------------
/opt/airflow/dags/extraction_dag.py                           1           0  0.36s           2026-09-16T19:35:03
================================================================================
[2026-09-16T19:35:40.114+0000] {manager.py:878} INFO - 
================================================================================
DAG File Processing Stats

File Path                            PID    Runtime      # DAGs    # Errors  Last Runtime    Last Run
-----------------------------------  -----  ---------  --------  ----------  --------------  -------------------
/opt/airflow/dags/extraction_dag.py                           1           0  0.27s           2026-09-16T19:35:34
================================================================================
[2026-09-16T19:36:10.587+0000] {manager.py:878} INFO - 
================================================================================
DAG File Processing Stats

File Path                            PID    Runtime      # DAGs    # Errors  Last Runtime    Last Run
-----------------------------------  -----  ---------  --------  ----------  --------------  -------------------
/opt/airflow/dags/extraction_dag.py                           1           0  0.34s           2026-09-16T19:36:04
================================================================================
[2026-09-16T19:36:41.171+0000] {manager.py:878} INFO - 
================================================================================
DAG File Processing Stats

File Path                            PID    Runtime      # DAGs    # Errors  Last Runtime    Last Run
-----------------------------------  -----  ---------  --------  ----------  --------------  -------------------
/opt/airflow/dags/extraction_dag.py                           1           0  0.43s           2026-09-16T19:36:35
================================================================================
[2026-09-16T19:37:11.837+0000] {manager.py:878} INFO - 
================================================================================
DAG File Processing Stats

File Path                            PID    Runtime      # DAGs    # Errors  Last Runtime    Last Run
-----------------------------------  -----  ---------  --------  ----------  --------------  -------------------
/opt/airflow/dags/extraction_dag.py                           1           0  0.23s           2026-09-16T19:37:06
================================================================================
[2026-09-16T19:37:42.322+0000] {manager.py:878} INFO - 
================================================================================
DAG File Processing Stats

File Path                            PID    Runtime      # DAGs    # Errors  Last Runtime    Last Run
-----------------------------------  -----  ---------  --------  ----------  --------------  -------------------
/opt/airflow/dags/extraction_dag.py                           1           0  0.26s           2026-09-16T19:37:36
================================================================================
[2026-09-16T19:38:12.646+0000] {manager.py:878} INFO - 
================================================================================
DAG File Processing Stats

File Path                            PID    Runtime      # DAGs    # Errors  Last Runtime    Last Run
-----------------------------------  -----  ---------  --------  ----------  --------------  -------------------
/opt/airflow/dags/extraction_dag.py                           1           0  0.28s           2026-09-16T19:38:06
================================================================================
[2026-09-16T19:38:43.177+0000] {manager.py:878} INFO - 
================================================================================
DAG File Processing Stats

File Path                            PID    Runtime      # DAGs    # Errors  Last Runtime    Last Run
-----------------------------------  -----  ---------  --------  ----------  --------------  -------------------
/opt/airflow/dags/extraction_dag.py                           1           0  0.28s           2026-09-16T19:38:37
================================================================================
[2026-09-16T19:39:13.705+0000] {manager.py:878} INFO - 
================================================================================
DAG File Processing Stats

File Path                            PID    Runtime      # DAGs    # Errors  Last Runtime    Last Run
-----------------------------------  -----  ---------  --------  ----------  --------------  -------------------
/opt/airflow/dags/extraction_dag.py                           1           0  0.21s           2026-09-16T19:39:07
================================================================================
[2026-09-16T19:39:44.128+0000] {manager.py:878} INFO - 
================================================================================
DAG File Processing Stats

File Path                            PID    Runtime      # DAGs    # Errors  Last Runtime    Last Run
-----------------------------------  -----  ---------  --------  ----------  --------------  -------------------
/opt/airflow/dags/extraction_dag.py                           1           0  0.23s           2026-09-16T19:39:38
================================================================================
[2026-09-16T19:39:49.169+0000] {manager.py:737} INFO - Searching for files in /opt/airflow/dags
[2026-09-16T19:39:49.292+0000] {manager.py:740} INFO - There are 1 files in /opt/airflow/dags
[2026-09-16T19:40:14.638+0000] {manager.py:878} INFO - 
================================================================================
DAG File Processing Stats

File Path                            PID    Runtime      # DAGs    # Errors  Last Runtime    Last Run
-----------------------------------  -----  ---------  --------  ----------  --------------  -------------------
/opt/airflow/dags/extraction_dag.py                           1           0  0.34s           2026-09-16T19:40:08
================================================================================
[2026-09-16T19:40:45.208+0000] {manager.py:878} INFO - 
================================================================================
DAG File Processing Stats

File Path                            PID    Runtime      # DAGs    # Errors  Last Runtime    Last Run
-----------------------------------  -----  ---------  --------  ----------  --------------  -------------------
/opt/airflow/dags/extraction_dag.py                           1           0  0.32s           2026-09-16T19:40:39
================================================================================
[2026-09-16T19:41:15.213+0000] {manager.py:878} INFO - 
================================================================================
DAG File Processing Stats

File Path                            PID    Runtime      # DAGs    # Errors  Last Runtime    Last Run
-----------------------------------  -----  ---------  --------  ----------  --------------  -------------------
/opt/airflow/dags/extraction_dag.py                           1           0  0.38s           2026-09-16T19:41:10
================================================================================
[2026-09-16T19:41:45.441+0000] {manager.py:878} INFO - 
================================================================================
DAG File Processing Stats

File Path                            PID    Runtime      # DAGs    # Errors  Last Runtime    Last Run
-----------------------------------  -----  ---------  --------  ----------  --------------  -------------------
/opt/airflow/dags/extraction_dag.py                           1           0  0.27s           2026-09-16T19:41:40
================================================================================
[2026-09-16T19:42:15.922+0000] {manager.py:878} INFO - 
================================================================================
DAG File Processing Stats

File Path                            PID    Runtime      # DAGs    # Errors  Last Runtime    Last Run
-----------------------------------  -----  ---------  --------  ----------  --------------  -------------------
/opt/airflow/dags/extraction_dag.py                           1           0  0.22s           2026-09-16T19:42:11
================================================================================
[2026-09-16T19:42:46.374+0000] {manager.py:878} INFO - 
================================================================================
DAG File Processing Stats

File Path                            PID    Runtime      # DAGs    # Errors  Last Runtime    Last Run
-----------------------------------  -----  ---------  --------  ----------  --------------  -------------------
/opt/airflow/dags/extraction_dag.py                           1           0  0.26s           2026-09-16T19:42:41
================================================================================
[2026-09-16T19:43:16.701+0000] {manager.py:878} INFO - 
================================================================================
DAG File Processing Stats

File Path                            PID    Runtime      # DAGs    # Errors  Last Runtime    Last Run
-----------------------------------  -----  ---------  --------  ----------  --------------  -------------------
/opt/airflow/dags/extraction_dag.py                           1           0  0.23s           2026-09-16T19:43:11
================================================================================
[2026-09-16T19:43:47.095+0000] {manager.py:878} INFO - 
================================================================================
DAG File Processing Stats

File Path                            PID    Runtime      # DAGs    # Errors  Last Runtime    Last Run
-----------------------------------  -----  ---------  --------  ----------  --------------  -------------------
/opt/airflow/dags/extraction_dag.py                           1           0  0.20s           2026-09-16T19:43:42
================================================================================
[2026-09-16T19:44:17.331+0000] {manager.py:878} INFO - 
================================================================================
DAG File Processing Stats

File Path                            PID    Runtime      # DAGs    # Errors  Last Runtime    Last Run
-----------------------------------  -----  ---------  --------  ----------  --------------  -------------------
/opt/airflow/dags/extraction_dag.py                           1           0  0.32s           2026-09-16T19:44:12
================================================================================
[2026-09-16T19:44:47.910+0000] {manager.py:878} INFO - 
================================================================================
DAG File Processing Stats

File Path                            PID    Runtime      # DAGs    # Errors  Last Runtime    Last Run
-----------------------------------  -----  ---------  --------  ----------  --------------  -------------------
/opt/airflow/dags/extraction_dag.py                           1           0  0.37s           2026-09-16T19:44:43
================================================================================
[2026-09-16T19:44:49.296+0000] {manager.py:737} INFO - Searching for files in /opt/airflow/dags
[2026-09-16T19:44:49.358+0000] {manager.py:740} INFO - There are 1 files in /opt/airflow/dags
[2026-09-16T19:45:18.036+0000] {manager.py:878} INFO - 
================================================================================
DAG File Processing Stats

File Path                            PID    Runtime      # DAGs    # Errors  Last Runtime    Last Run
-----------------------------------  -----  ---------  --------  ----------  --------------  -------------------
/opt/airflow/dags/extraction_dag.py                           1           0  0.38s           2026-09-16T19:45:13
================================================================================
[2026-09-16T19:45:48.313+0000] {manager.py:878} INFO - 
================================================================================
DAG File Processing Stats

File Path                            PID    Runtime      # DAGs    # Errors  Last Runtime    Last Run
-----------------------------------  -----  ---------  --------  ----------  --------------  -------------------
/opt/airflow/dags/extraction_dag.py                           1           0  0.45s           2026-09-16T19:45:44
================================================================================
[2026-09-16T19:46:18.459+0000] {manager.py:878} INFO - 
================================================================================
DAG File Processing Stats

File Path                            PID    Runtime      # DAGs    # Errors  Last Runtime    Last Run
-----------------------------------  -----  ---------  --------  ----------  --------------  -------------------
/opt/airflow/dags/extraction_dag.py                           1           0  0.41s           2026-09-16T19:46:15
================================================================================
[2026-09-16T19:46:48.706+0000] {manager.py:878} INFO - 
================================================================================
DAG File Processing Stats

File Path                            PID    Runtime      # DAGs    # Errors  Last Runtime    Last Run
-----------------------------------  -----  ---------  --------  ----------  --------------  -------------------
/opt/airflow/dags/extraction_dag.py                           1           0  0.34s           2026-09-16T19:46:46
================================================================================
[2026-09-16T19:47:19.359+0000] {manager.py:878} INFO - 
================================================================================
DAG File Processing Stats

File Path                            PID    Runtime      # DAGs    # Errors  Last Runtime    Last Run
-----------------------------------  -----  ---------  --------  ----------  --------------  -------------------
/opt/airflow/dags/extraction_dag.py                           1           0  0.27s           2026-09-16T19:47:16
================================================================================
[2026-09-16T19:47:49.906+0000] {manager.py:878} INFO - 
================================================================================
DAG File Processing Stats

File Path                            PID    Runtime      # DAGs    # Errors  Last Runtime    Last Run
-----------------------------------  -----  ---------  --------  ----------  --------------  -------------------
/opt/airflow/dags/extraction_dag.py                           1           0  0.25s           2026-09-16T19:47:46
================================================================================
[2026-09-16T19:48:20.253+0000] {manager.py:878} INFO - 
================================================================================
DAG File Processing Stats

File Path                            PID    Runtime      # DAGs    # Errors  Last Runtime    Last Run
-----------------------------------  -----  ---------  --------  ----------  --------------  -------------------
/opt/airflow/dags/extraction_dag.py                           1           0  0.26s           2026-09-16T19:48:17
================================================================================
[2026-09-16T19:48:50.763+0000] {manager.py:878} INFO - 
================================================================================
DAG File Processing Stats

File Path                            PID    Runtime      # DAGs    # Errors  Last Runtime    Last Run
-----------------------------------  -----  ---------  --------  ----------  --------------  -------------------
/opt/airflow/dags/extraction_dag.py                           1           0  0.33s           2026-09-16T19:48:47
================================================================================
[2026-09-16T19:49:21.121+0000] {manager.py:878} INFO - 
================================================================================
DAG File Processing Stats

File Path                            PID    Runtime      # DAGs    # Errors  Last Runtime    Last Run
-----------------------------------  -----  ---------  --------  ----------  --------------  -------------------
/opt/airflow/dags/extraction_dag.py                           1           0  0.22s           2026-09-16T19:49:18
================================================================================
[2026-09-16T19:49:49.535+0000] {manager.py:737} INFO - Searching for files in /opt/airflow/dags
[2026-09-16T19:49:49.619+0000] {manager.py:740} INFO - There are 1 files in /opt/airflow/dags
[2026-09-16T19:49:51.678+0000] {manager.py:878} INFO - 
================================================================================
DAG File Processing Stats

File Path                            PID    Runtime      # DAGs    # Errors  Last Runtime    Last Run
-----------------------------------  -----  ---------  --------  ----------  --------------  -------------------
/opt/airflow/dags/extraction_dag.py                           1           0  0.36s           2026-09-16T19:49:48
================================================================================
[2026-09-16T19:50:22.013+0000] {manager.py:878} INFO - 
================================================================================
DAG File Processing Stats

File Path                            PID    Runtime      # DAGs    # Errors  Last Runtime    Last Run
-----------------------------------  -----  ---------  --------  ----------  --------------  -------------------
/opt/airflow/dags/extraction_dag.py                           1           0  0.32s           2026-09-16T19:50:19
================================================================================
[2026-09-16T19:50:52.606+0000] {manager.py:878} INFO - 
================================================================================
DAG File Processing Stats

File Path                            PID    Runtime      # DAGs    # Errors  Last Runtime    Last Run
-----------------------------------  -----  ---------  --------  ----------  --------------  -------------------
/opt/airflow/dags/extraction_dag.py                           1           0  0.22s           2026-09-16T19:50:49
================================================================================
[2026-09-16T19:51:23.050+0000] {manager.py:878} INFO - 
================================================================================
DAG File Processing Stats

File Path                            PID    Runtime      # DAGs    # Errors  Last Runtime    Last Run
-----------------------------------  -----  ---------  --------  ----------  --------------  -------------------
/opt/airflow/dags/extraction_dag.py                           1           0  0.25s           2026-09-16T19:51:20
================================================================================
[2026-09-16T19:51:53.370+0000] {manager.py:878} INFO - 
================================================================================
DAG File Processing Stats

File Path                            PID    Runtime      # DAGs    # Errors  Last Runtime    Last Run
-----------------------------------  -----  ---------  --------  ----------  --------------  -------------------
/opt/airflow/dags/extraction_dag.py                           1           0  0.28s           2026-09-16T19:51:50
================================================================================
[2026-09-16T19:52:23.849+0000] {manager.py:878} INFO - 
================================================================================
DAG File Processing Stats

File Path                            PID    Runtime      # DAGs    # Errors  Last Runtime    Last Run
-----------------------------------  -----  ---------  --------  ----------  --------------  -------------------
/opt/airflow/dags/extraction_dag.py                           1           0  0.28s           2026-09-16T19:52:20
================================================================================
[2026-09-16T19:52:54.170+0000] {manager.py:878} INFO - 
================================================================================
DAG File Processing Stats

File Path                            PID    Runtime      # DAGs    # Errors  Last Runtime    Last Run
-----------------------------------  -----  ---------  --------  ----------  --------------  -------------------
/opt/airflow/dags/extraction_dag.py                           1           0  0.27s           2026-09-16T19:52:51
================================================================================
[2026-09-16T19:53:24.645+0000] {manager.py:878} INFO - 
================================================================================
DAG File Processing Stats

File Path                            PID    Runtime      # DAGs    # Errors  Last Runtime    Last Run
-----------------------------------  -----  ---------  --------  ----------  --------------  -------------------
/opt/airflow/dags/extraction_dag.py                           1           0  0.30s           2026-09-16T19:53:21
================================================================================
[2026-09-16T19:53:54.987+0000] {manager.py:878} INFO - 
================================================================================
DAG File Processing Stats

File Path                            PID    Runtime      # DAGs    # Errors  Last Runtime    Last Run
-----------------------------------  -----  ---------  --------  ----------  --------------  -------------------
/opt/airflow/dags/extraction_dag.py                           1           0  0.30s           2026-09-16T19:53:52
================================================================================
[2026-09-16T19:54:25.452+0000] {manager.py:878} INFO - 
================================================================================
DAG File Processing Stats

File Path                            PID    Runtime      # DAGs    # Errors  Last Runtime    Last Run
-----------------------------------  -----  ---------  --------  ----------  --------------  -------------------
/opt/airflow/dags/extraction_dag.py                           1           0  0.45s           2026-09-16T19:54:22
================================================================================
[2026-09-16T19:54:49.671+0000] {manager.py:737} INFO - Searching for files in /opt/airflow/dags
[2026-09-16T19:54:49.734+0000] {manager.py:740} INFO - There are 1 files in /opt/airflow/dags
[2026-09-16T19:54:55.975+0000] {manager.py:878} INFO - 
================================================================================
DAG File Processing Stats

File Path                            PID    Runtime      # DAGs    # Errors  Last Runtime    Last Run
-----------------------------------  -----  ---------  --------  ----------  --------------  -------------------
/opt/airflow/dags/extraction_dag.py                           1           0  0.38s           2026-09-16T19:54:53
================================================================================
[2026-09-16T19:55:26.484+0000] {manager.py:878} INFO - 
================================================================================
DAG File Processing Stats

File Path                            PID    Runtime      # DAGs    # Errors  Last Runtime    Last Run
-----------------------------------  -----  ---------  --------  ----------  --------------  -------------------
/opt/airflow/dags/extraction_dag.py                           1           0  0.39s           2026-09-16T19:55:23
================================================================================
[2026-09-16T19:55:56.907+0000] {manager.py:878} INFO - 
================================================================================
DAG File Processing Stats

File Path                            PID    Runtime      # DAGs    # Errors  Last Runtime    Last Run
-----------------------------------  -----  ---------  --------  ----------  --------------  -------------------
/opt/airflow/dags/extraction_dag.py                           1           0  0.30s           2026-09-16T19:55:54
================================================================================
[2026-09-16T19:56:27.311+0000] {manager.py:878} INFO - 
================================================================================
DAG File Processing Stats

File Path                            PID    Runtime      # DAGs    # Errors  Last Runtime    Last Run
-----------------------------------  -----  ---------  --------  ----------  --------------  -------------------
/opt/airflow/dags/extraction_dag.py                           1           0  0.27s           2026-09-16T19:56:24
================================================================================
[2026-09-16T19:56:57.701+0000] {manager.py:878} INFO - 
================================================================================
DAG File Processing Stats

File Path                            PID    Runtime      # DAGs    # Errors  Last Runtime    Last Run
-----------------------------------  -----  ---------  --------  ----------  --------------  -------------------
/opt/airflow/dags/extraction_dag.py                           1           0  0.22s           2026-09-16T19:56:54
================================================================================
[2026-09-16T19:57:28.054+0000] {manager.py:878} INFO - 
================================================================================
DAG File Processing Stats

File Path                            PID    Runtime      # DAGs    # Errors  Last Runtime    Last Run
-----------------------------------  -----  ---------  --------  ----------  --------------  -------------------
/opt/airflow/dags/extraction_dag.py                           1           0  0.25s           2026-09-16T19:57:25
================================================================================
[2026-09-16T19:57:58.408+0000] {manager.py:878} INFO - 
================================================================================
DAG File Processing Stats

File Path                            PID    Runtime      # DAGs    # Errors  Last Runtime    Last Run
-----------------------------------  -----  ---------  --------  ----------  --------------  -------------------
/opt/airflow/dags/extraction_dag.py                           1           0  0.21s           2026-09-16T19:57:55
================================================================================
[2026-09-16T19:58:28.773+0000] {manager.py:878} INFO - 
================================================================================
DAG File Processing Stats

File Path                            PID    Runtime      # DAGs    # Errors  Last Runtime    Last Run
-----------------------------------  -----  ---------  --------  ----------  --------------  -------------------
/opt/airflow/dags/extraction_dag.py                           1           0  0.22s           2026-09-16T19:58:25
================================================================================
[2026-09-16T19:58:59.163+0000] {manager.py:878} INFO - 
================================================================================
DAG File Processing Stats

File Path                            PID    Runtime      # DAGs    # Errors  Last Runtime    Last Run
-----------------------------------  -----  ---------  --------  ----------  --------------  -------------------
/opt/airflow/dags/extraction_dag.py                           1           0  0.25s           2026-09-16T19:58:56
================================================================================
[2026-09-16T19:59:29.561+0000] {manager.py:878} INFO - 
================================================================================
DAG File Processing Stats

File Path                            PID    Runtime      # DAGs    # Errors  Last Runtime    Last Run
-----------------------------------  -----  ---------  --------  ----------  --------------  -------------------
/opt/airflow/dags/extraction_dag.py                           1           0  0.50s           2026-09-16T19:59:26
================================================================================
[2026-09-16T19:59:49.733+0000] {manager.py:737} INFO - Searching for files in /opt/airflow/dags
[2026-09-16T19:59:49.802+0000] {manager.py:740} INFO - There are 1 files in /opt/airflow/dags
[2026-09-16T20:00:00.172+0000] {manager.py:878} INFO - 
================================================================================
DAG File Processing Stats

File Path                            PID    Runtime      # DAGs    # Errors  Last Runtime    Last Run
-----------------------------------  -----  ---------  --------  ----------  --------------  -------------------
/opt/airflow/dags/extraction_dag.py                           1           0  0.18s           2026-09-16T19:59:57
================================================================================
[2026-09-16T20:00:30.627+0000] {manager.py:878} INFO - 
================================================================================
DAG File Processing Stats

File Path                            PID    Runtime      # DAGs    # Errors  Last Runtime    Last Run
-----------------------------------  -----  ---------  --------  ----------  --------------  -------------------
/opt/airflow/dags/extraction_dag.py                           1           0  0.55s           2026-09-16T20:00:28
================================================================================
[2026-09-16T20:01:00.632+0000] {manager.py:878} INFO - 
================================================================================
DAG File Processing Stats

File Path                            PID    Runtime      # DAGs    # Errors  Last Runtime    Last Run
-----------------------------------  -----  ---------  --------  ----------  --------------  -------------------
/opt/airflow/dags/extraction_dag.py                           1           0  0.35s           2026-09-16T20:00:58
================================================================================
[2026-09-16T20:01:30.896+0000] {manager.py:878} INFO - 
================================================================================
DAG File Processing Stats

File Path                            PID    Runtime      # DAGs    # Errors  Last Runtime    Last Run
-----------------------------------  -----  ---------  --------  ----------  --------------  -------------------
/opt/airflow/dags/extraction_dag.py                           1           0  0.24s           2026-09-16T20:01:29
================================================================================
[2026-09-16T20:02:01.348+0000] {manager.py:878} INFO - 
================================================================================
DAG File Processing Stats

File Path                            PID    Runtime      # DAGs    # Errors  Last Runtime    Last Run
-----------------------------------  -----  ---------  --------  ----------  --------------  -------------------
/opt/airflow/dags/extraction_dag.py                           1           0  0.23s           2026-09-16T20:01:59
================================================================================
[2026-09-16T20:02:31.630+0000] {manager.py:878} INFO - 
================================================================================
DAG File Processing Stats

File Path                            PID    Runtime      # DAGs    # Errors  Last Runtime    Last Run
-----------------------------------  -----  ---------  --------  ----------  --------------  -------------------
/opt/airflow/dags/extraction_dag.py                           1           0  0.36s           2026-09-16T20:02:29
================================================================================
[2026-09-16T20:03:02.214+0000] {manager.py:878} INFO - 
================================================================================
DAG File Processing Stats

File Path                            PID    Runtime      # DAGs    # Errors  Last Runtime    Last Run
-----------------------------------  -----  ---------  --------  ----------  --------------  -------------------
/opt/airflow/dags/extraction_dag.py                           1           0  0.29s           2026-09-16T20:03:00
================================================================================
[2026-09-16T20:03:32.790+0000] {manager.py:878} INFO - 
================================================================================
DAG File Processing Stats

File Path                            PID    Runtime      # DAGs    # Errors  Last Runtime    Last Run
-----------------------------------  -----  ---------  --------  ----------  --------------  -------------------
/opt/airflow/dags/extraction_dag.py                           1           0  0.30s           2026-09-16T20:03:31
================================================================================
[2026-09-16T20:04:03.364+0000] {manager.py:878} INFO - 
================================================================================
DAG File Processing Stats

File Path                            PID    Runtime      # DAGs    # Errors  Last Runtime    Last Run
-----------------------------------  -----  ---------  --------  ----------  --------------  -------------------
/opt/airflow/dags/extraction_dag.py                           1           0  0.23s           2026-09-16T20:04:01
================================================================================
[2026-09-16T20:04:33.863+0000] {manager.py:878} INFO - 
================================================================================
DAG File Processing Stats

File Path                            PID    Runtime      # DAGs    # Errors  Last Runtime    Last Run
-----------------------------------  -----  ---------  --------  ----------  --------------  -------------------
/opt/airflow/dags/extraction_dag.py                           1           0  0.39s           2026-09-16T20:04:32
================================================================================
[2026-09-16T20:04:50.032+0000] {manager.py:737} INFO - Searching for files in /opt/airflow/dags
[2026-09-16T20:04:50.136+0000] {manager.py:740} INFO - There are 1 files in /opt/airflow/dags
[2026-09-16T20:05:04.301+0000] {manager.py:878} INFO - 
================================================================================
DAG File Processing Stats

File Path                            PID    Runtime      # DAGs    # Errors  Last Runtime    Last Run
-----------------------------------  -----  ---------  --------  ----------  --------------  -------------------
/opt/airflow/dags/extraction_dag.py                           1           0  0.32s           2026-09-16T20:05:02
================================================================================
[2026-09-16T20:05:34.983+0000] {manager.py:878} INFO - 
================================================================================
DAG File Processing Stats

File Path                            PID    Runtime      # DAGs    # Errors  Last Runtime    Last Run
-----------------------------------  -----  ---------  --------  ----------  --------------  -------------------
/opt/airflow/dags/extraction_dag.py                           1           0  0.29s           2026-09-16T20:05:33
================================================================================
[2026-09-16T20:06:05.518+0000] {manager.py:878} INFO - 
================================================================================
DAG File Processing Stats

File Path                            PID    Runtime      # DAGs    # Errors  Last Runtime    Last Run
-----------------------------------  -----  ---------  --------  ----------  --------------  -------------------
/opt/airflow/dags/extraction_dag.py                           1           0  0.33s           2026-09-16T20:06:03
================================================================================
[2026-09-16T20:06:35.866+0000] {manager.py:878} INFO - 
================================================================================
DAG File Processing Stats

File Path                            PID    Runtime      # DAGs    # Errors  Last Runtime    Last Run
-----------------------------------  -----  ---------  --------  ----------  --------------  -------------------
/opt/airflow/dags/extraction_dag.py                           1           0  0.38s           2026-09-16T20:06:34
================================================================================
[2026-09-16T20:07:06.439+0000] {manager.py:878} INFO - 
================================================================================
DAG File Processing Stats

File Path                            PID    Runtime      # DAGs    # Errors  Last Runtime    Last Run
-----------------------------------  -----  ---------  --------  ----------  --------------  -------------------
/opt/airflow/dags/extraction_dag.py                           1           0  0.33s           2026-09-16T20:07:04
================================================================================
[2026-09-16T20:07:37.013+0000] {manager.py:878} INFO - 
================================================================================
DAG File Processing Stats

File Path                            PID    Runtime      # DAGs    # Errors  Last Runtime    Last Run
-----------------------------------  -----  ---------  --------  ----------  --------------  -------------------
/opt/airflow/dags/extraction_dag.py                           1           0  0.21s           2026-09-16T20:07:35
================================================================================
[2026-09-16T20:08:07.435+0000] {manager.py:878} INFO - 
================================================================================
DAG File Processing Stats

File Path                            PID    Runtime      # DAGs    # Errors  Last Runtime    Last Run
-----------------------------------  -----  ---------  --------  ----------  --------------  -------------------
/opt/airflow/dags/extraction_dag.py                           1           0  0.24s           2026-09-16T20:08:05
================================================================================
[2026-09-16T20:08:37.724+0000] {manager.py:878} INFO - 
================================================================================
DAG File Processing Stats

File Path                            PID    Runtime      # DAGs    # Errors  Last Runtime    Last Run
-----------------------------------  -----  ---------  --------  ----------  --------------  -------------------
/opt/airflow/dags/extraction_dag.py                           1           0  0.21s           2026-09-16T20:08:35
================================================================================
[2026-09-16T20:09:08.097+0000] {manager.py:878} INFO - 
================================================================================
DAG File Processing Stats

File Path                            PID    Runtime      # DAGs    # Errors  Last Runtime    Last Run
-----------------------------------  -----  ---------  --------  ----------  --------------  -------------------
/opt/airflow/dags/extraction_dag.py                           1           0  0.20s           2026-09-16T20:09:06
================================================================================
[2026-09-16T20:09:38.367+0000] {manager.py:878} INFO - 
================================================================================
DAG File Processing Stats

File Path                            PID    Runtime      # DAGs    # Errors  Last Runtime    Last Run
-----------------------------------  -----  ---------  --------  ----------  --------------  -------------------
/opt/airflow/dags/extraction_dag.py                           1           0  0.25s           2026-09-16T20:09:36
================================================================================
[2026-09-16T20:09:50.468+0000] {manager.py:737} INFO - Searching for files in /opt/airflow/dags
[2026-09-16T20:09:50.547+0000] {manager.py:740} INFO - There are 1 files in /opt/airflow/dags
[2026-09-16T20:10:08.826+0000] {manager.py:878} INFO - 
================================================================================
DAG File Processing Stats

File Path                            PID    Runtime      # DAGs    # Errors  Last Runtime    Last Run
-----------------------------------  -----  ---------  --------  ----------  --------------  -------------------
/opt/airflow/dags/extraction_dag.py                           1           0  0.32s           2026-09-16T20:10:07
================================================================================
[2026-09-16T20:10:39.303+0000] {manager.py:878} INFO - 
================================================================================
DAG File Processing Stats

File Path                            PID    Runtime      # DAGs    # Errors  Last Runtime    Last Run
-----------------------------------  -----  ---------  --------  ----------  --------------  -------------------
/opt/airflow/dags/extraction_dag.py                           1           0  0.22s           2026-09-16T20:10:37
================================================================================
[2026-09-16T20:11:09.617+0000] {manager.py:878} INFO - 
================================================================================
DAG File Processing Stats

File Path                            PID    Runtime      # DAGs    # Errors  Last Runtime    Last Run
-----------------------------------  -----  ---------  --------  ----------  --------------  -------------------
/opt/airflow/dags/extraction_dag.py                           1           0  0.22s           2026-09-16T20:11:07
================================================================================
[2026-09-16T20:11:40.076+0000] {manager.py:878} INFO - 
================================================================================
DAG File Processing Stats

File Path                            PID    Runtime      # DAGs    # Errors  Last Runtime    Last Run
-----------------------------------  -----  ---------  --------  ----------  --------------  -------------------
/opt/airflow/dags/extraction_dag.py                           1           0  0.26s           2026-09-16T20:11:38
================================================================================
[2026-09-16T20:12:10.379+0000] {manager.py:878} INFO - 
================================================================================
DAG File Processing Stats

File Path                            PID    Runtime      # DAGs    # Errors  Last Runtime    Last Run
-----------------------------------  -----  ---------  --------  ----------  --------------  -------------------
/opt/airflow/dags/extraction_dag.py                           1           0  0.26s           2026-09-16T20:12:08
================================================================================
[2026-09-16T20:12:40.825+0000] {manager.py:878} INFO - 
================================================================================
DAG File Processing Stats

File Path                            PID    Runtime      # DAGs    # Errors  Last Runtime    Last Run
-----------------------------------  -----  ---------  --------  ----------  --------------  -------------------
/opt/airflow/dags/extraction_dag.py                           1           0  0.30s           2026-09-16T20:12:38
================================================================================
[2026-09-16T20:13:11.185+0000] {manager.py:878} INFO - 
================================================================================
DAG File Processing Stats

File Path                            PID    Runtime      # DAGs    # Errors  Last Runtime    Last Run
-----------------------------------  -----  ---------  --------  ----------  --------------  -------------------
/opt/airflow/dags/extraction_dag.py                           1           0  0.31s           2026-09-16T20:13:09
================================================================================
[2026-09-16T20:13:41.446+0000] {manager.py:878} INFO - 
================================================================================
DAG File Processing Stats

File Path                            PID    Runtime      # DAGs    # Errors  Last Runtime    Last Run
-----------------------------------  -----  ---------  --------  ----------  --------------  -------------------
/opt/airflow/dags/extraction_dag.py                           1           0  0.21s           2026-09-16T20:13:39
================================================================================
[2026-09-16T20:14:11.876+0000] {manager.py:878} INFO - 
================================================================================
DAG File Processing Stats

File Path                            PID    Runtime      # DAGs    # Errors  Last Runtime    Last Run
-----------------------------------  -----  ---------  --------  ----------  --------------  -------------------
/opt/airflow/dags/extraction_dag.py                           1           0  0.26s           2026-09-16T20:14:09
================================================================================
[2026-09-16T20:14:42.250+0000] {manager.py:878} INFO - 
================================================================================
DAG File Processing Stats

File Path                            PID    Runtime      # DAGs    # Errors  Last Runtime    Last Run
-----------------------------------  -----  ---------  --------  ----------  --------------  -------------------
/opt/airflow/dags/extraction_dag.py                           1           0  0.26s           2026-09-16T20:14:40
================================================================================
[2026-09-16T20:14:50.493+0000] {manager.py:737} INFO - Searching for files in /opt/airflow/dags
[2026-09-16T20:14:50.544+0000] {manager.py:740} INFO - There are 1 files in /opt/airflow/dags
[2026-09-16T20:15:12.691+0000] {manager.py:878} INFO - 
================================================================================
DAG File Processing Stats

File Path                            PID    Runtime      # DAGs    # Errors  Last Runtime    Last Run
-----------------------------------  -----  ---------  --------  ----------  --------------  -------------------
/opt/airflow/dags/extraction_dag.py                           1           0  0.20s           2026-09-16T20:15:10
================================================================================
[2026-09-16T20:15:42.968+0000] {manager.py:878} INFO - 
================================================================================
DAG File Processing Stats

File Path                            PID    Runtime      # DAGs    # Errors  Last Runtime    Last Run
-----------------------------------  -----  ---------  --------  ----------  --------------  -------------------
/opt/airflow/dags/extraction_dag.py                           1           0  0.21s           2026-09-16T20:15:41
================================================================================
[2026-09-16T20:16:13.408+0000] {manager.py:878} INFO - 
================================================================================
DAG File Processing Stats

File Path                            PID    Runtime      # DAGs    # Errors  Last Runtime    Last Run
-----------------------------------  -----  ---------  --------  ----------  --------------  -------------------
/opt/airflow/dags/extraction_dag.py                           1           0  0.24s           2026-09-16T20:16:11
================================================================================
[2026-09-16T20:16:43.734+0000] {manager.py:878} INFO - 
================================================================================
DAG File Processing Stats

File Path                            PID    Runtime      # DAGs    # Errors  Last Runtime    Last Run
-----------------------------------  -----  ---------  --------  ----------  --------------  -------------------
/opt/airflow/dags/extraction_dag.py                           1           0  0.26s           2026-09-16T20:16:41
================================================================================
[2026-09-16T20:17:14.189+0000] {manager.py:878} INFO - 
================================================================================
DAG File Processing Stats

File Path                            PID    Runtime      # DAGs    # Errors  Last Runtime    Last Run
-----------------------------------  -----  ---------  --------  ----------  --------------  -------------------
/opt/airflow/dags/extraction_dag.py                           1           0  0.24s           2026-09-16T20:17:12
================================================================================
[2026-09-16T20:17:44.507+0000] {manager.py:878} INFO - 
================================================================================
DAG File Processing Stats

File Path                            PID    Runtime      # DAGs    # Errors  Last Runtime    Last Run
-----------------------------------  -----  ---------  --------  ----------  --------------  -------------------
/opt/airflow/dags/extraction_dag.py                           1           0  0.31s           2026-09-16T20:17:42
================================================================================
[2026-09-16T20:18:15.076+0000] {manager.py:878} INFO - 
================================================================================
DAG File Processing Stats

File Path                            PID    Runtime      # DAGs    # Errors  Last Runtime    Last Run
-----------------------------------  -----  ---------  --------  ----------  --------------  -------------------
/opt/airflow/dags/extraction_dag.py                           1           0  0.23s           2026-09-16T20:18:13
================================================================================
[2026-09-16T20:18:45.542+0000] {manager.py:878} INFO - 
================================================================================
DAG File Processing Stats

File Path                            PID    Runtime      # DAGs    # Errors  Last Runtime    Last Run
-----------------------------------  -----  ---------  --------  ----------  --------------  -------------------
/opt/airflow/dags/extraction_dag.py                           1           0  0.23s           2026-09-16T20:18:43
================================================================================
[2026-09-16T20:19:15.892+0000] {manager.py:878} INFO - 
================================================================================
DAG File Processing Stats

File Path                            PID    Runtime      # DAGs    # Errors  Last Runtime    Last Run
-----------------------------------  -----  ---------  --------  ----------  --------------  -------------------
/opt/airflow/dags/extraction_dag.py                           1           0  0.29s           2026-09-16T20:19:14
================================================================================
[2026-09-16T20:19:46.417+0000] {manager.py:878} INFO - 
================================================================================
DAG File Processing Stats

File Path                            PID    Runtime      # DAGs    # Errors  Last Runtime    Last Run
-----------------------------------  -----  ---------  --------  ----------  --------------  -------------------
/opt/airflow/dags/extraction_dag.py                           1           0  0.31s           2026-09-16T20:19:44
================================================================================
[2026-09-16T20:19:50.756+0000] {manager.py:737} INFO - Searching for files in /opt/airflow/dags
[2026-09-16T20:19:50.879+0000] {manager.py:740} INFO - There are 1 files in /opt/airflow/dags
[2026-09-16T20:20:16.449+0000] {manager.py:878} INFO - 
================================================================================
DAG File Processing Stats

File Path                            PID    Runtime      # DAGs    # Errors  Last Runtime    Last Run
-----------------------------------  -----  ---------  --------  ----------  --------------  -------------------
/opt/airflow/dags/extraction_dag.py                           1           0  0.29s           2026-09-16T20:20:15
================================================================================
[2026-09-16T20:20:46.685+0000] {manager.py:878} INFO - 
================================================================================
DAG File Processing Stats

File Path                            PID    Runtime      # DAGs    # Errors  Last Runtime    Last Run
-----------------------------------  -----  ---------  --------  ----------  --------------  -------------------
/opt/airflow/dags/extraction_dag.py                           1           0  0.30s           2026-09-16T20:20:45
================================================================================
[2026-09-16T20:21:17.279+0000] {manager.py:878} INFO - 
================================================================================
DAG File Processing Stats

File Path                            PID    Runtime      # DAGs    # Errors  Last Runtime    Last Run
-----------------------------------  -----  ---------  --------  ----------  --------------  -------------------
/opt/airflow/dags/extraction_dag.py                           1           0  0.32s           2026-09-16T20:21:16
================================================================================
[2026-09-16T20:21:47.866+0000] {manager.py:878} INFO - 
================================================================================
DAG File Processing Stats

File Path                            PID    Runtime      # DAGs    # Errors  Last Runtime    Last Run
-----------------------------------  -----  ---------  --------  ----------  --------------  -------------------
/opt/airflow/dags/extraction_dag.py                           1           0  0.34s           2026-09-16T20:21:47
================================================================================
[2026-09-16T20:22:17.941+0000] {manager.py:878} INFO - 
================================================================================
DAG File Processing Stats

File Path                            PID    Runtime      # DAGs    # Errors  Last Runtime    Last Run
-----------------------------------  -----  ---------  --------  ----------  --------------  -------------------
/opt/airflow/dags/extraction_dag.py                           1           0  0.42s           2026-09-16T20:22:17
================================================================================
[2026-09-16T20:22:48.261+0000] {manager.py:878} INFO - 
================================================================================
DAG File Processing Stats

File Path                              PID  Runtime      # DAGs    # Errors  Last Runtime    Last Run
-----------------------------------  -----  ---------  --------  ----------  --------------  -------------------
/opt/airflow/dags/extraction_dag.py   2749  0.01s             1           0  0.42s           2026-09-16T20:22:17
================================================================================
[2026-09-16T20:23:18.625+0000] {manager.py:878} INFO - 
================================================================================
DAG File Processing Stats

File Path                              PID  Runtime      # DAGs    # Errors  Last Runtime    Last Run
-----------------------------------  -----  ---------  --------  ----------  --------------  -------------------
/opt/airflow/dags/extraction_dag.py   2756  0.01s             1           0  0.33s           2026-09-16T20:22:48
================================================================================
[2026-09-16T20:23:49.257+0000] {manager.py:878} INFO - 
================================================================================
DAG File Processing Stats

File Path                              PID  Runtime      # DAGs    # Errors  Last Runtime    Last Run
-----------------------------------  -----  ---------  --------  ----------  --------------  -------------------
/opt/airflow/dags/extraction_dag.py   2763  0.01s             1           0  0.30s           2026-09-16T20:23:18
================================================================================
[2026-09-16T20:24:19.493+0000] {manager.py:878} INFO - 
================================================================================
DAG File Processing Stats

File Path                            PID    Runtime      # DAGs    # Errors  Last Runtime    Last Run
-----------------------------------  -----  ---------  --------  ----------  --------------  -------------------
/opt/airflow/dags/extraction_dag.py                           1           0  0.36s           2026-09-16T20:23:49
================================================================================
[2026-09-16T20:24:50.109+0000] {manager.py:878} INFO - 
================================================================================
DAG File Processing Stats

File Path                            PID    Runtime      # DAGs    # Errors  Last Runtime    Last Run
-----------------------------------  -----  ---------  --------  ----------  --------------  -------------------
/opt/airflow/dags/extraction_dag.py                           1           0  0.32s           2026-09-16T20:24:20
================================================================================
[2026-09-16T20:24:50.782+0000] {manager.py:737} INFO - Searching for files in /opt/airflow/dags
[2026-09-16T20:24:50.846+0000] {manager.py:740} INFO - There are 1 files in /opt/airflow/dags
[2026-09-16T20:25:20.123+0000] {manager.py:878} INFO - 
================================================================================
DAG File Processing Stats

File Path                            PID    Runtime      # DAGs    # Errors  Last Runtime    Last Run
-----------------------------------  -----  ---------  --------  ----------  --------------  -------------------
/opt/airflow/dags/extraction_dag.py                           1           0  0.32s           2026-09-16T20:24:50
================================================================================
[2026-09-16T20:25:50.435+0000] {manager.py:878} INFO - 
================================================================================
DAG File Processing Stats

File Path                            PID    Runtime      # DAGs    # Errors  Last Runtime    Last Run
-----------------------------------  -----  ---------  --------  ----------  --------------  -------------------
/opt/airflow/dags/extraction_dag.py                           1           0  0.26s           2026-09-16T20:25:21
================================================================================
[2026-09-16T20:26:20.951+0000] {manager.py:878} INFO - 
================================================================================
DAG File Processing Stats

File Path                            PID    Runtime      # DAGs    # Errors  Last Runtime    Last Run
-----------------------------------  -----  ---------  --------  ----------  --------------  -------------------
/opt/airflow/dags/extraction_dag.py                           1           0  0.25s           2026-09-16T20:25:51
================================================================================
[2026-09-16T20:26:51.283+0000] {manager.py:878} INFO - 
================================================================================
DAG File Processing Stats

File Path                            PID    Runtime      # DAGs    # Errors  Last Runtime    Last Run
-----------------------------------  -----  ---------  --------  ----------  --------------  -------------------
/opt/airflow/dags/extraction_dag.py                           1           0  0.26s           2026-09-16T20:26:22
================================================================================
[2026-09-16T20:27:21.809+0000] {manager.py:878} INFO - 
================================================================================
DAG File Processing Stats

File Path                            PID    Runtime      # DAGs    # Errors  Last Runtime    Last Run
-----------------------------------  -----  ---------  --------  ----------  --------------  -------------------
/opt/airflow/dags/extraction_dag.py                           1           0  0.24s           2026-09-16T20:26:52
================================================================================
[2026-09-16T20:27:52.133+0000] {manager.py:878} INFO - 
================================================================================
DAG File Processing Stats

File Path                            PID    Runtime      # DAGs    # Errors  Last Runtime    Last Run
-----------------------------------  -----  ---------  --------  ----------  --------------  -------------------
/opt/airflow/dags/extraction_dag.py                           1           0  0.32s           2026-09-16T20:27:23
================================================================================
[2026-09-16T20:28:22.708+0000] {manager.py:878} INFO - 
================================================================================
DAG File Processing Stats

File Path                            PID    Runtime      # DAGs    # Errors  Last Runtime    Last Run
-----------------------------------  -----  ---------  --------  ----------  --------------  -------------------
/opt/airflow/dags/extraction_dag.py                           1           0  0.35s           2026-09-16T20:27:53
================================================================================
[2026-09-16T20:28:53.072+0000] {manager.py:878} INFO - 
================================================================================
DAG File Processing Stats

File Path                            PID    Runtime      # DAGs    # Errors  Last Runtime    Last Run
-----------------------------------  -----  ---------  --------  ----------  --------------  -------------------
/opt/airflow/dags/extraction_dag.py                           1           0  0.23s           2026-09-16T20:28:23
================================================================================
[2026-09-16T20:29:23.480+0000] {manager.py:878} INFO - 
================================================================================
DAG File Processing Stats

File Path                            PID    Runtime      # DAGs    # Errors  Last Runtime    Last Run
-----------------------------------  -----  ---------  --------  ----------  --------------  -------------------
/opt/airflow/dags/extraction_dag.py                           1           0  0.22s           2026-09-16T20:28:54
================================================================================
[2026-09-16T20:29:50.813+0000] {manager.py:737} INFO - Searching for files in /opt/airflow/dags
[2026-09-16T20:29:50.910+0000] {manager.py:740} INFO - There are 1 files in /opt/airflow/dags
[2026-09-16T20:29:53.954+0000] {manager.py:878} INFO - 
================================================================================
DAG File Processing Stats

File Path                            PID    Runtime      # DAGs    # Errors  Last Runtime    Last Run
-----------------------------------  -----  ---------  --------  ----------  --------------  -------------------
/opt/airflow/dags/extraction_dag.py                           1           0  0.25s           2026-09-16T20:29:24
================================================================================
[2026-09-16T20:30:24.268+0000] {manager.py:878} INFO - 
================================================================================
DAG File Processing Stats

File Path                            PID    Runtime      # DAGs    # Errors  Last Runtime    Last Run
-----------------------------------  -----  ---------  --------  ----------  --------------  -------------------
/opt/airflow/dags/extraction_dag.py                           1           0  0.33s           2026-09-16T20:29:55
================================================================================
[2026-09-16T20:30:54.812+0000] {manager.py:878} INFO - 
================================================================================
DAG File Processing Stats

File Path                            PID    Runtime      # DAGs    # Errors  Last Runtime    Last Run
-----------------------------------  -----  ---------  --------  ----------  --------------  -------------------
/opt/airflow/dags/extraction_dag.py                           1           0  0.32s           2026-09-16T20:30:25
================================================================================
[2026-09-16T20:31:24.831+0000] {manager.py:878} INFO - 
================================================================================
DAG File Processing Stats

File Path                            PID    Runtime      # DAGs    # Errors  Last Runtime    Last Run
-----------------------------------  -----  ---------  --------  ----------  --------------  -------------------
/opt/airflow/dags/extraction_dag.py                           1           0  0.41s           2026-09-16T20:30:56
================================================================================
[2026-09-16T20:31:55.135+0000] {manager.py:878} INFO - 
================================================================================
DAG File Processing Stats

File Path                            PID    Runtime      # DAGs    # Errors  Last Runtime    Last Run
-----------------------------------  -----  ---------  --------  ----------  --------------  -------------------
/opt/airflow/dags/extraction_dag.py                           1           0  0.44s           2026-09-16T20:31:27
================================================================================
[2026-09-16T20:32:25.340+0000] {manager.py:878} INFO - 
================================================================================
DAG File Processing Stats

File Path                            PID    Runtime      # DAGs    # Errors  Last Runtime    Last Run
-----------------------------------  -----  ---------  --------  ----------  --------------  -------------------
/opt/airflow/dags/extraction_dag.py                           1           0  0.29s           2026-09-16T20:31:57
================================================================================
[2026-09-16T20:32:55.350+0000] {manager.py:878} INFO - 
================================================================================
DAG File Processing Stats

File Path                            PID    Runtime      # DAGs    # Errors  Last Runtime    Last Run
-----------------------------------  -----  ---------  --------  ----------  --------------  -------------------
/opt/airflow/dags/extraction_dag.py                           1           0  1.70s           2026-09-16T20:32:30
================================================================================
[2026-09-16T20:33:26.133+0000] {manager.py:878} INFO - 
================================================================================
DAG File Processing Stats

File Path                            PID    Runtime      # DAGs    # Errors  Last Runtime    Last Run
-----------------------------------  -----  ---------  --------  ----------  --------------  -------------------
/opt/airflow/dags/extraction_dag.py                           1           0  1.37s           2026-09-16T20:33:01
================================================================================
[2026-09-16T20:33:56.550+0000] {manager.py:878} INFO - 
================================================================================
DAG File Processing Stats

File Path                            PID    Runtime      # DAGs    # Errors  Last Runtime    Last Run
-----------------------------------  -----  ---------  --------  ----------  --------------  -------------------
/opt/airflow/dags/extraction_dag.py                           1           0  1.26s           2026-09-16T20:33:33
================================================================================
[2026-09-16T20:34:27.169+0000] {manager.py:878} INFO - 
================================================================================
DAG File Processing Stats

File Path                            PID    Runtime      # DAGs    # Errors  Last Runtime    Last Run
-----------------------------------  -----  ---------  --------  ----------  --------------  -------------------
/opt/airflow/dags/extraction_dag.py                           1           0  0.42s           2026-09-16T20:34:04
================================================================================
[2026-09-16T20:34:50.948+0000] {manager.py:737} INFO - Searching for files in /opt/airflow/dags
[2026-09-16T20:34:51.056+0000] {manager.py:740} INFO - There are 1 files in /opt/airflow/dags
[2026-09-16T20:34:57.725+0000] {manager.py:878} INFO - 
================================================================================
DAG File Processing Stats

File Path                            PID    Runtime      # DAGs    # Errors  Last Runtime    Last Run
-----------------------------------  -----  ---------  --------  ----------  --------------  -------------------
/opt/airflow/dags/extraction_dag.py                           1           0  0.43s           2026-09-16T20:34:34
================================================================================
[2026-09-16T20:35:28.408+0000] {manager.py:878} INFO - 
================================================================================
DAG File Processing Stats

File Path                            PID    Runtime      # DAGs    # Errors  Last Runtime    Last Run
-----------------------------------  -----  ---------  --------  ----------  --------------  -------------------
/opt/airflow/dags/extraction_dag.py                           1           0  0.56s           2026-09-16T20:35:05
================================================================================
[2026-09-16T20:35:58.425+0000] {manager.py:878} INFO - 
================================================================================
DAG File Processing Stats

File Path                            PID    Runtime      # DAGs    # Errors  Last Runtime    Last Run
-----------------------------------  -----  ---------  --------  ----------  --------------  -------------------
/opt/airflow/dags/extraction_dag.py                           1           0  0.60s           2026-09-16T20:35:36
================================================================================
[2026-09-16T20:36:28.766+0000] {manager.py:878} INFO - 
================================================================================
DAG File Processing Stats

File Path                            PID    Runtime      # DAGs    # Errors  Last Runtime    Last Run
-----------------------------------  -----  ---------  --------  ----------  --------------  -------------------
/opt/airflow/dags/extraction_dag.py                           1           0  0.29s           2026-09-16T20:36:06
================================================================================
[2026-09-16T20:36:59.406+0000] {manager.py:878} INFO - 
================================================================================
DAG File Processing Stats

File Path                            PID    Runtime      # DAGs    # Errors  Last Runtime    Last Run
-----------------------------------  -----  ---------  --------  ----------  --------------  -------------------
/opt/airflow/dags/extraction_dag.py                           1           0  0.45s           2026-09-16T20:36:37
================================================================================
[2026-09-16T20:37:29.878+0000] {manager.py:878} INFO - 
================================================================================
DAG File Processing Stats

File Path                            PID    Runtime      # DAGs    # Errors  Last Runtime    Last Run
-----------------------------------  -----  ---------  --------  ----------  --------------  -------------------
/opt/airflow/dags/extraction_dag.py                           1           0  0.48s           2026-09-16T20:37:07
================================================================================
[2026-09-16T20:38:00.437+0000] {manager.py:878} INFO - 
================================================================================
DAG File Processing Stats

File Path                            PID    Runtime      # DAGs    # Errors  Last Runtime    Last Run
-----------------------------------  -----  ---------  --------  ----------  --------------  -------------------
/opt/airflow/dags/extraction_dag.py                           1           0  0.42s           2026-09-16T20:37:38
================================================================================
[2026-09-16T20:38:30.626+0000] {manager.py:878} INFO - 
================================================================================
DAG File Processing Stats

File Path                            PID    Runtime      # DAGs    # Errors  Last Runtime    Last Run
-----------------------------------  -----  ---------  --------  ----------  --------------  -------------------
/opt/airflow/dags/extraction_dag.py                           1           0  0.51s           2026-09-16T20:38:09
================================================================================
[2026-09-16T20:39:00.928+0000] {manager.py:878} INFO - 
================================================================================
DAG File Processing Stats

File Path                            PID    Runtime      # DAGs    # Errors  Last Runtime    Last Run
-----------------------------------  -----  ---------  --------  ----------  --------------  -------------------
/opt/airflow/dags/extraction_dag.py                           1           0  0.44s           2026-09-16T20:38:40
================================================================================
[2026-09-16T20:39:31.144+0000] {manager.py:878} INFO - 
================================================================================
DAG File Processing Stats

File Path                            PID    Runtime      # DAGs    # Errors  Last Runtime    Last Run
-----------------------------------  -----  ---------  --------  ----------  --------------  -------------------
/opt/airflow/dags/extraction_dag.py                           1           0  0.51s           2026-09-16T20:39:10
================================================================================
[2026-09-16T20:39:51.377+0000] {manager.py:737} INFO - Searching for files in /opt/airflow/dags
[2026-09-16T20:39:51.485+0000] {manager.py:740} INFO - There are 1 files in /opt/airflow/dags
[2026-09-16T20:40:01.597+0000] {manager.py:878} INFO - 
================================================================================
DAG File Processing Stats

File Path                            PID    Runtime      # DAGs    # Errors  Last Runtime    Last Run
-----------------------------------  -----  ---------  --------  ----------  --------------  -------------------
/opt/airflow/dags/extraction_dag.py                           1           0  0.48s           2026-09-16T20:39:41
================================================================================
[2026-09-16T20:40:32.209+0000] {manager.py:878} INFO - 
================================================================================
DAG File Processing Stats

File Path                            PID    Runtime      # DAGs    # Errors  Last Runtime    Last Run
-----------------------------------  -----  ---------  --------  ----------  --------------  -------------------
/opt/airflow/dags/extraction_dag.py                           1           0  0.41s           2026-09-16T20:40:12
================================================================================
[2026-09-16T20:41:02.226+0000] {manager.py:878} INFO - 
================================================================================
DAG File Processing Stats

File Path                            PID    Runtime      # DAGs    # Errors  Last Runtime    Last Run
-----------------------------------  -----  ---------  --------  ----------  --------------  -------------------
/opt/airflow/dags/extraction_dag.py                           1           0  0.34s           2026-09-16T20:40:43
================================================================================
[2026-09-16T20:41:32.512+0000] {manager.py:878} INFO - 
================================================================================
DAG File Processing Stats

File Path                            PID    Runtime      # DAGs    # Errors  Last Runtime    Last Run
-----------------------------------  -----  ---------  --------  ----------  --------------  -------------------
/opt/airflow/dags/extraction_dag.py                           1           0  0.27s           2026-09-16T20:41:13
================================================================================
[2026-09-16T20:42:03.015+0000] {manager.py:878} INFO - 
================================================================================
DAG File Processing Stats

File Path                            PID    Runtime      # DAGs    # Errors  Last Runtime    Last Run
-----------------------------------  -----  ---------  --------  ----------  --------------  -------------------
/opt/airflow/dags/extraction_dag.py                           1           0  0.29s           2026-09-16T20:41:43
================================================================================
[2026-09-16T20:42:33.342+0000] {manager.py:878} INFO - 
================================================================================
DAG File Processing Stats

File Path                            PID    Runtime      # DAGs    # Errors  Last Runtime    Last Run
-----------------------------------  -----  ---------  --------  ----------  --------------  -------------------
/opt/airflow/dags/extraction_dag.py                           1           0  0.28s           2026-09-16T20:42:14
================================================================================
[2026-09-16T20:43:03.809+0000] {manager.py:878} INFO - 
================================================================================
DAG File Processing Stats

File Path                            PID    Runtime      # DAGs    # Errors  Last Runtime    Last Run
-----------------------------------  -----  ---------  --------  ----------  --------------  -------------------
/opt/airflow/dags/extraction_dag.py                           1           0  0.33s           2026-09-16T20:42:44
================================================================================
[2026-09-16T20:43:34.197+0000] {manager.py:878} INFO - 
================================================================================
DAG File Processing Stats

File Path                            PID    Runtime      # DAGs    # Errors  Last Runtime    Last Run
-----------------------------------  -----  ---------  --------  ----------  --------------  -------------------
/opt/airflow/dags/extraction_dag.py                           1           0  0.24s           2026-09-16T20:43:15
================================================================================
[2026-09-16T20:44:04.582+0000] {manager.py:878} INFO - 
================================================================================
DAG File Processing Stats

File Path                            PID    Runtime      # DAGs    # Errors  Last Runtime    Last Run
-----------------------------------  -----  ---------  --------  ----------  --------------  -------------------
/opt/airflow/dags/extraction_dag.py                           1           0  0.36s           2026-09-16T20:43:45
================================================================================
[2026-09-16T20:44:35.081+0000] {manager.py:878} INFO - 
================================================================================
DAG File Processing Stats

File Path                            PID    Runtime      # DAGs    # Errors  Last Runtime    Last Run
-----------------------------------  -----  ---------  --------  ----------  --------------  -------------------
/opt/airflow/dags/extraction_dag.py                           1           0  0.38s           2026-09-16T20:44:16
================================================================================
[2026-09-16T20:44:51.597+0000] {manager.py:737} INFO - Searching for files in /opt/airflow/dags
[2026-09-16T20:44:51.654+0000] {manager.py:740} INFO - There are 1 files in /opt/airflow/dags
[2026-09-16T20:45:05.487+0000] {manager.py:878} INFO - 
================================================================================
DAG File Processing Stats

File Path                            PID    Runtime      # DAGs    # Errors  Last Runtime    Last Run
-----------------------------------  -----  ---------  --------  ----------  --------------  -------------------
/opt/airflow/dags/extraction_dag.py                           1           0  0.35s           2026-09-16T20:44:46
================================================================================
[2026-09-16T20:45:36.032+0000] {manager.py:878} INFO - 
================================================================================
DAG File Processing Stats

File Path                            PID    Runtime      # DAGs    # Errors  Last Runtime    Last Run
-----------------------------------  -----  ---------  --------  ----------  --------------  -------------------
/opt/airflow/dags/extraction_dag.py                           1           0  0.31s           2026-09-16T20:45:16
================================================================================
[2026-09-16T20:46:06.340+0000] {manager.py:878} INFO - 
================================================================================
DAG File Processing Stats

File Path                            PID    Runtime      # DAGs    # Errors  Last Runtime    Last Run
-----------------------------------  -----  ---------  --------  ----------  --------------  -------------------
/opt/airflow/dags/extraction_dag.py                           1           0  0.27s           2026-09-16T20:45:47
================================================================================
[2026-09-16T20:46:36.835+0000] {manager.py:878} INFO - 
================================================================================
DAG File Processing Stats

File Path                            PID    Runtime      # DAGs    # Errors  Last Runtime    Last Run
-----------------------------------  -----  ---------  --------  ----------  --------------  -------------------
/opt/airflow/dags/extraction_dag.py                           1           0  0.30s           2026-09-16T20:46:17
================================================================================
[2026-09-16T20:47:07.178+0000] {manager.py:878} INFO - 
================================================================================
DAG File Processing Stats

File Path                            PID    Runtime      # DAGs    # Errors  Last Runtime    Last Run
-----------------------------------  -----  ---------  --------  ----------  --------------  -------------------
/opt/airflow/dags/extraction_dag.py                           1           0  0.36s           2026-09-16T20:46:48
================================================================================
[2026-09-16T20:47:37.772+0000] {manager.py:878} INFO - 
================================================================================
DAG File Processing Stats

File Path                            PID    Runtime      # DAGs    # Errors  Last Runtime    Last Run
-----------------------------------  -----  ---------  --------  ----------  --------------  -------------------
/opt/airflow/dags/extraction_dag.py                           1           0  0.25s           2026-09-16T20:47:18
================================================================================
[2026-09-16T20:48:08.269+0000] {manager.py:878} INFO - 
================================================================================
DAG File Processing Stats

File Path                            PID    Runtime      # DAGs    # Errors  Last Runtime    Last Run
-----------------------------------  -----  ---------  --------  ----------  --------------  -------------------
/opt/airflow/dags/extraction_dag.py                           1           0  0.34s           2026-09-16T20:47:49
================================================================================
[2026-09-16T20:48:38.629+0000] {manager.py:878} INFO - 
================================================================================
DAG File Processing Stats

File Path                            PID    Runtime      # DAGs    # Errors  Last Runtime    Last Run
-----------------------------------  -----  ---------  --------  ----------  --------------  -------------------
/opt/airflow/dags/extraction_dag.py                           1           0  0.25s           2026-09-16T20:48:19
================================================================================
[2026-09-16T20:49:09.041+0000] {manager.py:878} INFO - 
================================================================================
DAG File Processing Stats

File Path                            PID    Runtime      # DAGs    # Errors  Last Runtime    Last Run
-----------------------------------  -----  ---------  --------  ----------  --------------  -------------------
/opt/airflow/dags/extraction_dag.py                           1           0  0.24s           2026-09-16T20:48:49
================================================================================
[2026-09-16T20:49:39.382+0000] {manager.py:878} INFO - 
================================================================================
DAG File Processing Stats

File Path                            PID    Runtime      # DAGs    # Errors  Last Runtime    Last Run
-----------------------------------  -----  ---------  --------  ----------  --------------  -------------------
/opt/airflow/dags/extraction_dag.py                           1           0  0.21s           2026-09-16T20:49:20
================================================================================
[2026-09-16T20:49:51.610+0000] {manager.py:737} INFO - Searching for files in /opt/airflow/dags
[2026-09-16T20:49:51.674+0000] {manager.py:740} INFO - There are 1 files in /opt/airflow/dags
[2026-09-16T20:50:09.857+0000] {manager.py:878} INFO - 
================================================================================
DAG File Processing Stats

File Path                            PID    Runtime      # DAGs    # Errors  Last Runtime    Last Run
-----------------------------------  -----  ---------  --------  ----------  --------------  -------------------
/opt/airflow/dags/extraction_dag.py                           1           0  0.20s           2026-09-16T20:49:50
================================================================================
[2026-09-16T20:50:40.145+0000] {manager.py:878} INFO - 
================================================================================
DAG File Processing Stats

File Path                            PID    Runtime      # DAGs    # Errors  Last Runtime    Last Run
-----------------------------------  -----  ---------  --------  ----------  --------------  -------------------
/opt/airflow/dags/extraction_dag.py                           1           0  0.23s           2026-09-16T20:50:21
================================================================================
[2026-09-16T20:51:10.594+0000] {manager.py:878} INFO - 
================================================================================
DAG File Processing Stats

File Path                            PID    Runtime      # DAGs    # Errors  Last Runtime    Last Run
-----------------------------------  -----  ---------  --------  ----------  --------------  -------------------
/opt/airflow/dags/extraction_dag.py                           1           0  0.24s           2026-09-16T20:50:51
================================================================================
[2026-09-16T20:51:40.924+0000] {manager.py:878} INFO - 
================================================================================
DAG File Processing Stats

File Path                            PID    Runtime      # DAGs    # Errors  Last Runtime    Last Run
-----------------------------------  -----  ---------  --------  ----------  --------------  -------------------
/opt/airflow/dags/extraction_dag.py                           1           0  0.24s           2026-09-16T20:51:21
================================================================================
[2026-09-16T20:52:11.371+0000] {manager.py:878} INFO - 
================================================================================
DAG File Processing Stats

File Path                            PID    Runtime      # DAGs    # Errors  Last Runtime    Last Run
-----------------------------------  -----  ---------  --------  ----------  --------------  -------------------
/opt/airflow/dags/extraction_dag.py                           1           0  0.29s           2026-09-16T20:51:52
================================================================================
[2026-09-16T20:52:41.767+0000] {manager.py:878} INFO - 
================================================================================
DAG File Processing Stats

File Path                            PID    Runtime      # DAGs    # Errors  Last Runtime    Last Run
-----------------------------------  -----  ---------  --------  ----------  --------------  -------------------
/opt/airflow/dags/extraction_dag.py                           1           0  0.29s           2026-09-16T20:52:22
================================================================================
[2026-09-16T20:53:12.172+0000] {manager.py:878} INFO - 
================================================================================
DAG File Processing Stats

File Path                            PID    Runtime      # DAGs    # Errors  Last Runtime    Last Run
-----------------------------------  -----  ---------  --------  ----------  --------------  -------------------
/opt/airflow/dags/extraction_dag.py                           1           0  0.35s           2026-09-16T20:52:53
================================================================================
[2026-09-16T20:53:42.653+0000] {manager.py:878} INFO - 
================================================================================
DAG File Processing Stats

File Path                            PID    Runtime      # DAGs    # Errors  Last Runtime    Last Run
-----------------------------------  -----  ---------  --------  ----------  --------------  -------------------
/opt/airflow/dags/extraction_dag.py                           1           0  0.25s           2026-09-16T20:53:23
================================================================================
[2026-09-16T20:54:12.947+0000] {manager.py:878} INFO - 
================================================================================
DAG File Processing Stats

File Path                            PID    Runtime      # DAGs    # Errors  Last Runtime    Last Run
-----------------------------------  -----  ---------  --------  ----------  --------------  -------------------
/opt/airflow/dags/extraction_dag.py                           1           0  0.20s           2026-09-16T20:53:53
================================================================================
[2026-09-16T20:54:43.353+0000] {manager.py:878} INFO - 
================================================================================
DAG File Processing Stats

File Path                            PID    Runtime      # DAGs    # Errors  Last Runtime    Last Run
-----------------------------------  -----  ---------  --------  ----------  --------------  -------------------
/opt/airflow/dags/extraction_dag.py                           1           0  0.24s           2026-09-16T20:54:24
================================================================================
[2026-09-16T20:54:52.433+0000] {manager.py:737} INFO - Searching for files in /opt/airflow/dags
[2026-09-16T20:54:52.503+0000] {manager.py:740} INFO - There are 1 files in /opt/airflow/dags
[2026-09-16T20:55:13.731+0000] {manager.py:878} INFO - 
================================================================================
DAG File Processing Stats

File Path                            PID    Runtime      # DAGs    # Errors  Last Runtime    Last Run
-----------------------------------  -----  ---------  --------  ----------  --------------  -------------------
/opt/airflow/dags/extraction_dag.py                           1           0  0.23s           2026-09-16T20:54:54
================================================================================
[2026-09-16T20:55:44.193+0000] {manager.py:878} INFO - 
================================================================================
DAG File Processing Stats

File Path                            PID    Runtime      # DAGs    # Errors  Last Runtime    Last Run
-----------------------------------  -----  ---------  --------  ----------  --------------  -------------------
/opt/airflow/dags/extraction_dag.py                           1           0  0.25s           2026-09-16T20:55:25
================================================================================
[2026-09-16T20:56:14.519+0000] {manager.py:878} INFO - 
================================================================================
DAG File Processing Stats

File Path                            PID    Runtime      # DAGs    # Errors  Last Runtime    Last Run
-----------------------------------  -----  ---------  --------  ----------  --------------  -------------------
/opt/airflow/dags/extraction_dag.py                           1           0  0.24s           2026-09-16T20:55:55
================================================================================
[2026-09-16T20:56:44.949+0000] {manager.py:878} INFO - 
================================================================================
DAG File Processing Stats

File Path                            PID    Runtime      # DAGs    # Errors  Last Runtime    Last Run
-----------------------------------  -----  ---------  --------  ----------  --------------  -------------------
/opt/airflow/dags/extraction_dag.py                           1           0  0.37s           2026-09-16T20:56:25
================================================================================
[2026-09-16T20:57:15.402+0000] {manager.py:878} INFO - 
================================================================================
DAG File Processing Stats

File Path                            PID    Runtime      # DAGs    # Errors  Last Runtime    Last Run
-----------------------------------  -----  ---------  --------  ----------  --------------  -------------------
/opt/airflow/dags/extraction_dag.py                           1           0  0.22s           2026-09-16T20:56:56
================================================================================
[2026-09-16T20:57:45.733+0000] {manager.py:878} INFO - 
================================================================================
DAG File Processing Stats

File Path                            PID    Runtime      # DAGs    # Errors  Last Runtime    Last Run
-----------------------------------  -----  ---------  --------  ----------  --------------  -------------------
/opt/airflow/dags/extraction_dag.py                           1           0  0.23s           2026-09-16T20:57:26
================================================================================
[2026-09-16T20:58:16.169+0000] {manager.py:878} INFO - 
================================================================================
DAG File Processing Stats

File Path                            PID    Runtime      # DAGs    # Errors  Last Runtime    Last Run
-----------------------------------  -----  ---------  --------  ----------  --------------  -------------------
/opt/airflow/dags/extraction_dag.py                           1           0  0.26s           2026-09-16T20:57:57
================================================================================
[2026-09-16T20:58:46.556+0000] {manager.py:878} INFO - 
================================================================================
DAG File Processing Stats

File Path                            PID    Runtime      # DAGs    # Errors  Last Runtime    Last Run
-----------------------------------  -----  ---------  --------  ----------  --------------  -------------------
/opt/airflow/dags/extraction_dag.py                           1           0  0.28s           2026-09-16T20:58:27
================================================================================
[2026-09-16T20:59:16.961+0000] {manager.py:878} INFO - 
================================================================================
DAG File Processing Stats

File Path                            PID    Runtime      # DAGs    # Errors  Last Runtime    Last Run
-----------------------------------  -----  ---------  --------  ----------  --------------  -------------------
/opt/airflow/dags/extraction_dag.py                           1           0  0.26s           2026-09-16T20:58:57
================================================================================
[2026-09-16T20:59:47.331+0000] {manager.py:878} INFO - 
================================================================================
DAG File Processing Stats

File Path                            PID    Runtime      # DAGs    # Errors  Last Runtime    Last Run
-----------------------------------  -----  ---------  --------  ----------  --------------  -------------------
/opt/airflow/dags/extraction_dag.py                           1           0  0.21s           2026-09-16T20:59:28
================================================================================
[2026-09-16T20:59:52.455+0000] {manager.py:737} INFO - Searching for files in /opt/airflow/dags
[2026-09-16T20:59:52.525+0000] {manager.py:740} INFO - There are 1 files in /opt/airflow/dags
[2026-09-16T21:00:17.783+0000] {manager.py:878} INFO - 
================================================================================
DAG File Processing Stats

File Path                            PID    Runtime      # DAGs    # Errors  Last Runtime    Last Run
-----------------------------------  -----  ---------  --------  ----------  --------------  -------------------
/opt/airflow/dags/extraction_dag.py                           1           0  0.34s           2026-09-16T20:59:58
================================================================================
[2026-09-16T21:00:48.176+0000] {manager.py:878} INFO - 
================================================================================
DAG File Processing Stats

File Path                            PID    Runtime      # DAGs    # Errors  Last Runtime    Last Run
-----------------------------------  -----  ---------  --------  ----------  --------------  -------------------
/opt/airflow/dags/extraction_dag.py                           1           0  0.25s           2026-09-16T21:00:29
================================================================================
[2026-09-16T21:01:18.537+0000] {manager.py:878} INFO - 
================================================================================
DAG File Processing Stats

File Path                            PID    Runtime      # DAGs    # Errors  Last Runtime    Last Run
-----------------------------------  -----  ---------  --------  ----------  --------------  -------------------
/opt/airflow/dags/extraction_dag.py                           1           0  0.26s           2026-09-16T21:00:59
================================================================================
[2026-09-16T21:01:48.949+0000] {manager.py:878} INFO - 
================================================================================
DAG File Processing Stats

File Path                            PID    Runtime      # DAGs    # Errors  Last Runtime    Last Run
-----------------------------------  -----  ---------  --------  ----------  --------------  -------------------
/opt/airflow/dags/extraction_dag.py                           1           0  0.58s           2026-09-16T21:01:30
================================================================================
[2026-09-16T21:02:19.665+0000] {manager.py:878} INFO - 
================================================================================
DAG File Processing Stats

File Path                            PID    Runtime      # DAGs    # Errors  Last Runtime    Last Run
-----------------------------------  -----  ---------  --------  ----------  --------------  -------------------
/opt/airflow/dags/extraction_dag.py                           1           0  0.24s           2026-09-16T21:02:00
================================================================================
[2026-09-16T21:02:50.161+0000] {manager.py:878} INFO - 
================================================================================
DAG File Processing Stats

File Path                            PID    Runtime      # DAGs    # Errors  Last Runtime    Last Run
-----------------------------------  -----  ---------  --------  ----------  --------------  -------------------
/opt/airflow/dags/extraction_dag.py                           1           0  0.23s           2026-09-16T21:02:31
================================================================================
[2026-09-16T21:03:20.481+0000] {manager.py:878} INFO - 
================================================================================
DAG File Processing Stats

File Path                            PID    Runtime      # DAGs    # Errors  Last Runtime    Last Run
-----------------------------------  -----  ---------  --------  ----------  --------------  -------------------
/opt/airflow/dags/extraction_dag.py                           1           0  0.24s           2026-09-16T21:03:01
================================================================================
[2026-09-16T21:03:50.929+0000] {manager.py:878} INFO - 
================================================================================
DAG File Processing Stats

File Path                            PID    Runtime      # DAGs    # Errors  Last Runtime    Last Run
-----------------------------------  -----  ---------  --------  ----------  --------------  -------------------
/opt/airflow/dags/extraction_dag.py                           1           0  0.30s           2026-09-16T21:03:31
================================================================================
[2026-09-16T21:04:21.293+0000] {manager.py:878} INFO - 
================================================================================
DAG File Processing Stats

File Path                            PID    Runtime      # DAGs    # Errors  Last Runtime    Last Run
-----------------------------------  -----  ---------  --------  ----------  --------------  -------------------
/opt/airflow/dags/extraction_dag.py                           1           0  0.26s           2026-09-16T21:04:02
================================================================================
[2026-09-16T21:04:51.703+0000] {manager.py:878} INFO - 
================================================================================
DAG File Processing Stats

File Path                            PID    Runtime      # DAGs    # Errors  Last Runtime    Last Run
-----------------------------------  -----  ---------  --------  ----------  --------------  -------------------
/opt/airflow/dags/extraction_dag.py                           1           0  0.25s           2026-09-16T21:04:32
================================================================================
[2026-09-16T21:04:52.709+0000] {manager.py:737} INFO - Searching for files in /opt/airflow/dags
[2026-09-16T21:04:52.778+0000] {manager.py:740} INFO - There are 1 files in /opt/airflow/dags
[2026-09-16T21:05:22.091+0000] {manager.py:878} INFO - 
================================================================================
DAG File Processing Stats

File Path                            PID    Runtime      # DAGs    # Errors  Last Runtime    Last Run
-----------------------------------  -----  ---------  --------  ----------  --------------  -------------------
/opt/airflow/dags/extraction_dag.py                           1           0  0.25s           2026-09-16T21:05:03
================================================================================
[2026-09-16T21:05:52.579+0000] {manager.py:878} INFO - 
================================================================================
DAG File Processing Stats

File Path                            PID    Runtime      # DAGs    # Errors  Last Runtime    Last Run
-----------------------------------  -----  ---------  --------  ----------  --------------  -------------------
/opt/airflow/dags/extraction_dag.py                           1           0  0.25s           2026-09-16T21:05:33
================================================================================
[2026-09-16T21:06:22.874+0000] {manager.py:878} INFO - 
================================================================================
DAG File Processing Stats

File Path                            PID    Runtime      # DAGs    # Errors  Last Runtime    Last Run
-----------------------------------  -----  ---------  --------  ----------  --------------  -------------------
/opt/airflow/dags/extraction_dag.py                           1           0  0.24s           2026-09-16T21:06:03
================================================================================
[2026-09-16T21:06:53.320+0000] {manager.py:878} INFO - 
================================================================================
DAG File Processing Stats

File Path                            PID    Runtime      # DAGs    # Errors  Last Runtime    Last Run
-----------------------------------  -----  ---------  --------  ----------  --------------  -------------------
/opt/airflow/dags/extraction_dag.py                           1           0  0.21s           2026-09-16T21:06:34
================================================================================
[2026-09-16T21:07:23.626+0000] {manager.py:878} INFO - 
================================================================================
DAG File Processing Stats

File Path                            PID    Runtime      # DAGs    # Errors  Last Runtime    Last Run
-----------------------------------  -----  ---------  --------  ----------  --------------  -------------------
/opt/airflow/dags/extraction_dag.py                           1           0  0.25s           2026-09-16T21:07:04
================================================================================
[2026-09-16T21:07:54.106+0000] {manager.py:878} INFO - 
================================================================================
DAG File Processing Stats

File Path                            PID    Runtime      # DAGs    # Errors  Last Runtime    Last Run
-----------------------------------  -----  ---------  --------  ----------  --------------  -------------------
/opt/airflow/dags/extraction_dag.py                           1           0  0.25s           2026-09-16T21:07:34
================================================================================
[2026-09-16T21:08:24.435+0000] {manager.py:878} INFO - 
================================================================================
DAG File Processing Stats

File Path                            PID    Runtime      # DAGs    # Errors  Last Runtime    Last Run
-----------------------------------  -----  ---------  --------  ----------  --------------  -------------------
/opt/airflow/dags/extraction_dag.py                           1           0  0.34s           2026-09-16T21:08:05
================================================================================
[2026-09-16T21:08:54.989+0000] {manager.py:878} INFO - 
================================================================================
DAG File Processing Stats

File Path                            PID    Runtime      # DAGs    # Errors  Last Runtime    Last Run
-----------------------------------  -----  ---------  --------  ----------  --------------  -------------------
/opt/airflow/dags/extraction_dag.py                           1           0  0.20s           2026-09-16T21:08:36
================================================================================
[2026-09-16T21:09:25.439+0000] {manager.py:878} INFO - 
================================================================================
DAG File Processing Stats

File Path                            PID    Runtime      # DAGs    # Errors  Last Runtime    Last Run
-----------------------------------  -----  ---------  --------  ----------  --------------  -------------------
/opt/airflow/dags/extraction_dag.py                           1           0  0.25s           2026-09-16T21:09:06
================================================================================
[2026-09-16T21:09:52.729+0000] {manager.py:737} INFO - Searching for files in /opt/airflow/dags
[2026-09-16T21:09:52.799+0000] {manager.py:740} INFO - There are 1 files in /opt/airflow/dags
[2026-09-16T21:09:55.843+0000] {manager.py:878} INFO - 
================================================================================
DAG File Processing Stats

File Path                            PID    Runtime      # DAGs    # Errors  Last Runtime    Last Run
-----------------------------------  -----  ---------  --------  ----------  --------------  -------------------
/opt/airflow/dags/extraction_dag.py                           1           0  0.24s           2026-09-16T21:09:36
================================================================================
[2026-09-16T21:10:26.197+0000] {manager.py:878} INFO - 
================================================================================
DAG File Processing Stats

File Path                            PID    Runtime      # DAGs    # Errors  Last Runtime    Last Run
-----------------------------------  -----  ---------  --------  ----------  --------------  -------------------
/opt/airflow/dags/extraction_dag.py                           1           0  0.27s           2026-09-16T21:10:07
================================================================================
[2026-09-16T21:10:56.616+0000] {manager.py:878} INFO - 
================================================================================
DAG File Processing Stats

File Path                            PID    Runtime      # DAGs    # Errors  Last Runtime    Last Run
-----------------------------------  -----  ---------  --------  ----------  --------------  -------------------
/opt/airflow/dags/extraction_dag.py                           1           0  0.24s           2026-09-16T21:10:37
================================================================================
[2026-09-16T21:11:26.942+0000] {manager.py:878} INFO - 
================================================================================
DAG File Processing Stats

File Path                            PID    Runtime      # DAGs    # Errors  Last Runtime    Last Run
-----------------------------------  -----  ---------  --------  ----------  --------------  -------------------
/opt/airflow/dags/extraction_dag.py                           1           0  0.23s           2026-09-16T21:11:07
================================================================================
[2026-09-16T21:11:57.359+0000] {manager.py:878} INFO - 
================================================================================
DAG File Processing Stats

File Path                            PID    Runtime      # DAGs    # Errors  Last Runtime    Last Run
-----------------------------------  -----  ---------  --------  ----------  --------------  -------------------
/opt/airflow/dags/extraction_dag.py                           1           0  0.24s           2026-09-16T21:11:38
================================================================================
[2026-09-16T21:12:27.691+0000] {manager.py:878} INFO - 
================================================================================
DAG File Processing Stats

File Path                            PID    Runtime      # DAGs    # Errors  Last Runtime    Last Run
-----------------------------------  -----  ---------  --------  ----------  --------------  -------------------
/opt/airflow/dags/extraction_dag.py                           1           0  0.23s           2026-09-16T21:12:08
================================================================================
[2026-09-16T21:12:58.098+0000] {manager.py:878} INFO - 
================================================================================
DAG File Processing Stats

File Path                            PID    Runtime      # DAGs    # Errors  Last Runtime    Last Run
-----------------------------------  -----  ---------  --------  ----------  --------------  -------------------
/opt/airflow/dags/extraction_dag.py                           1           0  0.22s           2026-09-16T21:12:39
================================================================================
[2026-09-16T21:13:28.442+0000] {manager.py:878} INFO - 
================================================================================
DAG File Processing Stats

File Path                            PID    Runtime      # DAGs    # Errors  Last Runtime    Last Run
-----------------------------------  -----  ---------  --------  ----------  --------------  -------------------
/opt/airflow/dags/extraction_dag.py                           1           0  0.25s           2026-09-16T21:13:09
================================================================================
[2026-09-16T21:13:58.873+0000] {manager.py:878} INFO - 
================================================================================
DAG File Processing Stats

File Path                            PID    Runtime      # DAGs    # Errors  Last Runtime    Last Run
-----------------------------------  -----  ---------  --------  ----------  --------------  -------------------
/opt/airflow/dags/extraction_dag.py                           1           0  0.24s           2026-09-16T21:13:39
================================================================================
[2026-09-16T21:14:29.187+0000] {manager.py:878} INFO - 
================================================================================
DAG File Processing Stats

File Path                            PID    Runtime      # DAGs    # Errors  Last Runtime    Last Run
-----------------------------------  -----  ---------  --------  ----------  --------------  -------------------
/opt/airflow/dags/extraction_dag.py                           1           0  0.24s           2026-09-16T21:14:10
================================================================================
[2026-09-16T21:14:53.559+0000] {manager.py:737} INFO - Searching for files in /opt/airflow/dags
[2026-09-16T21:14:53.614+0000] {manager.py:740} INFO - There are 1 files in /opt/airflow/dags
[2026-09-16T21:14:59.683+0000] {manager.py:878} INFO - 
================================================================================
DAG File Processing Stats

File Path                            PID    Runtime      # DAGs    # Errors  Last Runtime    Last Run
-----------------------------------  -----  ---------  --------  ----------  --------------  -------------------
/opt/airflow/dags/extraction_dag.py                           1           0  0.23s           2026-09-16T21:14:40
================================================================================
[2026-09-16T21:15:29.969+0000] {manager.py:878} INFO - 
================================================================================
DAG File Processing Stats

File Path                            PID    Runtime      # DAGs    # Errors  Last Runtime    Last Run
-----------------------------------  -----  ---------  --------  ----------  --------------  -------------------
/opt/airflow/dags/extraction_dag.py                           1           0  0.24s           2026-09-16T21:15:11
================================================================================
[2026-09-16T21:16:00.451+0000] {manager.py:878} INFO - 
================================================================================
DAG File Processing Stats

File Path                            PID    Runtime      # DAGs    # Errors  Last Runtime    Last Run
-----------------------------------  -----  ---------  --------  ----------  --------------  -------------------
/opt/airflow/dags/extraction_dag.py                           1           0  0.26s           2026-09-16T21:15:41
================================================================================
[2026-09-16T21:16:30.730+0000] {manager.py:878} INFO - 
================================================================================
DAG File Processing Stats

File Path                            PID    Runtime      # DAGs    # Errors  Last Runtime    Last Run
-----------------------------------  -----  ---------  --------  ----------  --------------  -------------------
/opt/airflow/dags/extraction_dag.py                           1           0  0.24s           2026-09-16T21:16:11
================================================================================
[2026-09-16T21:17:01.200+0000] {manager.py:878} INFO - 
================================================================================
DAG File Processing Stats

File Path                            PID    Runtime      # DAGs    # Errors  Last Runtime    Last Run
-----------------------------------  -----  ---------  --------  ----------  --------------  -------------------
/opt/airflow/dags/extraction_dag.py                           1           0  0.25s           2026-09-16T21:16:42
================================================================================
[2026-09-16T21:17:31.511+0000] {manager.py:878} INFO - 
================================================================================
DAG File Processing Stats

File Path                            PID    Runtime      # DAGs    # Errors  Last Runtime    Last Run
-----------------------------------  -----  ---------  --------  ----------  --------------  -------------------
/opt/airflow/dags/extraction_dag.py                           1           0  0.23s           2026-09-16T21:17:12
================================================================================
[2026-09-16T21:18:01.986+0000] {manager.py:878} INFO - 
================================================================================
DAG File Processing Stats

File Path                            PID    Runtime      # DAGs    # Errors  Last Runtime    Last Run
-----------------------------------  -----  ---------  --------  ----------  --------------  -------------------
/opt/airflow/dags/extraction_dag.py                           1           0  0.25s           2026-09-16T21:17:42
================================================================================
[2026-09-16T21:18:32.284+0000] {manager.py:878} INFO - 
================================================================================
DAG File Processing Stats

File Path                            PID    Runtime      # DAGs    # Errors  Last Runtime    Last Run
-----------------------------------  -----  ---------  --------  ----------  --------------  -------------------
/opt/airflow/dags/extraction_dag.py                           1           0  0.23s           2026-09-16T21:18:13
================================================================================
[2026-09-16T21:19:02.717+0000] {manager.py:878} INFO - 
================================================================================
DAG File Processing Stats

File Path                            PID    Runtime      # DAGs    # Errors  Last Runtime    Last Run
-----------------------------------  -----  ---------  --------  ----------  --------------  -------------------
/opt/airflow/dags/extraction_dag.py                           1           0  0.27s           2026-09-16T21:18:43
================================================================================
[2026-09-16T21:19:33.084+0000] {manager.py:878} INFO - 
================================================================================
DAG File Processing Stats

File Path                            PID    Runtime      # DAGs    # Errors  Last Runtime    Last Run
-----------------------------------  -----  ---------  --------  ----------  --------------  -------------------
/opt/airflow/dags/extraction_dag.py                           1           0  0.24s           2026-09-16T21:19:14
================================================================================
[2026-09-16T21:19:54.408+0000] {manager.py:737} INFO - Searching for files in /opt/airflow/dags
[2026-09-16T21:19:54.489+0000] {manager.py:740} INFO - There are 1 files in /opt/airflow/dags
[2026-09-16T21:20:03.588+0000] {manager.py:878} INFO - 
================================================================================
DAG File Processing Stats

File Path                            PID    Runtime      # DAGs    # Errors  Last Runtime    Last Run
-----------------------------------  -----  ---------  --------  ----------  --------------  -------------------
/opt/airflow/dags/extraction_dag.py                           1           0  0.25s           2026-09-16T21:19:44
================================================================================
[2026-09-16T21:20:33.888+0000] {manager.py:878} INFO - 
================================================================================
DAG File Processing Stats

File Path                            PID    Runtime      # DAGs    # Errors  Last Runtime    Last Run
-----------------------------------  -----  ---------  --------  ----------  --------------  -------------------
/opt/airflow/dags/extraction_dag.py                           1           0  0.26s           2026-09-16T21:20:14
================================================================================
[2026-09-16T21:21:04.339+0000] {manager.py:878} INFO - 
================================================================================
DAG File Processing Stats

File Path                            PID    Runtime      # DAGs    # Errors  Last Runtime    Last Run
-----------------------------------  -----  ---------  --------  ----------  --------------  -------------------
/opt/airflow/dags/extraction_dag.py                           1           0  0.25s           2026-09-16T21:20:45
================================================================================
[2026-09-16T21:21:34.669+0000] {manager.py:878} INFO - 
================================================================================
DAG File Processing Stats

File Path                            PID    Runtime      # DAGs    # Errors  Last Runtime    Last Run
-----------------------------------  -----  ---------  --------  ----------  --------------  -------------------
/opt/airflow/dags/extraction_dag.py                           1           0  0.23s           2026-09-16T21:21:15
================================================================================
[2026-09-16T21:22:05.104+0000] {manager.py:878} INFO - 
================================================================================
DAG File Processing Stats

File Path                            PID    Runtime      # DAGs    # Errors  Last Runtime    Last Run
-----------------------------------  -----  ---------  --------  ----------  --------------  -------------------
/opt/airflow/dags/extraction_dag.py                           1           0  0.23s           2026-09-16T21:21:46
================================================================================
[2026-09-16T21:22:35.413+0000] {manager.py:878} INFO - 
================================================================================
DAG File Processing Stats

File Path                            PID    Runtime      # DAGs    # Errors  Last Runtime    Last Run
-----------------------------------  -----  ---------  --------  ----------  --------------  -------------------
/opt/airflow/dags/extraction_dag.py                           1           0  0.27s           2026-09-16T21:22:16
================================================================================
[2026-09-17T07:59:29.503+0000] {manager.py:737} INFO - Searching for files in /opt/airflow/dags
[2026-09-17T07:59:38.923+0000] {manager.py:740} INFO - There are 1 files in /opt/airflow/dags
[2026-09-17T07:59:54.551+0000] {manager.py:878} INFO - 
================================================================================
DAG File Processing Stats

File Path                            PID    Runtime      # DAGs    # Errors  Last Runtime    Last Run
-----------------------------------  -----  ---------  --------  ----------  --------------  -------------------
/opt/airflow/dags/extraction_dag.py                           1           0  7.64s           2026-09-17T07:59:48
================================================================================
[2026-09-17T08:00:24.652+0000] {manager.py:878} INFO - 
================================================================================
DAG File Processing Stats

File Path                            PID    Runtime      # DAGs    # Errors  Last Runtime    Last Run
-----------------------------------  -----  ---------  --------  ----------  --------------  -------------------
/opt/airflow/dags/extraction_dag.py                           1           0  2.91s           2026-09-17T08:00:21
================================================================================
[2026-09-17T08:00:54.911+0000] {manager.py:878} INFO - 
================================================================================
DAG File Processing Stats

File Path                            PID    Runtime      # DAGs    # Errors  Last Runtime    Last Run
-----------------------------------  -----  ---------  --------  ----------  --------------  -------------------
/opt/airflow/dags/extraction_dag.py                           1           0  0.87s           2026-09-17T08:00:52
================================================================================
[2026-09-17T08:01:25.584+0000] {manager.py:878} INFO - 
================================================================================
DAG File Processing Stats

File Path                            PID    Runtime      # DAGs    # Errors  Last Runtime    Last Run
-----------------------------------  -----  ---------  --------  ----------  --------------  -------------------
/opt/airflow/dags/extraction_dag.py                           1           0  0.71s           2026-09-17T08:01:23
================================================================================
[2026-09-17T08:01:55.658+0000] {manager.py:878} INFO - 
================================================================================
DAG File Processing Stats

File Path                            PID    Runtime      # DAGs    # Errors  Last Runtime    Last Run
-----------------------------------  -----  ---------  --------  ----------  --------------  -------------------
/opt/airflow/dags/extraction_dag.py                           1           0  0.52s           2026-09-17T08:01:54
================================================================================
[2026-09-17T08:02:26.435+0000] {manager.py:878} INFO - 
================================================================================
DAG File Processing Stats

File Path                            PID    Runtime      # DAGs    # Errors  Last Runtime    Last Run
-----------------------------------  -----  ---------  --------  ----------  --------------  -------------------
/opt/airflow/dags/extraction_dag.py                           1           0  0.60s           2026-09-17T08:02:25
================================================================================
[2026-09-17T08:02:56.784+0000] {manager.py:878} INFO - 
================================================================================
DAG File Processing Stats

File Path                            PID    Runtime      # DAGs    # Errors  Last Runtime    Last Run
-----------------------------------  -----  ---------  --------  ----------  --------------  -------------------
/opt/airflow/dags/extraction_dag.py                           1           0  0.65s           2026-09-17T08:02:56
================================================================================
[2026-09-17T08:03:27.038+0000] {manager.py:878} INFO - 
================================================================================
DAG File Processing Stats

File Path                              PID  Runtime      # DAGs    # Errors  Last Runtime    Last Run
-----------------------------------  -----  ---------  --------  ----------  --------------  -------------------
/opt/airflow/dags/extraction_dag.py   3639  0.38s             1           0  0.65s           2026-09-17T08:02:56
================================================================================
[2026-09-17T08:03:57.301+0000] {manager.py:878} INFO - 
================================================================================
DAG File Processing Stats

File Path                              PID  Runtime      # DAGs    # Errors  Last Runtime    Last Run
-----------------------------------  -----  ---------  --------  ----------  --------------  -------------------
/opt/airflow/dags/extraction_dag.py   3646  0.00s             1           0  0.40s           2026-09-17T08:03:27
================================================================================
[2026-09-17T08:04:27.609+0000] {manager.py:878} INFO - 
================================================================================
DAG File Processing Stats

File Path                              PID  Runtime      # DAGs    # Errors  Last Runtime    Last Run
-----------------------------------  -----  ---------  --------  ----------  --------------  -------------------
/opt/airflow/dags/extraction_dag.py   3653  0.01s             1           0  0.26s           2026-09-17T08:03:57
================================================================================
[2026-09-17T08:04:29.790+0000] {manager.py:737} INFO - Searching for files in /opt/airflow/dags
[2026-09-17T08:04:29.903+0000] {manager.py:740} INFO - There are 1 files in /opt/airflow/dags
[2026-09-17T08:04:58.230+0000] {manager.py:878} INFO - 
================================================================================
DAG File Processing Stats

File Path                              PID  Runtime      # DAGs    # Errors  Last Runtime    Last Run
-----------------------------------  -----  ---------  --------  ----------  --------------  -------------------
/opt/airflow/dags/extraction_dag.py   3660  0.01s             1           0  0.47s           2026-09-17T08:04:28
================================================================================
[2026-09-17T08:05:28.567+0000] {manager.py:878} INFO - 
================================================================================
DAG File Processing Stats

File Path                            PID    Runtime      # DAGs    # Errors  Last Runtime    Last Run
-----------------------------------  -----  ---------  --------  ----------  --------------  -------------------
/opt/airflow/dags/extraction_dag.py                           1           0  0.53s           2026-09-17T08:04:58
================================================================================
[2026-09-17T08:05:59.293+0000] {manager.py:878} INFO - 
================================================================================
DAG File Processing Stats

File Path                              PID  Runtime      # DAGs    # Errors  Last Runtime    Last Run
-----------------------------------  -----  ---------  --------  ----------  --------------  -------------------
/opt/airflow/dags/extraction_dag.py   3674  0.00s             1           0  0.24s           2026-09-17T08:05:29
================================================================================
[2026-09-17T08:06:29.712+0000] {manager.py:878} INFO - 
================================================================================
DAG File Processing Stats

File Path                            PID    Runtime      # DAGs    # Errors  Last Runtime    Last Run
-----------------------------------  -----  ---------  --------  ----------  --------------  -------------------
/opt/airflow/dags/extraction_dag.py                           1           0  0.48s           2026-09-17T08:05:59
================================================================================
[2026-09-17T08:07:00.272+0000] {manager.py:878} INFO - 
================================================================================
DAG File Processing Stats

File Path                            PID    Runtime      # DAGs    # Errors  Last Runtime    Last Run
-----------------------------------  -----  ---------  --------  ----------  --------------  -------------------
/opt/airflow/dags/extraction_dag.py                           1           0  0.31s           2026-09-17T08:06:30
================================================================================
[2026-09-17T08:07:30.906+0000] {manager.py:878} INFO - 
================================================================================
DAG File Processing Stats

File Path                            PID    Runtime      # DAGs    # Errors  Last Runtime    Last Run
-----------------------------------  -----  ---------  --------  ----------  --------------  -------------------
/opt/airflow/dags/extraction_dag.py                           1           0  0.36s           2026-09-17T08:07:00
================================================================================
[2026-09-17T08:08:01.446+0000] {manager.py:878} INFO - 
================================================================================
DAG File Processing Stats

File Path                            PID    Runtime      # DAGs    # Errors  Last Runtime    Last Run
-----------------------------------  -----  ---------  --------  ----------  --------------  -------------------
/opt/airflow/dags/extraction_dag.py                           1           0  0.25s           2026-09-17T08:07:31
================================================================================
[2026-09-17T08:08:31.953+0000] {manager.py:878} INFO - 
================================================================================
DAG File Processing Stats

File Path                              PID  Runtime      # DAGs    # Errors  Last Runtime    Last Run
-----------------------------------  -----  ---------  --------  ----------  --------------  -------------------
/opt/airflow/dags/extraction_dag.py   3709  0.01s             1           0  0.23s           2026-09-17T08:08:01
================================================================================
[2026-09-17T08:09:02.400+0000] {manager.py:878} INFO - 
================================================================================
DAG File Processing Stats

File Path                              PID  Runtime      # DAGs    # Errors  Last Runtime    Last Run
-----------------------------------  -----  ---------  --------  ----------  --------------  -------------------
/opt/airflow/dags/extraction_dag.py   3716  0.01s             1           0  0.34s           2026-09-17T08:08:32
================================================================================
[2026-09-17T08:09:29.793+0000] {manager.py:737} INFO - Searching for files in /opt/airflow/dags
[2026-09-17T08:09:29.939+0000] {manager.py:740} INFO - There are 1 files in /opt/airflow/dags
[2026-09-17T08:09:33.018+0000] {manager.py:878} INFO - 
================================================================================
DAG File Processing Stats

File Path                              PID  Runtime      # DAGs    # Errors  Last Runtime    Last Run
-----------------------------------  -----  ---------  --------  ----------  --------------  -------------------
/opt/airflow/dags/extraction_dag.py   3723  0.01s             1           0  0.23s           2026-09-17T08:09:02
================================================================================
[2026-09-17T08:10:03.302+0000] {manager.py:878} INFO - 
================================================================================
DAG File Processing Stats

File Path                            PID    Runtime      # DAGs    # Errors  Last Runtime    Last Run
-----------------------------------  -----  ---------  --------  ----------  --------------  -------------------
/opt/airflow/dags/extraction_dag.py                           1           0  0.31s           2026-09-17T08:09:33
================================================================================
[2026-09-17T08:10:33.904+0000] {manager.py:878} INFO - 
================================================================================
DAG File Processing Stats

File Path                              PID  Runtime      # DAGs    # Errors  Last Runtime    Last Run
-----------------------------------  -----  ---------  --------  ----------  --------------  -------------------
/opt/airflow/dags/extraction_dag.py   3737  0.01s             1           0  0.22s           2026-09-17T08:10:03
================================================================================
[2026-09-17T08:11:04.399+0000] {manager.py:878} INFO - 
================================================================================
DAG File Processing Stats

File Path                              PID  Runtime      # DAGs    # Errors  Last Runtime    Last Run
-----------------------------------  -----  ---------  --------  ----------  --------------  -------------------
/opt/airflow/dags/extraction_dag.py   3744  0.00s             1           0  0.33s           2026-09-17T08:10:34
================================================================================
[2026-09-17T08:11:34.806+0000] {manager.py:878} INFO - 
================================================================================
DAG File Processing Stats

File Path                              PID  Runtime      # DAGs    # Errors  Last Runtime    Last Run
-----------------------------------  -----  ---------  --------  ----------  --------------  -------------------
/opt/airflow/dags/extraction_dag.py   3751  0.01s             1           0  0.35s           2026-09-17T08:11:04
================================================================================
[2026-09-17T08:12:05.364+0000] {manager.py:878} INFO - 
================================================================================
DAG File Processing Stats

File Path                              PID  Runtime      # DAGs    # Errors  Last Runtime    Last Run
-----------------------------------  -----  ---------  --------  ----------  --------------  -------------------
/opt/airflow/dags/extraction_dag.py   3758  0.00s             1           0  0.35s           2026-09-17T08:11:35
================================================================================
[2026-09-17T08:12:35.746+0000] {manager.py:878} INFO - 
================================================================================
DAG File Processing Stats

File Path                              PID  Runtime      # DAGs    # Errors  Last Runtime    Last Run
-----------------------------------  -----  ---------  --------  ----------  --------------  -------------------
/opt/airflow/dags/extraction_dag.py   3765  0.00s             1           0  0.35s           2026-09-17T08:12:05
================================================================================
[2026-09-17T08:13:06.305+0000] {manager.py:878} INFO - 
================================================================================
DAG File Processing Stats

File Path                              PID  Runtime      # DAGs    # Errors  Last Runtime    Last Run
-----------------------------------  -----  ---------  --------  ----------  --------------  -------------------
/opt/airflow/dags/extraction_dag.py   3772  0.01s             1           0  0.38s           2026-09-17T08:12:36
================================================================================
[2026-09-17T08:13:36.706+0000] {manager.py:878} INFO - 
================================================================================
DAG File Processing Stats

File Path                              PID  Runtime      # DAGs    # Errors  Last Runtime    Last Run
-----------------------------------  -----  ---------  --------  ----------  --------------  -------------------
/opt/airflow/dags/extraction_dag.py   3779  0.01s             1           0  0.24s           2026-09-17T08:13:06
================================================================================
[2026-09-17T08:14:07.048+0000] {manager.py:878} INFO - 
================================================================================
DAG File Processing Stats

File Path                            PID    Runtime      # DAGs    # Errors  Last Runtime    Last Run
-----------------------------------  -----  ---------  --------  ----------  --------------  -------------------
/opt/airflow/dags/extraction_dag.py                           1           0  0.44s           2026-09-17T08:13:37
================================================================================
[2026-09-17T08:14:30.587+0000] {manager.py:737} INFO - Searching for files in /opt/airflow/dags
[2026-09-17T08:14:30.673+0000] {manager.py:740} INFO - There are 1 files in /opt/airflow/dags
[2026-09-17T08:17:14.726+0000] {manager.py:878} INFO - 
================================================================================
DAG File Processing Stats

File Path                              PID  Runtime      # DAGs    # Errors  Last Runtime    Last Run
-----------------------------------  -----  ---------  --------  ----------  --------------  -------------------
/opt/airflow/dags/extraction_dag.py   3793  0.02s             1           0  0.21s           2026-09-17T08:14:07
================================================================================
[2026-09-17T08:17:44.988+0000] {manager.py:878} INFO - 
================================================================================
DAG File Processing Stats

File Path                            PID    Runtime      # DAGs    # Errors  Last Runtime    Last Run
-----------------------------------  -----  ---------  --------  ----------  --------------  -------------------
/opt/airflow/dags/extraction_dag.py                           1           0  0.62s           2026-09-17T08:17:15
================================================================================
[2026-09-17T08:18:15.247+0000] {manager.py:878} INFO - 
================================================================================
DAG File Processing Stats

File Path                            PID    Runtime      # DAGs    # Errors  Last Runtime    Last Run
-----------------------------------  -----  ---------  --------  ----------  --------------  -------------------
/opt/airflow/dags/extraction_dag.py                           1           0  0.44s           2026-09-17T08:17:46
================================================================================
[2026-09-17T08:18:45.558+0000] {manager.py:878} INFO - 
================================================================================
DAG File Processing Stats

File Path                            PID    Runtime      # DAGs    # Errors  Last Runtime    Last Run
-----------------------------------  -----  ---------  --------  ----------  --------------  -------------------
/opt/airflow/dags/extraction_dag.py                           1           0  0.34s           2026-09-17T08:18:16
================================================================================
[2026-09-17T08:19:15.588+0000] {manager.py:878} INFO - 
================================================================================
DAG File Processing Stats

File Path                            PID    Runtime      # DAGs    # Errors  Last Runtime    Last Run
-----------------------------------  -----  ---------  --------  ----------  --------------  -------------------
/opt/airflow/dags/extraction_dag.py                           1           0  0.45s           2026-09-17T08:18:47
================================================================================
[2026-09-17T08:19:30.764+0000] {manager.py:737} INFO - Searching for files in /opt/airflow/dags
[2026-09-17T08:19:30.909+0000] {manager.py:740} INFO - There are 1 files in /opt/airflow/dags
[2026-09-17T08:19:46.052+0000] {manager.py:878} INFO - 
================================================================================
DAG File Processing Stats

File Path                            PID    Runtime      # DAGs    # Errors  Last Runtime    Last Run
-----------------------------------  -----  ---------  --------  ----------  --------------  -------------------
/opt/airflow/dags/extraction_dag.py                           1           0  0.31s           2026-09-17T08:19:17
================================================================================
[2026-09-17T08:20:16.417+0000] {manager.py:878} INFO - 
================================================================================
DAG File Processing Stats

File Path                            PID    Runtime      # DAGs    # Errors  Last Runtime    Last Run
-----------------------------------  -----  ---------  --------  ----------  --------------  -------------------
/opt/airflow/dags/extraction_dag.py                           1           0  0.29s           2026-09-17T08:19:48
================================================================================
[2026-09-17T08:20:46.908+0000] {manager.py:878} INFO - 
================================================================================
DAG File Processing Stats

File Path                            PID    Runtime      # DAGs    # Errors  Last Runtime    Last Run
-----------------------------------  -----  ---------  --------  ----------  --------------  -------------------
/opt/airflow/dags/extraction_dag.py                           1           0  0.32s           2026-09-17T08:20:18
================================================================================
[2026-09-17T08:21:17.304+0000] {manager.py:878} INFO - 
================================================================================
DAG File Processing Stats

File Path                            PID    Runtime      # DAGs    # Errors  Last Runtime    Last Run
-----------------------------------  -----  ---------  --------  ----------  --------------  -------------------
/opt/airflow/dags/extraction_dag.py                           1           0  0.33s           2026-09-17T08:20:49
================================================================================
[2026-09-17T08:21:47.843+0000] {manager.py:878} INFO - 
================================================================================
DAG File Processing Stats

File Path                            PID    Runtime      # DAGs    # Errors  Last Runtime    Last Run
-----------------------------------  -----  ---------  --------  ----------  --------------  -------------------
/opt/airflow/dags/extraction_dag.py                           1           0  0.37s           2026-09-17T08:21:19
================================================================================
[2026-09-17T08:22:18.268+0000] {manager.py:878} INFO - 
================================================================================
DAG File Processing Stats

File Path                            PID    Runtime      # DAGs    # Errors  Last Runtime    Last Run
-----------------------------------  -----  ---------  --------  ----------  --------------  -------------------
/opt/airflow/dags/extraction_dag.py                           1           0  0.31s           2026-09-17T08:21:50
================================================================================
[2026-09-17T08:22:48.728+0000] {manager.py:878} INFO - 
================================================================================
DAG File Processing Stats

File Path                            PID    Runtime      # DAGs    # Errors  Last Runtime    Last Run
-----------------------------------  -----  ---------  --------  ----------  --------------  -------------------
/opt/airflow/dags/extraction_dag.py                           1           0  0.38s           2026-09-17T08:22:20
================================================================================
[2026-09-17T08:23:19.231+0000] {manager.py:878} INFO - 
================================================================================
DAG File Processing Stats

File Path                            PID    Runtime      # DAGs    # Errors  Last Runtime    Last Run
-----------------------------------  -----  ---------  --------  ----------  --------------  -------------------
/opt/airflow/dags/extraction_dag.py                           1           0  0.44s           2026-09-17T08:22:51
================================================================================
[2026-09-17T08:23:49.756+0000] {manager.py:878} INFO - 
================================================================================
DAG File Processing Stats

File Path                            PID    Runtime      # DAGs    # Errors  Last Runtime    Last Run
-----------------------------------  -----  ---------  --------  ----------  --------------  -------------------
/opt/airflow/dags/extraction_dag.py                           1           0  0.41s           2026-09-17T08:23:21
================================================================================
[2026-09-17T08:24:20.248+0000] {manager.py:878} INFO - 
================================================================================
DAG File Processing Stats

File Path                            PID    Runtime      # DAGs    # Errors  Last Runtime    Last Run
-----------------------------------  -----  ---------  --------  ----------  --------------  -------------------
/opt/airflow/dags/extraction_dag.py                           1           0  0.35s           2026-09-17T08:23:52
================================================================================
[2026-09-17T08:24:31.495+0000] {manager.py:737} INFO - Searching for files in /opt/airflow/dags
[2026-09-17T08:24:31.563+0000] {manager.py:740} INFO - There are 1 files in /opt/airflow/dags
[2026-09-17T08:24:50.779+0000] {manager.py:878} INFO - 
================================================================================
DAG File Processing Stats

File Path                            PID    Runtime      # DAGs    # Errors  Last Runtime    Last Run
-----------------------------------  -----  ---------  --------  ----------  --------------  -------------------
/opt/airflow/dags/extraction_dag.py                           1           0  0.25s           2026-09-17T08:24:22
================================================================================
[2026-09-17T08:25:21.128+0000] {manager.py:878} INFO - 
================================================================================
DAG File Processing Stats

File Path                            PID    Runtime      # DAGs    # Errors  Last Runtime    Last Run
-----------------------------------  -----  ---------  --------  ----------  --------------  -------------------
/opt/airflow/dags/extraction_dag.py                           1           0  0.29s           2026-09-17T08:24:53
================================================================================
[2026-09-17T08:35:01.237+0000] {manager.py:737} INFO - Searching for files in /opt/airflow/dags
[2026-09-17T08:35:01.363+0000] {manager.py:740} INFO - There are 1 files in /opt/airflow/dags
[2026-09-17T08:35:14.598+0000] {manager.py:878} INFO - 
================================================================================
DAG File Processing Stats

File Path                            PID    Runtime      # DAGs    # Errors  Last Runtime    Last Run
-----------------------------------  -----  ---------  --------  ----------  --------------  -------------------
/opt/airflow/dags/extraction_dag.py                           1           0  0.45s           2026-09-17T08:35:01
================================================================================
[2026-09-17T08:35:45.240+0000] {manager.py:878} INFO - 
================================================================================
DAG File Processing Stats

File Path                            PID    Runtime      # DAGs    # Errors  Last Runtime    Last Run
-----------------------------------  -----  ---------  --------  ----------  --------------  -------------------
/opt/airflow/dags/extraction_dag.py                           1           0  0.29s           2026-09-17T08:35:32
================================================================================
[2026-09-17T08:36:15.729+0000] {manager.py:878} INFO - 
================================================================================
DAG File Processing Stats

File Path                            PID    Runtime      # DAGs    # Errors  Last Runtime    Last Run
-----------------------------------  -----  ---------  --------  ----------  --------------  -------------------
/opt/airflow/dags/extraction_dag.py                           1           0  0.46s           2026-09-17T08:36:03
================================================================================
[2026-09-17T08:36:45.899+0000] {manager.py:878} INFO - 
================================================================================
DAG File Processing Stats

File Path                            PID    Runtime      # DAGs    # Errors  Last Runtime    Last Run
-----------------------------------  -----  ---------  --------  ----------  --------------  -------------------
/opt/airflow/dags/extraction_dag.py                           1           0  0.42s           2026-09-17T08:36:33
================================================================================
[2026-09-17T08:37:16.214+0000] {manager.py:878} INFO - 
================================================================================
DAG File Processing Stats

File Path                            PID    Runtime      # DAGs    # Errors  Last Runtime    Last Run
-----------------------------------  -----  ---------  --------  ----------  --------------  -------------------
/opt/airflow/dags/extraction_dag.py                           1           0  0.27s           2026-09-17T08:37:04
================================================================================
[2026-09-17T08:37:46.738+0000] {manager.py:878} INFO - 
================================================================================
DAG File Processing Stats

File Path                            PID    Runtime      # DAGs    # Errors  Last Runtime    Last Run
-----------------------------------  -----  ---------  --------  ----------  --------------  -------------------
/opt/airflow/dags/extraction_dag.py                           1           0  0.41s           2026-09-17T08:37:34
================================================================================
[2026-09-17T08:38:17.187+0000] {manager.py:878} INFO - 
================================================================================
DAG File Processing Stats

File Path                            PID    Runtime      # DAGs    # Errors  Last Runtime    Last Run
-----------------------------------  -----  ---------  --------  ----------  --------------  -------------------
/opt/airflow/dags/extraction_dag.py                           1           0  0.24s           2026-09-17T08:38:05
================================================================================
[2026-09-17T08:38:47.524+0000] {manager.py:878} INFO - 
================================================================================
DAG File Processing Stats

File Path                            PID    Runtime      # DAGs    # Errors  Last Runtime    Last Run
-----------------------------------  -----  ---------  --------  ----------  --------------  -------------------
/opt/airflow/dags/extraction_dag.py                           1           0  0.29s           2026-09-17T08:38:35
================================================================================
[2026-09-17T08:39:18.004+0000] {manager.py:878} INFO - 
================================================================================
DAG File Processing Stats

File Path                            PID    Runtime      # DAGs    # Errors  Last Runtime    Last Run
-----------------------------------  -----  ---------  --------  ----------  --------------  -------------------
/opt/airflow/dags/extraction_dag.py                           1           0  0.28s           2026-09-17T08:39:05
================================================================================
[2026-09-17T08:39:48.306+0000] {manager.py:878} INFO - 
================================================================================
DAG File Processing Stats

File Path                            PID    Runtime      # DAGs    # Errors  Last Runtime    Last Run
-----------------------------------  -----  ---------  --------  ----------  --------------  -------------------
/opt/airflow/dags/extraction_dag.py                           1           0  0.40s           2026-09-17T08:39:36
================================================================================
[2026-09-17T08:40:01.413+0000] {manager.py:737} INFO - Searching for files in /opt/airflow/dags
[2026-09-17T08:40:01.544+0000] {manager.py:740} INFO - There are 1 files in /opt/airflow/dags
[2026-09-17T08:40:18.961+0000] {manager.py:878} INFO - 
================================================================================
DAG File Processing Stats

File Path                            PID    Runtime      # DAGs    # Errors  Last Runtime    Last Run
-----------------------------------  -----  ---------  --------  ----------  --------------  -------------------
/opt/airflow/dags/extraction_dag.py                           1           0  0.28s           2026-09-17T08:40:06
================================================================================
[2026-09-17T08:40:49.294+0000] {manager.py:878} INFO - 
================================================================================
DAG File Processing Stats

File Path                            PID    Runtime      # DAGs    # Errors  Last Runtime    Last Run
-----------------------------------  -----  ---------  --------  ----------  --------------  -------------------
/opt/airflow/dags/extraction_dag.py                           1           0  0.51s           2026-09-17T08:40:37
================================================================================
[2026-09-17T08:41:19.320+0000] {manager.py:878} INFO - 
================================================================================
DAG File Processing Stats

File Path                            PID    Runtime      # DAGs    # Errors  Last Runtime    Last Run
-----------------------------------  -----  ---------  --------  ----------  --------------  -------------------
/opt/airflow/dags/extraction_dag.py                           1           0  0.28s           2026-09-17T08:41:08
================================================================================
[2026-09-17T08:41:49.630+0000] {manager.py:878} INFO - 
================================================================================
DAG File Processing Stats

File Path                            PID    Runtime      # DAGs    # Errors  Last Runtime    Last Run
-----------------------------------  -----  ---------  --------  ----------  --------------  -------------------
/opt/airflow/dags/extraction_dag.py                           1           0  0.34s           2026-09-17T08:41:38
================================================================================
[2026-09-17T08:42:20.015+0000] {manager.py:878} INFO - 
================================================================================
DAG File Processing Stats

File Path                            PID    Runtime      # DAGs    # Errors  Last Runtime    Last Run
-----------------------------------  -----  ---------  --------  ----------  --------------  -------------------
/opt/airflow/dags/extraction_dag.py                           1           0  0.31s           2026-09-17T08:42:09
================================================================================
[2026-09-17T08:42:50.495+0000] {manager.py:878} INFO - 
================================================================================
DAG File Processing Stats

File Path                            PID    Runtime      # DAGs    # Errors  Last Runtime    Last Run
-----------------------------------  -----  ---------  --------  ----------  --------------  -------------------
/opt/airflow/dags/extraction_dag.py                           1           0  0.36s           2026-09-17T08:42:39
================================================================================
[2026-09-17T08:43:21.126+0000] {manager.py:878} INFO - 
================================================================================
DAG File Processing Stats

File Path                            PID    Runtime      # DAGs    # Errors  Last Runtime    Last Run
-----------------------------------  -----  ---------  --------  ----------  --------------  -------------------
/opt/airflow/dags/extraction_dag.py                           1           0  0.30s           2026-09-17T08:43:10
================================================================================
[2026-09-17T08:43:51.156+0000] {manager.py:878} INFO - 
================================================================================
DAG File Processing Stats

File Path                            PID    Runtime      # DAGs    # Errors  Last Runtime    Last Run
-----------------------------------  -----  ---------  --------  ----------  --------------  -------------------
/opt/airflow/dags/extraction_dag.py                           1           0  0.39s           2026-09-17T08:43:41
================================================================================
[2026-09-17T08:44:21.506+0000] {manager.py:878} INFO - 
================================================================================
DAG File Processing Stats

File Path                            PID    Runtime      # DAGs    # Errors  Last Runtime    Last Run
-----------------------------------  -----  ---------  --------  ----------  --------------  -------------------
/opt/airflow/dags/extraction_dag.py                           1           0  0.47s           2026-09-17T08:44:11
================================================================================
[2026-09-17T08:44:51.635+0000] {manager.py:878} INFO - 
================================================================================
DAG File Processing Stats

File Path                            PID    Runtime      # DAGs    # Errors  Last Runtime    Last Run
-----------------------------------  -----  ---------  --------  ----------  --------------  -------------------
/opt/airflow/dags/extraction_dag.py                           1           0  0.33s           2026-09-17T08:44:42
================================================================================
[2026-09-17T08:45:01.414+0000] {manager.py:737} INFO - Searching for files in /opt/airflow/dags
[2026-09-17T08:45:01.528+0000] {manager.py:740} INFO - There are 1 files in /opt/airflow/dags
[2026-09-17T08:45:21.912+0000] {manager.py:878} INFO - 
================================================================================
DAG File Processing Stats

File Path                            PID    Runtime      # DAGs    # Errors  Last Runtime    Last Run
-----------------------------------  -----  ---------  --------  ----------  --------------  -------------------
/opt/airflow/dags/extraction_dag.py                           1           0  0.25s           2026-09-17T08:45:12
================================================================================
[2026-09-17T08:45:52.233+0000] {manager.py:878} INFO - 
================================================================================
DAG File Processing Stats

File Path                            PID    Runtime      # DAGs    # Errors  Last Runtime    Last Run
-----------------------------------  -----  ---------  --------  ----------  --------------  -------------------
/opt/airflow/dags/extraction_dag.py                           1           0  0.28s           2026-09-17T08:45:43
================================================================================
[2026-09-17T08:46:22.695+0000] {manager.py:878} INFO - 
================================================================================
DAG File Processing Stats

File Path                            PID    Runtime      # DAGs    # Errors  Last Runtime    Last Run
-----------------------------------  -----  ---------  --------  ----------  --------------  -------------------
/opt/airflow/dags/extraction_dag.py                           1           0  0.28s           2026-09-17T08:46:13
================================================================================
[2026-09-17T08:46:53.002+0000] {manager.py:878} INFO - 
================================================================================
DAG File Processing Stats

File Path                            PID    Runtime      # DAGs    # Errors  Last Runtime    Last Run
-----------------------------------  -----  ---------  --------  ----------  --------------  -------------------
/opt/airflow/dags/extraction_dag.py                           1           0  0.30s           2026-09-17T08:46:44
================================================================================
[2026-09-17T08:47:23.567+0000] {manager.py:878} INFO - 
================================================================================
DAG File Processing Stats

File Path                            PID    Runtime      # DAGs    # Errors  Last Runtime    Last Run
-----------------------------------  -----  ---------  --------  ----------  --------------  -------------------
/opt/airflow/dags/extraction_dag.py                           1           0  0.30s           2026-09-17T08:47:14
================================================================================
[2026-09-17T08:47:54.149+0000] {manager.py:878} INFO - 
================================================================================
DAG File Processing Stats

File Path                            PID    Runtime      # DAGs    # Errors  Last Runtime    Last Run
-----------------------------------  -----  ---------  --------  ----------  --------------  -------------------
/opt/airflow/dags/extraction_dag.py                           1           0  0.30s           2026-09-17T08:47:45
================================================================================
[2026-09-17T08:48:24.546+0000] {manager.py:878} INFO - 
================================================================================
DAG File Processing Stats

File Path                            PID    Runtime      # DAGs    # Errors  Last Runtime    Last Run
-----------------------------------  -----  ---------  --------  ----------  --------------  -------------------
/opt/airflow/dags/extraction_dag.py                           1           0  0.36s           2026-09-17T08:48:15
================================================================================
[2026-09-17T08:48:55.214+0000] {manager.py:878} INFO - 
================================================================================
DAG File Processing Stats

File Path                            PID    Runtime      # DAGs    # Errors  Last Runtime    Last Run
-----------------------------------  -----  ---------  --------  ----------  --------------  -------------------
/opt/airflow/dags/extraction_dag.py                           1           0  0.30s           2026-09-17T08:48:46
================================================================================
[2026-09-17T08:49:25.785+0000] {manager.py:878} INFO - 
================================================================================
DAG File Processing Stats

File Path                            PID    Runtime      # DAGs    # Errors  Last Runtime    Last Run
-----------------------------------  -----  ---------  --------  ----------  --------------  -------------------
/opt/airflow/dags/extraction_dag.py                           1           0  0.29s           2026-09-17T08:49:16
================================================================================
[2026-09-17T08:49:56.167+0000] {manager.py:878} INFO - 
================================================================================
DAG File Processing Stats

File Path                            PID    Runtime      # DAGs    # Errors  Last Runtime    Last Run
-----------------------------------  -----  ---------  --------  ----------  --------------  -------------------
/opt/airflow/dags/extraction_dag.py                           1           0  0.34s           2026-09-17T08:49:47
================================================================================
[2026-09-17T08:50:01.505+0000] {manager.py:737} INFO - Searching for files in /opt/airflow/dags
[2026-09-17T08:50:01.578+0000] {manager.py:740} INFO - There are 1 files in /opt/airflow/dags
[2026-09-17T08:50:26.174+0000] {manager.py:878} INFO - 
================================================================================
DAG File Processing Stats

File Path                            PID    Runtime      # DAGs    # Errors  Last Runtime    Last Run
-----------------------------------  -----  ---------  --------  ----------  --------------  -------------------
/opt/airflow/dags/extraction_dag.py                           1           0  0.34s           2026-09-17T08:50:18
================================================================================
[2026-09-17T08:50:56.448+0000] {manager.py:878} INFO - 
================================================================================
DAG File Processing Stats

File Path                            PID    Runtime      # DAGs    # Errors  Last Runtime    Last Run
-----------------------------------  -----  ---------  --------  ----------  --------------  -------------------
/opt/airflow/dags/extraction_dag.py                           1           0  0.27s           2026-09-17T08:50:48
================================================================================
[2026-09-17T08:51:26.993+0000] {manager.py:878} INFO - 
================================================================================
DAG File Processing Stats

File Path                            PID    Runtime      # DAGs    # Errors  Last Runtime    Last Run
-----------------------------------  -----  ---------  --------  ----------  --------------  -------------------
/opt/airflow/dags/extraction_dag.py                           1           0  0.28s           2026-09-17T08:51:18
================================================================================
[2026-09-17T08:51:57.328+0000] {manager.py:878} INFO - 
================================================================================
DAG File Processing Stats

File Path                            PID    Runtime      # DAGs    # Errors  Last Runtime    Last Run
-----------------------------------  -----  ---------  --------  ----------  --------------  -------------------
/opt/airflow/dags/extraction_dag.py                           1           0  0.29s           2026-09-17T08:51:49
================================================================================
[2026-09-17T08:55:31.164+0000] {manager.py:737} INFO - Searching for files in /opt/airflow/dags
[2026-09-17T08:55:31.287+0000] {manager.py:740} INFO - There are 1 files in /opt/airflow/dags
[2026-09-17T08:55:52.400+0000] {manager.py:878} INFO - 
================================================================================
DAG File Processing Stats

File Path                            PID    Runtime      # DAGs    # Errors  Last Runtime    Last Run
-----------------------------------  -----  ---------  --------  ----------  --------------  -------------------
/opt/airflow/dags/extraction_dag.py                           1           0  0.86s           2026-09-17T08:55:32
================================================================================
[2026-09-17T08:56:22.834+0000] {manager.py:878} INFO - 
================================================================================
DAG File Processing Stats

File Path                            PID    Runtime      # DAGs    # Errors  Last Runtime    Last Run
-----------------------------------  -----  ---------  --------  ----------  --------------  -------------------
/opt/airflow/dags/extraction_dag.py                           1           0  0.28s           2026-09-17T08:56:02
================================================================================
[2026-09-17T08:56:53.282+0000] {manager.py:878} INFO - 
================================================================================
DAG File Processing Stats

File Path                            PID    Runtime      # DAGs    # Errors  Last Runtime    Last Run
-----------------------------------  -----  ---------  --------  ----------  --------------  -------------------
/opt/airflow/dags/extraction_dag.py                           1           0  0.29s           2026-09-17T08:56:33
================================================================================
[2026-09-17T08:57:23.674+0000] {manager.py:878} INFO - 
================================================================================
DAG File Processing Stats

File Path                            PID    Runtime      # DAGs    # Errors  Last Runtime    Last Run
-----------------------------------  -----  ---------  --------  ----------  --------------  -------------------
/opt/airflow/dags/extraction_dag.py                           1           0  0.36s           2026-09-17T08:57:03
================================================================================
[2026-09-17T08:57:53.944+0000] {manager.py:878} INFO - 
================================================================================
DAG File Processing Stats

File Path                            PID    Runtime      # DAGs    # Errors  Last Runtime    Last Run
-----------------------------------  -----  ---------  --------  ----------  --------------  -------------------
/opt/airflow/dags/extraction_dag.py                           1           0  0.18s           2026-09-17T08:57:33
================================================================================
[2026-09-17T08:58:24.352+0000] {manager.py:878} INFO - 
================================================================================
DAG File Processing Stats

File Path                            PID    Runtime      # DAGs    # Errors  Last Runtime    Last Run
-----------------------------------  -----  ---------  --------  ----------  --------------  -------------------
/opt/airflow/dags/extraction_dag.py                           1           0  0.28s           2026-09-17T08:58:04
================================================================================
[2026-09-17T08:58:54.809+0000] {manager.py:878} INFO - 
================================================================================
DAG File Processing Stats

File Path                            PID    Runtime      # DAGs    # Errors  Last Runtime    Last Run
-----------------------------------  -----  ---------  --------  ----------  --------------  -------------------
/opt/airflow/dags/extraction_dag.py                           1           0  0.37s           2026-09-17T08:58:34
================================================================================
[2026-09-17T08:59:25.333+0000] {manager.py:878} INFO - 
================================================================================
DAG File Processing Stats

File Path                            PID    Runtime      # DAGs    # Errors  Last Runtime    Last Run
-----------------------------------  -----  ---------  --------  ----------  --------------  -------------------
/opt/airflow/dags/extraction_dag.py                           1           0  0.40s           2026-09-17T08:59:05
================================================================================
[2026-09-17T08:59:55.775+0000] {manager.py:878} INFO - 
================================================================================
DAG File Processing Stats

File Path                            PID    Runtime      # DAGs    # Errors  Last Runtime    Last Run
-----------------------------------  -----  ---------  --------  ----------  --------------  -------------------
/opt/airflow/dags/extraction_dag.py                           1           0  0.36s           2026-09-17T08:59:35
================================================================================
[2026-09-17T09:00:26.269+0000] {manager.py:878} INFO - 
================================================================================
DAG File Processing Stats

File Path                            PID    Runtime      # DAGs    # Errors  Last Runtime    Last Run
-----------------------------------  -----  ---------  --------  ----------  --------------  -------------------
/opt/airflow/dags/extraction_dag.py                           1           0  0.23s           2026-09-17T09:00:06
================================================================================
[2026-09-17T09:00:31.319+0000] {manager.py:737} INFO - Searching for files in /opt/airflow/dags
[2026-09-17T09:00:31.416+0000] {manager.py:740} INFO - There are 1 files in /opt/airflow/dags
[2026-09-17T09:00:56.729+0000] {manager.py:878} INFO - 
================================================================================
DAG File Processing Stats

File Path                            PID    Runtime      # DAGs    # Errors  Last Runtime    Last Run
-----------------------------------  -----  ---------  --------  ----------  --------------  -------------------
/opt/airflow/dags/extraction_dag.py                           1           0  0.26s           2026-09-17T09:00:36
================================================================================
[2026-09-17T09:01:27.240+0000] {manager.py:878} INFO - 
================================================================================
DAG File Processing Stats

File Path                            PID    Runtime      # DAGs    # Errors  Last Runtime    Last Run
-----------------------------------  -----  ---------  --------  ----------  --------------  -------------------
/opt/airflow/dags/extraction_dag.py                           1           0  0.30s           2026-09-17T09:01:07
================================================================================
[2026-09-17T09:01:57.598+0000] {manager.py:878} INFO - 
================================================================================
DAG File Processing Stats

File Path                            PID    Runtime      # DAGs    # Errors  Last Runtime    Last Run
-----------------------------------  -----  ---------  --------  ----------  --------------  -------------------
/opt/airflow/dags/extraction_dag.py                           1           0  0.22s           2026-09-17T09:01:37
================================================================================
[2026-09-17T09:02:28.078+0000] {manager.py:878} INFO - 
================================================================================
DAG File Processing Stats

File Path                            PID    Runtime      # DAGs    # Errors  Last Runtime    Last Run
-----------------------------------  -----  ---------  --------  ----------  --------------  -------------------
/opt/airflow/dags/extraction_dag.py                           1           0  0.29s           2026-09-17T09:02:07
================================================================================
[2026-09-17T09:02:58.451+0000] {manager.py:878} INFO - 
================================================================================
DAG File Processing Stats

File Path                            PID    Runtime      # DAGs    # Errors  Last Runtime    Last Run
-----------------------------------  -----  ---------  --------  ----------  --------------  -------------------
/opt/airflow/dags/extraction_dag.py                           1           0  0.32s           2026-09-17T09:02:38
================================================================================
[2026-09-17T09:08:34.492+0000] {manager.py:737} INFO - Searching for files in /opt/airflow/dags
[2026-09-17T09:08:35.574+0000] {manager.py:740} INFO - There are 1 files in /opt/airflow/dags
[2026-09-17T09:08:44.423+0000] {manager.py:878} INFO - 
================================================================================
DAG File Processing Stats

File Path                            PID    Runtime      # DAGs    # Errors  Last Runtime    Last Run
-----------------------------------  -----  ---------  --------  ----------  --------------  -------------------
/opt/airflow/dags/extraction_dag.py                           1           0  0.62s           2026-09-17T09:08:36
================================================================================
[2026-09-17T09:09:14.702+0000] {manager.py:878} INFO - 
================================================================================
DAG File Processing Stats

File Path                            PID    Runtime      # DAGs    # Errors  Last Runtime    Last Run
-----------------------------------  -----  ---------  --------  ----------  --------------  -------------------
/opt/airflow/dags/extraction_dag.py                           1           0  0.27s           2026-09-17T09:09:06
================================================================================
[2026-09-17T09:09:45.227+0000] {manager.py:878} INFO - 
================================================================================
DAG File Processing Stats

File Path                            PID    Runtime      # DAGs    # Errors  Last Runtime    Last Run
-----------------------------------  -----  ---------  --------  ----------  --------------  -------------------
/opt/airflow/dags/extraction_dag.py                           1           0  1.11s           2026-09-17T09:09:38
================================================================================
[2026-09-17T09:10:15.535+0000] {manager.py:878} INFO - 
================================================================================
DAG File Processing Stats

File Path                            PID    Runtime      # DAGs    # Errors  Last Runtime    Last Run
-----------------------------------  -----  ---------  --------  ----------  --------------  -------------------
/opt/airflow/dags/extraction_dag.py                           1           0  0.37s           2026-09-17T09:10:08
================================================================================
[2026-09-17T09:10:46.119+0000] {manager.py:878} INFO - 
================================================================================
DAG File Processing Stats

File Path                            PID    Runtime      # DAGs    # Errors  Last Runtime    Last Run
-----------------------------------  -----  ---------  --------  ----------  --------------  -------------------
/opt/airflow/dags/extraction_dag.py                           1           0  0.32s           2026-09-17T09:10:39
================================================================================
[2026-09-17T09:11:16.696+0000] {manager.py:878} INFO - 
================================================================================
DAG File Processing Stats

File Path                            PID    Runtime      # DAGs    # Errors  Last Runtime    Last Run
-----------------------------------  -----  ---------  --------  ----------  --------------  -------------------
/opt/airflow/dags/extraction_dag.py                           1           0  0.26s           2026-09-17T09:11:09
================================================================================
[2026-09-17T09:11:47.180+0000] {manager.py:878} INFO - 
================================================================================
DAG File Processing Stats

File Path                            PID    Runtime      # DAGs    # Errors  Last Runtime    Last Run
-----------------------------------  -----  ---------  --------  ----------  --------------  -------------------
/opt/airflow/dags/extraction_dag.py                           1           0  0.25s           2026-09-17T09:11:40
================================================================================
[2026-09-17T09:12:17.494+0000] {manager.py:878} INFO - 
================================================================================
DAG File Processing Stats

File Path                            PID    Runtime      # DAGs    # Errors  Last Runtime    Last Run
-----------------------------------  -----  ---------  --------  ----------  --------------  -------------------
/opt/airflow/dags/extraction_dag.py                           1           0  0.25s           2026-09-17T09:12:10
================================================================================
[2026-09-17T09:12:47.927+0000] {manager.py:878} INFO - 
================================================================================
DAG File Processing Stats

File Path                            PID    Runtime      # DAGs    # Errors  Last Runtime    Last Run
-----------------------------------  -----  ---------  --------  ----------  --------------  -------------------
/opt/airflow/dags/extraction_dag.py                           1           0  0.29s           2026-09-17T09:12:40
================================================================================
[2026-09-17T09:13:18.285+0000] {manager.py:878} INFO - 
================================================================================
DAG File Processing Stats

File Path                            PID    Runtime      # DAGs    # Errors  Last Runtime    Last Run
-----------------------------------  -----  ---------  --------  ----------  --------------  -------------------
/opt/airflow/dags/extraction_dag.py                           1           0  0.31s           2026-09-17T09:13:11
================================================================================
[2026-09-17T09:13:34.619+0000] {manager.py:737} INFO - Searching for files in /opt/airflow/dags
[2026-09-17T09:13:34.711+0000] {manager.py:740} INFO - There are 1 files in /opt/airflow/dags
[2026-09-17T09:13:48.575+0000] {manager.py:878} INFO - 
================================================================================
DAG File Processing Stats

File Path                            PID    Runtime      # DAGs    # Errors  Last Runtime    Last Run
-----------------------------------  -----  ---------  --------  ----------  --------------  -------------------
/opt/airflow/dags/extraction_dag.py                           1           0  0.22s           2026-09-17T09:13:41
================================================================================
[2026-09-17T09:13:55.500+0000] {manager.py:452} INFO - Exiting gracefully upon receiving signal 15
[2026-09-17T09:20:12.156+0000] {manager.py:470} INFO - Processing files using up to 2 processes at a time 
[2026-09-17T09:20:12.163+0000] {manager.py:471} INFO - Process each file at most once every 30 seconds
[2026-09-17T09:20:12.166+0000] {manager.py:472} INFO - Checking for new files in /opt/airflow/dags every 300 seconds
[2026-09-17T09:20:12.169+0000] {manager.py:737} INFO - Searching for files in /opt/airflow/dags
[2026-09-17T09:20:12.266+0000] {manager.py:740} INFO - There are 1 files in /opt/airflow/dags
[2026-09-17T09:20:12.516+0000] {manager.py:878} INFO - 
================================================================================
DAG File Processing Stats

File Path                              PID  Runtime      # DAGs    # Errors  Last Runtime    Last Run
-----------------------------------  -----  ---------  --------  ----------  --------------  ----------
/opt/airflow/dags/extraction_dag.py     53  0.11s             0           0
================================================================================
[2026-09-17T09:20:27.554+0000] {manager.py:452} INFO - Exiting gracefully upon receiving signal 15
[2026-09-17T09:20:41.486+0000] {manager.py:470} INFO - Processing files using up to 2 processes at a time 
[2026-09-17T09:20:41.489+0000] {manager.py:471} INFO - Process each file at most once every 30 seconds
[2026-09-17T09:20:41.492+0000] {manager.py:472} INFO - Checking for new files in /opt/airflow/dags every 300 seconds
[2026-09-17T09:20:41.495+0000] {manager.py:737} INFO - Searching for files in /opt/airflow/dags
[2026-09-17T09:20:41.642+0000] {manager.py:740} INFO - There are 1 files in /opt/airflow/dags
[2026-09-17T09:20:41.793+0000] {manager.py:878} INFO - 
================================================================================
DAG File Processing Stats

File Path                              PID  Runtime      # DAGs    # Errors  Last Runtime    Last Run
-----------------------------------  -----  ---------  --------  ----------  --------------  ----------
/opt/airflow/dags/extraction_dag.py     51  0.07s             0           0
================================================================================
[2026-09-17T09:20:56.547+0000] {manager.py:452} INFO - Exiting gracefully upon receiving signal 15
[2026-09-17T09:21:08.496+0000] {manager.py:470} INFO - Processing files using up to 2 processes at a time 
[2026-09-17T09:21:08.499+0000] {manager.py:471} INFO - Process each file at most once every 30 seconds
[2026-09-17T09:21:08.502+0000] {manager.py:472} INFO - Checking for new files in /opt/airflow/dags every 300 seconds
[2026-09-17T09:21:08.505+0000] {manager.py:737} INFO - Searching for files in /opt/airflow/dags
[2026-09-17T09:21:08.569+0000] {manager.py:740} INFO - There are 1 files in /opt/airflow/dags
[2026-09-17T09:21:08.710+0000] {manager.py:878} INFO - 
================================================================================
DAG File Processing Stats

File Path                              PID  Runtime      # DAGs    # Errors  Last Runtime    Last Run
-----------------------------------  -----  ---------  --------  ----------  --------------  ----------
/opt/airflow/dags/extraction_dag.py     47  0.06s             0           0
================================================================================
[2026-09-17T09:21:38.937+0000] {manager.py:878} INFO - 
================================================================================
DAG File Processing Stats

File Path                            PID    Runtime      # DAGs    # Errors  Last Runtime    Last Run
-----------------------------------  -----  ---------  --------  ----------  --------------  -------------------
/opt/airflow/dags/extraction_dag.py                           1           0  0.40s           2026-09-17T09:21:09
================================================================================
[2026-09-17T09:22:09.527+0000] {manager.py:878} INFO - 
================================================================================
DAG File Processing Stats

File Path                            PID    Runtime      # DAGs    # Errors  Last Runtime    Last Run
-----------------------------------  -----  ---------  --------  ----------  --------------  -------------------
/opt/airflow/dags/extraction_dag.py                           1           0  0.33s           2026-09-17T09:21:39
================================================================================
[2026-09-17T09:22:40.118+0000] {manager.py:878} INFO - 
================================================================================
DAG File Processing Stats

File Path                            PID    Runtime      # DAGs    # Errors  Last Runtime    Last Run
-----------------------------------  -----  ---------  --------  ----------  --------------  -------------------
/opt/airflow/dags/extraction_dag.py                           1           0  0.38s           2026-09-17T09:22:10
================================================================================
[2026-09-17T09:23:10.776+0000] {manager.py:878} INFO - 
================================================================================
DAG File Processing Stats

File Path                              PID  Runtime      # DAGs    # Errors  Last Runtime    Last Run
-----------------------------------  -----  ---------  --------  ----------  --------------  -------------------
/opt/airflow/dags/extraction_dag.py     75  0.00s             1           0  0.24s           2026-09-17T09:22:40
================================================================================
[2026-09-17T09:23:41.215+0000] {manager.py:878} INFO - 
================================================================================
DAG File Processing Stats

File Path                              PID  Runtime      # DAGs    # Errors  Last Runtime    Last Run
-----------------------------------  -----  ---------  --------  ----------  --------------  -------------------
/opt/airflow/dags/extraction_dag.py     83  0.00s             1           0  0.26s           2026-09-17T09:23:11
================================================================================
[2026-09-17T09:24:11.503+0000] {manager.py:878} INFO - 
================================================================================
DAG File Processing Stats

File Path                            PID    Runtime      # DAGs    # Errors  Last Runtime    Last Run
-----------------------------------  -----  ---------  --------  ----------  --------------  -------------------
/opt/airflow/dags/extraction_dag.py                           1           0  0.30s           2026-09-17T09:23:41
================================================================================
[2026-09-17T09:24:41.982+0000] {manager.py:878} INFO - 
================================================================================
DAG File Processing Stats

File Path                              PID  Runtime      # DAGs    # Errors  Last Runtime    Last Run
-----------------------------------  -----  ---------  --------  ----------  --------------  -------------------
/opt/airflow/dags/extraction_dag.py     97  0.02s             1           0  0.20s           2026-09-17T09:24:11
================================================================================
[2026-09-17T09:25:12.421+0000] {manager.py:878} INFO - 
================================================================================
DAG File Processing Stats

File Path                              PID  Runtime      # DAGs    # Errors  Last Runtime    Last Run
-----------------------------------  -----  ---------  --------  ----------  --------------  -------------------
/opt/airflow/dags/extraction_dag.py    104  0.02s             1           0  0.24s           2026-09-17T09:24:42
================================================================================
[2026-09-17T09:25:42.681+0000] {manager.py:878} INFO - 
================================================================================
DAG File Processing Stats

File Path                              PID  Runtime      # DAGs    # Errors  Last Runtime    Last Run
-----------------------------------  -----  ---------  --------  ----------  --------------  -------------------
/opt/airflow/dags/extraction_dag.py    111  0.01s             1           0  0.25s           2026-09-17T09:25:12
================================================================================
[2026-09-17T09:26:09.039+0000] {manager.py:737} INFO - Searching for files in /opt/airflow/dags
[2026-09-17T09:26:09.103+0000] {manager.py:740} INFO - There are 1 files in /opt/airflow/dags
[2026-09-17T09:26:13.179+0000] {manager.py:878} INFO - 
================================================================================
DAG File Processing Stats

File Path                              PID  Runtime      # DAGs    # Errors  Last Runtime    Last Run
-----------------------------------  -----  ---------  --------  ----------  --------------  -------------------
/opt/airflow/dags/extraction_dag.py    118  0.00s             1           0  0.30s           2026-09-17T09:25:42
================================================================================
[2026-09-17T09:26:43.490+0000] {manager.py:878} INFO - 
================================================================================
DAG File Processing Stats

File Path                              PID  Runtime      # DAGs    # Errors  Last Runtime    Last Run
-----------------------------------  -----  ---------  --------  ----------  --------------  -------------------
/opt/airflow/dags/extraction_dag.py    125  0.03s             1           0  0.23s           2026-09-17T09:26:13
================================================================================
[2026-09-17T09:27:13.858+0000] {manager.py:878} INFO - 
================================================================================
DAG File Processing Stats

File Path                              PID  Runtime      # DAGs    # Errors  Last Runtime    Last Run
-----------------------------------  -----  ---------  --------  ----------  --------------  -------------------
/opt/airflow/dags/extraction_dag.py    138  0.01s             1           0  0.25s           2026-09-17T09:26:43
================================================================================
[2026-09-17T09:27:44.118+0000] {manager.py:878} INFO - 
================================================================================
DAG File Processing Stats

File Path                              PID  Runtime      # DAGs    # Errors  Last Runtime    Last Run
-----------------------------------  -----  ---------  --------  ----------  --------------  -------------------
/opt/airflow/dags/extraction_dag.py    146  0.01s             1           0  0.21s           2026-09-17T09:27:14
================================================================================
[2026-09-17T09:28:14.542+0000] {manager.py:878} INFO - 
================================================================================
DAG File Processing Stats

File Path                              PID  Runtime      # DAGs    # Errors  Last Runtime    Last Run
-----------------------------------  -----  ---------  --------  ----------  --------------  -------------------
/opt/airflow/dags/extraction_dag.py    153  0.00s             1           0  0.21s           2026-09-17T09:27:44
================================================================================
[2026-09-17T09:28:44.817+0000] {manager.py:878} INFO - 
================================================================================
DAG File Processing Stats

File Path                              PID  Runtime      # DAGs    # Errors  Last Runtime    Last Run
-----------------------------------  -----  ---------  --------  ----------  --------------  -------------------
/opt/airflow/dags/extraction_dag.py    160  0.00s             1           0  0.22s           2026-09-17T09:28:14
================================================================================
[2026-09-17T09:29:15.286+0000] {manager.py:878} INFO - 
================================================================================
DAG File Processing Stats

File Path                              PID  Runtime      # DAGs    # Errors  Last Runtime    Last Run
-----------------------------------  -----  ---------  --------  ----------  --------------  -------------------
/opt/airflow/dags/extraction_dag.py    167  0.01s             1           0  0.26s           2026-09-17T09:28:45
================================================================================
[2026-09-17T09:29:45.640+0000] {manager.py:878} INFO - 
================================================================================
DAG File Processing Stats

File Path                              PID  Runtime      # DAGs    # Errors  Last Runtime    Last Run
-----------------------------------  -----  ---------  --------  ----------  --------------  -------------------
/opt/airflow/dags/extraction_dag.py    174  0.01s             1           0  0.21s           2026-09-17T09:29:15
================================================================================
[2026-09-17T09:30:16.092+0000] {manager.py:878} INFO - 
================================================================================
DAG File Processing Stats

File Path                              PID  Runtime      # DAGs    # Errors  Last Runtime    Last Run
-----------------------------------  -----  ---------  --------  ----------  --------------  -------------------
/opt/airflow/dags/extraction_dag.py    181  0.00s             1           0  0.29s           2026-09-17T09:29:45
================================================================================
[2026-09-17T09:30:46.485+0000] {manager.py:878} INFO - 
================================================================================
DAG File Processing Stats

File Path                              PID  Runtime      # DAGs    # Errors  Last Runtime    Last Run
-----------------------------------  -----  ---------  --------  ----------  --------------  -------------------
/opt/airflow/dags/extraction_dag.py    188  0.00s             1           0  0.22s           2026-09-17T09:30:16
================================================================================
[2026-09-17T09:31:09.777+0000] {manager.py:737} INFO - Searching for files in /opt/airflow/dags
[2026-09-17T09:31:09.873+0000] {manager.py:740} INFO - There are 1 files in /opt/airflow/dags
[2026-09-17T09:31:17.004+0000] {manager.py:878} INFO - 
================================================================================
DAG File Processing Stats

File Path                              PID  Runtime      # DAGs    # Errors  Last Runtime    Last Run
-----------------------------------  -----  ---------  --------  ----------  --------------  -------------------
/opt/airflow/dags/extraction_dag.py    195  0.00s             1           0  0.20s           2026-09-17T09:30:46
================================================================================
[2026-09-17T09:31:47.257+0000] {manager.py:878} INFO - 
================================================================================
DAG File Processing Stats

File Path                            PID    Runtime      # DAGs    # Errors  Last Runtime    Last Run
-----------------------------------  -----  ---------  --------  ----------  --------------  -------------------
/opt/airflow/dags/extraction_dag.py                           1           0  0.28s           2026-09-17T09:31:17
================================================================================
[2026-09-17T09:32:17.833+0000] {manager.py:878} INFO - 
================================================================================
DAG File Processing Stats

File Path                              PID  Runtime      # DAGs    # Errors  Last Runtime    Last Run
-----------------------------------  -----  ---------  --------  ----------  --------------  -------------------
/opt/airflow/dags/extraction_dag.py    209  0.00s             1           0  0.24s           2026-09-17T09:31:47
================================================================================
[2026-09-17T09:32:48.273+0000] {manager.py:878} INFO - 
================================================================================
DAG File Processing Stats

File Path                              PID  Runtime      # DAGs    # Errors  Last Runtime    Last Run
-----------------------------------  -----  ---------  --------  ----------  --------------  -------------------
/opt/airflow/dags/extraction_dag.py    216  0.00s             1           0  0.23s           2026-09-17T09:32:18
================================================================================
[2026-09-17T09:33:18.619+0000] {manager.py:878} INFO - 
================================================================================
DAG File Processing Stats

File Path                              PID  Runtime      # DAGs    # Errors  Last Runtime    Last Run
-----------------------------------  -----  ---------  --------  ----------  --------------  -------------------
/opt/airflow/dags/extraction_dag.py    223  0.00s             1           0  0.21s           2026-09-17T09:32:48
================================================================================
[2026-09-17T09:33:49.041+0000] {manager.py:878} INFO - 
================================================================================
DAG File Processing Stats

File Path                              PID  Runtime      # DAGs    # Errors  Last Runtime    Last Run
-----------------------------------  -----  ---------  --------  ----------  --------------  -------------------
/opt/airflow/dags/extraction_dag.py    230  0.00s             1           0  0.18s           2026-09-17T09:33:18
================================================================================
[2026-09-17T09:34:19.339+0000] {manager.py:878} INFO - 
================================================================================
DAG File Processing Stats

File Path                              PID  Runtime      # DAGs    # Errors  Last Runtime    Last Run
-----------------------------------  -----  ---------  --------  ----------  --------------  -------------------
/opt/airflow/dags/extraction_dag.py    237  0.00s             1           0  0.23s           2026-09-17T09:33:49
================================================================================
[2026-09-17T09:34:49.796+0000] {manager.py:878} INFO - 
================================================================================
DAG File Processing Stats

File Path                              PID  Runtime      # DAGs    # Errors  Last Runtime    Last Run
-----------------------------------  -----  ---------  --------  ----------  --------------  -------------------
/opt/airflow/dags/extraction_dag.py    244  0.00s             1           0  0.23s           2026-09-17T09:34:19
================================================================================
[2026-09-17T09:35:20.140+0000] {manager.py:878} INFO - 
================================================================================
DAG File Processing Stats

File Path                              PID  Runtime      # DAGs    # Errors  Last Runtime    Last Run
-----------------------------------  -----  ---------  --------  ----------  --------------  -------------------
/opt/airflow/dags/extraction_dag.py    251  0.01s             1           0  0.24s           2026-09-17T09:34:50
================================================================================
[2026-09-17T09:35:50.589+0000] {manager.py:878} INFO - 
================================================================================
DAG File Processing Stats

File Path                              PID  Runtime      # DAGs    # Errors  Last Runtime    Last Run
-----------------------------------  -----  ---------  --------  ----------  --------------  -------------------
/opt/airflow/dags/extraction_dag.py    258  0.01s             1           0  0.23s           2026-09-17T09:35:20
================================================================================
[2026-09-17T09:36:09.939+0000] {manager.py:737} INFO - Searching for files in /opt/airflow/dags
[2026-09-17T09:36:10.014+0000] {manager.py:740} INFO - There are 1 files in /opt/airflow/dags
[2026-09-17T09:36:20.896+0000] {manager.py:878} INFO - 
================================================================================
DAG File Processing Stats

File Path                              PID  Runtime      # DAGs    # Errors  Last Runtime    Last Run
-----------------------------------  -----  ---------  --------  ----------  --------------  -------------------
/opt/airflow/dags/extraction_dag.py    265  0.01s             1           0  0.22s           2026-09-17T09:35:50
================================================================================
[2026-09-17T09:36:51.203+0000] {manager.py:878} INFO - 
================================================================================
DAG File Processing Stats

File Path                              PID  Runtime      # DAGs    # Errors  Last Runtime    Last Run
-----------------------------------  -----  ---------  --------  ----------  --------------  -------------------
/opt/airflow/dags/extraction_dag.py    272  0.00s             1           0  0.22s           2026-09-17T09:36:21
================================================================================
[2026-09-17T09:37:21.623+0000] {manager.py:878} INFO - 
================================================================================
DAG File Processing Stats

File Path                              PID  Runtime      # DAGs    # Errors  Last Runtime    Last Run
-----------------------------------  -----  ---------  --------  ----------  --------------  -------------------
/opt/airflow/dags/extraction_dag.py    279  0.00s             1           0  0.23s           2026-09-17T09:36:51
================================================================================
[2026-09-17T09:37:52.004+0000] {manager.py:878} INFO - 
================================================================================
DAG File Processing Stats

File Path                              PID  Runtime      # DAGs    # Errors  Last Runtime    Last Run
-----------------------------------  -----  ---------  --------  ----------  --------------  -------------------
/opt/airflow/dags/extraction_dag.py    286  0.01s             1           0  0.17s           2026-09-17T09:37:21
================================================================================
[2026-09-17T09:38:22.366+0000] {manager.py:878} INFO - 
================================================================================
DAG File Processing Stats

File Path                              PID  Runtime      # DAGs    # Errors  Last Runtime    Last Run
-----------------------------------  -----  ---------  --------  ----------  --------------  -------------------
/opt/airflow/dags/extraction_dag.py    293  0.00s             1           0  0.27s           2026-09-17T09:37:52
================================================================================
[2026-09-17T09:38:52.817+0000] {manager.py:878} INFO - 
================================================================================
DAG File Processing Stats

File Path                              PID  Runtime      # DAGs    # Errors  Last Runtime    Last Run
-----------------------------------  -----  ---------  --------  ----------  --------------  -------------------
/opt/airflow/dags/extraction_dag.py    300  0.01s             1           0  0.22s           2026-09-17T09:38:22
================================================================================
[2026-09-17T09:39:23.136+0000] {manager.py:878} INFO - 
================================================================================
DAG File Processing Stats

File Path                              PID  Runtime      # DAGs    # Errors  Last Runtime    Last Run
-----------------------------------  -----  ---------  --------  ----------  --------------  -------------------
/opt/airflow/dags/extraction_dag.py    307  0.00s             1           0  0.25s           2026-09-17T09:38:53
================================================================================
[2026-09-17T09:39:53.564+0000] {manager.py:878} INFO - 
================================================================================
DAG File Processing Stats

File Path                              PID  Runtime      # DAGs    # Errors  Last Runtime    Last Run
-----------------------------------  -----  ---------  --------  ----------  --------------  -------------------
/opt/airflow/dags/extraction_dag.py    314  0.01s             1           0  0.22s           2026-09-17T09:39:23
================================================================================
[2026-09-17T09:40:23.954+0000] {manager.py:878} INFO - 
================================================================================
DAG File Processing Stats

File Path                              PID  Runtime      # DAGs    # Errors  Last Runtime    Last Run
-----------------------------------  -----  ---------  --------  ----------  --------------  -------------------
/opt/airflow/dags/extraction_dag.py    321  0.00s             1           0  0.25s           2026-09-17T09:39:53
================================================================================
[2026-09-17T09:40:54.375+0000] {manager.py:878} INFO - 
================================================================================
DAG File Processing Stats

File Path                              PID  Runtime      # DAGs    # Errors  Last Runtime    Last Run
-----------------------------------  -----  ---------  --------  ----------  --------------  -------------------
/opt/airflow/dags/extraction_dag.py    329  0.00s             1           0  0.23s           2026-09-17T09:40:24
================================================================================
[2026-09-17T09:41:10.559+0000] {manager.py:737} INFO - Searching for files in /opt/airflow/dags
[2026-09-17T09:41:10.643+0000] {manager.py:740} INFO - There are 1 files in /opt/airflow/dags
[2026-09-17T09:41:24.816+0000] {manager.py:878} INFO - 
================================================================================
DAG File Processing Stats

File Path                              PID  Runtime      # DAGs    # Errors  Last Runtime    Last Run
-----------------------------------  -----  ---------  --------  ----------  --------------  -------------------
/opt/airflow/dags/extraction_dag.py    336  0.00s             1           0  0.22s           2026-09-17T09:40:54
================================================================================
[2026-09-17T09:41:55.136+0000] {manager.py:878} INFO - 
================================================================================
DAG File Processing Stats

File Path                              PID  Runtime      # DAGs    # Errors  Last Runtime    Last Run
-----------------------------------  -----  ---------  --------  ----------  --------------  -------------------
/opt/airflow/dags/extraction_dag.py    343  0.00s             1           0  0.22s           2026-09-17T09:41:25
================================================================================
[2026-09-17T09:42:25.557+0000] {manager.py:878} INFO - 
================================================================================
DAG File Processing Stats

File Path                              PID  Runtime      # DAGs    # Errors  Last Runtime    Last Run
-----------------------------------  -----  ---------  --------  ----------  --------------  -------------------
/opt/airflow/dags/extraction_dag.py    350  0.00s             1           0  0.23s           2026-09-17T09:41:55
================================================================================
[2026-09-17T09:42:55.903+0000] {manager.py:878} INFO - 
================================================================================
DAG File Processing Stats

File Path                              PID  Runtime      # DAGs    # Errors  Last Runtime    Last Run
-----------------------------------  -----  ---------  --------  ----------  --------------  -------------------
/opt/airflow/dags/extraction_dag.py    357  0.00s             1           0  0.22s           2026-09-17T09:42:25
================================================================================
[2026-09-17T09:43:26.346+0000] {manager.py:878} INFO - 
================================================================================
DAG File Processing Stats

File Path                              PID  Runtime      # DAGs    # Errors  Last Runtime    Last Run
-----------------------------------  -----  ---------  --------  ----------  --------------  -------------------
/opt/airflow/dags/extraction_dag.py    364  0.00s             1           0  0.20s           2026-09-17T09:42:56
================================================================================
[2026-09-17T09:43:56.668+0000] {manager.py:878} INFO - 
================================================================================
DAG File Processing Stats

File Path                              PID  Runtime      # DAGs    # Errors  Last Runtime    Last Run
-----------------------------------  -----  ---------  --------  ----------  --------------  -------------------
/opt/airflow/dags/extraction_dag.py    371  0.00s             1           0  0.19s           2026-09-17T09:43:26
================================================================================
[2026-09-17T09:44:27.076+0000] {manager.py:878} INFO - 
================================================================================
DAG File Processing Stats

File Path                              PID  Runtime      # DAGs    # Errors  Last Runtime    Last Run
-----------------------------------  -----  ---------  --------  ----------  --------------  -------------------
/opt/airflow/dags/extraction_dag.py    378  0.00s             1           0  0.20s           2026-09-17T09:43:56
================================================================================
[2026-09-17T09:44:57.444+0000] {manager.py:878} INFO - 
================================================================================
DAG File Processing Stats

File Path                              PID  Runtime      # DAGs    # Errors  Last Runtime    Last Run
-----------------------------------  -----  ---------  --------  ----------  --------------  -------------------
/opt/airflow/dags/extraction_dag.py    385  0.01s             1           0  0.19s           2026-09-17T09:44:27
================================================================================
[2026-09-17T09:45:27.845+0000] {manager.py:878} INFO - 
================================================================================
DAG File Processing Stats

File Path                              PID  Runtime      # DAGs    # Errors  Last Runtime    Last Run
-----------------------------------  -----  ---------  --------  ----------  --------------  -------------------
/opt/airflow/dags/extraction_dag.py    392  0.00s             1           0  0.24s           2026-09-17T09:44:57
================================================================================
[2026-09-17T09:45:58.225+0000] {manager.py:878} INFO - 
================================================================================
DAG File Processing Stats

File Path                              PID  Runtime      # DAGs    # Errors  Last Runtime    Last Run
-----------------------------------  -----  ---------  --------  ----------  --------------  -------------------
/opt/airflow/dags/extraction_dag.py    399  0.00s             1           0  0.20s           2026-09-17T09:45:28
================================================================================
[2026-09-17T09:46:11.415+0000] {manager.py:737} INFO - Searching for files in /opt/airflow/dags
[2026-09-17T09:46:11.467+0000] {manager.py:740} INFO - There are 1 files in /opt/airflow/dags
[2026-09-17T09:46:28.679+0000] {manager.py:878} INFO - 
================================================================================
DAG File Processing Stats

File Path                              PID  Runtime      # DAGs    # Errors  Last Runtime    Last Run
-----------------------------------  -----  ---------  --------  ----------  --------------  -------------------
/opt/airflow/dags/extraction_dag.py    406  0.00s             1           0  0.19s           2026-09-17T09:45:58
================================================================================
[2026-09-17T09:46:58.983+0000] {manager.py:878} INFO - 
================================================================================
DAG File Processing Stats

File Path                              PID  Runtime      # DAGs    # Errors  Last Runtime    Last Run
-----------------------------------  -----  ---------  --------  ----------  --------------  -------------------
/opt/airflow/dags/extraction_dag.py    413  0.01s             1           0  0.21s           2026-09-17T09:46:28
================================================================================
[2026-09-17T09:47:29.399+0000] {manager.py:878} INFO - 
================================================================================
DAG File Processing Stats

File Path                              PID  Runtime      # DAGs    # Errors  Last Runtime    Last Run
-----------------------------------  -----  ---------  --------  ----------  --------------  -------------------
/opt/airflow/dags/extraction_dag.py    420  0.00s             1           0  0.24s           2026-09-17T09:46:59
================================================================================
[2026-09-17T09:47:59.723+0000] {manager.py:878} INFO - 
================================================================================
DAG File Processing Stats

File Path                              PID  Runtime      # DAGs    # Errors  Last Runtime    Last Run
-----------------------------------  -----  ---------  --------  ----------  --------------  -------------------
/opt/airflow/dags/extraction_dag.py    427  0.00s             1           0  0.17s           2026-09-17T09:47:29
================================================================================
[2026-09-17T09:48:30.029+0000] {manager.py:878} INFO - 
================================================================================
DAG File Processing Stats

File Path                              PID  Runtime      # DAGs    # Errors  Last Runtime    Last Run
-----------------------------------  -----  ---------  --------  ----------  --------------  -------------------
/opt/airflow/dags/extraction_dag.py    434  0.00s             1           0  0.24s           2026-09-17T09:47:59
================================================================================
[2026-09-17T09:49:00.456+0000] {manager.py:878} INFO - 
================================================================================
DAG File Processing Stats

File Path                              PID  Runtime      # DAGs    # Errors  Last Runtime    Last Run
-----------------------------------  -----  ---------  --------  ----------  --------------  -------------------
/opt/airflow/dags/extraction_dag.py    441  0.00s             1           0  0.21s           2026-09-17T09:48:30
================================================================================
[2026-09-17T09:49:30.759+0000] {manager.py:878} INFO - 
================================================================================
DAG File Processing Stats

File Path                              PID  Runtime      # DAGs    # Errors  Last Runtime    Last Run
-----------------------------------  -----  ---------  --------  ----------  --------------  -------------------
/opt/airflow/dags/extraction_dag.py    448  0.01s             1           0  0.19s           2026-09-17T09:49:00
================================================================================
[2026-09-17T09:50:01.147+0000] {manager.py:878} INFO - 
================================================================================
DAG File Processing Stats

File Path                              PID  Runtime      # DAGs    # Errors  Last Runtime    Last Run
-----------------------------------  -----  ---------  --------  ----------  --------------  -------------------
/opt/airflow/dags/extraction_dag.py    455  0.00s             1           0  0.23s           2026-09-17T09:49:30
================================================================================
[2026-09-17T09:50:31.484+0000] {manager.py:878} INFO - 
================================================================================
DAG File Processing Stats

File Path                              PID  Runtime      # DAGs    # Errors  Last Runtime    Last Run
-----------------------------------  -----  ---------  --------  ----------  --------------  -------------------
/opt/airflow/dags/extraction_dag.py    462  0.00s             1           0  0.24s           2026-09-17T09:50:01
================================================================================
[2026-09-17T09:51:01.867+0000] {manager.py:878} INFO - 
================================================================================
DAG File Processing Stats

File Path                              PID  Runtime      # DAGs    # Errors  Last Runtime    Last Run
-----------------------------------  -----  ---------  --------  ----------  --------------  -------------------
/opt/airflow/dags/extraction_dag.py    469  0.01s             1           0  0.22s           2026-09-17T09:50:31
================================================================================
[2026-09-17T09:51:11.988+0000] {manager.py:737} INFO - Searching for files in /opt/airflow/dags
[2026-09-17T09:51:12.068+0000] {manager.py:740} INFO - There are 1 files in /opt/airflow/dags
[2026-09-17T09:51:32.292+0000] {manager.py:878} INFO - 
================================================================================
DAG File Processing Stats

File Path                              PID  Runtime      # DAGs    # Errors  Last Runtime    Last Run
-----------------------------------  -----  ---------  --------  ----------  --------------  -------------------
/opt/airflow/dags/extraction_dag.py    476  0.00s             1           0  0.20s           2026-09-17T09:51:02
================================================================================
[2026-09-17T09:52:02.584+0000] {manager.py:878} INFO - 
================================================================================
DAG File Processing Stats

File Path                              PID  Runtime      # DAGs    # Errors  Last Runtime    Last Run
-----------------------------------  -----  ---------  --------  ----------  --------------  -------------------
/opt/airflow/dags/extraction_dag.py    483  0.00s             1           0  0.20s           2026-09-17T09:51:32
================================================================================
[2026-09-17T09:52:33.001+0000] {manager.py:878} INFO - 
================================================================================
DAG File Processing Stats

File Path                              PID  Runtime      # DAGs    # Errors  Last Runtime    Last Run
-----------------------------------  -----  ---------  --------  ----------  --------------  -------------------
/opt/airflow/dags/extraction_dag.py    490  0.01s             1           0  0.21s           2026-09-17T09:52:02
================================================================================
[2026-09-17T09:53:03.268+0000] {manager.py:878} INFO - 
================================================================================
DAG File Processing Stats

File Path                              PID  Runtime      # DAGs    # Errors  Last Runtime    Last Run
-----------------------------------  -----  ---------  --------  ----------  --------------  -------------------
/opt/airflow/dags/extraction_dag.py    497  0.01s             1           0  0.22s           2026-09-17T09:52:33
================================================================================
[2026-09-17T09:53:33.713+0000] {manager.py:878} INFO - 
================================================================================
DAG File Processing Stats

File Path                              PID  Runtime      # DAGs    # Errors  Last Runtime    Last Run
-----------------------------------  -----  ---------  --------  ----------  --------------  -------------------
/opt/airflow/dags/extraction_dag.py    504  0.00s             1           0  0.22s           2026-09-17T09:53:03
================================================================================
[2026-09-17T09:54:04.004+0000] {manager.py:878} INFO - 
================================================================================
DAG File Processing Stats

File Path                              PID  Runtime      # DAGs    # Errors  Last Runtime    Last Run
-----------------------------------  -----  ---------  --------  ----------  --------------  -------------------
/opt/airflow/dags/extraction_dag.py    512  0.01s             1           0  0.19s           2026-09-17T09:53:33
================================================================================
[2026-09-17T09:54:34.374+0000] {manager.py:878} INFO - 
================================================================================
DAG File Processing Stats

File Path                              PID  Runtime      # DAGs    # Errors  Last Runtime    Last Run
-----------------------------------  -----  ---------  --------  ----------  --------------  -------------------
/opt/airflow/dags/extraction_dag.py    520  0.01s             1           0  0.31s           2026-09-17T09:54:04
================================================================================
[2026-09-17T09:55:04.751+0000] {manager.py:878} INFO - 
================================================================================
DAG File Processing Stats

File Path                              PID  Runtime      # DAGs    # Errors  Last Runtime    Last Run
-----------------------------------  -----  ---------  --------  ----------  --------------  -------------------
/opt/airflow/dags/extraction_dag.py    527  0.00s             1           0  0.32s           2026-09-17T09:54:34
================================================================================
[2026-09-17T09:55:35.106+0000] {manager.py:878} INFO - 
================================================================================
DAG File Processing Stats

File Path                              PID  Runtime      # DAGs    # Errors  Last Runtime    Last Run
-----------------------------------  -----  ---------  --------  ----------  --------------  -------------------
/opt/airflow/dags/extraction_dag.py    534  0.01s             1           0  0.22s           2026-09-17T09:55:04
================================================================================
[2026-09-17T09:56:05.416+0000] {manager.py:878} INFO - 
================================================================================
DAG File Processing Stats

File Path                              PID  Runtime      # DAGs    # Errors  Last Runtime    Last Run
-----------------------------------  -----  ---------  --------  ----------  --------------  -------------------
/opt/airflow/dags/extraction_dag.py    541  0.00s             1           0  0.28s           2026-09-17T09:55:35
================================================================================
[2026-09-17T09:56:12.643+0000] {manager.py:737} INFO - Searching for files in /opt/airflow/dags
[2026-09-17T09:56:12.752+0000] {manager.py:740} INFO - There are 1 files in /opt/airflow/dags
[2026-09-17T09:56:36.007+0000] {manager.py:878} INFO - 
================================================================================
DAG File Processing Stats

File Path                              PID  Runtime      # DAGs    # Errors  Last Runtime    Last Run
-----------------------------------  -----  ---------  --------  ----------  --------------  -------------------
/opt/airflow/dags/extraction_dag.py    548  0.01s             1           0  0.23s           2026-09-17T09:56:05
================================================================================
[2026-09-17T09:57:06.275+0000] {manager.py:878} INFO - 
================================================================================
DAG File Processing Stats

File Path                              PID  Runtime      # DAGs    # Errors  Last Runtime    Last Run
-----------------------------------  -----  ---------  --------  ----------  --------------  -------------------
/opt/airflow/dags/extraction_dag.py    555  0.01s             1           0  0.23s           2026-09-17T09:56:36
================================================================================
[2026-09-17T09:57:36.701+0000] {manager.py:878} INFO - 
================================================================================
DAG File Processing Stats

File Path                              PID  Runtime      # DAGs    # Errors  Last Runtime    Last Run
-----------------------------------  -----  ---------  --------  ----------  --------------  -------------------
/opt/airflow/dags/extraction_dag.py    562  0.00s             1           0  0.29s           2026-09-17T09:57:06
================================================================================
[2026-09-17T09:58:07.032+0000] {manager.py:878} INFO - 
================================================================================
DAG File Processing Stats

File Path                              PID  Runtime      # DAGs    # Errors  Last Runtime    Last Run
-----------------------------------  -----  ---------  --------  ----------  --------------  -------------------
/opt/airflow/dags/extraction_dag.py    569  0.00s             1           0  0.23s           2026-09-17T09:57:36
================================================================================
[2026-09-17T09:58:37.434+0000] {manager.py:878} INFO - 
================================================================================
DAG File Processing Stats

File Path                              PID  Runtime      # DAGs    # Errors  Last Runtime    Last Run
-----------------------------------  -----  ---------  --------  ----------  --------------  -------------------
/opt/airflow/dags/extraction_dag.py    576  0.01s             1           0  0.27s           2026-09-17T09:58:07
================================================================================
[2026-09-17T09:59:01.989+0000] {manager.py:452} INFO - Exiting gracefully upon receiving signal 15
[2026-09-17T09:59:46.358+0000] {manager.py:470} INFO - Processing files using up to 2 processes at a time 
[2026-09-17T09:59:46.361+0000] {manager.py:471} INFO - Process each file at most once every 30 seconds
[2026-09-17T09:59:46.364+0000] {manager.py:472} INFO - Checking for new files in /opt/airflow/dags every 300 seconds
[2026-09-17T09:59:46.367+0000] {manager.py:737} INFO - Searching for files in /opt/airflow/dags
[2026-09-17T09:59:46.433+0000] {manager.py:740} INFO - There are 1 files in /opt/airflow/dags
[2026-09-17T09:59:46.646+0000] {manager.py:878} INFO - 
================================================================================
DAG File Processing Stats

File Path                              PID  Runtime      # DAGs    # Errors  Last Runtime    Last Run
-----------------------------------  -----  ---------  --------  ----------  --------------  ----------
/opt/airflow/dags/extraction_dag.py     66  0.12s             0           0
================================================================================
[2026-09-17T10:00:16.876+0000] {manager.py:878} INFO - 
================================================================================
DAG File Processing Stats

File Path                            PID    Runtime      # DAGs    # Errors  Last Runtime    Last Run
-----------------------------------  -----  ---------  --------  ----------  --------------  -------------------
/opt/airflow/dags/extraction_dag.py                           1           0  0.87s           2026-09-17T09:59:47
================================================================================
[2026-09-17T10:00:47.091+0000] {manager.py:878} INFO - 
================================================================================
DAG File Processing Stats

File Path                            PID    Runtime      # DAGs    # Errors  Last Runtime    Last Run
-----------------------------------  -----  ---------  --------  ----------  --------------  -------------------
/opt/airflow/dags/extraction_dag.py                           1           0  0.26s           2026-09-17T10:00:17
================================================================================
[2026-09-17T10:01:17.325+0000] {manager.py:878} INFO - 
================================================================================
DAG File Processing Stats

File Path                            PID    Runtime      # DAGs    # Errors  Last Runtime    Last Run
-----------------------------------  -----  ---------  --------  ----------  --------------  -------------------
/opt/airflow/dags/extraction_dag.py                           1           0  0.22s           2026-09-17T10:00:48
================================================================================
[2026-09-17T10:01:47.766+0000] {manager.py:878} INFO - 
================================================================================
DAG File Processing Stats

File Path                            PID    Runtime      # DAGs    # Errors  Last Runtime    Last Run
-----------------------------------  -----  ---------  --------  ----------  --------------  -------------------
/opt/airflow/dags/extraction_dag.py                           1           0  0.22s           2026-09-17T10:01:18
================================================================================
[2026-09-17T10:02:18.009+0000] {manager.py:878} INFO - 
================================================================================
DAG File Processing Stats

File Path                            PID    Runtime      # DAGs    # Errors  Last Runtime    Last Run
-----------------------------------  -----  ---------  --------  ----------  --------------  -------------------
/opt/airflow/dags/extraction_dag.py                           1           0  0.22s           2026-09-17T10:01:49
================================================================================
[2026-09-17T10:02:48.411+0000] {manager.py:878} INFO - 
================================================================================
DAG File Processing Stats

File Path                            PID    Runtime      # DAGs    # Errors  Last Runtime    Last Run
-----------------------------------  -----  ---------  --------  ----------  --------------  -------------------
/opt/airflow/dags/extraction_dag.py                           1           0  0.22s           2026-09-17T10:02:19
================================================================================
[2026-09-17T10:03:18.645+0000] {manager.py:878} INFO - 
================================================================================
DAG File Processing Stats

File Path                            PID    Runtime      # DAGs    # Errors  Last Runtime    Last Run
-----------------------------------  -----  ---------  --------  ----------  --------------  -------------------
/opt/airflow/dags/extraction_dag.py                           1           0  0.29s           2026-09-17T10:02:49
================================================================================
[2026-09-17T10:03:49.155+0000] {manager.py:878} INFO - 
================================================================================
DAG File Processing Stats

File Path                            PID    Runtime      # DAGs    # Errors  Last Runtime    Last Run
-----------------------------------  -----  ---------  --------  ----------  --------------  -------------------
/opt/airflow/dags/extraction_dag.py                           1           0  0.21s           2026-09-17T10:03:20
================================================================================
[2026-09-17T10:04:19.565+0000] {manager.py:878} INFO - 
================================================================================
DAG File Processing Stats

File Path                            PID    Runtime      # DAGs    # Errors  Last Runtime    Last Run
-----------------------------------  -----  ---------  --------  ----------  --------------  -------------------
/opt/airflow/dags/extraction_dag.py                           1           0  0.24s           2026-09-17T10:03:50
================================================================================
[2026-09-17T10:04:46.816+0000] {manager.py:737} INFO - Searching for files in /opt/airflow/dags
[2026-09-17T10:04:46.884+0000] {manager.py:740} INFO - There are 1 files in /opt/airflow/dags
[2026-09-17T10:04:49.930+0000] {manager.py:878} INFO - 
================================================================================
DAG File Processing Stats

File Path                            PID    Runtime      # DAGs    # Errors  Last Runtime    Last Run
-----------------------------------  -----  ---------  --------  ----------  --------------  -------------------
/opt/airflow/dags/extraction_dag.py                           1           0  0.29s           2026-09-17T10:04:20
================================================================================
[2026-09-17T10:05:20.390+0000] {manager.py:878} INFO - 
================================================================================
DAG File Processing Stats

File Path                            PID    Runtime      # DAGs    # Errors  Last Runtime    Last Run
-----------------------------------  -----  ---------  --------  ----------  --------------  -------------------
/opt/airflow/dags/extraction_dag.py                           1           0  0.25s           2026-09-17T10:04:51
================================================================================
[2026-09-17T10:05:50.663+0000] {manager.py:878} INFO - 
================================================================================
DAG File Processing Stats

File Path                            PID    Runtime      # DAGs    # Errors  Last Runtime    Last Run
-----------------------------------  -----  ---------  --------  ----------  --------------  -------------------
/opt/airflow/dags/extraction_dag.py                           1           0  0.22s           2026-09-17T10:05:21
================================================================================
[2026-09-17T10:06:21.149+0000] {manager.py:878} INFO - 
================================================================================
DAG File Processing Stats

File Path                            PID    Runtime      # DAGs    # Errors  Last Runtime    Last Run
-----------------------------------  -----  ---------  --------  ----------  --------------  -------------------
/opt/airflow/dags/extraction_dag.py                           1           0  0.22s           2026-09-17T10:05:51
================================================================================
[2026-09-17T10:06:51.432+0000] {manager.py:878} INFO - 
================================================================================
DAG File Processing Stats

File Path                            PID    Runtime      # DAGs    # Errors  Last Runtime    Last Run
-----------------------------------  -----  ---------  --------  ----------  --------------  -------------------
/opt/airflow/dags/extraction_dag.py                           1           0  0.21s           2026-09-17T10:06:22
================================================================================
[2026-09-17T10:07:21.817+0000] {manager.py:878} INFO - 
================================================================================
DAG File Processing Stats

File Path                            PID    Runtime      # DAGs    # Errors  Last Runtime    Last Run
-----------------------------------  -----  ---------  --------  ----------  --------------  -------------------
/opt/airflow/dags/extraction_dag.py                           1           0  0.21s           2026-09-17T10:06:52
================================================================================
[2026-09-17T10:07:52.109+0000] {manager.py:878} INFO - 
================================================================================
DAG File Processing Stats

File Path                            PID    Runtime      # DAGs    # Errors  Last Runtime    Last Run
-----------------------------------  -----  ---------  --------  ----------  --------------  -------------------
/opt/airflow/dags/extraction_dag.py                           1           0  0.21s           2026-09-17T10:07:23
================================================================================
[2026-09-17T10:08:22.535+0000] {manager.py:878} INFO - 
================================================================================
DAG File Processing Stats

File Path                            PID    Runtime      # DAGs    # Errors  Last Runtime    Last Run
-----------------------------------  -----  ---------  --------  ----------  --------------  -------------------
/opt/airflow/dags/extraction_dag.py                           1           0  0.22s           2026-09-17T10:07:53
================================================================================
[2026-09-17T10:08:52.864+0000] {manager.py:878} INFO - 
================================================================================
DAG File Processing Stats

File Path                            PID    Runtime      # DAGs    # Errors  Last Runtime    Last Run
-----------------------------------  -----  ---------  --------  ----------  --------------  -------------------
/opt/airflow/dags/extraction_dag.py                           1           0  0.21s           2026-09-17T10:08:23
================================================================================
[2026-09-17T10:09:23.243+0000] {manager.py:878} INFO - 
================================================================================
DAG File Processing Stats

File Path                            PID    Runtime      # DAGs    # Errors  Last Runtime    Last Run
-----------------------------------  -----  ---------  --------  ----------  --------------  -------------------
/opt/airflow/dags/extraction_dag.py                           1           0  0.23s           2026-09-17T10:08:54
================================================================================
[2026-09-17T10:09:47.582+0000] {manager.py:737} INFO - Searching for files in /opt/airflow/dags
[2026-09-17T10:09:47.671+0000] {manager.py:740} INFO - There are 1 files in /opt/airflow/dags
[2026-09-17T10:09:53.753+0000] {manager.py:878} INFO - 
================================================================================
DAG File Processing Stats

File Path                            PID    Runtime      # DAGs    # Errors  Last Runtime    Last Run
-----------------------------------  -----  ---------  --------  ----------  --------------  -------------------
/opt/airflow/dags/extraction_dag.py                           1           0  0.27s           2026-09-17T10:09:24
================================================================================
[2026-09-17T10:10:24.038+0000] {manager.py:878} INFO - 
================================================================================
DAG File Processing Stats

File Path                            PID    Runtime      # DAGs    # Errors  Last Runtime    Last Run
-----------------------------------  -----  ---------  --------  ----------  --------------  -------------------
/opt/airflow/dags/extraction_dag.py                           1           0  0.20s           2026-09-17T10:09:54
================================================================================
[2026-09-17T10:10:54.448+0000] {manager.py:878} INFO - 
================================================================================
DAG File Processing Stats

File Path                            PID    Runtime      # DAGs    # Errors  Last Runtime    Last Run
-----------------------------------  -----  ---------  --------  ----------  --------------  -------------------
/opt/airflow/dags/extraction_dag.py                           1           0  0.21s           2026-09-17T10:10:25
================================================================================
[2026-09-17T10:11:24.726+0000] {manager.py:878} INFO - 
================================================================================
DAG File Processing Stats

File Path                            PID    Runtime      # DAGs    # Errors  Last Runtime    Last Run
-----------------------------------  -----  ---------  --------  ----------  --------------  -------------------
/opt/airflow/dags/extraction_dag.py                           1           0  0.21s           2026-09-17T10:10:55
================================================================================
[2026-09-17T10:11:55.171+0000] {manager.py:878} INFO - 
================================================================================
DAG File Processing Stats

File Path                            PID    Runtime      # DAGs    # Errors  Last Runtime    Last Run
-----------------------------------  -----  ---------  --------  ----------  --------------  -------------------
/opt/airflow/dags/extraction_dag.py                           1           0  0.20s           2026-09-17T10:11:25
================================================================================
[2026-09-17T10:12:25.478+0000] {manager.py:878} INFO - 
================================================================================
DAG File Processing Stats

File Path                            PID    Runtime      # DAGs    # Errors  Last Runtime    Last Run
-----------------------------------  -----  ---------  --------  ----------  --------------  -------------------
/opt/airflow/dags/extraction_dag.py                           1           0  0.18s           2026-09-17T10:11:56
================================================================================
[2026-09-17T10:12:55.866+0000] {manager.py:878} INFO - 
================================================================================
DAG File Processing Stats

File Path                            PID    Runtime      # DAGs    # Errors  Last Runtime    Last Run
-----------------------------------  -----  ---------  --------  ----------  --------------  -------------------
/opt/airflow/dags/extraction_dag.py                           1           0  0.22s           2026-09-17T10:12:26
================================================================================
[2026-09-17T10:13:26.184+0000] {manager.py:878} INFO - 
================================================================================
DAG File Processing Stats

File Path                            PID    Runtime      # DAGs    # Errors  Last Runtime    Last Run
-----------------------------------  -----  ---------  --------  ----------  --------------  -------------------
/opt/airflow/dags/extraction_dag.py                           1           0  0.21s           2026-09-17T10:12:57
================================================================================
[2026-09-17T10:13:56.553+0000] {manager.py:878} INFO - 
================================================================================
DAG File Processing Stats

File Path                            PID    Runtime      # DAGs    # Errors  Last Runtime    Last Run
-----------------------------------  -----  ---------  --------  ----------  --------------  -------------------
/opt/airflow/dags/extraction_dag.py                           1           0  0.22s           2026-09-17T10:13:27
================================================================================
[2026-09-17T10:14:26.864+0000] {manager.py:878} INFO - 
================================================================================
DAG File Processing Stats

File Path                            PID    Runtime      # DAGs    # Errors  Last Runtime    Last Run
-----------------------------------  -----  ---------  --------  ----------  --------------  -------------------
/opt/airflow/dags/extraction_dag.py                           1           0  0.33s           2026-09-17T10:13:57
================================================================================
[2026-09-17T10:14:48.302+0000] {manager.py:737} INFO - Searching for files in /opt/airflow/dags
[2026-09-17T10:14:48.372+0000] {manager.py:740} INFO - There are 1 files in /opt/airflow/dags
[2026-09-17T10:14:57.458+0000] {manager.py:878} INFO - 
================================================================================
DAG File Processing Stats

File Path                            PID    Runtime      # DAGs    # Errors  Last Runtime    Last Run
-----------------------------------  -----  ---------  --------  ----------  --------------  -------------------
/opt/airflow/dags/extraction_dag.py                           1           0  0.27s           2026-09-17T10:14:28
================================================================================
[2026-09-17T10:15:27.829+0000] {manager.py:878} INFO - 
================================================================================
DAG File Processing Stats

File Path                            PID    Runtime      # DAGs    # Errors  Last Runtime    Last Run
-----------------------------------  -----  ---------  --------  ----------  --------------  -------------------
/opt/airflow/dags/extraction_dag.py                           1           0  0.24s           2026-09-17T10:14:58
================================================================================
[2026-09-17T10:15:58.130+0000] {manager.py:878} INFO - 
================================================================================
DAG File Processing Stats

File Path                            PID    Runtime      # DAGs    # Errors  Last Runtime    Last Run
-----------------------------------  -----  ---------  --------  ----------  --------------  -------------------
/opt/airflow/dags/extraction_dag.py                           1           0  0.29s           2026-09-17T10:15:29
================================================================================
[2026-09-17T10:16:28.589+0000] {manager.py:878} INFO - 
================================================================================
DAG File Processing Stats

File Path                            PID    Runtime      # DAGs    # Errors  Last Runtime    Last Run
-----------------------------------  -----  ---------  --------  ----------  --------------  -------------------
/opt/airflow/dags/extraction_dag.py                           1           0  0.20s           2026-09-17T10:15:59
================================================================================
[2026-09-17T10:16:58.979+0000] {manager.py:878} INFO - 
================================================================================
DAG File Processing Stats

File Path                            PID    Runtime      # DAGs    # Errors  Last Runtime    Last Run
-----------------------------------  -----  ---------  --------  ----------  --------------  -------------------
/opt/airflow/dags/extraction_dag.py                           1           0  0.22s           2026-09-17T10:16:29
================================================================================
[2026-09-17T10:17:29.241+0000] {manager.py:878} INFO - 
================================================================================
DAG File Processing Stats

File Path                            PID    Runtime      # DAGs    # Errors  Last Runtime    Last Run
-----------------------------------  -----  ---------  --------  ----------  --------------  -------------------
/opt/airflow/dags/extraction_dag.py                           1           0  0.21s           2026-09-17T10:17:00
================================================================================
[2026-09-17T10:17:59.657+0000] {manager.py:878} INFO - 
================================================================================
DAG File Processing Stats

File Path                            PID    Runtime      # DAGs    # Errors  Last Runtime    Last Run
-----------------------------------  -----  ---------  --------  ----------  --------------  -------------------
/opt/airflow/dags/extraction_dag.py                           1           0  0.20s           2026-09-17T10:17:30
================================================================================
[2026-09-17T10:18:29.942+0000] {manager.py:878} INFO - 
================================================================================
DAG File Processing Stats

File Path                            PID    Runtime      # DAGs    # Errors  Last Runtime    Last Run
-----------------------------------  -----  ---------  --------  ----------  --------------  -------------------
/opt/airflow/dags/extraction_dag.py                           1           0  0.21s           2026-09-17T10:18:00
================================================================================
[2026-09-17T10:19:00.358+0000] {manager.py:878} INFO - 
================================================================================
DAG File Processing Stats

File Path                            PID    Runtime      # DAGs    # Errors  Last Runtime    Last Run
-----------------------------------  -----  ---------  --------  ----------  --------------  -------------------
/opt/airflow/dags/extraction_dag.py                           1           0  0.20s           2026-09-17T10:18:31
================================================================================
[2026-09-17T10:19:30.634+0000] {manager.py:878} INFO - 
================================================================================
DAG File Processing Stats

File Path                            PID    Runtime      # DAGs    # Errors  Last Runtime    Last Run
-----------------------------------  -----  ---------  --------  ----------  --------------  -------------------
/opt/airflow/dags/extraction_dag.py                           1           0  0.22s           2026-09-17T10:19:01
================================================================================
[2026-09-17T10:19:48.954+0000] {manager.py:737} INFO - Searching for files in /opt/airflow/dags
[2026-09-17T10:19:49.034+0000] {manager.py:740} INFO - There are 1 files in /opt/airflow/dags
[2026-09-17T10:20:01.171+0000] {manager.py:878} INFO - 
================================================================================
DAG File Processing Stats

File Path                            PID    Runtime      # DAGs    # Errors  Last Runtime    Last Run
-----------------------------------  -----  ---------  --------  ----------  --------------  -------------------
/opt/airflow/dags/extraction_dag.py                           1           0  0.23s           2026-09-17T10:19:31
================================================================================
[2026-09-17T10:20:31.518+0000] {manager.py:878} INFO - 
================================================================================
DAG File Processing Stats

File Path                            PID    Runtime      # DAGs    # Errors  Last Runtime    Last Run
-----------------------------------  -----  ---------  --------  ----------  --------------  -------------------
/opt/airflow/dags/extraction_dag.py                           1           0  0.22s           2026-09-17T10:20:02
================================================================================
[2026-09-17T10:21:01.950+0000] {manager.py:878} INFO - 
================================================================================
DAG File Processing Stats

File Path                            PID    Runtime      # DAGs    # Errors  Last Runtime    Last Run
-----------------------------------  -----  ---------  --------  ----------  --------------  -------------------
/opt/airflow/dags/extraction_dag.py                           1           0  0.23s           2026-09-17T10:20:32
================================================================================
[2026-09-17T10:21:32.241+0000] {manager.py:878} INFO - 
================================================================================
DAG File Processing Stats

File Path                            PID    Runtime      # DAGs    # Errors  Last Runtime    Last Run
-----------------------------------  -----  ---------  --------  ----------  --------------  -------------------
/opt/airflow/dags/extraction_dag.py                           1           0  0.23s           2026-09-17T10:21:03
================================================================================
[2026-09-17T10:22:02.690+0000] {manager.py:878} INFO - 
================================================================================
DAG File Processing Stats

File Path                            PID    Runtime      # DAGs    # Errors  Last Runtime    Last Run
-----------------------------------  -----  ---------  --------  ----------  --------------  -------------------
/opt/airflow/dags/extraction_dag.py                           1           0  0.22s           2026-09-17T10:21:33
================================================================================
[2026-09-17T10:22:32.980+0000] {manager.py:878} INFO - 
================================================================================
DAG File Processing Stats

File Path                            PID    Runtime      # DAGs    # Errors  Last Runtime    Last Run
-----------------------------------  -----  ---------  --------  ----------  --------------  -------------------
/opt/airflow/dags/extraction_dag.py                           1           0  0.25s           2026-09-17T10:22:03
================================================================================
[2026-09-17T10:23:03.412+0000] {manager.py:878} INFO - 
================================================================================
DAG File Processing Stats

File Path                            PID    Runtime      # DAGs    # Errors  Last Runtime    Last Run
-----------------------------------  -----  ---------  --------  ----------  --------------  -------------------
/opt/airflow/dags/extraction_dag.py                           1           0  0.25s           2026-09-17T10:22:34
================================================================================
[2026-09-17T10:23:33.744+0000] {manager.py:878} INFO - 
================================================================================
DAG File Processing Stats

File Path                            PID    Runtime      # DAGs    # Errors  Last Runtime    Last Run
-----------------------------------  -----  ---------  --------  ----------  --------------  -------------------
/opt/airflow/dags/extraction_dag.py                           1           0  0.20s           2026-09-17T10:23:04
================================================================================
[2026-09-17T10:24:04.118+0000] {manager.py:878} INFO - 
================================================================================
DAG File Processing Stats

File Path                            PID    Runtime      # DAGs    # Errors  Last Runtime    Last Run
-----------------------------------  -----  ---------  --------  ----------  --------------  -------------------
/opt/airflow/dags/extraction_dag.py                           1           0  0.19s           2026-09-17T10:23:34
================================================================================
[2026-09-17T10:24:34.416+0000] {manager.py:878} INFO - 
================================================================================
DAG File Processing Stats

File Path                            PID    Runtime      # DAGs    # Errors  Last Runtime    Last Run
-----------------------------------  -----  ---------  --------  ----------  --------------  -------------------
/opt/airflow/dags/extraction_dag.py                           1           0  0.21s           2026-09-17T10:24:05
================================================================================
[2026-09-17T10:24:49.682+0000] {manager.py:737} INFO - Searching for files in /opt/airflow/dags
[2026-09-17T10:24:49.756+0000] {manager.py:740} INFO - There are 1 files in /opt/airflow/dags
[2026-09-17T10:25:04.902+0000] {manager.py:878} INFO - 
================================================================================
DAG File Processing Stats

File Path                            PID    Runtime      # DAGs    # Errors  Last Runtime    Last Run
-----------------------------------  -----  ---------  --------  ----------  --------------  -------------------
/opt/airflow/dags/extraction_dag.py                           1           0  0.20s           2026-09-17T10:24:35
================================================================================
[2026-09-17T10:25:35.179+0000] {manager.py:878} INFO - 
================================================================================
DAG File Processing Stats

File Path                            PID    Runtime      # DAGs    # Errors  Last Runtime    Last Run
-----------------------------------  -----  ---------  --------  ----------  --------------  -------------------
/opt/airflow/dags/extraction_dag.py                           1           0  0.24s           2026-09-17T10:25:06
================================================================================
[2026-09-17T10:26:05.611+0000] {manager.py:878} INFO - 
================================================================================
DAG File Processing Stats

File Path                            PID    Runtime      # DAGs    # Errors  Last Runtime    Last Run
-----------------------------------  -----  ---------  --------  ----------  --------------  -------------------
/opt/airflow/dags/extraction_dag.py                           1           0  0.21s           2026-09-17T10:25:36
================================================================================
[2026-09-17T10:26:35.875+0000] {manager.py:878} INFO - 
================================================================================
DAG File Processing Stats

File Path                            PID    Runtime      # DAGs    # Errors  Last Runtime    Last Run
-----------------------------------  -----  ---------  --------  ----------  --------------  -------------------
/opt/airflow/dags/extraction_dag.py                           1           0  0.21s           2026-09-17T10:26:06
================================================================================
[2026-09-17T10:27:53.118+0000] {manager.py:470} INFO - Processing files using up to 2 processes at a time 
[2026-09-17T10:27:53.127+0000] {manager.py:471} INFO - Process each file at most once every 30 seconds
[2026-09-17T10:27:53.133+0000] {manager.py:472} INFO - Checking for new files in /opt/airflow/dags every 300 seconds
[2026-09-17T10:27:53.137+0000] {manager.py:737} INFO - Searching for files in /opt/airflow/dags
[2026-09-17T10:27:53.244+0000] {manager.py:740} INFO - There are 1 files in /opt/airflow/dags
[2026-09-17T10:27:53.721+0000] {manager.py:878} INFO - 
================================================================================
DAG File Processing Stats

File Path                              PID  Runtime      # DAGs    # Errors  Last Runtime    Last Run
-----------------------------------  -----  ---------  --------  ----------  --------------  ----------
/opt/airflow/dags/extraction_dag.py     65  0.17s             0           0
================================================================================
[2026-09-17T10:28:24.132+0000] {manager.py:878} INFO - 
================================================================================
DAG File Processing Stats

File Path                            PID    Runtime      # DAGs    # Errors  Last Runtime    Last Run
-----------------------------------  -----  ---------  --------  ----------  --------------  -------------------
/opt/airflow/dags/extraction_dag.py                           1           0  1.56s           2026-09-17T10:27:55
================================================================================
[2026-09-17T10:28:54.699+0000] {manager.py:878} INFO - 
================================================================================
DAG File Processing Stats

File Path                            PID    Runtime      # DAGs    # Errors  Last Runtime    Last Run
-----------------------------------  -----  ---------  --------  ----------  --------------  -------------------
/opt/airflow/dags/extraction_dag.py                           1           0  0.38s           2026-09-17T10:28:25
================================================================================
[2026-09-17T10:29:25.066+0000] {manager.py:878} INFO - 
================================================================================
DAG File Processing Stats

File Path                            PID    Runtime      # DAGs    # Errors  Last Runtime    Last Run
-----------------------------------  -----  ---------  --------  ----------  --------------  -------------------
/opt/airflow/dags/extraction_dag.py                           1           0  0.47s           2026-09-17T10:28:56
================================================================================
[2026-09-17T10:30:48.937+0000] {manager.py:470} INFO - Processing files using up to 2 processes at a time 
[2026-09-17T10:30:48.942+0000] {manager.py:471} INFO - Process each file at most once every 30 seconds
[2026-09-17T10:30:48.945+0000] {manager.py:472} INFO - Checking for new files in /opt/airflow/dags every 300 seconds
[2026-09-17T10:30:48.948+0000] {manager.py:737} INFO - Searching for files in /opt/airflow/dags
[2026-09-17T10:30:49.037+0000] {manager.py:740} INFO - There are 1 files in /opt/airflow/dags
[2026-09-17T10:30:49.251+0000] {manager.py:878} INFO - 
================================================================================
DAG File Processing Stats

File Path                              PID  Runtime      # DAGs    # Errors  Last Runtime    Last Run
-----------------------------------  -----  ---------  --------  ----------  --------------  ----------
/opt/airflow/dags/extraction_dag.py     60  0.10s             0           0
================================================================================
[2026-09-17T10:31:19.478+0000] {manager.py:878} INFO - 
================================================================================
DAG File Processing Stats

File Path                            PID    Runtime      # DAGs    # Errors  Last Runtime    Last Run
-----------------------------------  -----  ---------  --------  ----------  --------------  -------------------
/opt/airflow/dags/extraction_dag.py                           1           0  0.78s           2026-09-17T10:30:49
================================================================================
[2026-09-17T10:31:49.741+0000] {manager.py:878} INFO - 
================================================================================
DAG File Processing Stats

File Path                            PID    Runtime      # DAGs    # Errors  Last Runtime    Last Run
-----------------------------------  -----  ---------  --------  ----------  --------------  -------------------
/opt/airflow/dags/extraction_dag.py                           1           0  0.38s           2026-09-17T10:31:20
================================================================================
[2026-09-17T10:32:20.049+0000] {manager.py:878} INFO - 
================================================================================
DAG File Processing Stats

File Path                            PID    Runtime      # DAGs    # Errors  Last Runtime    Last Run
-----------------------------------  -----  ---------  --------  ----------  --------------  -------------------
/opt/airflow/dags/extraction_dag.py                           1           0  0.34s           2026-09-17T10:31:51
================================================================================
[2026-09-17T10:32:50.613+0000] {manager.py:878} INFO - 
================================================================================
DAG File Processing Stats

File Path                            PID    Runtime      # DAGs    # Errors  Last Runtime    Last Run
-----------------------------------  -----  ---------  --------  ----------  --------------  -------------------
/opt/airflow/dags/extraction_dag.py                           1           0  0.24s           2026-09-17T10:32:21
================================================================================
[2026-09-17T10:33:21.084+0000] {manager.py:878} INFO - 
================================================================================
DAG File Processing Stats

File Path                            PID    Runtime      # DAGs    # Errors  Last Runtime    Last Run
-----------------------------------  -----  ---------  --------  ----------  --------------  -------------------
/opt/airflow/dags/extraction_dag.py                           1           0  0.22s           2026-09-17T10:32:51
================================================================================
[2026-09-17T10:33:51.333+0000] {manager.py:878} INFO - 
================================================================================
DAG File Processing Stats

File Path                            PID    Runtime      # DAGs    # Errors  Last Runtime    Last Run
-----------------------------------  -----  ---------  --------  ----------  --------------  -------------------
/opt/airflow/dags/extraction_dag.py                           1           0  0.22s           2026-09-17T10:33:22
================================================================================
[2026-09-17T10:34:21.925+0000] {manager.py:878} INFO - 
================================================================================
DAG File Processing Stats

File Path                            PID    Runtime      # DAGs    # Errors  Last Runtime    Last Run
-----------------------------------  -----  ---------  --------  ----------  --------------  -------------------
/opt/airflow/dags/extraction_dag.py                           0           1  0.35s           2026-09-17T10:33:59
================================================================================
[2026-09-17T10:34:52.344+0000] {manager.py:878} INFO - 
================================================================================
DAG File Processing Stats

File Path                            PID    Runtime      # DAGs    # Errors  Last Runtime    Last Run
-----------------------------------  -----  ---------  --------  ----------  --------------  -------------------
/opt/airflow/dags/extraction_dag.py                           0           1  0.20s           2026-09-17T10:34:50
================================================================================
[2026-09-17T10:35:22.632+0000] {manager.py:878} INFO - 
================================================================================
DAG File Processing Stats

File Path                            PID    Runtime      # DAGs    # Errors  Last Runtime    Last Run
-----------------------------------  -----  ---------  --------  ----------  --------------  -------------------
/opt/airflow/dags/extraction_dag.py                           0           1  0.12s           2026-09-17T10:35:20
================================================================================
[2026-09-17T10:35:49.868+0000] {manager.py:737} INFO - Searching for files in /opt/airflow/dags
[2026-09-17T10:35:49.942+0000] {manager.py:740} INFO - There are 1 files in /opt/airflow/dags
[2026-09-17T10:35:53.028+0000] {manager.py:878} INFO - 
================================================================================
DAG File Processing Stats

File Path                            PID    Runtime      # DAGs    # Errors  Last Runtime    Last Run
-----------------------------------  -----  ---------  --------  ----------  --------------  -------------------
/opt/airflow/dags/extraction_dag.py                           0           1  0.15s           2026-09-17T10:35:51
================================================================================
[2026-09-17T10:36:23.390+0000] {manager.py:878} INFO - 
================================================================================
DAG File Processing Stats

File Path                            PID    Runtime      # DAGs    # Errors  Last Runtime    Last Run
-----------------------------------  -----  ---------  --------  ----------  --------------  -------------------
/opt/airflow/dags/extraction_dag.py                           0           1  0.20s           2026-09-17T10:36:21
================================================================================
[2026-09-17T10:36:53.668+0000] {manager.py:878} INFO - 
================================================================================
DAG File Processing Stats

File Path                            PID    Runtime      # DAGs    # Errors  Last Runtime    Last Run
-----------------------------------  -----  ---------  --------  ----------  --------------  -------------------
/opt/airflow/dags/extraction_dag.py                           0           1  0.13s           2026-09-17T10:36:51
================================================================================
[2026-09-17T10:37:23.969+0000] {manager.py:878} INFO - 
================================================================================
DAG File Processing Stats

File Path                            PID    Runtime      # DAGs    # Errors  Last Runtime    Last Run
-----------------------------------  -----  ---------  --------  ----------  --------------  -------------------
/opt/airflow/dags/extraction_dag.py                           0           1  0.13s           2026-09-17T10:37:22
================================================================================
[2026-09-17T10:37:40.699+0000] {manager.py:452} INFO - Exiting gracefully upon receiving signal 15
[2026-09-17T10:38:04.395+0000] {manager.py:470} INFO - Processing files using up to 2 processes at a time 
[2026-09-17T10:38:04.399+0000] {manager.py:471} INFO - Process each file at most once every 30 seconds
[2026-09-17T10:38:04.403+0000] {manager.py:472} INFO - Checking for new files in /opt/airflow/dags every 300 seconds
[2026-09-17T10:38:04.406+0000] {manager.py:737} INFO - Searching for files in /opt/airflow/dags
[2026-09-17T10:38:04.476+0000] {manager.py:740} INFO - There are 1 files in /opt/airflow/dags
[2026-09-17T10:38:04.707+0000] {manager.py:878} INFO - 
================================================================================
DAG File Processing Stats

File Path                              PID  Runtime      # DAGs    # Errors  Last Runtime    Last Run
-----------------------------------  -----  ---------  --------  ----------  --------------  ----------
/opt/airflow/dags/extraction_dag.py     58  0.14s             0           0
================================================================================
[2026-09-17T10:38:34.930+0000] {manager.py:878} INFO - 
================================================================================
DAG File Processing Stats

File Path                            PID    Runtime      # DAGs    # Errors  Last Runtime    Last Run
-----------------------------------  -----  ---------  --------  ----------  --------------  -------------------
/opt/airflow/dags/extraction_dag.py                           1           0  0.42s           2026-09-17T10:38:04
================================================================================
[2026-09-17T10:39:05.466+0000] {manager.py:878} INFO - 
================================================================================
DAG File Processing Stats

File Path                            PID    Runtime      # DAGs    # Errors  Last Runtime    Last Run
-----------------------------------  -----  ---------  --------  ----------  --------------  -------------------
/opt/airflow/dags/extraction_dag.py                           1           0  0.25s           2026-09-17T10:38:35
================================================================================
[2026-09-17T10:39:36.015+0000] {manager.py:878} INFO - 
================================================================================
DAG File Processing Stats

File Path                            PID    Runtime      # DAGs    # Errors  Last Runtime    Last Run
-----------------------------------  -----  ---------  --------  ----------  --------------  -------------------
/opt/airflow/dags/extraction_dag.py                           1           0  0.50s           2026-09-17T10:39:06
================================================================================
[2026-09-17T10:40:06.758+0000] {manager.py:878} INFO - 
================================================================================
DAG File Processing Stats

File Path                            PID    Runtime      # DAGs    # Errors  Last Runtime    Last Run
-----------------------------------  -----  ---------  --------  ----------  --------------  -------------------
/opt/airflow/dags/extraction_dag.py                           1           0  0.29s           2026-09-17T10:39:36
================================================================================
[2026-09-17T10:40:37.271+0000] {manager.py:878} INFO - 
================================================================================
DAG File Processing Stats

File Path                            PID    Runtime      # DAGs    # Errors  Last Runtime    Last Run
-----------------------------------  -----  ---------  --------  ----------  --------------  -------------------
/opt/airflow/dags/extraction_dag.py                           1           0  0.26s           2026-09-17T10:40:07
================================================================================
[2026-09-17T10:41:07.793+0000] {manager.py:878} INFO - 
================================================================================
DAG File Processing Stats

File Path                              PID  Runtime      # DAGs    # Errors  Last Runtime    Last Run
-----------------------------------  -----  ---------  --------  ----------  --------------  -------------------
/opt/airflow/dags/extraction_dag.py    100  0.02s             1           0  0.22s           2026-09-17T10:40:37
================================================================================
[2026-09-17T10:41:38.321+0000] {manager.py:878} INFO - 
================================================================================
DAG File Processing Stats

File Path                            PID    Runtime      # DAGs    # Errors  Last Runtime    Last Run
-----------------------------------  -----  ---------  --------  ----------  --------------  -------------------
/opt/airflow/dags/extraction_dag.py                           1           0  0.28s           2026-09-17T10:41:28
================================================================================
[2026-09-17T10:42:08.819+0000] {manager.py:878} INFO - 
================================================================================
DAG File Processing Stats

File Path                            PID    Runtime      # DAGs    # Errors  Last Runtime    Last Run
-----------------------------------  -----  ---------  --------  ----------  --------------  -------------------
/opt/airflow/dags/extraction_dag.py                           1           0  0.39s           2026-09-17T10:41:39
================================================================================
[2026-09-17T10:42:39.222+0000] {manager.py:878} INFO - 
================================================================================
DAG File Processing Stats

File Path                            PID    Runtime      # DAGs    # Errors  Last Runtime    Last Run
-----------------------------------  -----  ---------  --------  ----------  --------------  -------------------
/opt/airflow/dags/extraction_dag.py                           1           0  0.26s           2026-09-17T10:42:10
================================================================================
[2026-09-17T10:43:04.514+0000] {manager.py:737} INFO - Searching for files in /opt/airflow/dags
[2026-09-17T10:43:04.616+0000] {manager.py:740} INFO - There are 2 files in /opt/airflow/dags
[2026-09-17T10:43:09.725+0000] {manager.py:878} INFO - 
================================================================================
DAG File Processing Stats

File Path                            PID    Runtime      # DAGs    # Errors  Last Runtime    Last Run
-----------------------------------  -----  ---------  --------  ----------  --------------  -------------------
/opt/airflow/dags/warehouse_dag.py                            0           1  2.01s           2026-09-17T10:43:06
/opt/airflow/dags/extraction_dag.py                           1           0  0.32s           2026-09-17T10:42:40
================================================================================
[2026-09-17T10:43:39.980+0000] {manager.py:878} INFO - 
================================================================================
DAG File Processing Stats

File Path                              PID  Runtime      # DAGs    # Errors  Last Runtime    Last Run
-----------------------------------  -----  ---------  --------  ----------  --------------  -------------------
/opt/airflow/dags/extraction_dag.py                           1           0  0.32s           2026-09-17T10:43:11
/opt/airflow/dags/warehouse_dag.py     147  0.01s             0           1  0.14s           2026-09-17T10:43:37
================================================================================
[2026-09-17T10:44:10.733+0000] {manager.py:878} INFO - 
================================================================================
DAG File Processing Stats

File Path                            PID    Runtime      # DAGs    # Errors  Last Runtime    Last Run
-----------------------------------  -----  ---------  --------  ----------  --------------  -------------------
/opt/airflow/dags/extraction_dag.py                           1           0  0.27s           2026-09-17T10:43:41
/opt/airflow/dags/warehouse_dag.py                            0           1  0.26s           2026-09-17T10:44:08
================================================================================
[2026-09-17T10:44:41.555+0000] {manager.py:878} INFO - 
================================================================================
DAG File Processing Stats

File Path                            PID    Runtime      # DAGs    # Errors  Last Runtime    Last Run
-----------------------------------  -----  ---------  --------  ----------  --------------  -------------------
/opt/airflow/dags/extraction_dag.py                           1           0  0.59s           2026-09-17T10:44:12
/opt/airflow/dags/warehouse_dag.py                            0           1  0.22s           2026-09-17T10:44:40
================================================================================
[2026-09-17T10:45:12.159+0000] {manager.py:878} INFO - 
================================================================================
DAG File Processing Stats

File Path                            PID    Runtime      # DAGs    # Errors  Last Runtime    Last Run
-----------------------------------  -----  ---------  --------  ----------  --------------  -------------------
/opt/airflow/dags/warehouse_dag.py                            0           1  0.76s           2026-09-17T10:45:12
/opt/airflow/dags/extraction_dag.py                           1           0  0.27s           2026-09-17T10:44:43
================================================================================
[2026-09-17T10:45:42.361+0000] {manager.py:878} INFO - 
================================================================================
DAG File Processing Stats

File Path                            PID    Runtime      # DAGs    # Errors  Last Runtime    Last Run
-----------------------------------  -----  ---------  --------  ----------  --------------  -------------------
/opt/airflow/dags/warehouse_dag.py                            0           1  0.47s           2026-09-17T10:45:38
/opt/airflow/dags/extraction_dag.py                           1           0  0.36s           2026-09-17T10:45:13
================================================================================
[2026-09-17T10:46:12.486+0000] {manager.py:878} INFO - 
================================================================================
DAG File Processing Stats

File Path                              PID  Runtime      # DAGs    # Errors  Last Runtime    Last Run
-----------------------------------  -----  ---------  --------  ----------  --------------  -------------------
/opt/airflow/dags/warehouse_dag.py     246  0.01s             0           1  0.81s           2026-09-17T10:46:07
/opt/airflow/dags/extraction_dag.py                           1           0  0.33s           2026-09-17T10:45:44
================================================================================
[2026-09-17T10:46:43.298+0000] {manager.py:878} INFO - 
================================================================================
DAG File Processing Stats

File Path                            PID    Runtime      # DAGs    # Errors  Last Runtime    Last Run
-----------------------------------  -----  ---------  --------  ----------  --------------  -------------------
/opt/airflow/dags/extraction_dag.py                           1           0  0.24s           2026-09-17T10:46:15
/opt/airflow/dags/warehouse_dag.py                            0           1  0.14s           2026-09-17T10:46:42
================================================================================
[2026-09-17T10:47:13.863+0000] {manager.py:878} INFO - 
================================================================================
DAG File Processing Stats

File Path                            PID    Runtime      # DAGs    # Errors  Last Runtime    Last Run
-----------------------------------  -----  ---------  --------  ----------  --------------  -------------------
/opt/airflow/dags/warehouse_dag.py                            0           1  0.88s           2026-09-17T10:46:46
/opt/airflow/dags/extraction_dag.py                           1           0  0.33s           2026-09-17T10:46:45
================================================================================
[2026-09-17T10:47:44.476+0000] {manager.py:878} INFO - 
================================================================================
DAG File Processing Stats

File Path                            PID    Runtime      # DAGs    # Errors  Last Runtime    Last Run
-----------------------------------  -----  ---------  --------  ----------  --------------  -------------------
/opt/airflow/dags/warehouse_dag.py                            0           1  0.42s           2026-09-17T10:47:17
/opt/airflow/dags/extraction_dag.py                           1           0  0.26s           2026-09-17T10:47:16
================================================================================
[2026-09-17T10:48:04.902+0000] {manager.py:737} INFO - Searching for files in /opt/airflow/dags
[2026-09-17T10:48:04.982+0000] {manager.py:740} INFO - There are 2 files in /opt/airflow/dags
[2026-09-17T10:48:15.098+0000] {manager.py:878} INFO - 
================================================================================
DAG File Processing Stats

File Path                            PID    Runtime      # DAGs    # Errors  Last Runtime    Last Run
-----------------------------------  -----  ---------  --------  ----------  --------------  -------------------
/opt/airflow/dags/warehouse_dag.py                            0           1  0.45s           2026-09-17T10:47:47
/opt/airflow/dags/extraction_dag.py                           1           0  0.21s           2026-09-17T10:47:46
================================================================================
[2026-09-17T10:48:45.634+0000] {manager.py:878} INFO - 
================================================================================
DAG File Processing Stats

File Path                            PID    Runtime      # DAGs    # Errors  Last Runtime    Last Run
-----------------------------------  -----  ---------  --------  ----------  --------------  -------------------
/opt/airflow/dags/warehouse_dag.py                            0           1  0.52s           2026-09-17T10:48:18
/opt/airflow/dags/extraction_dag.py                           1           0  0.23s           2026-09-17T10:48:17
================================================================================
[2026-09-17T10:49:15.725+0000] {manager.py:878} INFO - 
================================================================================
DAG File Processing Stats

File Path                            PID    Runtime      # DAGs    # Errors  Last Runtime    Last Run
-----------------------------------  -----  ---------  --------  ----------  --------------  -------------------
/opt/airflow/dags/warehouse_dag.py                            0           1  0.49s           2026-09-17T10:48:49
/opt/airflow/dags/extraction_dag.py                           1           0  0.26s           2026-09-17T10:48:47
================================================================================
[2026-09-17T10:49:46.435+0000] {manager.py:878} INFO - 
================================================================================
DAG File Processing Stats

File Path                            PID    Runtime      # DAGs    # Errors  Last Runtime    Last Run
-----------------------------------  -----  ---------  --------  ----------  --------------  -------------------
/opt/airflow/dags/warehouse_dag.py                            0           1  0.54s           2026-09-17T10:49:42
/opt/airflow/dags/extraction_dag.py                           1           0  0.24s           2026-09-17T10:49:18
================================================================================
[2026-09-17T10:50:06.011+0000] {manager.py:452} INFO - Exiting gracefully upon receiving signal 15
[2026-09-17T10:50:29.211+0000] {manager.py:470} INFO - Processing files using up to 2 processes at a time 
[2026-09-17T10:50:29.215+0000] {manager.py:471} INFO - Process each file at most once every 30 seconds
[2026-09-17T10:50:29.217+0000] {manager.py:472} INFO - Checking for new files in /opt/airflow/dags every 300 seconds
[2026-09-17T10:50:29.220+0000] {manager.py:737} INFO - Searching for files in /opt/airflow/dags
[2026-09-17T10:50:29.290+0000] {manager.py:740} INFO - There are 2 files in /opt/airflow/dags
[2026-09-17T10:50:29.501+0000] {manager.py:878} INFO - 
================================================================================
DAG File Processing Stats

File Path                              PID  Runtime      # DAGs    # Errors  Last Runtime    Last Run
-----------------------------------  -----  ---------  --------  ----------  --------------  ----------
/opt/airflow/dags/extraction_dag.py     53  0.10s             0           0
/opt/airflow/dags/warehouse_dag.py      52  0.12s             0           0
================================================================================
[2026-09-17T10:50:59.831+0000] {manager.py:878} INFO - 
================================================================================
DAG File Processing Stats

File Path                            PID    Runtime      # DAGs    # Errors  Last Runtime    Last Run
-----------------------------------  -----  ---------  --------  ----------  --------------  -------------------
/opt/airflow/dags/warehouse_dag.py                            1           0  1.52s           2026-09-17T10:50:30
/opt/airflow/dags/extraction_dag.py                           1           0  0.59s           2026-09-17T10:50:29
================================================================================
[2026-09-17T10:51:30.006+0000] {manager.py:878} INFO - 
================================================================================
DAG File Processing Stats

File Path                            PID    Runtime      # DAGs    # Errors  Last Runtime    Last Run
-----------------------------------  -----  ---------  --------  ----------  --------------  -------------------
/opt/airflow/dags/warehouse_dag.py                            1           0  0.48s           2026-09-17T10:51:01
/opt/airflow/dags/extraction_dag.py                           1           0  0.31s           2026-09-17T10:51:00
================================================================================
[2026-09-17T10:52:00.397+0000] {manager.py:878} INFO - 
================================================================================
DAG File Processing Stats

File Path                            PID    Runtime      # DAGs    # Errors  Last Runtime    Last Run
-----------------------------------  -----  ---------  --------  ----------  --------------  -------------------
/opt/airflow/dags/warehouse_dag.py                            1           0  0.56s           2026-09-17T10:51:32
/opt/airflow/dags/extraction_dag.py                           1           0  0.26s           2026-09-17T10:51:31
================================================================================
[2026-09-17T10:52:30.740+0000] {manager.py:878} INFO - 
================================================================================
DAG File Processing Stats

File Path                            PID    Runtime      # DAGs    # Errors  Last Runtime    Last Run
-----------------------------------  -----  ---------  --------  ----------  --------------  -------------------
/opt/airflow/dags/warehouse_dag.py                            1           0  0.70s           2026-09-17T10:52:03
/opt/airflow/dags/extraction_dag.py                           1           0  0.30s           2026-09-17T10:52:01
================================================================================
[2026-09-17T10:53:01.332+0000] {manager.py:878} INFO - 
================================================================================
DAG File Processing Stats

File Path                            PID    Runtime      # DAGs    # Errors  Last Runtime    Last Run
-----------------------------------  -----  ---------  --------  ----------  --------------  -------------------
/opt/airflow/dags/warehouse_dag.py                            1           0  0.62s           2026-09-17T10:52:34
/opt/airflow/dags/extraction_dag.py                           1           0  0.22s           2026-09-17T10:52:31
================================================================================
[2026-09-17T10:53:31.418+0000] {manager.py:878} INFO - 
================================================================================
DAG File Processing Stats

File Path                            PID    Runtime      # DAGs    # Errors  Last Runtime    Last Run
-----------------------------------  -----  ---------  --------  ----------  --------------  -------------------
/opt/airflow/dags/warehouse_dag.py                            1           0  0.46s           2026-09-17T10:53:05
/opt/airflow/dags/extraction_dag.py                           1           0  0.27s           2026-09-17T10:53:02
================================================================================
[2026-09-17T10:54:01.585+0000] {manager.py:878} INFO - 
================================================================================
DAG File Processing Stats

File Path                            PID    Runtime      # DAGs    # Errors  Last Runtime    Last Run
-----------------------------------  -----  ---------  --------  ----------  --------------  -------------------
/opt/airflow/dags/warehouse_dag.py                            1           0  0.76s           2026-09-17T10:53:49
/opt/airflow/dags/extraction_dag.py                           1           0  0.23s           2026-09-17T10:53:33
================================================================================
[2026-09-17T10:54:31.587+0000] {manager.py:878} INFO - 
================================================================================
DAG File Processing Stats

File Path                            PID    Runtime      # DAGs    # Errors  Last Runtime    Last Run
-----------------------------------  -----  ---------  --------  ----------  --------------  -------------------
/opt/airflow/dags/warehouse_dag.py                            1           0  0.47s           2026-09-17T10:54:20
/opt/airflow/dags/extraction_dag.py                           1           0  0.26s           2026-09-17T10:54:03
================================================================================
[2026-09-17T10:55:01.752+0000] {manager.py:878} INFO - 
================================================================================
DAG File Processing Stats

File Path                            PID    Runtime      # DAGs    # Errors  Last Runtime    Last Run
-----------------------------------  -----  ---------  --------  ----------  --------------  -------------------
/opt/airflow/dags/warehouse_dag.py                            1           0  0.51s           2026-09-17T10:54:51
/opt/airflow/dags/extraction_dag.py                           1           0  0.25s           2026-09-17T10:54:34
================================================================================
[2026-09-17T10:55:29.333+0000] {manager.py:737} INFO - Searching for files in /opt/airflow/dags
[2026-09-17T10:55:29.395+0000] {manager.py:740} INFO - There are 2 files in /opt/airflow/dags
[2026-09-17T10:55:31.787+0000] {manager.py:878} INFO - 
================================================================================
DAG File Processing Stats

File Path                            PID    Runtime      # DAGs    # Errors  Last Runtime    Last Run
-----------------------------------  -----  ---------  --------  ----------  --------------  -------------------
/opt/airflow/dags/warehouse_dag.py                            1           0  0.45s           2026-09-17T10:55:21
/opt/airflow/dags/extraction_dag.py                           1           0  0.27s           2026-09-17T10:55:05
================================================================================
[2026-09-17T10:56:01.804+0000] {manager.py:878} INFO - 
================================================================================
DAG File Processing Stats

File Path                            PID    Runtime      # DAGs    # Errors  Last Runtime    Last Run
-----------------------------------  -----  ---------  --------  ----------  --------------  -------------------
/opt/airflow/dags/warehouse_dag.py                            1           0  0.79s           2026-09-17T10:55:52
/opt/airflow/dags/extraction_dag.py                           1           0  0.25s           2026-09-17T10:55:35
================================================================================
[2026-09-17T10:56:32.362+0000] {manager.py:878} INFO - 
================================================================================
DAG File Processing Stats

File Path                            PID    Runtime      # DAGs    # Errors  Last Runtime    Last Run
-----------------------------------  -----  ---------  --------  ----------  --------------  -------------------
/opt/airflow/dags/warehouse_dag.py                            1           0  0.56s           2026-09-17T10:56:23
/opt/airflow/dags/extraction_dag.py                           1           0  0.29s           2026-09-17T10:56:06
================================================================================
[2026-09-17T10:57:02.444+0000] {manager.py:878} INFO - 
================================================================================
DAG File Processing Stats

File Path                            PID    Runtime      # DAGs    # Errors  Last Runtime    Last Run
-----------------------------------  -----  ---------  --------  ----------  --------------  -------------------
/opt/airflow/dags/warehouse_dag.py                            1           0  0.49s           2026-09-17T10:56:54
/opt/airflow/dags/extraction_dag.py                           1           0  0.29s           2026-09-17T10:56:36
================================================================================
[2026-09-17T10:57:32.510+0000] {manager.py:878} INFO - 
================================================================================
DAG File Processing Stats

File Path                            PID    Runtime      # DAGs    # Errors  Last Runtime    Last Run
-----------------------------------  -----  ---------  --------  ----------  --------------  -------------------
/opt/airflow/dags/warehouse_dag.py                            1           0  0.57s           2026-09-17T10:57:25
/opt/airflow/dags/extraction_dag.py                           1           0  0.23s           2026-09-17T10:57:07
================================================================================
[2026-09-17T10:58:02.591+0000] {manager.py:878} INFO - 
================================================================================
DAG File Processing Stats

File Path                            PID    Runtime      # DAGs    # Errors  Last Runtime    Last Run
-----------------------------------  -----  ---------  --------  ----------  --------------  -------------------
/opt/airflow/dags/warehouse_dag.py                            1           0  0.49s           2026-09-17T10:57:55
/opt/airflow/dags/extraction_dag.py                           1           0  0.27s           2026-09-17T10:57:37
================================================================================
[2026-09-17T10:58:32.734+0000] {manager.py:878} INFO - 
================================================================================
DAG File Processing Stats

File Path                            PID    Runtime      # DAGs    # Errors  Last Runtime    Last Run
-----------------------------------  -----  ---------  --------  ----------  --------------  -------------------
/opt/airflow/dags/warehouse_dag.py                            1           0  0.48s           2026-09-17T10:58:26
/opt/airflow/dags/extraction_dag.py                           1           0  0.26s           2026-09-17T10:58:08
================================================================================
[2026-09-17T10:59:03.056+0000] {manager.py:878} INFO - 
================================================================================
DAG File Processing Stats

File Path                            PID    Runtime      # DAGs    # Errors  Last Runtime    Last Run
-----------------------------------  -----  ---------  --------  ----------  --------------  -------------------
/opt/airflow/dags/warehouse_dag.py                            1           0  0.55s           2026-09-17T10:58:56
/opt/airflow/dags/extraction_dag.py                           1           0  0.40s           2026-09-17T10:58:39
================================================================================
[2026-09-17T10:59:33.152+0000] {manager.py:878} INFO - 
================================================================================
DAG File Processing Stats

File Path                            PID    Runtime      # DAGs    # Errors  Last Runtime    Last Run
-----------------------------------  -----  ---------  --------  ----------  --------------  -------------------
/opt/airflow/dags/warehouse_dag.py                            1           0  0.59s           2026-09-17T10:59:27
/opt/airflow/dags/extraction_dag.py                           1           0  0.30s           2026-09-17T10:59:09
================================================================================
[2026-09-17T11:00:03.260+0000] {manager.py:878} INFO - 
================================================================================
DAG File Processing Stats

File Path                            PID    Runtime      # DAGs    # Errors  Last Runtime    Last Run
-----------------------------------  -----  ---------  --------  ----------  --------------  -------------------
/opt/airflow/dags/warehouse_dag.py                            1           0  0.42s           2026-09-17T10:59:58
/opt/airflow/dags/extraction_dag.py                           1           0  0.32s           2026-09-17T10:59:40
================================================================================
[2026-09-17T11:00:29.414+0000] {manager.py:737} INFO - Searching for files in /opt/airflow/dags
[2026-09-17T11:00:29.484+0000] {manager.py:740} INFO - There are 2 files in /opt/airflow/dags
[2026-09-17T11:00:33.555+0000] {manager.py:878} INFO - 
================================================================================
DAG File Processing Stats

File Path                            PID    Runtime      # DAGs    # Errors  Last Runtime    Last Run
-----------------------------------  -----  ---------  --------  ----------  --------------  -------------------
/opt/airflow/dags/warehouse_dag.py                            1           0  0.62s           2026-09-17T11:00:29
/opt/airflow/dags/extraction_dag.py                           1           0  0.24s           2026-09-17T11:00:11
================================================================================
[2026-09-17T11:01:03.703+0000] {manager.py:878} INFO - 
================================================================================
DAG File Processing Stats

File Path                            PID    Runtime      # DAGs    # Errors  Last Runtime    Last Run
-----------------------------------  -----  ---------  --------  ----------  --------------  -------------------
/opt/airflow/dags/warehouse_dag.py                            1           0  0.48s           2026-09-17T11:00:59
/opt/airflow/dags/extraction_dag.py                           1           0  0.27s           2026-09-17T11:00:41
================================================================================
[2026-09-17T11:01:33.888+0000] {manager.py:878} INFO - 
================================================================================
DAG File Processing Stats

File Path                            PID    Runtime      # DAGs    # Errors  Last Runtime    Last Run
-----------------------------------  -----  ---------  --------  ----------  --------------  -------------------
/opt/airflow/dags/warehouse_dag.py                            1           0  0.54s           2026-09-17T11:01:30
/opt/airflow/dags/extraction_dag.py                           1           0  0.24s           2026-09-17T11:01:12
================================================================================
[2026-09-17T11:02:04.030+0000] {manager.py:878} INFO - 
================================================================================
DAG File Processing Stats

File Path                            PID    Runtime      # DAGs    # Errors  Last Runtime    Last Run
-----------------------------------  -----  ---------  --------  ----------  --------------  -------------------
/opt/airflow/dags/warehouse_dag.py                            1           0  0.58s           2026-09-17T11:02:00
/opt/airflow/dags/extraction_dag.py                           1           0  0.24s           2026-09-17T11:01:43
================================================================================
[2026-09-17T11:02:34.105+0000] {manager.py:878} INFO - 
================================================================================
DAG File Processing Stats

File Path                            PID    Runtime      # DAGs    # Errors  Last Runtime    Last Run
-----------------------------------  -----  ---------  --------  ----------  --------------  -------------------
/opt/airflow/dags/warehouse_dag.py                            1           0  0.48s           2026-09-17T11:02:31
/opt/airflow/dags/extraction_dag.py                           1           0  0.30s           2026-09-17T11:02:13
================================================================================
[2026-09-17T11:03:04.120+0000] {manager.py:878} INFO - 
================================================================================
DAG File Processing Stats

File Path                            PID    Runtime      # DAGs    # Errors  Last Runtime    Last Run
-----------------------------------  -----  ---------  --------  ----------  --------------  -------------------
/opt/airflow/dags/warehouse_dag.py                            1           0  0.44s           2026-09-17T11:03:02
/opt/airflow/dags/extraction_dag.py                           1           0  0.24s           2026-09-17T11:02:44
================================================================================
[2026-09-17T11:03:34.355+0000] {manager.py:878} INFO - 
================================================================================
DAG File Processing Stats

File Path                            PID    Runtime      # DAGs    # Errors  Last Runtime    Last Run
-----------------------------------  -----  ---------  --------  ----------  --------------  -------------------
/opt/airflow/dags/warehouse_dag.py                            1           0  0.44s           2026-09-17T11:03:32
/opt/airflow/dags/extraction_dag.py                           1           0  0.32s           2026-09-17T11:03:15
================================================================================
[2026-09-17T11:04:04.364+0000] {manager.py:878} INFO - 
================================================================================
DAG File Processing Stats

File Path                            PID    Runtime      # DAGs    # Errors  Last Runtime    Last Run
-----------------------------------  -----  ---------  --------  ----------  --------------  -------------------
/opt/airflow/dags/warehouse_dag.py                            1           0  0.52s           2026-09-17T11:04:03
/opt/airflow/dags/extraction_dag.py                           1           0  0.18s           2026-09-17T11:03:45
================================================================================
[2026-09-17T11:04:35.163+0000] {manager.py:878} INFO - 
================================================================================
DAG File Processing Stats

File Path                            PID    Runtime      # DAGs    # Errors  Last Runtime    Last Run
-----------------------------------  -----  ---------  --------  ----------  --------------  -------------------
/opt/airflow/dags/warehouse_dag.py                            1           0  0.78s           2026-09-17T11:04:34
/opt/airflow/dags/extraction_dag.py                           1           0  0.25s           2026-09-17T11:04:16
================================================================================
[2026-09-17T11:05:05.752+0000] {manager.py:878} INFO - 
================================================================================
DAG File Processing Stats

File Path                            PID    Runtime      # DAGs    # Errors  Last Runtime    Last Run
-----------------------------------  -----  ---------  --------  ----------  --------------  -------------------
/opt/airflow/dags/warehouse_dag.py                            1           0  0.62s           2026-09-17T11:05:05
/opt/airflow/dags/extraction_dag.py                           1           0  0.27s           2026-09-17T11:04:46
================================================================================
[2026-09-17T11:05:30.009+0000] {manager.py:737} INFO - Searching for files in /opt/airflow/dags
[2026-09-17T11:05:30.077+0000] {manager.py:740} INFO - There are 2 files in /opt/airflow/dags
[2026-09-17T11:05:35.775+0000] {manager.py:878} INFO - 
================================================================================
DAG File Processing Stats

File Path                            PID    Runtime      # DAGs    # Errors  Last Runtime    Last Run
-----------------------------------  -----  ---------  --------  ----------  --------------  -------------------
/opt/airflow/dags/warehouse_dag.py                            1           0  0.48s           2026-09-17T11:05:35
/opt/airflow/dags/extraction_dag.py                           1           0  0.23s           2026-09-17T11:05:17
================================================================================
[2026-09-17T11:06:05.970+0000] {manager.py:878} INFO - 
================================================================================
DAG File Processing Stats

File Path                              PID  Runtime      # DAGs    # Errors  Last Runtime    Last Run
-----------------------------------  -----  ---------  --------  ----------  --------------  -------------------
/opt/airflow/dags/warehouse_dag.py     340  0.01s             1           0  0.48s           2026-09-17T11:05:35
/opt/airflow/dags/extraction_dag.py                           1           0  0.28s           2026-09-17T11:05:47
================================================================================
[2026-09-17T11:06:36.290+0000] {manager.py:878} INFO - 
================================================================================
DAG File Processing Stats

File Path                            PID    Runtime      # DAGs    # Errors  Last Runtime    Last Run
-----------------------------------  -----  ---------  --------  ----------  --------------  -------------------
/opt/airflow/dags/warehouse_dag.py                            1           0  0.55s           2026-09-17T11:06:06
/opt/airflow/dags/extraction_dag.py                           1           0  0.31s           2026-09-17T11:06:18
================================================================================
[2026-09-17T11:07:06.968+0000] {manager.py:878} INFO - 
================================================================================
DAG File Processing Stats

File Path                            PID    Runtime      # DAGs    # Errors  Last Runtime    Last Run
-----------------------------------  -----  ---------  --------  ----------  --------------  -------------------
/opt/airflow/dags/warehouse_dag.py                            1           0  0.46s           2026-09-17T11:06:37
/opt/airflow/dags/extraction_dag.py                           1           0  0.32s           2026-09-17T11:06:49
================================================================================
[2026-09-17T11:07:36.977+0000] {manager.py:878} INFO - 
================================================================================
DAG File Processing Stats

File Path                            PID    Runtime      # DAGs    # Errors  Last Runtime    Last Run
-----------------------------------  -----  ---------  --------  ----------  --------------  -------------------
/opt/airflow/dags/warehouse_dag.py                            1           0  0.47s           2026-09-17T11:07:07
/opt/airflow/dags/extraction_dag.py                           1           0  0.34s           2026-09-17T11:07:19
================================================================================
[2026-09-17T11:08:07.311+0000] {manager.py:878} INFO - 
================================================================================
DAG File Processing Stats

File Path                            PID    Runtime      # DAGs    # Errors  Last Runtime    Last Run
-----------------------------------  -----  ---------  --------  ----------  --------------  -------------------
/opt/airflow/dags/warehouse_dag.py                            1           0  0.55s           2026-09-17T11:07:38
/opt/airflow/dags/extraction_dag.py                           1           0  0.25s           2026-09-17T11:07:50
================================================================================
[2026-09-17T11:08:37.860+0000] {manager.py:878} INFO - 
================================================================================
DAG File Processing Stats

File Path                            PID    Runtime      # DAGs    # Errors  Last Runtime    Last Run
-----------------------------------  -----  ---------  --------  ----------  --------------  -------------------
/opt/airflow/dags/warehouse_dag.py                            1           0  0.58s           2026-09-17T11:08:09
/opt/airflow/dags/extraction_dag.py                           1           0  0.22s           2026-09-17T11:08:20
================================================================================
[2026-09-17T11:09:08.434+0000] {manager.py:878} INFO - 
================================================================================
DAG File Processing Stats

File Path                            PID    Runtime      # DAGs    # Errors  Last Runtime    Last Run
-----------------------------------  -----  ---------  --------  ----------  --------------  -------------------
/opt/airflow/dags/warehouse_dag.py                            1           0  0.54s           2026-09-17T11:08:40
/opt/airflow/dags/extraction_dag.py                           1           0  0.27s           2026-09-17T11:08:51
================================================================================
[2026-09-17T11:09:39.120+0000] {manager.py:878} INFO - 
================================================================================
DAG File Processing Stats

File Path                            PID    Runtime      # DAGs    # Errors  Last Runtime    Last Run
-----------------------------------  -----  ---------  --------  ----------  --------------  -------------------
/opt/airflow/dags/warehouse_dag.py                            1           0  0.58s           2026-09-17T11:09:11
/opt/airflow/dags/extraction_dag.py                           1           0  0.32s           2026-09-17T11:09:22
================================================================================
[2026-09-17T11:10:09.748+0000] {manager.py:878} INFO - 
================================================================================
DAG File Processing Stats

File Path                            PID    Runtime      # DAGs    # Errors  Last Runtime    Last Run
-----------------------------------  -----  ---------  --------  ----------  --------------  -------------------
/opt/airflow/dags/warehouse_dag.py                            1           0  0.43s           2026-09-17T11:09:41
/opt/airflow/dags/extraction_dag.py                           1           0  0.19s           2026-09-17T11:09:52
================================================================================
[2026-09-17T11:10:30.135+0000] {manager.py:737} INFO - Searching for files in /opt/airflow/dags
[2026-09-17T11:10:30.194+0000] {manager.py:740} INFO - There are 2 files in /opt/airflow/dags
[2026-09-17T11:10:39.994+0000] {manager.py:878} INFO - 
================================================================================
DAG File Processing Stats

File Path                            PID    Runtime      # DAGs    # Errors  Last Runtime    Last Run
-----------------------------------  -----  ---------  --------  ----------  --------------  -------------------
/opt/airflow/dags/warehouse_dag.py                            1           0  0.70s           2026-09-17T11:10:12
/opt/airflow/dags/extraction_dag.py                           1           0  0.25s           2026-09-17T11:10:23
================================================================================
[2026-09-17T11:11:10.793+0000] {manager.py:878} INFO - 
================================================================================
DAG File Processing Stats

File Path                            PID    Runtime      # DAGs    # Errors  Last Runtime    Last Run
-----------------------------------  -----  ---------  --------  ----------  --------------  -------------------
/opt/airflow/dags/warehouse_dag.py                            1           0  0.44s           2026-09-17T11:10:43
/opt/airflow/dags/extraction_dag.py                           1           0  0.28s           2026-09-17T11:10:53
================================================================================
[2026-09-17T11:11:41.244+0000] {manager.py:878} INFO - 
================================================================================
DAG File Processing Stats

File Path                            PID    Runtime      # DAGs    # Errors  Last Runtime    Last Run
-----------------------------------  -----  ---------  --------  ----------  --------------  -------------------
/opt/airflow/dags/warehouse_dag.py                            1           0  0.42s           2026-09-17T11:11:14
/opt/airflow/dags/extraction_dag.py                           1           0  0.21s           2026-09-17T11:11:24
================================================================================
[2026-09-17T11:12:11.773+0000] {manager.py:878} INFO - 
================================================================================
DAG File Processing Stats

File Path                            PID    Runtime      # DAGs    # Errors  Last Runtime    Last Run
-----------------------------------  -----  ---------  --------  ----------  --------------  -------------------
/opt/airflow/dags/warehouse_dag.py                            1           0  0.49s           2026-09-17T11:11:44
/opt/airflow/dags/extraction_dag.py                           1           0  0.22s           2026-09-17T11:11:54
================================================================================
[2026-09-17T11:12:42.565+0000] {manager.py:878} INFO - 
================================================================================
DAG File Processing Stats

File Path                            PID    Runtime      # DAGs    # Errors  Last Runtime    Last Run
-----------------------------------  -----  ---------  --------  ----------  --------------  -------------------
/opt/airflow/dags/warehouse_dag.py                            1           0  0.43s           2026-09-17T11:12:15
/opt/airflow/dags/extraction_dag.py                           1           0  0.23s           2026-09-17T11:12:25
================================================================================
[2026-09-17T11:13:12.931+0000] {manager.py:878} INFO - 
================================================================================
DAG File Processing Stats

File Path                            PID    Runtime      # DAGs    # Errors  Last Runtime    Last Run
-----------------------------------  -----  ---------  --------  ----------  --------------  -------------------
/opt/airflow/dags/warehouse_dag.py                            1           0  0.43s           2026-09-17T11:12:46
/opt/airflow/dags/extraction_dag.py                           1           0  0.25s           2026-09-17T11:12:55
================================================================================
[2026-09-17T11:13:43.522+0000] {manager.py:878} INFO - 
================================================================================
DAG File Processing Stats

File Path                            PID    Runtime      # DAGs    # Errors  Last Runtime    Last Run
-----------------------------------  -----  ---------  --------  ----------  --------------  -------------------
/opt/airflow/dags/warehouse_dag.py                            1           0  0.47s           2026-09-17T11:13:16
/opt/airflow/dags/extraction_dag.py                           1           0  0.38s           2026-09-17T11:13:26
================================================================================
[2026-09-17T11:14:14.269+0000] {manager.py:878} INFO - 
================================================================================
DAG File Processing Stats

File Path                            PID    Runtime      # DAGs    # Errors  Last Runtime    Last Run
-----------------------------------  -----  ---------  --------  ----------  --------------  -------------------
/opt/airflow/dags/warehouse_dag.py                            1           0  0.50s           2026-09-17T11:13:47
/opt/airflow/dags/extraction_dag.py                           1           0  0.21s           2026-09-17T11:13:57
================================================================================
[2026-09-17T11:14:44.708+0000] {manager.py:878} INFO - 
================================================================================
DAG File Processing Stats

File Path                            PID    Runtime      # DAGs    # Errors  Last Runtime    Last Run
-----------------------------------  -----  ---------  --------  ----------  --------------  -------------------
/opt/airflow/dags/warehouse_dag.py                            1           0  0.92s           2026-09-17T11:14:18
/opt/airflow/dags/extraction_dag.py                           1           0  0.34s           2026-09-17T11:14:27
================================================================================
[2026-09-17T11:15:15.475+0000] {manager.py:878} INFO - 
================================================================================
DAG File Processing Stats

File Path                            PID    Runtime      # DAGs    # Errors  Last Runtime    Last Run
-----------------------------------  -----  ---------  --------  ----------  --------------  -------------------
/opt/airflow/dags/warehouse_dag.py                            1           0  0.46s           2026-09-17T11:14:49
/opt/airflow/dags/extraction_dag.py                           1           0  0.28s           2026-09-17T11:14:58
================================================================================
[2026-09-17T11:15:30.718+0000] {manager.py:737} INFO - Searching for files in /opt/airflow/dags
[2026-09-17T11:15:30.810+0000] {manager.py:740} INFO - There are 2 files in /opt/airflow/dags
[2026-09-17T11:15:45.999+0000] {manager.py:878} INFO - 
================================================================================
DAG File Processing Stats

File Path                            PID    Runtime      # DAGs    # Errors  Last Runtime    Last Run
-----------------------------------  -----  ---------  --------  ----------  --------------  -------------------
/opt/airflow/dags/warehouse_dag.py                            1           0  0.50s           2026-09-17T11:15:20
/opt/airflow/dags/extraction_dag.py                           1           0  0.32s           2026-09-17T11:15:29
================================================================================
[2026-09-17T11:16:16.574+0000] {manager.py:878} INFO - 
================================================================================
DAG File Processing Stats

File Path                            PID    Runtime      # DAGs    # Errors  Last Runtime    Last Run
-----------------------------------  -----  ---------  --------  ----------  --------------  -------------------
/opt/airflow/dags/warehouse_dag.py                            1           0  0.50s           2026-09-17T11:15:50
/opt/airflow/dags/extraction_dag.py                           1           0  0.30s           2026-09-17T11:15:59
================================================================================
[2026-09-17T11:16:47.179+0000] {manager.py:878} INFO - 
================================================================================
DAG File Processing Stats

File Path                            PID    Runtime      # DAGs    # Errors  Last Runtime    Last Run
-----------------------------------  -----  ---------  --------  ----------  --------------  -------------------
/opt/airflow/dags/warehouse_dag.py                            1           0  0.47s           2026-09-17T11:16:21
/opt/airflow/dags/extraction_dag.py                           1           0  0.24s           2026-09-17T11:16:30
================================================================================
[2026-09-17T11:17:17.731+0000] {manager.py:878} INFO - 
================================================================================
DAG File Processing Stats

File Path                            PID    Runtime      # DAGs    # Errors  Last Runtime    Last Run
-----------------------------------  -----  ---------  --------  ----------  --------------  -------------------
/opt/airflow/dags/warehouse_dag.py                            1           0  0.50s           2026-09-17T11:16:51
/opt/airflow/dags/extraction_dag.py                           1           0  0.28s           2026-09-17T11:17:00
================================================================================
[2026-09-17T11:17:48.474+0000] {manager.py:878} INFO - 
================================================================================
DAG File Processing Stats

File Path                            PID    Runtime      # DAGs    # Errors  Last Runtime    Last Run
-----------------------------------  -----  ---------  --------  ----------  --------------  -------------------
/opt/airflow/dags/warehouse_dag.py                            1           0  0.45s           2026-09-17T11:17:22
/opt/airflow/dags/extraction_dag.py                           1           0  0.24s           2026-09-17T11:17:31
================================================================================
[2026-09-17T11:18:18.915+0000] {manager.py:878} INFO - 
================================================================================
DAG File Processing Stats

File Path                            PID    Runtime      # DAGs    # Errors  Last Runtime    Last Run
-----------------------------------  -----  ---------  --------  ----------  --------------  -------------------
/opt/airflow/dags/warehouse_dag.py                            1           0  0.60s           2026-09-17T11:17:53
/opt/airflow/dags/extraction_dag.py                           1           0  0.31s           2026-09-17T11:18:02
================================================================================
[2026-09-17T11:18:49.629+0000] {manager.py:878} INFO - 
================================================================================
DAG File Processing Stats

File Path                            PID    Runtime      # DAGs    # Errors  Last Runtime    Last Run
-----------------------------------  -----  ---------  --------  ----------  --------------  -------------------
/opt/airflow/dags/warehouse_dag.py                            1           0  0.63s           2026-09-17T11:18:23
/opt/airflow/dags/extraction_dag.py                           1           0  0.24s           2026-09-17T11:18:32
================================================================================
[2026-09-17T11:19:20.445+0000] {manager.py:878} INFO - 
================================================================================
DAG File Processing Stats

File Path                            PID    Runtime      # DAGs    # Errors  Last Runtime    Last Run
-----------------------------------  -----  ---------  --------  ----------  --------------  -------------------
/opt/airflow/dags/warehouse_dag.py                            1           0  0.47s           2026-09-17T11:18:55
/opt/airflow/dags/extraction_dag.py                           1           0  0.29s           2026-09-17T11:19:03
================================================================================
[2026-09-17T11:19:50.823+0000] {manager.py:878} INFO - 
================================================================================
DAG File Processing Stats

File Path                            PID    Runtime      # DAGs    # Errors  Last Runtime    Last Run
-----------------------------------  -----  ---------  --------  ----------  --------------  -------------------
/opt/airflow/dags/warehouse_dag.py                            1           0  1.01s           2026-09-17T11:19:26
/opt/airflow/dags/extraction_dag.py                           1           0  0.30s           2026-09-17T11:19:33
================================================================================
[2026-09-17T11:20:21.710+0000] {manager.py:878} INFO - 
================================================================================
DAG File Processing Stats

File Path                            PID    Runtime      # DAGs    # Errors  Last Runtime    Last Run
-----------------------------------  -----  ---------  --------  ----------  --------------  -------------------
/opt/airflow/dags/warehouse_dag.py                            1           0  0.56s           2026-09-17T11:19:57
/opt/airflow/dags/extraction_dag.py                           1           0  0.35s           2026-09-17T11:20:04
================================================================================
[2026-09-17T11:20:30.937+0000] {manager.py:737} INFO - Searching for files in /opt/airflow/dags
[2026-09-17T11:20:30.991+0000] {manager.py:740} INFO - There are 2 files in /opt/airflow/dags
[2026-09-17T11:20:52.467+0000] {manager.py:878} INFO - 
================================================================================
DAG File Processing Stats

File Path                            PID    Runtime      # DAGs    # Errors  Last Runtime    Last Run
-----------------------------------  -----  ---------  --------  ----------  --------------  -------------------
/opt/airflow/dags/warehouse_dag.py                            1           0  0.45s           2026-09-17T11:20:28
/opt/airflow/dags/extraction_dag.py                           1           0  0.29s           2026-09-17T11:20:35
================================================================================
[2026-09-17T11:21:22.855+0000] {manager.py:878} INFO - 
================================================================================
DAG File Processing Stats

File Path                            PID    Runtime      # DAGs    # Errors  Last Runtime    Last Run
-----------------------------------  -----  ---------  --------  ----------  --------------  -------------------
/opt/airflow/dags/warehouse_dag.py                            1           0  0.46s           2026-09-17T11:20:59
/opt/airflow/dags/extraction_dag.py                           1           0  0.26s           2026-09-17T11:21:05
================================================================================
[2026-09-17T11:21:52.958+0000] {manager.py:878} INFO - 
================================================================================
DAG File Processing Stats

File Path                            PID    Runtime      # DAGs    # Errors  Last Runtime    Last Run
-----------------------------------  -----  ---------  --------  ----------  --------------  -------------------
/opt/airflow/dags/extraction_dag.py                           1           0  0.54s           2026-09-17T11:21:28
/opt/airflow/dags/warehouse_dag.py                            1           0  0.50s           2026-09-17T11:21:29
================================================================================
[2026-09-17T11:22:23.332+0000] {manager.py:878} INFO - 
================================================================================
DAG File Processing Stats

File Path                            PID    Runtime      # DAGs    # Errors  Last Runtime    Last Run
-----------------------------------  -----  ---------  --------  ----------  --------------  -------------------
/opt/airflow/dags/warehouse_dag.py                            1           0  0.58s           2026-09-17T11:22:14
/opt/airflow/dags/extraction_dag.py                           1           0  0.21s           2026-09-17T11:21:59
================================================================================
[2026-09-17T11:22:53.580+0000] {manager.py:878} INFO - 
================================================================================
DAG File Processing Stats

File Path                            PID    Runtime      # DAGs    # Errors  Last Runtime    Last Run
-----------------------------------  -----  ---------  --------  ----------  --------------  -------------------
/opt/airflow/dags/warehouse_dag.py                            1           0  0.60s           2026-09-17T11:22:47
/opt/airflow/dags/extraction_dag.py                           1           0  0.38s           2026-09-17T11:22:24
================================================================================
[2026-09-17T11:23:23.681+0000] {manager.py:878} INFO - 
================================================================================
DAG File Processing Stats

File Path                            PID    Runtime      # DAGs    # Errors  Last Runtime    Last Run
-----------------------------------  -----  ---------  --------  ----------  --------------  -------------------
/opt/airflow/dags/warehouse_dag.py                            1           0  0.52s           2026-09-17T11:23:18
/opt/airflow/dags/extraction_dag.py                           1           0  0.23s           2026-09-17T11:22:55
================================================================================
[2026-09-17T11:23:53.928+0000] {manager.py:878} INFO - 
================================================================================
DAG File Processing Stats

File Path                            PID    Runtime      # DAGs    # Errors  Last Runtime    Last Run
-----------------------------------  -----  ---------  --------  ----------  --------------  -------------------
/opt/airflow/dags/warehouse_dag.py                            1           0  0.44s           2026-09-17T11:23:49
/opt/airflow/dags/extraction_dag.py                           1           0  0.22s           2026-09-17T11:23:25
================================================================================
[2026-09-17T11:24:23.962+0000] {manager.py:878} INFO - 
================================================================================
DAG File Processing Stats

File Path                            PID    Runtime      # DAGs    # Errors  Last Runtime    Last Run
-----------------------------------  -----  ---------  --------  ----------  --------------  -------------------
/opt/airflow/dags/warehouse_dag.py                            1           0  0.53s           2026-09-17T11:24:19
/opt/airflow/dags/extraction_dag.py                           1           0  0.20s           2026-09-17T11:23:56
================================================================================
[2026-09-17T11:24:54.116+0000] {manager.py:878} INFO - 
================================================================================
DAG File Processing Stats

File Path                            PID    Runtime      # DAGs    # Errors  Last Runtime    Last Run
-----------------------------------  -----  ---------  --------  ----------  --------------  -------------------
/opt/airflow/dags/warehouse_dag.py                            1           0  0.63s           2026-09-17T11:24:50
/opt/airflow/dags/extraction_dag.py                           1           0  0.28s           2026-09-17T11:24:26
================================================================================
[2026-09-17T11:25:24.297+0000] {manager.py:878} INFO - 
================================================================================
DAG File Processing Stats

File Path                            PID    Runtime      # DAGs    # Errors  Last Runtime    Last Run
-----------------------------------  -----  ---------  --------  ----------  --------------  -------------------
/opt/airflow/dags/warehouse_dag.py                            1           0  0.53s           2026-09-17T11:25:21
/opt/airflow/dags/extraction_dag.py                           1           0  0.25s           2026-09-17T11:24:57
================================================================================
[2026-09-17T11:25:31.156+0000] {manager.py:737} INFO - Searching for files in /opt/airflow/dags
[2026-09-17T11:25:31.230+0000] {manager.py:740} INFO - There are 2 files in /opt/airflow/dags
[2026-09-17T11:25:54.552+0000] {manager.py:878} INFO - 
================================================================================
DAG File Processing Stats

File Path                            PID    Runtime      # DAGs    # Errors  Last Runtime    Last Run
-----------------------------------  -----  ---------  --------  ----------  --------------  -------------------
/opt/airflow/dags/warehouse_dag.py                            1           0  0.42s           2026-09-17T11:25:51
/opt/airflow/dags/extraction_dag.py                           1           0  0.28s           2026-09-17T11:25:28
================================================================================
[2026-09-17T11:26:24.559+0000] {manager.py:878} INFO - 
================================================================================
DAG File Processing Stats

File Path                            PID    Runtime      # DAGs    # Errors  Last Runtime    Last Run
-----------------------------------  -----  ---------  --------  ----------  --------------  -------------------
/opt/airflow/dags/warehouse_dag.py                            1           0  0.39s           2026-09-17T11:26:22
/opt/airflow/dags/extraction_dag.py                           1           0  0.23s           2026-09-17T11:25:58
================================================================================
[2026-09-17T11:26:54.810+0000] {manager.py:878} INFO - 
================================================================================
DAG File Processing Stats

File Path                            PID    Runtime      # DAGs    # Errors  Last Runtime    Last Run
-----------------------------------  -----  ---------  --------  ----------  --------------  -------------------
/opt/airflow/dags/warehouse_dag.py                            1           0  0.47s           2026-09-17T11:26:53
/opt/airflow/dags/extraction_dag.py                           1           0  0.23s           2026-09-17T11:26:29
================================================================================
[2026-09-17T11:27:25.405+0000] {manager.py:878} INFO - 
================================================================================
DAG File Processing Stats

File Path                            PID    Runtime      # DAGs    # Errors  Last Runtime    Last Run
-----------------------------------  -----  ---------  --------  ----------  --------------  -------------------
/opt/airflow/dags/warehouse_dag.py                            1           0  0.44s           2026-09-17T11:27:23
/opt/airflow/dags/extraction_dag.py                           1           0  0.23s           2026-09-17T11:27:00
================================================================================
[2026-09-17T11:27:55.965+0000] {manager.py:878} INFO - 
================================================================================
DAG File Processing Stats

File Path                            PID    Runtime      # DAGs    # Errors  Last Runtime    Last Run
-----------------------------------  -----  ---------  --------  ----------  --------------  -------------------
/opt/airflow/dags/warehouse_dag.py                            1           0  0.44s           2026-09-17T11:27:54
/opt/airflow/dags/extraction_dag.py                           1           0  0.19s           2026-09-17T11:27:30
================================================================================
[2026-09-17T11:28:26.587+0000] {manager.py:878} INFO - 
================================================================================
DAG File Processing Stats

File Path                            PID    Runtime      # DAGs    # Errors  Last Runtime    Last Run
-----------------------------------  -----  ---------  --------  ----------  --------------  -------------------
/opt/airflow/dags/warehouse_dag.py                            1           0  0.45s           2026-09-17T11:28:24
/opt/airflow/dags/extraction_dag.py                           1           0  0.22s           2026-09-17T11:28:01
================================================================================
[2026-09-17T11:28:57.163+0000] {manager.py:878} INFO - 
================================================================================
DAG File Processing Stats

File Path                            PID    Runtime      # DAGs    # Errors  Last Runtime    Last Run
-----------------------------------  -----  ---------  --------  ----------  --------------  -------------------
/opt/airflow/dags/warehouse_dag.py                            1           0  0.52s           2026-09-17T11:28:55
/opt/airflow/dags/extraction_dag.py                           1           0  0.21s           2026-09-17T11:28:31
================================================================================
[2026-09-17T11:29:27.505+0000] {manager.py:878} INFO - 
================================================================================
DAG File Processing Stats

File Path                            PID    Runtime      # DAGs    # Errors  Last Runtime    Last Run
-----------------------------------  -----  ---------  --------  ----------  --------------  -------------------
/opt/airflow/dags/warehouse_dag.py                            1           0  0.88s           2026-09-17T11:29:26
/opt/airflow/dags/extraction_dag.py                           1           0  0.27s           2026-09-17T11:29:02
================================================================================
[2026-09-17T11:29:58.057+0000] {manager.py:878} INFO - 
================================================================================
DAG File Processing Stats

File Path                            PID    Runtime      # DAGs    # Errors  Last Runtime    Last Run
-----------------------------------  -----  ---------  --------  ----------  --------------  -------------------
/opt/airflow/dags/warehouse_dag.py                            1           0  0.46s           2026-09-17T11:29:57
/opt/airflow/dags/extraction_dag.py                           1           0  0.21s           2026-09-17T11:29:32
================================================================================
[2026-09-17T11:30:28.123+0000] {manager.py:878} INFO - 
================================================================================
DAG File Processing Stats

File Path                            PID    Runtime      # DAGs    # Errors  Last Runtime    Last Run
-----------------------------------  -----  ---------  --------  ----------  --------------  -------------------
/opt/airflow/dags/warehouse_dag.py                            1           0  0.46s           2026-09-17T11:30:28
/opt/airflow/dags/extraction_dag.py                           1           0  0.23s           2026-09-17T11:30:03
================================================================================
[2026-09-17T11:30:31.688+0000] {manager.py:737} INFO - Searching for files in /opt/airflow/dags
[2026-09-17T11:30:31.736+0000] {manager.py:740} INFO - There are 2 files in /opt/airflow/dags
[2026-09-17T11:30:58.216+0000] {manager.py:878} INFO - 
================================================================================
DAG File Processing Stats

File Path                              PID  Runtime      # DAGs    # Errors  Last Runtime    Last Run
-----------------------------------  -----  ---------  --------  ----------  --------------  -------------------
/opt/airflow/dags/warehouse_dag.py     787  0.01s             1           0  0.46s           2026-09-17T11:30:28
/opt/airflow/dags/extraction_dag.py                           1           0  0.19s           2026-09-17T11:30:33
================================================================================
[2026-09-17T11:31:28.548+0000] {manager.py:878} INFO - 
================================================================================
DAG File Processing Stats

File Path                            PID    Runtime      # DAGs    # Errors  Last Runtime    Last Run
-----------------------------------  -----  ---------  --------  ----------  --------------  -------------------
/opt/airflow/dags/warehouse_dag.py                            1           0  0.44s           2026-09-17T11:30:58
/opt/airflow/dags/extraction_dag.py                           1           0  0.22s           2026-09-17T11:31:04
================================================================================
[2026-09-17T11:31:59.154+0000] {manager.py:878} INFO - 
================================================================================
DAG File Processing Stats

File Path                            PID    Runtime      # DAGs    # Errors  Last Runtime    Last Run
-----------------------------------  -----  ---------  --------  ----------  --------------  -------------------
/opt/airflow/dags/warehouse_dag.py                            1           0  0.42s           2026-09-17T11:31:29
/opt/airflow/dags/extraction_dag.py                           1           0  0.24s           2026-09-17T11:31:35
================================================================================
[2026-09-17T11:32:29.820+0000] {manager.py:878} INFO - 
================================================================================
DAG File Processing Stats

File Path                            PID    Runtime      # DAGs    # Errors  Last Runtime    Last Run
-----------------------------------  -----  ---------  --------  ----------  --------------  -------------------
/opt/airflow/dags/warehouse_dag.py                            1           0  0.52s           2026-09-17T11:31:59
/opt/airflow/dags/extraction_dag.py                           1           0  0.24s           2026-09-17T11:32:05
================================================================================
[2026-09-17T11:33:00.490+0000] {manager.py:878} INFO - 
================================================================================
DAG File Processing Stats

File Path                            PID    Runtime      # DAGs    # Errors  Last Runtime    Last Run
-----------------------------------  -----  ---------  --------  ----------  --------------  -------------------
/opt/airflow/dags/warehouse_dag.py                            1           0  0.47s           2026-09-17T11:32:30
/opt/airflow/dags/extraction_dag.py                           1           0  0.26s           2026-09-17T11:32:36
================================================================================
[2026-09-17T11:33:31.118+0000] {manager.py:878} INFO - 
================================================================================
DAG File Processing Stats

File Path                            PID    Runtime      # DAGs    # Errors  Last Runtime    Last Run
-----------------------------------  -----  ---------  --------  ----------  --------------  -------------------
/opt/airflow/dags/warehouse_dag.py                            1           0  0.45s           2026-09-17T11:33:01
/opt/airflow/dags/extraction_dag.py                           1           0  0.28s           2026-09-17T11:33:07
================================================================================
[2026-09-17T11:34:01.808+0000] {manager.py:878} INFO - 
================================================================================
DAG File Processing Stats

File Path                            PID    Runtime      # DAGs    # Errors  Last Runtime    Last Run
-----------------------------------  -----  ---------  --------  ----------  --------------  -------------------
/opt/airflow/dags/warehouse_dag.py                            1           0  0.48s           2026-09-17T11:33:31
/opt/airflow/dags/extraction_dag.py                           1           0  0.25s           2026-09-17T11:33:37
================================================================================
[2026-09-17T11:34:32.443+0000] {manager.py:878} INFO - 
================================================================================
DAG File Processing Stats

File Path                            PID    Runtime      # DAGs    # Errors  Last Runtime    Last Run
-----------------------------------  -----  ---------  --------  ----------  --------------  -------------------
/opt/airflow/dags/warehouse_dag.py                            1           0  0.43s           2026-09-17T11:34:02
/opt/airflow/dags/extraction_dag.py                           1           0  0.24s           2026-09-17T11:34:08
================================================================================
[2026-09-17T11:35:03.040+0000] {manager.py:878} INFO - 
================================================================================
DAG File Processing Stats

File Path                            PID    Runtime      # DAGs    # Errors  Last Runtime    Last Run
-----------------------------------  -----  ---------  --------  ----------  --------------  -------------------
/opt/airflow/dags/warehouse_dag.py                            1           0  0.45s           2026-09-17T11:34:33
/opt/airflow/dags/extraction_dag.py                           1           0  0.24s           2026-09-17T11:34:39
================================================================================
[2026-09-17T11:35:31.731+0000] {manager.py:737} INFO - Searching for files in /opt/airflow/dags
[2026-09-17T11:35:31.825+0000] {manager.py:740} INFO - There are 2 files in /opt/airflow/dags
[2026-09-17T11:35:33.880+0000] {manager.py:878} INFO - 
================================================================================
DAG File Processing Stats

File Path                              PID  Runtime      # DAGs    # Errors  Last Runtime    Last Run
-----------------------------------  -----  ---------  --------  ----------  --------------  -------------------
/opt/airflow/dags/warehouse_dag.py     869  0.00s             1           0  0.42s           2026-09-17T11:35:03
/opt/airflow/dags/extraction_dag.py                           1           0  0.22s           2026-09-17T11:35:09
================================================================================
[2026-09-17T11:36:04.358+0000] {manager.py:878} INFO - 
================================================================================
DAG File Processing Stats

File Path                              PID  Runtime      # DAGs    # Errors  Last Runtime    Last Run
-----------------------------------  -----  ---------  --------  ----------  --------------  -------------------
/opt/airflow/dags/warehouse_dag.py     878  0.00s             1           0  0.41s           2026-09-17T11:35:34
/opt/airflow/dags/extraction_dag.py                           1           0  0.25s           2026-09-17T11:35:40
================================================================================
[2026-09-17T11:36:34.970+0000] {manager.py:878} INFO - 
================================================================================
DAG File Processing Stats

File Path                              PID  Runtime      # DAGs    # Errors  Last Runtime    Last Run
-----------------------------------  -----  ---------  --------  ----------  --------------  -------------------
/opt/airflow/dags/warehouse_dag.py     887  0.00s             1           0  0.45s           2026-09-17T11:36:04
/opt/airflow/dags/extraction_dag.py                           1           0  0.23s           2026-09-17T11:36:10
================================================================================
[2026-09-17T12:16:33.632+0000] {manager.py:737} INFO - Searching for files in /opt/airflow/dags
[2026-09-17T12:16:35.069+0000] {manager.py:740} INFO - There are 2 files in /opt/airflow/dags
[2026-09-17T12:40:10.148+0000] {manager.py:737} INFO - Searching for files in /opt/airflow/dags
[2026-09-17T12:40:10.298+0000] {manager.py:740} INFO - There are 2 files in /opt/airflow/dags
[2026-09-17T12:40:10.457+0000] {manager.py:1203} ERROR - Processor for /opt/airflow/dags/warehouse_dag.py with PID 896 started at 2026-09-17T12:16:35.210434+00:00 has timed out, killing it.
[2026-09-17T12:40:10.531+0000] {manager.py:1203} ERROR - Processor for /opt/airflow/dags/extraction_dag.py with PID 897 started at 2026-09-17T12:16:35.408563+00:00 has timed out, killing it.
[2026-09-17T12:40:12.621+0000] {manager.py:878} INFO - 
================================================================================
DAG File Processing Stats

File Path                            PID    Runtime      # DAGs    # Errors  Last Runtime    Last Run
-----------------------------------  -----  ---------  --------  ----------  --------------  -------------------
/opt/airflow/dags/warehouse_dag.py                            0           1  1415.25s        2026-09-17T12:40:10
/opt/airflow/dags/extraction_dag.py                           0           1  1415.05s        2026-09-17T12:40:10
================================================================================
[2026-09-17T12:40:43.274+0000] {manager.py:878} INFO - 
================================================================================
DAG File Processing Stats

File Path                            PID    Runtime      # DAGs    # Errors  Last Runtime    Last Run
-----------------------------------  -----  ---------  --------  ----------  --------------  -------------------
/opt/airflow/dags/warehouse_dag.py                            1           0  0.47s           2026-09-17T12:40:41
/opt/airflow/dags/extraction_dag.py                           1           0  0.26s           2026-09-17T12:40:41
================================================================================
[2026-09-17T12:41:13.916+0000] {manager.py:878} INFO - 
================================================================================
DAG File Processing Stats

File Path                            PID    Runtime      # DAGs    # Errors  Last Runtime    Last Run
-----------------------------------  -----  ---------  --------  ----------  --------------  -------------------
/opt/airflow/dags/warehouse_dag.py                            1           0  0.43s           2026-09-17T12:41:12
/opt/airflow/dags/extraction_dag.py                           1           0  0.20s           2026-09-17T12:41:11
================================================================================
[2026-09-17T12:41:44.590+0000] {manager.py:878} INFO - 
================================================================================
DAG File Processing Stats

File Path                            PID    Runtime      # DAGs    # Errors  Last Runtime    Last Run
-----------------------------------  -----  ---------  --------  ----------  --------------  -------------------
/opt/airflow/dags/warehouse_dag.py                            1           0  0.50s           2026-09-17T12:41:42
/opt/airflow/dags/extraction_dag.py                           1           0  0.20s           2026-09-17T12:41:42
================================================================================
[2026-09-17T12:42:15.269+0000] {manager.py:878} INFO - 
================================================================================
DAG File Processing Stats

File Path                            PID    Runtime      # DAGs    # Errors  Last Runtime    Last Run
-----------------------------------  -----  ---------  --------  ----------  --------------  -------------------
/opt/airflow/dags/warehouse_dag.py                            1           0  0.38s           2026-09-17T12:42:13
/opt/airflow/dags/extraction_dag.py                           1           0  0.25s           2026-09-17T12:42:13
================================================================================
[2026-09-17T12:42:45.991+0000] {manager.py:878} INFO - 
================================================================================
DAG File Processing Stats

File Path                            PID    Runtime      # DAGs    # Errors  Last Runtime    Last Run
-----------------------------------  -----  ---------  --------  ----------  --------------  -------------------
/opt/airflow/dags/warehouse_dag.py                            1           0  0.46s           2026-09-17T12:42:44
/opt/airflow/dags/extraction_dag.py                           1           0  0.23s           2026-09-17T12:42:43
================================================================================
[2026-09-17T12:43:16.708+0000] {manager.py:878} INFO - 
================================================================================
DAG File Processing Stats

File Path                            PID    Runtime      # DAGs    # Errors  Last Runtime    Last Run
-----------------------------------  -----  ---------  --------  ----------  --------------  -------------------
/opt/airflow/dags/warehouse_dag.py                            1           0  0.49s           2026-09-17T12:43:14
/opt/airflow/dags/extraction_dag.py                           1           0  0.23s           2026-09-17T12:43:14
================================================================================
[2026-09-17T12:43:47.453+0000] {manager.py:878} INFO - 
================================================================================
DAG File Processing Stats

File Path                            PID    Runtime      # DAGs    # Errors  Last Runtime    Last Run
-----------------------------------  -----  ---------  --------  ----------  --------------  -------------------
/opt/airflow/dags/warehouse_dag.py                            1           0  0.45s           2026-09-17T12:43:45
/opt/airflow/dags/extraction_dag.py                           1           0  0.26s           2026-09-17T12:43:45
================================================================================
[2026-09-17T12:44:18.120+0000] {manager.py:878} INFO - 
================================================================================
DAG File Processing Stats

File Path                            PID    Runtime      # DAGs    # Errors  Last Runtime    Last Run
-----------------------------------  -----  ---------  --------  ----------  --------------  -------------------
/opt/airflow/dags/warehouse_dag.py                            1           0  0.44s           2026-09-17T12:44:16
/opt/airflow/dags/extraction_dag.py                           1           0  0.22s           2026-09-17T12:44:16
================================================================================
[2026-09-17T12:44:48.849+0000] {manager.py:878} INFO - 
================================================================================
DAG File Processing Stats

File Path                            PID    Runtime      # DAGs    # Errors  Last Runtime    Last Run
-----------------------------------  -----  ---------  --------  ----------  --------------  -------------------
/opt/airflow/dags/warehouse_dag.py                            1           0  0.46s           2026-09-17T12:44:46
/opt/airflow/dags/extraction_dag.py                           1           0  0.28s           2026-09-17T12:44:46
================================================================================
[2026-09-17T12:45:10.244+0000] {manager.py:737} INFO - Searching for files in /opt/airflow/dags
[2026-09-17T12:45:10.322+0000] {manager.py:740} INFO - There are 2 files in /opt/airflow/dags
[2026-09-17T12:45:19.553+0000] {manager.py:878} INFO - 
================================================================================
DAG File Processing Stats

File Path                            PID    Runtime      # DAGs    # Errors  Last Runtime    Last Run
-----------------------------------  -----  ---------  --------  ----------  --------------  -------------------
/opt/airflow/dags/warehouse_dag.py                            1           0  0.48s           2026-09-17T12:45:17
/opt/airflow/dags/extraction_dag.py                           1           0  0.26s           2026-09-17T12:45:17
================================================================================
[2026-09-17T12:45:50.019+0000] {manager.py:878} INFO - 
================================================================================
DAG File Processing Stats

File Path                            PID    Runtime      # DAGs    # Errors  Last Runtime    Last Run
-----------------------------------  -----  ---------  --------  ----------  --------------  -------------------
/opt/airflow/dags/warehouse_dag.py                            1           0  1.30s           2026-09-17T12:45:49
/opt/airflow/dags/extraction_dag.py                           1           0  0.43s           2026-09-17T12:45:48
================================================================================
[2026-09-17T12:52:17.418+0000] {manager.py:737} INFO - Searching for files in /opt/airflow/dags
[2026-09-17T12:52:17.502+0000] {manager.py:740} INFO - There are 2 files in /opt/airflow/dags
[2026-09-17T12:52:47.192+0000] {manager.py:878} INFO - 
================================================================================
DAG File Processing Stats

File Path                            PID    Runtime      # DAGs    # Errors  Last Runtime    Last Run
-----------------------------------  -----  ---------  --------  ----------  --------------  -------------------
/opt/airflow/dags/warehouse_dag.py                            1           0  0.51s           2026-09-17T12:52:18
/opt/airflow/dags/extraction_dag.py                           1           0  0.29s           2026-09-17T12:52:17
================================================================================
[2026-09-17T12:53:17.916+0000] {manager.py:878} INFO - 
================================================================================
DAG File Processing Stats

File Path                            PID    Runtime      # DAGs    # Errors  Last Runtime    Last Run
-----------------------------------  -----  ---------  --------  ----------  --------------  -------------------
/opt/airflow/dags/warehouse_dag.py                            1           0  0.43s           2026-09-17T12:52:48
/opt/airflow/dags/extraction_dag.py                           1           0  0.24s           2026-09-17T12:52:48
================================================================================
[2026-09-17T12:53:48.639+0000] {manager.py:878} INFO - 
================================================================================
DAG File Processing Stats

File Path                            PID    Runtime      # DAGs    # Errors  Last Runtime    Last Run
-----------------------------------  -----  ---------  --------  ----------  --------------  -------------------
/opt/airflow/dags/warehouse_dag.py                            1           0  0.50s           2026-09-17T12:53:19
/opt/airflow/dags/extraction_dag.py                           1           0  0.26s           2026-09-17T12:53:19
================================================================================
[2026-09-17T12:54:19.362+0000] {manager.py:878} INFO - 
================================================================================
DAG File Processing Stats

File Path                            PID    Runtime      # DAGs    # Errors  Last Runtime    Last Run
-----------------------------------  -----  ---------  --------  ----------  --------------  -------------------
/opt/airflow/dags/warehouse_dag.py                            1           0  0.57s           2026-09-17T12:53:50
/opt/airflow/dags/extraction_dag.py                           1           0  0.24s           2026-09-17T12:53:49
================================================================================
[2026-09-17T12:54:50.072+0000] {manager.py:878} INFO - 
================================================================================
DAG File Processing Stats

File Path                            PID    Runtime      # DAGs    # Errors  Last Runtime    Last Run
-----------------------------------  -----  ---------  --------  ----------  --------------  -------------------
/opt/airflow/dags/warehouse_dag.py                            1           0  0.49s           2026-09-17T12:54:20
/opt/airflow/dags/extraction_dag.py                           1           0  0.26s           2026-09-17T12:54:20
================================================================================
[2026-09-17T12:55:20.785+0000] {manager.py:878} INFO - 
================================================================================
DAG File Processing Stats

File Path                            PID    Runtime      # DAGs    # Errors  Last Runtime    Last Run
-----------------------------------  -----  ---------  --------  ----------  --------------  -------------------
/opt/airflow/dags/warehouse_dag.py                            1           0  0.46s           2026-09-17T12:54:51
/opt/airflow/dags/extraction_dag.py                           1           0  0.24s           2026-09-17T12:54:51
================================================================================
[2026-09-17T12:55:51.514+0000] {manager.py:878} INFO - 
================================================================================
DAG File Processing Stats

File Path                            PID    Runtime      # DAGs    # Errors  Last Runtime    Last Run
-----------------------------------  -----  ---------  --------  ----------  --------------  -------------------
/opt/airflow/dags/warehouse_dag.py                            1           0  0.48s           2026-09-17T12:55:22
/opt/airflow/dags/extraction_dag.py                           1           0  0.25s           2026-09-17T12:55:22
================================================================================
[2026-09-17T12:56:22.282+0000] {manager.py:878} INFO - 
================================================================================
DAG File Processing Stats

File Path                            PID    Runtime      # DAGs    # Errors  Last Runtime    Last Run
-----------------------------------  -----  ---------  --------  ----------  --------------  -------------------
/opt/airflow/dags/warehouse_dag.py                            1           0  0.42s           2026-09-17T12:55:52
/opt/airflow/dags/extraction_dag.py                           1           0  0.27s           2026-09-17T12:55:52
================================================================================
[2026-09-17T12:56:52.953+0000] {manager.py:878} INFO - 
================================================================================
DAG File Processing Stats

File Path                            PID    Runtime      # DAGs    # Errors  Last Runtime    Last Run
-----------------------------------  -----  ---------  --------  ----------  --------------  -------------------
/opt/airflow/dags/warehouse_dag.py                            1           0  0.44s           2026-09-17T12:56:23
/opt/airflow/dags/extraction_dag.py                           1           0  0.21s           2026-09-17T12:56:23
================================================================================
[2026-09-17T12:57:17.535+0000] {manager.py:737} INFO - Searching for files in /opt/airflow/dags
[2026-09-17T12:57:17.606+0000] {manager.py:740} INFO - There are 2 files in /opt/airflow/dags
[2026-09-17T12:57:23.704+0000] {manager.py:878} INFO - 
================================================================================
DAG File Processing Stats

File Path                            PID    Runtime      # DAGs    # Errors  Last Runtime    Last Run
-----------------------------------  -----  ---------  --------  ----------  --------------  -------------------
/opt/airflow/dags/warehouse_dag.py                            1           0  0.45s           2026-09-17T12:56:54
/opt/airflow/dags/extraction_dag.py                           1           0  0.23s           2026-09-17T12:56:54
================================================================================
[2026-09-17T12:57:53.737+0000] {manager.py:878} INFO - 
================================================================================
DAG File Processing Stats

File Path                            PID    Runtime      # DAGs    # Errors  Last Runtime    Last Run
-----------------------------------  -----  ---------  --------  ----------  --------------  -------------------
/opt/airflow/dags/warehouse_dag.py                            1           0  0.40s           2026-09-17T12:57:25
/opt/airflow/dags/extraction_dag.py                           1           0  0.20s           2026-09-17T12:57:24
================================================================================
[2026-09-17T13:02:17.673+0000] {manager.py:737} INFO - Searching for files in /opt/airflow/dags
[2026-09-17T13:02:17.778+0000] {manager.py:740} INFO - There are 2 files in /opt/airflow/dags
[2026-09-17T13:02:37.039+0000] {manager.py:878} INFO - 
================================================================================
DAG File Processing Stats

File Path                            PID    Runtime      # DAGs    # Errors  Last Runtime    Last Run
-----------------------------------  -----  ---------  --------  ----------  --------------  -------------------
/opt/airflow/dags/warehouse_dag.py                            1           0  0.58s           2026-09-17T13:02:07
/opt/airflow/dags/extraction_dag.py                           1           0  0.26s           2026-09-17T13:02:07
================================================================================
[2026-09-17T13:03:07.652+0000] {manager.py:878} INFO - 
================================================================================
DAG File Processing Stats

File Path                            PID    Runtime      # DAGs    # Errors  Last Runtime    Last Run
-----------------------------------  -----  ---------  --------  ----------  --------------  -------------------
/opt/airflow/dags/warehouse_dag.py                            1           0  0.56s           2026-09-17T13:02:38
/opt/airflow/dags/extraction_dag.py                           1           0  0.24s           2026-09-17T13:02:38
================================================================================
[2026-09-17T13:03:38.243+0000] {manager.py:878} INFO - 
================================================================================
DAG File Processing Stats

File Path                            PID    Runtime      # DAGs    # Errors  Last Runtime    Last Run
-----------------------------------  -----  ---------  --------  ----------  --------------  -------------------
/opt/airflow/dags/warehouse_dag.py                            1           0  0.45s           2026-09-17T13:03:09
/opt/airflow/dags/extraction_dag.py                           1           0  0.22s           2026-09-17T13:03:08
================================================================================
[2026-09-17T13:04:08.900+0000] {manager.py:878} INFO - 
================================================================================
DAG File Processing Stats

File Path                            PID    Runtime      # DAGs    # Errors  Last Runtime    Last Run
-----------------------------------  -----  ---------  --------  ----------  --------------  -------------------
/opt/airflow/dags/warehouse_dag.py                            1           0  0.47s           2026-09-17T13:03:39
/opt/airflow/dags/extraction_dag.py                           1           0  0.26s           2026-09-17T13:03:39
================================================================================
[2026-09-17T13:04:39.460+0000] {manager.py:878} INFO - 
================================================================================
DAG File Processing Stats

File Path                            PID    Runtime      # DAGs    # Errors  Last Runtime    Last Run
-----------------------------------  -----  ---------  --------  ----------  --------------  -------------------
/opt/airflow/dags/warehouse_dag.py                            1           0  0.44s           2026-09-17T13:04:10
/opt/airflow/dags/extraction_dag.py                           1           0  0.23s           2026-09-17T13:04:10
================================================================================
[2026-09-17T13:05:09.520+0000] {manager.py:878} INFO - 
================================================================================
DAG File Processing Stats

File Path                            PID    Runtime      # DAGs    # Errors  Last Runtime    Last Run
-----------------------------------  -----  ---------  --------  ----------  --------------  -------------------
/opt/airflow/dags/warehouse_dag.py                            1           0  0.73s           2026-09-17T13:04:41
/opt/airflow/dags/extraction_dag.py                           1           0  0.31s           2026-09-17T13:04:40
================================================================================
[2026-09-17T13:05:39.796+0000] {manager.py:878} INFO - 
================================================================================
DAG File Processing Stats

File Path                            PID    Runtime      # DAGs    # Errors  Last Runtime    Last Run
-----------------------------------  -----  ---------  --------  ----------  --------------  -------------------
/opt/airflow/dags/warehouse_dag.py                            1           0  0.46s           2026-09-17T13:05:11
/opt/airflow/dags/extraction_dag.py                           1           0  0.26s           2026-09-17T13:05:11
================================================================================
[2026-09-17T13:06:09.950+0000] {manager.py:878} INFO - 
================================================================================
DAG File Processing Stats

File Path                            PID    Runtime      # DAGs    # Errors  Last Runtime    Last Run
-----------------------------------  -----  ---------  --------  ----------  --------------  -------------------
/opt/airflow/dags/warehouse_dag.py                            1           0  0.47s           2026-09-17T13:05:42
/opt/airflow/dags/extraction_dag.py                           1           0  0.24s           2026-09-17T13:05:42
================================================================================
[2026-09-17T13:06:40.025+0000] {manager.py:878} INFO - 
================================================================================
DAG File Processing Stats

File Path                            PID    Runtime      # DAGs    # Errors  Last Runtime    Last Run
-----------------------------------  -----  ---------  --------  ----------  --------------  -------------------
/opt/airflow/dags/warehouse_dag.py                            1           0  0.43s           2026-09-17T13:06:13
/opt/airflow/dags/extraction_dag.py                           1           0  0.21s           2026-09-17T13:06:12
================================================================================
[2026-09-17T13:07:10.623+0000] {manager.py:878} INFO - 
================================================================================
DAG File Processing Stats

File Path                            PID    Runtime      # DAGs    # Errors  Last Runtime    Last Run
-----------------------------------  -----  ---------  --------  ----------  --------------  -------------------
/opt/airflow/dags/warehouse_dag.py                            1           0  0.41s           2026-09-17T13:06:43
/opt/airflow/dags/extraction_dag.py                           1           0  0.24s           2026-09-17T13:06:43
================================================================================
[2026-09-17T13:07:17.957+0000] {manager.py:737} INFO - Searching for files in /opt/airflow/dags
[2026-09-17T13:07:18.049+0000] {manager.py:740} INFO - There are 2 files in /opt/airflow/dags
[2026-09-17T13:07:41.306+0000] {manager.py:878} INFO - 
================================================================================
DAG File Processing Stats

File Path                            PID    Runtime      # DAGs    # Errors  Last Runtime    Last Run
-----------------------------------  -----  ---------  --------  ----------  --------------  -------------------
/opt/airflow/dags/warehouse_dag.py                            1           0  0.41s           2026-09-17T13:07:14
/opt/airflow/dags/extraction_dag.py                           1           0  0.23s           2026-09-17T13:07:13
================================================================================
[2026-09-17T13:08:11.698+0000] {manager.py:878} INFO - 
================================================================================
DAG File Processing Stats

File Path                            PID    Runtime      # DAGs    # Errors  Last Runtime    Last Run
-----------------------------------  -----  ---------  --------  ----------  --------------  -------------------
/opt/airflow/dags/extraction_dag.py                           1           0  0.82s           2026-09-17T13:07:57
/opt/airflow/dags/warehouse_dag.py                            1           0  0.45s           2026-09-17T13:07:44
================================================================================
[2026-09-17T13:08:15.763+0000] {manager.py:452} INFO - Exiting gracefully upon receiving signal 15
[2026-09-17T13:08:15.763+0000] {manager.py:452} INFO - Exiting gracefully upon receiving signal 15
[2026-09-17T13:08:17.398+0000] {manager.py:452} INFO - Exiting gracefully upon receiving signal 15
[2026-09-17T13:08:37.853+0000] {manager.py:470} INFO - Processing files using up to 2 processes at a time 
[2026-09-17T13:08:37.858+0000] {manager.py:471} INFO - Process each file at most once every 30 seconds
[2026-09-17T13:08:37.861+0000] {manager.py:472} INFO - Checking for new files in /opt/airflow/dags every 300 seconds
[2026-09-17T13:08:37.865+0000] {manager.py:737} INFO - Searching for files in /opt/airflow/dags
[2026-09-17T13:08:37.944+0000] {manager.py:740} INFO - There are 2 files in /opt/airflow/dags
[2026-09-17T13:08:38.443+0000] {manager.py:878} INFO - 
================================================================================
DAG File Processing Stats

File Path                              PID  Runtime      # DAGs    # Errors  Last Runtime    Last Run
-----------------------------------  -----  ---------  --------  ----------  --------------  ----------
/opt/airflow/dags/extraction_dag.py     52  0.29s             0           0
/opt/airflow/dags/warehouse_dag.py      53  0.22s             0           0
================================================================================
[2026-09-17T13:09:08.508+0000] {manager.py:878} INFO - 
================================================================================
DAG File Processing Stats

File Path                            PID    Runtime      # DAGs    # Errors  Last Runtime    Last Run
-----------------------------------  -----  ---------  --------  ----------  --------------  -------------------
/opt/airflow/dags/warehouse_dag.py                            1           0  0.95s           2026-09-17T13:08:39
/opt/airflow/dags/extraction_dag.py                           1           0  0.49s           2026-09-17T13:08:38
================================================================================
[2026-09-17T13:09:38.834+0000] {manager.py:878} INFO - 
================================================================================
DAG File Processing Stats

File Path                            PID    Runtime      # DAGs    # Errors  Last Runtime    Last Run
-----------------------------------  -----  ---------  --------  ----------  --------------  -------------------
/opt/airflow/dags/warehouse_dag.py                            1           0  0.93s           2026-09-17T13:09:10
/opt/airflow/dags/extraction_dag.py                           1           0  0.46s           2026-09-17T13:09:09
================================================================================
[2026-09-17T13:10:09.470+0000] {manager.py:878} INFO - 
================================================================================
DAG File Processing Stats

File Path                            PID    Runtime      # DAGs    # Errors  Last Runtime    Last Run
-----------------------------------  -----  ---------  --------  ----------  --------------  -------------------
/opt/airflow/dags/warehouse_dag.py                            1           0  0.49s           2026-09-17T13:09:41
/opt/airflow/dags/extraction_dag.py                           1           0  0.23s           2026-09-17T13:09:40
================================================================================
[2026-09-17T13:10:37.590+0000] {manager.py:452} INFO - Exiting gracefully upon receiving signal 15
[2026-09-17T13:10:51.393+0000] {manager.py:470} INFO - Processing files using up to 2 processes at a time 
[2026-09-17T13:10:51.398+0000] {manager.py:471} INFO - Process each file at most once every 30 seconds
[2026-09-17T13:10:51.403+0000] {manager.py:472} INFO - Checking for new files in /opt/airflow/dags every 300 seconds
[2026-09-17T13:10:51.406+0000] {manager.py:737} INFO - Searching for files in /opt/airflow/dags
[2026-09-17T13:10:51.480+0000] {manager.py:740} INFO - There are 2 files in /opt/airflow/dags
[2026-09-17T13:10:51.733+0000] {manager.py:878} INFO - 
================================================================================
DAG File Processing Stats

File Path                              PID  Runtime      # DAGs    # Errors  Last Runtime    Last Run
-----------------------------------  -----  ---------  --------  ----------  --------------  ----------
/opt/airflow/dags/extraction_dag.py     46  0.15s             0           0
/opt/airflow/dags/warehouse_dag.py      47  0.12s             0           0
================================================================================
[2026-09-17T13:11:22.289+0000] {manager.py:878} INFO - 
================================================================================
DAG File Processing Stats

File Path                              PID  Runtime      # DAGs    # Errors  Last Runtime    Last Run
-----------------------------------  -----  ---------  --------  ----------  --------------  -------------------
/opt/airflow/dags/warehouse_dag.py      56  0.00s             1           0  0.52s           2026-09-17T13:10:52
/opt/airflow/dags/extraction_dag.py     55  0.02s             1           0  0.30s           2026-09-17T13:10:51
================================================================================
[2026-09-17T13:11:52.952+0000] {manager.py:878} INFO - 
================================================================================
DAG File Processing Stats

File Path                              PID  Runtime      # DAGs    # Errors  Last Runtime    Last Run
-----------------------------------  -----  ---------  --------  ----------  --------------  -------------------
/opt/airflow/dags/warehouse_dag.py      65  0.00s             1           0  0.42s           2026-09-17T13:11:22
/opt/airflow/dags/extraction_dag.py     64  0.03s             1           0  0.25s           2026-09-17T13:11:22
================================================================================
[2026-09-17T13:12:23.562+0000] {manager.py:878} INFO - 
================================================================================
DAG File Processing Stats

File Path                              PID  Runtime      # DAGs    # Errors  Last Runtime    Last Run
-----------------------------------  -----  ---------  --------  ----------  --------------  -------------------
/opt/airflow/dags/warehouse_dag.py      74  0.01s             1           0  0.44s           2026-09-17T13:11:53
/opt/airflow/dags/extraction_dag.py     73  0.04s             1           0  0.25s           2026-09-17T13:11:53
================================================================================
[2026-09-17T13:12:53.602+0000] {manager.py:878} INFO - 
================================================================================
DAG File Processing Stats

File Path                            PID    Runtime      # DAGs    # Errors  Last Runtime    Last Run
-----------------------------------  -----  ---------  --------  ----------  --------------  -------------------
/opt/airflow/dags/warehouse_dag.py                            1           0  0.75s           2026-09-17T13:12:24
/opt/airflow/dags/extraction_dag.py                           1           0  0.46s           2026-09-17T13:12:23
================================================================================
[2026-09-17T13:13:23.617+0000] {manager.py:878} INFO - 
================================================================================
DAG File Processing Stats

File Path                            PID    Runtime      # DAGs    # Errors  Last Runtime    Last Run
-----------------------------------  -----  ---------  --------  ----------  --------------  -------------------
/opt/airflow/dags/warehouse_dag.py                            1           0  0.79s           2026-09-17T13:12:55
/opt/airflow/dags/extraction_dag.py                           1           0  0.28s           2026-09-17T13:12:54
================================================================================
[2026-09-17T13:13:54.260+0000] {manager.py:878} INFO - 
================================================================================
DAG File Processing Stats

File Path                            PID    Runtime      # DAGs    # Errors  Last Runtime    Last Run
-----------------------------------  -----  ---------  --------  ----------  --------------  -------------------
/opt/airflow/dags/warehouse_dag.py                            1           0  0.60s           2026-09-17T13:13:26
/opt/airflow/dags/extraction_dag.py                           1           0  0.26s           2026-09-17T13:13:24
================================================================================
[2026-09-17T13:14:24.915+0000] {manager.py:878} INFO - 
================================================================================
DAG File Processing Stats

File Path                            PID    Runtime      # DAGs    # Errors  Last Runtime    Last Run
-----------------------------------  -----  ---------  --------  ----------  --------------  -------------------
/opt/airflow/dags/warehouse_dag.py                            1           0  0.44s           2026-09-17T13:13:56
/opt/airflow/dags/extraction_dag.py                           1           0  0.26s           2026-09-17T13:13:55
================================================================================
[2026-09-17T13:14:54.994+0000] {manager.py:878} INFO - 
================================================================================
DAG File Processing Stats

File Path                            PID    Runtime      # DAGs    # Errors  Last Runtime    Last Run
-----------------------------------  -----  ---------  --------  ----------  --------------  -------------------
/opt/airflow/dags/warehouse_dag.py                            1           0  0.52s           2026-09-17T13:14:27
/opt/airflow/dags/extraction_dag.py                           1           0  0.25s           2026-09-17T13:14:26
================================================================================
[2026-09-17T13:15:25.159+0000] {manager.py:878} INFO - 
================================================================================
DAG File Processing Stats

File Path                            PID    Runtime      # DAGs    # Errors  Last Runtime    Last Run
-----------------------------------  -----  ---------  --------  ----------  --------------  -------------------
/opt/airflow/dags/warehouse_dag.py                            1           0  0.46s           2026-09-17T13:14:58
/opt/airflow/dags/extraction_dag.py                           1           0  0.27s           2026-09-17T13:14:56
================================================================================
[2026-09-17T13:15:51.810+0000] {manager.py:737} INFO - Searching for files in /opt/airflow/dags
[2026-09-17T13:15:51.907+0000] {manager.py:740} INFO - There are 2 files in /opt/airflow/dags
[2026-09-17T13:15:55.307+0000] {manager.py:878} INFO - 
================================================================================
DAG File Processing Stats

File Path                            PID    Runtime      # DAGs    # Errors  Last Runtime    Last Run
-----------------------------------  -----  ---------  --------  ----------  --------------  -------------------
/opt/airflow/dags/warehouse_dag.py                            1           0  0.42s           2026-09-17T13:15:28
/opt/airflow/dags/extraction_dag.py                           1           0  0.31s           2026-09-17T13:15:27
================================================================================
[2026-09-17T13:16:25.571+0000] {manager.py:878} INFO - 
================================================================================
DAG File Processing Stats

File Path                            PID    Runtime      # DAGs    # Errors  Last Runtime    Last Run
-----------------------------------  -----  ---------  --------  ----------  --------------  -------------------
/opt/airflow/dags/warehouse_dag.py                            1           0  0.46s           2026-09-17T13:15:59
/opt/airflow/dags/extraction_dag.py                           1           0  0.24s           2026-09-17T13:15:58
================================================================================
[2026-09-17T13:16:55.592+0000] {manager.py:878} INFO - 
================================================================================
DAG File Processing Stats

File Path                            PID    Runtime      # DAGs    # Errors  Last Runtime    Last Run
-----------------------------------  -----  ---------  --------  ----------  --------------  -------------------
/opt/airflow/dags/warehouse_dag.py                            1           0  0.46s           2026-09-17T13:16:30
/opt/airflow/dags/extraction_dag.py                           1           0  0.32s           2026-09-17T13:16:28
================================================================================
[2026-09-17T13:17:25.911+0000] {manager.py:878} INFO - 
================================================================================
DAG File Processing Stats

File Path                            PID    Runtime      # DAGs    # Errors  Last Runtime    Last Run
-----------------------------------  -----  ---------  --------  ----------  --------------  -------------------
/opt/airflow/dags/warehouse_dag.py                            1           0  0.51s           2026-09-17T13:17:01
/opt/airflow/dags/extraction_dag.py                           1           0  0.31s           2026-09-17T13:16:59
================================================================================
[2026-09-17T13:17:56.009+0000] {manager.py:878} INFO - 
================================================================================
DAG File Processing Stats

File Path                            PID    Runtime      # DAGs    # Errors  Last Runtime    Last Run
-----------------------------------  -----  ---------  --------  ----------  --------------  -------------------
/opt/airflow/dags/warehouse_dag.py                            1           0  0.43s           2026-09-17T13:17:31
/opt/airflow/dags/extraction_dag.py                           1           0  0.27s           2026-09-17T13:17:30
================================================================================
[2026-09-17T13:18:26.249+0000] {manager.py:878} INFO - 
================================================================================
DAG File Processing Stats

File Path                            PID    Runtime      # DAGs    # Errors  Last Runtime    Last Run
-----------------------------------  -----  ---------  --------  ----------  --------------  -------------------
/opt/airflow/dags/warehouse_dag.py                            1           0  0.43s           2026-09-17T13:18:02
/opt/airflow/dags/extraction_dag.py                           1           0  0.27s           2026-09-17T13:18:00
================================================================================
[2026-09-17T13:18:56.265+0000] {manager.py:878} INFO - 
================================================================================
DAG File Processing Stats

File Path                            PID    Runtime      # DAGs    # Errors  Last Runtime    Last Run
-----------------------------------  -----  ---------  --------  ----------  --------------  -------------------
/opt/airflow/dags/warehouse_dag.py                            1           0  0.43s           2026-09-17T13:18:33
/opt/airflow/dags/extraction_dag.py                           1           0  0.24s           2026-09-17T13:18:31
================================================================================
[2026-09-17T13:19:27.129+0000] {manager.py:878} INFO - 
================================================================================
DAG File Processing Stats

File Path                            PID    Runtime      # DAGs    # Errors  Last Runtime    Last Run
-----------------------------------  -----  ---------  --------  ----------  --------------  -------------------
/opt/airflow/dags/warehouse_dag.py                            1           0  0.65s           2026-09-17T13:19:03
/opt/airflow/dags/extraction_dag.py                           1           0  0.36s           2026-09-17T13:19:02
================================================================================
[2026-09-17T13:19:57.847+0000] {manager.py:878} INFO - 
================================================================================
DAG File Processing Stats

File Path                            PID    Runtime      # DAGs    # Errors  Last Runtime    Last Run
-----------------------------------  -----  ---------  --------  ----------  --------------  -------------------
/opt/airflow/dags/warehouse_dag.py                            1           0  0.43s           2026-09-17T13:19:34
/opt/airflow/dags/extraction_dag.py                           1           0  0.30s           2026-09-17T13:19:33
================================================================================
[2026-09-17T13:20:27.979+0000] {manager.py:878} INFO - 
================================================================================
DAG File Processing Stats

File Path                            PID    Runtime      # DAGs    # Errors  Last Runtime    Last Run
-----------------------------------  -----  ---------  --------  ----------  --------------  -------------------
/opt/airflow/dags/warehouse_dag.py                            1           0  0.65s           2026-09-17T13:20:05
/opt/airflow/dags/extraction_dag.py                           1           0  0.25s           2026-09-17T13:20:04
================================================================================
[2026-09-17T13:20:52.042+0000] {manager.py:737} INFO - Searching for files in /opt/airflow/dags
[2026-09-17T13:20:52.159+0000] {manager.py:740} INFO - There are 2 files in /opt/airflow/dags
[2026-09-17T13:20:58.262+0000] {manager.py:878} INFO - 
================================================================================
DAG File Processing Stats

File Path                            PID    Runtime      # DAGs    # Errors  Last Runtime    Last Run
-----------------------------------  -----  ---------  --------  ----------  --------------  -------------------
/opt/airflow/dags/warehouse_dag.py                            1           0  0.45s           2026-09-17T13:20:36
/opt/airflow/dags/extraction_dag.py                           1           0  0.26s           2026-09-17T13:20:34
================================================================================
[2026-09-17T13:21:28.903+0000] {manager.py:878} INFO - 
================================================================================
DAG File Processing Stats

File Path                            PID    Runtime      # DAGs    # Errors  Last Runtime    Last Run
-----------------------------------  -----  ---------  --------  ----------  --------------  -------------------
/opt/airflow/dags/warehouse_dag.py                            1           0  0.51s           2026-09-17T13:21:06
/opt/airflow/dags/extraction_dag.py                           1           0  0.24s           2026-09-17T13:21:05
================================================================================
[2026-09-17T13:21:59.559+0000] {manager.py:878} INFO - 
================================================================================
DAG File Processing Stats

File Path                            PID    Runtime      # DAGs    # Errors  Last Runtime    Last Run
-----------------------------------  -----  ---------  --------  ----------  --------------  -------------------
/opt/airflow/dags/warehouse_dag.py                            1           0  0.44s           2026-09-17T13:21:37
/opt/airflow/dags/extraction_dag.py                           1           0  0.24s           2026-09-17T13:21:36
================================================================================
[2026-09-17T13:22:29.608+0000] {manager.py:878} INFO - 
================================================================================
DAG File Processing Stats

File Path                            PID    Runtime      # DAGs    # Errors  Last Runtime    Last Run
-----------------------------------  -----  ---------  --------  ----------  --------------  -------------------
/opt/airflow/dags/warehouse_dag.py                            1           0  0.43s           2026-09-17T13:22:08
/opt/airflow/dags/extraction_dag.py                           1           0  0.37s           2026-09-17T13:22:07
================================================================================
[2026-09-17T13:23:00.012+0000] {manager.py:878} INFO - 
================================================================================
DAG File Processing Stats

File Path                            PID    Runtime      # DAGs    # Errors  Last Runtime    Last Run
-----------------------------------  -----  ---------  --------  ----------  --------------  -------------------
/opt/airflow/dags/warehouse_dag.py                            1           0  0.44s           2026-09-17T13:22:38
/opt/airflow/dags/extraction_dag.py                           1           0  0.28s           2026-09-17T13:22:37
================================================================================
[2026-09-17T13:23:30.606+0000] {manager.py:878} INFO - 
================================================================================
DAG File Processing Stats

File Path                            PID    Runtime      # DAGs    # Errors  Last Runtime    Last Run
-----------------------------------  -----  ---------  --------  ----------  --------------  -------------------
/opt/airflow/dags/warehouse_dag.py                            1           0  0.40s           2026-09-17T13:23:09
/opt/airflow/dags/extraction_dag.py                           1           0  0.22s           2026-09-17T13:23:08
================================================================================
[2026-09-17T13:24:01.244+0000] {manager.py:878} INFO - 
================================================================================
DAG File Processing Stats

File Path                            PID    Runtime      # DAGs    # Errors  Last Runtime    Last Run
-----------------------------------  -----  ---------  --------  ----------  --------------  -------------------
/opt/airflow/dags/warehouse_dag.py                            1           0  0.44s           2026-09-17T13:23:40
/opt/airflow/dags/extraction_dag.py                           1           0  0.27s           2026-09-17T13:23:38
================================================================================
[2026-09-17T13:24:31.880+0000] {manager.py:878} INFO - 
================================================================================
DAG File Processing Stats

File Path                            PID    Runtime      # DAGs    # Errors  Last Runtime    Last Run
-----------------------------------  -----  ---------  --------  ----------  --------------  -------------------
/opt/airflow/dags/warehouse_dag.py                            1           0  0.42s           2026-09-17T13:24:10
/opt/airflow/dags/extraction_dag.py                           1           0  0.26s           2026-09-17T13:24:09
================================================================================
[2026-09-17T13:25:02.412+0000] {manager.py:878} INFO - 
================================================================================
DAG File Processing Stats

File Path                            PID    Runtime      # DAGs    # Errors  Last Runtime    Last Run
-----------------------------------  -----  ---------  --------  ----------  --------------  -------------------
/opt/airflow/dags/warehouse_dag.py                            1           0  0.42s           2026-09-17T13:24:41
/opt/airflow/dags/extraction_dag.py                           1           0  0.24s           2026-09-17T13:24:40
================================================================================
[2026-09-17T13:25:32.481+0000] {manager.py:878} INFO - 
================================================================================
DAG File Processing Stats

File Path                            PID    Runtime      # DAGs    # Errors  Last Runtime    Last Run
-----------------------------------  -----  ---------  --------  ----------  --------------  -------------------
/opt/airflow/dags/warehouse_dag.py                            1           0  0.49s           2026-09-17T13:25:12
/opt/airflow/dags/extraction_dag.py                           1           0  0.23s           2026-09-17T13:25:10
================================================================================
[2026-09-17T13:25:52.494+0000] {manager.py:737} INFO - Searching for files in /opt/airflow/dags
[2026-09-17T13:25:52.566+0000] {manager.py:740} INFO - There are 2 files in /opt/airflow/dags
[2026-09-17T13:26:02.675+0000] {manager.py:878} INFO - 
================================================================================
DAG File Processing Stats

File Path                            PID    Runtime      # DAGs    # Errors  Last Runtime    Last Run
-----------------------------------  -----  ---------  --------  ----------  --------------  -------------------
/opt/airflow/dags/warehouse_dag.py                            1           0  0.49s           2026-09-17T13:25:42
/opt/airflow/dags/extraction_dag.py                           1           0  0.24s           2026-09-17T13:25:41
================================================================================
[2026-09-17T13:26:32.877+0000] {manager.py:878} INFO - 
================================================================================
DAG File Processing Stats

File Path                            PID    Runtime      # DAGs    # Errors  Last Runtime    Last Run
-----------------------------------  -----  ---------  --------  ----------  --------------  -------------------
/opt/airflow/dags/warehouse_dag.py                            1           0  0.48s           2026-09-17T13:26:13
/opt/airflow/dags/extraction_dag.py                           1           0  0.33s           2026-09-17T13:26:12
================================================================================
[2026-09-17T13:27:02.986+0000] {manager.py:878} INFO - 
================================================================================
DAG File Processing Stats

File Path                            PID    Runtime      # DAGs    # Errors  Last Runtime    Last Run
-----------------------------------  -----  ---------  --------  ----------  --------------  -------------------
/opt/airflow/dags/warehouse_dag.py                            1           0  0.51s           2026-09-17T13:26:44
/opt/airflow/dags/extraction_dag.py                           1           0  0.22s           2026-09-17T13:26:42
================================================================================
[2026-09-17T13:27:33.062+0000] {manager.py:878} INFO - 
================================================================================
DAG File Processing Stats

File Path                            PID    Runtime      # DAGs    # Errors  Last Runtime    Last Run
-----------------------------------  -----  ---------  --------  ----------  --------------  -------------------
/opt/airflow/dags/warehouse_dag.py                            1           0  0.43s           2026-09-17T13:27:14
/opt/airflow/dags/extraction_dag.py                           1           0  0.28s           2026-09-17T13:27:13
================================================================================
[2026-09-17T13:28:03.183+0000] {manager.py:878} INFO - 
================================================================================
DAG File Processing Stats

File Path                            PID    Runtime      # DAGs    # Errors  Last Runtime    Last Run
-----------------------------------  -----  ---------  --------  ----------  --------------  -------------------
/opt/airflow/dags/warehouse_dag.py                            1           0  0.41s           2026-09-17T13:27:45
/opt/airflow/dags/extraction_dag.py                           1           0  0.19s           2026-09-17T13:27:43
================================================================================
[2026-09-17T13:28:33.762+0000] {manager.py:878} INFO - 
================================================================================
DAG File Processing Stats

File Path                            PID    Runtime      # DAGs    # Errors  Last Runtime    Last Run
-----------------------------------  -----  ---------  --------  ----------  --------------  -------------------
/opt/airflow/dags/warehouse_dag.py                            1           0  0.45s           2026-09-17T13:28:16
/opt/airflow/dags/extraction_dag.py                           1           0  0.24s           2026-09-17T13:28:14
================================================================================
[2026-09-17T13:29:03.839+0000] {manager.py:878} INFO - 
================================================================================
DAG File Processing Stats

File Path                            PID    Runtime      # DAGs    # Errors  Last Runtime    Last Run
-----------------------------------  -----  ---------  --------  ----------  --------------  -------------------
/opt/airflow/dags/warehouse_dag.py                            1           0  0.53s           2026-09-17T13:28:46
/opt/airflow/dags/extraction_dag.py                           1           0  0.22s           2026-09-17T13:28:45
================================================================================
[2026-09-17T13:29:33.943+0000] {manager.py:878} INFO - 
================================================================================
DAG File Processing Stats

File Path                            PID    Runtime      # DAGs    # Errors  Last Runtime    Last Run
-----------------------------------  -----  ---------  --------  ----------  --------------  -------------------
/opt/airflow/dags/warehouse_dag.py                            1           0  0.54s           2026-09-17T13:29:17
/opt/airflow/dags/extraction_dag.py                           1           0  0.29s           2026-09-17T13:29:15
================================================================================
[2026-09-17T13:30:04.034+0000] {manager.py:878} INFO - 
================================================================================
DAG File Processing Stats

File Path                            PID    Runtime      # DAGs    # Errors  Last Runtime    Last Run
-----------------------------------  -----  ---------  --------  ----------  --------------  -------------------
/opt/airflow/dags/warehouse_dag.py                            1           0  0.44s           2026-09-17T13:29:47
/opt/airflow/dags/extraction_dag.py                           1           0  0.26s           2026-09-17T13:29:46
================================================================================
[2026-09-17T13:30:34.186+0000] {manager.py:878} INFO - 
================================================================================
DAG File Processing Stats

File Path                            PID    Runtime      # DAGs    # Errors  Last Runtime    Last Run
-----------------------------------  -----  ---------  --------  ----------  --------------  -------------------
/opt/airflow/dags/warehouse_dag.py                            1           0  0.51s           2026-09-17T13:30:18
/opt/airflow/dags/extraction_dag.py                           1           0  0.23s           2026-09-17T13:30:16
================================================================================
[2026-09-17T13:30:52.728+0000] {manager.py:737} INFO - Searching for files in /opt/airflow/dags
[2026-09-17T13:30:52.820+0000] {manager.py:740} INFO - There are 2 files in /opt/airflow/dags
[2026-09-17T13:31:04.345+0000] {manager.py:878} INFO - 
================================================================================
DAG File Processing Stats

File Path                            PID    Runtime      # DAGs    # Errors  Last Runtime    Last Run
-----------------------------------  -----  ---------  --------  ----------  --------------  -------------------
/opt/airflow/dags/warehouse_dag.py                            1           0  0.48s           2026-09-17T13:30:49
/opt/airflow/dags/extraction_dag.py                           1           0  0.25s           2026-09-17T13:30:47
================================================================================
[2026-09-17T13:31:34.724+0000] {manager.py:878} INFO - 
================================================================================
DAG File Processing Stats

File Path                            PID    Runtime      # DAGs    # Errors  Last Runtime    Last Run
-----------------------------------  -----  ---------  --------  ----------  --------------  -------------------
/opt/airflow/dags/warehouse_dag.py                            1           0  0.50s           2026-09-17T13:31:20
/opt/airflow/dags/extraction_dag.py                           1           0  0.37s           2026-09-17T13:31:18
================================================================================
[2026-09-17T13:32:04.872+0000] {manager.py:878} INFO - 
================================================================================
DAG File Processing Stats

File Path                            PID    Runtime      # DAGs    # Errors  Last Runtime    Last Run
-----------------------------------  -----  ---------  --------  ----------  --------------  -------------------
/opt/airflow/dags/warehouse_dag.py                            1           0  0.47s           2026-09-17T13:31:50
/opt/airflow/dags/extraction_dag.py                           1           0  0.25s           2026-09-17T13:31:49
================================================================================
[2026-09-17T13:32:35.107+0000] {manager.py:878} INFO - 
================================================================================
DAG File Processing Stats

File Path                            PID    Runtime      # DAGs    # Errors  Last Runtime    Last Run
-----------------------------------  -----  ---------  --------  ----------  --------------  -------------------
/opt/airflow/dags/warehouse_dag.py                            1           0  0.52s           2026-09-17T13:32:21
/opt/airflow/dags/extraction_dag.py                           1           0  0.28s           2026-09-17T13:32:19
================================================================================
[2026-09-17T13:33:05.288+0000] {manager.py:878} INFO - 
================================================================================
DAG File Processing Stats

File Path                            PID    Runtime      # DAGs    # Errors  Last Runtime    Last Run
-----------------------------------  -----  ---------  --------  ----------  --------------  -------------------
/opt/airflow/dags/warehouse_dag.py                            1           0  0.52s           2026-09-17T13:32:52
/opt/airflow/dags/extraction_dag.py                           1           0  0.27s           2026-09-17T13:32:50
================================================================================
[2026-09-17T13:33:35.384+0000] {manager.py:878} INFO - 
================================================================================
DAG File Processing Stats

File Path                            PID    Runtime      # DAGs    # Errors  Last Runtime    Last Run
-----------------------------------  -----  ---------  --------  ----------  --------------  -------------------
/opt/airflow/dags/warehouse_dag.py                            1           0  0.51s           2026-09-17T13:33:22
/opt/airflow/dags/extraction_dag.py                           1           0  0.26s           2026-09-17T13:33:21
================================================================================
[2026-09-17T13:34:05.951+0000] {manager.py:878} INFO - 
================================================================================
DAG File Processing Stats

File Path                            PID    Runtime      # DAGs    # Errors  Last Runtime    Last Run
-----------------------------------  -----  ---------  --------  ----------  --------------  -------------------
/opt/airflow/dags/warehouse_dag.py                            1           0  0.42s           2026-09-17T13:33:53
/opt/airflow/dags/extraction_dag.py                           1           0  0.23s           2026-09-17T13:33:51
================================================================================
[2026-09-17T13:34:35.956+0000] {manager.py:878} INFO - 
================================================================================
DAG File Processing Stats

File Path                            PID    Runtime      # DAGs    # Errors  Last Runtime    Last Run
-----------------------------------  -----  ---------  --------  ----------  --------------  -------------------
/opt/airflow/dags/warehouse_dag.py                            1           0  0.42s           2026-09-17T13:34:23
/opt/airflow/dags/extraction_dag.py                           1           0  0.22s           2026-09-17T13:34:22
================================================================================
[2026-09-17T13:35:06.156+0000] {manager.py:878} INFO - 
================================================================================
DAG File Processing Stats

File Path                            PID    Runtime      # DAGs    # Errors  Last Runtime    Last Run
-----------------------------------  -----  ---------  --------  ----------  --------------  -------------------
/opt/airflow/dags/warehouse_dag.py                            1           0  0.41s           2026-09-17T13:34:54
/opt/airflow/dags/extraction_dag.py                           1           0  0.28s           2026-09-17T13:34:52
================================================================================
[2026-09-17T13:35:36.506+0000] {manager.py:878} INFO - 
================================================================================
DAG File Processing Stats

File Path                            PID    Runtime      # DAGs    # Errors  Last Runtime    Last Run
-----------------------------------  -----  ---------  --------  ----------  --------------  -------------------
/opt/airflow/dags/warehouse_dag.py                            1           0  0.71s           2026-09-17T13:35:25
/opt/airflow/dags/extraction_dag.py                           1           0  0.30s           2026-09-17T13:35:23
================================================================================
[2026-09-17T13:35:53.698+0000] {manager.py:737} INFO - Searching for files in /opt/airflow/dags
[2026-09-17T13:35:53.772+0000] {manager.py:740} INFO - There are 2 files in /opt/airflow/dags
[2026-09-17T13:36:07.330+0000] {manager.py:878} INFO - 
================================================================================
DAG File Processing Stats

File Path                            PID    Runtime      # DAGs    # Errors  Last Runtime    Last Run
-----------------------------------  -----  ---------  --------  ----------  --------------  -------------------
/opt/airflow/dags/warehouse_dag.py                            1           0  0.46s           2026-09-17T13:35:56
/opt/airflow/dags/extraction_dag.py                           1           0  0.36s           2026-09-17T13:35:54
================================================================================
[2026-09-17T13:36:37.929+0000] {manager.py:878} INFO - 
================================================================================
DAG File Processing Stats

File Path                            PID    Runtime      # DAGs    # Errors  Last Runtime    Last Run
-----------------------------------  -----  ---------  --------  ----------  --------------  -------------------
/opt/airflow/dags/warehouse_dag.py                            1           0  0.41s           2026-09-17T13:36:27
/opt/airflow/dags/extraction_dag.py                           1           0  0.24s           2026-09-17T13:36:24
================================================================================
[2026-09-17T13:37:08.498+0000] {manager.py:878} INFO - 
================================================================================
DAG File Processing Stats

File Path                            PID    Runtime      # DAGs    # Errors  Last Runtime    Last Run
-----------------------------------  -----  ---------  --------  ----------  --------------  -------------------
/opt/airflow/dags/warehouse_dag.py                            1           0  1.91s           2026-09-17T13:36:59
/opt/airflow/dags/extraction_dag.py                           1           0  0.33s           2026-09-17T13:36:55
================================================================================
[2026-09-17T13:37:39.078+0000] {manager.py:878} INFO - 
================================================================================
DAG File Processing Stats

File Path                            PID    Runtime      # DAGs    # Errors  Last Runtime    Last Run
-----------------------------------  -----  ---------  --------  ----------  --------------  -------------------
/opt/airflow/dags/extraction_dag.py                           1           0  0.83s           2026-09-17T13:37:26
/opt/airflow/dags/warehouse_dag.py                            1           0  0.78s           2026-09-17T13:37:30
================================================================================
[2026-09-17T13:38:09.136+0000] {manager.py:878} INFO - 
================================================================================
DAG File Processing Stats

File Path                            PID    Runtime      # DAGs    # Errors  Last Runtime    Last Run
-----------------------------------  -----  ---------  --------  ----------  --------------  -------------------
/opt/airflow/dags/warehouse_dag.py                            1           0  0.59s           2026-09-17T13:38:01
/opt/airflow/dags/extraction_dag.py                           1           0  0.31s           2026-09-17T13:37:56
================================================================================
[2026-09-17T13:38:39.698+0000] {manager.py:878} INFO - 
================================================================================
DAG File Processing Stats

File Path                            PID    Runtime      # DAGs    # Errors  Last Runtime    Last Run
-----------------------------------  -----  ---------  --------  ----------  --------------  -------------------
/opt/airflow/dags/warehouse_dag.py                            1           0  0.44s           2026-09-17T13:38:31
/opt/airflow/dags/extraction_dag.py                           1           0  0.19s           2026-09-17T13:38:27
================================================================================
[2026-09-17T13:39:10.078+0000] {manager.py:878} INFO - 
================================================================================
DAG File Processing Stats

File Path                            PID    Runtime      # DAGs    # Errors  Last Runtime    Last Run
-----------------------------------  -----  ---------  --------  ----------  --------------  -------------------
/opt/airflow/dags/warehouse_dag.py                            1           0  0.78s           2026-09-17T13:39:02
/opt/airflow/dags/extraction_dag.py                           1           0  0.35s           2026-09-17T13:38:58
================================================================================
[2026-09-17T13:39:40.559+0000] {manager.py:878} INFO - 
================================================================================
DAG File Processing Stats

File Path                            PID    Runtime      # DAGs    # Errors  Last Runtime    Last Run
-----------------------------------  -----  ---------  --------  ----------  --------------  -------------------
/opt/airflow/dags/warehouse_dag.py                            1           0  0.87s           2026-09-17T13:39:34
/opt/airflow/dags/extraction_dag.py                           1           0  0.25s           2026-09-17T13:39:28
================================================================================
[2026-09-17T13:40:10.588+0000] {manager.py:878} INFO - 
================================================================================
DAG File Processing Stats

File Path                            PID    Runtime      # DAGs    # Errors  Last Runtime    Last Run
-----------------------------------  -----  ---------  --------  ----------  --------------  -------------------
/opt/airflow/dags/warehouse_dag.py                            1           0  0.94s           2026-09-17T13:40:05
/opt/airflow/dags/extraction_dag.py                           1           0  0.36s           2026-09-17T13:39:59
================================================================================
[2026-09-17T13:40:41.190+0000] {manager.py:878} INFO - 
================================================================================
DAG File Processing Stats

File Path                            PID    Runtime      # DAGs    # Errors  Last Runtime    Last Run
-----------------------------------  -----  ---------  --------  ----------  --------------  -------------------
/opt/airflow/dags/warehouse_dag.py                            1           0  0.49s           2026-09-17T13:40:36
/opt/airflow/dags/extraction_dag.py                           1           0  0.30s           2026-09-17T13:40:30
================================================================================
[2026-09-17T13:40:54.316+0000] {manager.py:737} INFO - Searching for files in /opt/airflow/dags
[2026-09-17T13:40:54.407+0000] {manager.py:740} INFO - There are 2 files in /opt/airflow/dags
[2026-09-17T13:41:11.273+0000] {manager.py:878} INFO - 
================================================================================
DAG File Processing Stats

File Path                            PID    Runtime      # DAGs    # Errors  Last Runtime    Last Run
-----------------------------------  -----  ---------  --------  ----------  --------------  -------------------
/opt/airflow/dags/warehouse_dag.py                            1           0  0.46s           2026-09-17T13:41:07
/opt/airflow/dags/extraction_dag.py                           1           0  0.25s           2026-09-17T13:41:00
================================================================================
[2026-09-17T13:41:41.556+0000] {manager.py:878} INFO - 
================================================================================
DAG File Processing Stats

File Path                            PID    Runtime      # DAGs    # Errors  Last Runtime    Last Run
-----------------------------------  -----  ---------  --------  ----------  --------------  -------------------
/opt/airflow/dags/warehouse_dag.py                            1           0  0.41s           2026-09-17T13:41:37
/opt/airflow/dags/extraction_dag.py                           1           0  0.31s           2026-09-17T13:41:31
================================================================================
[2026-09-17T13:42:11.615+0000] {manager.py:878} INFO - 
================================================================================
DAG File Processing Stats

File Path                            PID    Runtime      # DAGs    # Errors  Last Runtime    Last Run
-----------------------------------  -----  ---------  --------  ----------  --------------  -------------------
/opt/airflow/dags/warehouse_dag.py                            1           0  0.42s           2026-09-17T13:42:08
/opt/airflow/dags/extraction_dag.py                           1           0  0.29s           2026-09-17T13:42:02
================================================================================
[2026-09-17T13:42:41.768+0000] {manager.py:878} INFO - 
================================================================================
DAG File Processing Stats

File Path                            PID    Runtime      # DAGs    # Errors  Last Runtime    Last Run
-----------------------------------  -----  ---------  --------  ----------  --------------  -------------------
/opt/airflow/dags/warehouse_dag.py                            1           0  0.48s           2026-09-17T13:42:39
/opt/airflow/dags/extraction_dag.py                           1           0  0.22s           2026-09-17T13:42:32
================================================================================
[2026-09-17T13:43:11.859+0000] {manager.py:878} INFO - 
================================================================================
DAG File Processing Stats

File Path                            PID    Runtime      # DAGs    # Errors  Last Runtime    Last Run
-----------------------------------  -----  ---------  --------  ----------  --------------  -------------------
/opt/airflow/dags/warehouse_dag.py                            1           0  0.50s           2026-09-17T13:43:09
/opt/airflow/dags/extraction_dag.py                           1           0  0.25s           2026-09-17T13:43:03
================================================================================
[2026-09-17T13:43:42.661+0000] {manager.py:878} INFO - 
================================================================================
DAG File Processing Stats

File Path                            PID    Runtime      # DAGs    # Errors  Last Runtime    Last Run
-----------------------------------  -----  ---------  --------  ----------  --------------  -------------------
/opt/airflow/dags/warehouse_dag.py                            1           0  0.79s           2026-09-17T13:43:40
/opt/airflow/dags/extraction_dag.py                           1           0  0.26s           2026-09-17T13:43:33
================================================================================
[2026-09-17T13:44:13.311+0000] {manager.py:878} INFO - 
================================================================================
DAG File Processing Stats

File Path                            PID    Runtime      # DAGs    # Errors  Last Runtime    Last Run
-----------------------------------  -----  ---------  --------  ----------  --------------  -------------------
/opt/airflow/dags/warehouse_dag.py                            1           0  0.47s           2026-09-17T13:44:11
/opt/airflow/dags/extraction_dag.py                           1           0  0.29s           2026-09-17T13:44:04
================================================================================
[2026-09-17T13:44:43.915+0000] {manager.py:878} INFO - 
================================================================================
DAG File Processing Stats

File Path                            PID    Runtime      # DAGs    # Errors  Last Runtime    Last Run
-----------------------------------  -----  ---------  --------  ----------  --------------  -------------------
/opt/airflow/dags/warehouse_dag.py                            1           0  0.46s           2026-09-17T13:44:42
/opt/airflow/dags/extraction_dag.py                           1           0  0.26s           2026-09-17T13:44:34
================================================================================
[2026-09-17T13:45:13.955+0000] {manager.py:878} INFO - 
================================================================================
DAG File Processing Stats

File Path                            PID    Runtime      # DAGs    # Errors  Last Runtime    Last Run
-----------------------------------  -----  ---------  --------  ----------  --------------  -------------------
/opt/airflow/dags/warehouse_dag.py                            1           0  0.45s           2026-09-17T13:45:12
/opt/airflow/dags/extraction_dag.py                           1           0  0.21s           2026-09-17T13:45:05
================================================================================
[2026-09-17T13:45:44.080+0000] {manager.py:878} INFO - 
================================================================================
DAG File Processing Stats

File Path                            PID    Runtime      # DAGs    # Errors  Last Runtime    Last Run
-----------------------------------  -----  ---------  --------  ----------  --------------  -------------------
/opt/airflow/dags/warehouse_dag.py                            1           0  0.42s           2026-09-17T13:45:43
/opt/airflow/dags/extraction_dag.py                           1           0  0.24s           2026-09-17T13:45:35
================================================================================
[2026-09-17T13:45:54.590+0000] {manager.py:737} INFO - Searching for files in /opt/airflow/dags
[2026-09-17T13:45:54.665+0000] {manager.py:740} INFO - There are 2 files in /opt/airflow/dags
[2026-09-17T13:46:14.180+0000] {manager.py:878} INFO - 
================================================================================
DAG File Processing Stats

File Path                            PID    Runtime      # DAGs    # Errors  Last Runtime    Last Run
-----------------------------------  -----  ---------  --------  ----------  --------------  -------------------
/opt/airflow/dags/warehouse_dag.py                            1           0  0.48s           2026-09-17T13:46:14
/opt/airflow/dags/extraction_dag.py                           1           0  0.27s           2026-09-17T13:46:06
================================================================================
[2026-09-17T13:46:44.383+0000] {manager.py:878} INFO - 
================================================================================
DAG File Processing Stats

File Path                              PID  Runtime      # DAGs    # Errors  Last Runtime    Last Run
-----------------------------------  -----  ---------  --------  ----------  --------------  -------------------
/opt/airflow/dags/warehouse_dag.py     691  0.00s             1           0  0.48s           2026-09-17T13:46:14
/opt/airflow/dags/extraction_dag.py                           1           0  0.37s           2026-09-17T13:46:37
================================================================================
[2026-09-17T13:47:14.735+0000] {manager.py:878} INFO - 
================================================================================
DAG File Processing Stats

File Path                            PID    Runtime      # DAGs    # Errors  Last Runtime    Last Run
-----------------------------------  -----  ---------  --------  ----------  --------------  -------------------
/opt/airflow/dags/warehouse_dag.py                            1           0  0.46s           2026-09-17T13:46:44
/opt/airflow/dags/extraction_dag.py                           1           0  0.25s           2026-09-17T13:47:07
================================================================================
[2026-09-17T13:47:45.311+0000] {manager.py:878} INFO - 
================================================================================
DAG File Processing Stats

File Path                            PID    Runtime      # DAGs    # Errors  Last Runtime    Last Run
-----------------------------------  -----  ---------  --------  ----------  --------------  -------------------
/opt/airflow/dags/warehouse_dag.py                            1           0  0.53s           2026-09-17T13:47:15
/opt/airflow/dags/extraction_dag.py                           1           0  0.28s           2026-09-17T13:47:38
================================================================================
[2026-09-17T13:48:15.924+0000] {manager.py:878} INFO - 
================================================================================
DAG File Processing Stats

File Path                            PID    Runtime      # DAGs    # Errors  Last Runtime    Last Run
-----------------------------------  -----  ---------  --------  ----------  --------------  -------------------
/opt/airflow/dags/warehouse_dag.py                            1           0  0.47s           2026-09-17T13:47:46
/opt/airflow/dags/extraction_dag.py                           1           0  0.31s           2026-09-17T13:48:09
================================================================================
[2026-09-17T13:48:46.367+0000] {manager.py:878} INFO - 
================================================================================
DAG File Processing Stats

File Path                            PID    Runtime      # DAGs    # Errors  Last Runtime    Last Run
-----------------------------------  -----  ---------  --------  ----------  --------------  -------------------
/opt/airflow/dags/warehouse_dag.py                            1           0  0.67s           2026-09-17T13:48:16
/opt/airflow/dags/extraction_dag.py                           1           0  0.26s           2026-09-17T13:48:39
================================================================================
[2026-09-17T13:49:17.241+0000] {manager.py:878} INFO - 
================================================================================
DAG File Processing Stats

File Path                            PID    Runtime      # DAGs    # Errors  Last Runtime    Last Run
-----------------------------------  -----  ---------  --------  ----------  --------------  -------------------
/opt/airflow/dags/warehouse_dag.py                            1           0  0.52s           2026-09-17T13:48:47
/opt/airflow/dags/extraction_dag.py                           1           0  0.32s           2026-09-17T13:49:10
================================================================================
[2026-09-17T13:49:48.074+0000] {manager.py:878} INFO - 
================================================================================
DAG File Processing Stats

File Path                            PID    Runtime      # DAGs    # Errors  Last Runtime    Last Run
-----------------------------------  -----  ---------  --------  ----------  --------------  -------------------
/opt/airflow/dags/extraction_dag.py                           1           0  0.47s           2026-09-17T13:49:41
/opt/airflow/dags/warehouse_dag.py                            1           0  0.43s           2026-09-17T13:49:18
================================================================================
[2026-09-17T13:50:18.644+0000] {manager.py:878} INFO - 
================================================================================
DAG File Processing Stats

File Path                            PID    Runtime      # DAGs    # Errors  Last Runtime    Last Run
-----------------------------------  -----  ---------  --------  ----------  --------------  -------------------
/opt/airflow/dags/warehouse_dag.py                            1           0  0.94s           2026-09-17T13:49:50
/opt/airflow/dags/extraction_dag.py                           1           0  0.39s           2026-09-17T13:50:11
================================================================================
[2026-09-17T13:50:49.259+0000] {manager.py:878} INFO - 
================================================================================
DAG File Processing Stats

File Path                            PID    Runtime      # DAGs    # Errors  Last Runtime    Last Run
-----------------------------------  -----  ---------  --------  ----------  --------------  -------------------
/opt/airflow/dags/warehouse_dag.py                            1           0  0.85s           2026-09-17T13:50:21
/opt/airflow/dags/extraction_dag.py                           1           0  0.27s           2026-09-17T13:50:42
================================================================================
[2026-09-17T13:50:54.788+0000] {manager.py:737} INFO - Searching for files in /opt/airflow/dags
[2026-09-17T13:50:54.898+0000] {manager.py:740} INFO - There are 2 files in /opt/airflow/dags
[2026-09-17T13:51:19.844+0000] {manager.py:878} INFO - 
================================================================================
DAG File Processing Stats

File Path                            PID    Runtime      # DAGs    # Errors  Last Runtime    Last Run
-----------------------------------  -----  ---------  --------  ----------  --------------  -------------------
/opt/airflow/dags/warehouse_dag.py                            1           0  0.46s           2026-09-17T13:50:52
/opt/airflow/dags/extraction_dag.py                           1           0  0.24s           2026-09-17T13:51:13
================================================================================
[2026-09-17T13:51:50.575+0000] {manager.py:878} INFO - 
================================================================================
DAG File Processing Stats

File Path                            PID    Runtime      # DAGs    # Errors  Last Runtime    Last Run
-----------------------------------  -----  ---------  --------  ----------  --------------  -------------------
/opt/airflow/dags/warehouse_dag.py                            1           0  0.43s           2026-09-17T13:51:23
/opt/airflow/dags/extraction_dag.py                           1           0  0.24s           2026-09-17T13:51:43
================================================================================
[2026-09-17T13:52:20.948+0000] {manager.py:878} INFO - 
================================================================================
DAG File Processing Stats

File Path                            PID    Runtime      # DAGs    # Errors  Last Runtime    Last Run
-----------------------------------  -----  ---------  --------  ----------  --------------  -------------------
/opt/airflow/dags/warehouse_dag.py                            1           0  0.43s           2026-09-17T13:51:54
/opt/airflow/dags/extraction_dag.py                           1           0  0.28s           2026-09-17T13:52:14
================================================================================
[2026-09-17T13:52:50.965+0000] {manager.py:878} INFO - 
================================================================================
DAG File Processing Stats

File Path                            PID    Runtime      # DAGs    # Errors  Last Runtime    Last Run
-----------------------------------  -----  ---------  --------  ----------  --------------  -------------------
/opt/airflow/dags/warehouse_dag.py                            1           0  0.43s           2026-09-17T13:52:24
/opt/airflow/dags/extraction_dag.py                           1           0  0.42s           2026-09-17T13:52:44
================================================================================
[2026-09-17T13:53:21.327+0000] {manager.py:878} INFO - 
================================================================================
DAG File Processing Stats

File Path                            PID    Runtime      # DAGs    # Errors  Last Runtime    Last Run
-----------------------------------  -----  ---------  --------  ----------  --------------  -------------------
/opt/airflow/dags/warehouse_dag.py                            1           0  0.57s           2026-09-17T13:52:55
/opt/airflow/dags/extraction_dag.py                           1           0  0.22s           2026-09-17T13:53:15
================================================================================
[2026-09-17T13:53:52.136+0000] {manager.py:878} INFO - 
================================================================================
DAG File Processing Stats

File Path                            PID    Runtime      # DAGs    # Errors  Last Runtime    Last Run
-----------------------------------  -----  ---------  --------  ----------  --------------  -------------------
/opt/airflow/dags/warehouse_dag.py                            1           0  0.44s           2026-09-17T13:53:26
/opt/airflow/dags/extraction_dag.py                           1           0  0.35s           2026-09-17T13:53:46
================================================================================
[2026-09-17T13:54:22.573+0000] {manager.py:878} INFO - 
================================================================================
DAG File Processing Stats

File Path                            PID    Runtime      # DAGs    # Errors  Last Runtime    Last Run
-----------------------------------  -----  ---------  --------  ----------  --------------  -------------------
/opt/airflow/dags/warehouse_dag.py                            1           0  0.43s           2026-09-17T13:53:57
/opt/airflow/dags/extraction_dag.py                           1           0  0.27s           2026-09-17T13:54:16
================================================================================
[2026-09-17T13:54:53.201+0000] {manager.py:878} INFO - 
================================================================================
DAG File Processing Stats

File Path                            PID    Runtime      # DAGs    # Errors  Last Runtime    Last Run
-----------------------------------  -----  ---------  --------  ----------  --------------  -------------------
/opt/airflow/dags/warehouse_dag.py                            1           0  0.61s           2026-09-17T13:54:28
/opt/airflow/dags/extraction_dag.py                           1           0  0.26s           2026-09-17T13:54:47
================================================================================
[2026-09-17T13:55:23.803+0000] {manager.py:878} INFO - 
================================================================================
DAG File Processing Stats

File Path                            PID    Runtime      # DAGs    # Errors  Last Runtime    Last Run
-----------------------------------  -----  ---------  --------  ----------  --------------  -------------------
/opt/airflow/dags/warehouse_dag.py                            1           0  0.59s           2026-09-17T13:54:59
/opt/airflow/dags/extraction_dag.py                           1           0  0.23s           2026-09-17T13:55:17
================================================================================
[2026-09-17T13:55:54.382+0000] {manager.py:878} INFO - 
================================================================================
DAG File Processing Stats

File Path                            PID    Runtime      # DAGs    # Errors  Last Runtime    Last Run
-----------------------------------  -----  ---------  --------  ----------  --------------  -------------------
/opt/airflow/dags/warehouse_dag.py                            1           0  0.52s           2026-09-17T13:55:30
/opt/airflow/dags/extraction_dag.py                           1           0  0.28s           2026-09-17T13:55:48
================================================================================
[2026-09-17T13:55:55.388+0000] {manager.py:737} INFO - Searching for files in /opt/airflow/dags
[2026-09-17T13:55:55.452+0000] {manager.py:740} INFO - There are 2 files in /opt/airflow/dags
[2026-09-17T13:56:24.980+0000] {manager.py:878} INFO - 
================================================================================
DAG File Processing Stats

File Path                            PID    Runtime      # DAGs    # Errors  Last Runtime    Last Run
-----------------------------------  -----  ---------  --------  ----------  --------------  -------------------
/opt/airflow/dags/warehouse_dag.py                            1           0  0.48s           2026-09-17T13:56:01
/opt/airflow/dags/extraction_dag.py                           1           0  0.30s           2026-09-17T13:56:19
================================================================================
[2026-09-17T13:56:55.644+0000] {manager.py:878} INFO - 
================================================================================
DAG File Processing Stats

File Path                            PID    Runtime      # DAGs    # Errors  Last Runtime    Last Run
-----------------------------------  -----  ---------  --------  ----------  --------------  -------------------
/opt/airflow/dags/warehouse_dag.py                            1           0  0.44s           2026-09-17T13:56:31
/opt/airflow/dags/extraction_dag.py                           1           0  0.27s           2026-09-17T13:56:49
================================================================================
[2026-09-17T13:57:26.261+0000] {manager.py:878} INFO - 
================================================================================
DAG File Processing Stats

File Path                            PID    Runtime      # DAGs    # Errors  Last Runtime    Last Run
-----------------------------------  -----  ---------  --------  ----------  --------------  -------------------
/opt/airflow/dags/warehouse_dag.py                            1           0  0.58s           2026-09-17T13:57:02
/opt/airflow/dags/extraction_dag.py                           1           0  0.28s           2026-09-17T13:57:20
================================================================================
[2026-09-17T13:57:56.890+0000] {manager.py:878} INFO - 
================================================================================
DAG File Processing Stats

File Path                            PID    Runtime      # DAGs    # Errors  Last Runtime    Last Run
-----------------------------------  -----  ---------  --------  ----------  --------------  -------------------
/opt/airflow/dags/warehouse_dag.py                            1           0  0.54s           2026-09-17T13:57:33
/opt/airflow/dags/extraction_dag.py                           1           0  0.32s           2026-09-17T13:57:51
================================================================================
[2026-09-17T13:58:27.346+0000] {manager.py:878} INFO - 
================================================================================
DAG File Processing Stats

File Path                            PID    Runtime      # DAGs    # Errors  Last Runtime    Last Run
-----------------------------------  -----  ---------  --------  ----------  --------------  -------------------
/opt/airflow/dags/warehouse_dag.py                            1           0  0.81s           2026-09-17T13:58:04
/opt/airflow/dags/extraction_dag.py                           1           0  0.33s           2026-09-17T13:58:21
================================================================================
[2026-09-17T13:58:58.108+0000] {manager.py:878} INFO - 
================================================================================
DAG File Processing Stats

File Path                            PID    Runtime      # DAGs    # Errors  Last Runtime    Last Run
-----------------------------------  -----  ---------  --------  ----------  --------------  -------------------
/opt/airflow/dags/warehouse_dag.py                            1           0  0.42s           2026-09-17T13:58:34
/opt/airflow/dags/extraction_dag.py                           1           0  0.26s           2026-09-17T13:58:52
================================================================================
[2026-09-17T13:59:28.561+0000] {manager.py:878} INFO - 
================================================================================
DAG File Processing Stats

File Path                            PID    Runtime      # DAGs    # Errors  Last Runtime    Last Run
-----------------------------------  -----  ---------  --------  ----------  --------------  -------------------
/opt/airflow/dags/warehouse_dag.py                            1           0  0.44s           2026-09-17T13:59:05
/opt/airflow/dags/extraction_dag.py                           1           0  0.24s           2026-09-17T13:59:22
================================================================================
[2026-09-17T13:59:59.142+0000] {manager.py:878} INFO - 
================================================================================
DAG File Processing Stats

File Path                            PID    Runtime      # DAGs    # Errors  Last Runtime    Last Run
-----------------------------------  -----  ---------  --------  ----------  --------------  -------------------
/opt/airflow/dags/warehouse_dag.py                            1           0  0.50s           2026-09-17T13:59:36
/opt/airflow/dags/extraction_dag.py                           1           0  0.28s           2026-09-17T13:59:53
================================================================================
[2026-09-17T14:00:29.768+0000] {manager.py:878} INFO - 
================================================================================
DAG File Processing Stats

File Path                            PID    Runtime      # DAGs    # Errors  Last Runtime    Last Run
-----------------------------------  -----  ---------  --------  ----------  --------------  -------------------
/opt/airflow/dags/warehouse_dag.py                            1           0  0.50s           2026-09-17T14:00:06
/opt/airflow/dags/extraction_dag.py                           1           0  0.26s           2026-09-17T14:00:23
================================================================================
[2026-09-17T14:00:55.716+0000] {manager.py:737} INFO - Searching for files in /opt/airflow/dags
[2026-09-17T14:00:55.828+0000] {manager.py:740} INFO - There are 2 files in /opt/airflow/dags
[2026-09-17T14:00:59.909+0000] {manager.py:878} INFO - 
================================================================================
DAG File Processing Stats

File Path                            PID    Runtime      # DAGs    # Errors  Last Runtime    Last Run
-----------------------------------  -----  ---------  --------  ----------  --------------  -------------------
/opt/airflow/dags/warehouse_dag.py                            1           0  0.56s           2026-09-17T14:00:37
/opt/airflow/dags/extraction_dag.py                           1           0  0.33s           2026-09-17T14:00:54
================================================================================
[2026-09-17T14:01:30.255+0000] {manager.py:878} INFO - 
================================================================================
DAG File Processing Stats

File Path                            PID    Runtime      # DAGs    # Errors  Last Runtime    Last Run
-----------------------------------  -----  ---------  --------  ----------  --------------  -------------------
/opt/airflow/dags/warehouse_dag.py                            1           0  0.51s           2026-09-17T14:01:08
/opt/airflow/dags/extraction_dag.py                           1           0  0.37s           2026-09-17T14:01:25
================================================================================
[2026-09-17T14:02:00.979+0000] {manager.py:878} INFO - 
================================================================================
DAG File Processing Stats

File Path                            PID    Runtime      # DAGs    # Errors  Last Runtime    Last Run
-----------------------------------  -----  ---------  --------  ----------  --------------  -------------------
/opt/airflow/dags/warehouse_dag.py                            1           0  0.55s           2026-09-17T14:01:39
/opt/airflow/dags/extraction_dag.py                           1           0  0.25s           2026-09-17T14:01:56
================================================================================
[2026-09-17T14:02:31.615+0000] {manager.py:878} INFO - 
================================================================================
DAG File Processing Stats

File Path                            PID    Runtime      # DAGs    # Errors  Last Runtime    Last Run
-----------------------------------  -----  ---------  --------  ----------  --------------  -------------------
/opt/airflow/dags/warehouse_dag.py                            1           0  0.51s           2026-09-17T14:02:09
/opt/airflow/dags/extraction_dag.py                           1           0  0.26s           2026-09-17T14:02:26
================================================================================
[2026-09-17T14:03:02.263+0000] {manager.py:878} INFO - 
================================================================================
DAG File Processing Stats

File Path                            PID    Runtime      # DAGs    # Errors  Last Runtime    Last Run
-----------------------------------  -----  ---------  --------  ----------  --------------  -------------------
/opt/airflow/dags/warehouse_dag.py                            1           0  0.46s           2026-09-17T14:02:40
/opt/airflow/dags/extraction_dag.py                           1           0  0.32s           2026-09-17T14:02:57
================================================================================
[2026-09-17T14:03:32.892+0000] {manager.py:878} INFO - 
================================================================================
DAG File Processing Stats

File Path                            PID    Runtime      # DAGs    # Errors  Last Runtime    Last Run
-----------------------------------  -----  ---------  --------  ----------  --------------  -------------------
/opt/airflow/dags/warehouse_dag.py                            1           0  0.56s           2026-09-17T14:03:11
/opt/airflow/dags/extraction_dag.py                           1           0  0.29s           2026-09-17T14:03:28
================================================================================
[2026-09-17T14:04:03.542+0000] {manager.py:878} INFO - 
================================================================================
DAG File Processing Stats

File Path                            PID    Runtime      # DAGs    # Errors  Last Runtime    Last Run
-----------------------------------  -----  ---------  --------  ----------  --------------  -------------------
/opt/airflow/dags/warehouse_dag.py                            1           0  0.56s           2026-09-17T14:03:41
/opt/airflow/dags/extraction_dag.py                           1           0  0.25s           2026-09-17T14:03:58
================================================================================
[2026-09-17T14:04:34.119+0000] {manager.py:878} INFO - 
================================================================================
DAG File Processing Stats

File Path                            PID    Runtime      # DAGs    # Errors  Last Runtime    Last Run
-----------------------------------  -----  ---------  --------  ----------  --------------  -------------------
/opt/airflow/dags/warehouse_dag.py                            1           0  0.62s           2026-09-17T14:04:12
/opt/airflow/dags/extraction_dag.py                           1           0  0.29s           2026-09-17T14:04:29
================================================================================
[2026-09-17T14:05:04.963+0000] {manager.py:878} INFO - 
================================================================================
DAG File Processing Stats

File Path                            PID    Runtime      # DAGs    # Errors  Last Runtime    Last Run
-----------------------------------  -----  ---------  --------  ----------  --------------  -------------------
/opt/airflow/dags/warehouse_dag.py                            1           0  0.50s           2026-09-17T14:04:43
/opt/airflow/dags/extraction_dag.py                           1           0  0.26s           2026-09-17T14:04:59
================================================================================
[2026-09-17T14:05:35.342+0000] {manager.py:878} INFO - 
================================================================================
DAG File Processing Stats

File Path                            PID    Runtime      # DAGs    # Errors  Last Runtime    Last Run
-----------------------------------  -----  ---------  --------  ----------  --------------  -------------------
/opt/airflow/dags/warehouse_dag.py                            1           0  0.48s           2026-09-17T14:05:14
/opt/airflow/dags/extraction_dag.py                           1           0  0.23s           2026-09-17T14:05:30
================================================================================
[2026-09-17T14:05:55.793+0000] {manager.py:737} INFO - Searching for files in /opt/airflow/dags
[2026-09-17T14:05:55.878+0000] {manager.py:740} INFO - There are 2 files in /opt/airflow/dags
[2026-09-17T14:06:06.041+0000] {manager.py:878} INFO - 
================================================================================
DAG File Processing Stats

File Path                            PID    Runtime      # DAGs    # Errors  Last Runtime    Last Run
-----------------------------------  -----  ---------  --------  ----------  --------------  -------------------
/opt/airflow/dags/warehouse_dag.py                            1           0  0.48s           2026-09-17T14:05:45
/opt/airflow/dags/extraction_dag.py                           1           0  0.29s           2026-09-17T14:06:01
================================================================================
[2026-09-17T14:06:36.682+0000] {manager.py:878} INFO - 
================================================================================
DAG File Processing Stats

File Path                            PID    Runtime      # DAGs    # Errors  Last Runtime    Last Run
-----------------------------------  -----  ---------  --------  ----------  --------------  -------------------
/opt/airflow/dags/warehouse_dag.py                            1           0  0.41s           2026-09-17T14:06:15
/opt/airflow/dags/extraction_dag.py                           1           0  0.29s           2026-09-17T14:06:31
================================================================================
[2026-09-17T14:07:07.374+0000] {manager.py:878} INFO - 
================================================================================
DAG File Processing Stats

File Path                            PID    Runtime      # DAGs    # Errors  Last Runtime    Last Run
-----------------------------------  -----  ---------  --------  ----------  --------------  -------------------
/opt/airflow/dags/warehouse_dag.py                            1           0  0.50s           2026-09-17T14:06:46
/opt/airflow/dags/extraction_dag.py                           1           0  0.26s           2026-09-17T14:07:02
================================================================================
[2026-09-17T14:07:38.074+0000] {manager.py:878} INFO - 
================================================================================
DAG File Processing Stats

File Path                            PID    Runtime      # DAGs    # Errors  Last Runtime    Last Run
-----------------------------------  -----  ---------  --------  ----------  --------------  -------------------
/opt/airflow/dags/warehouse_dag.py                            1           0  0.48s           2026-09-17T14:07:17
/opt/airflow/dags/extraction_dag.py                           1           0  0.27s           2026-09-17T14:07:33
================================================================================
[2026-09-17T14:08:08.747+0000] {manager.py:878} INFO - 
================================================================================
DAG File Processing Stats

File Path                            PID    Runtime      # DAGs    # Errors  Last Runtime    Last Run
-----------------------------------  -----  ---------  --------  ----------  --------------  -------------------
/opt/airflow/dags/warehouse_dag.py                            1           0  0.49s           2026-09-17T14:07:47
/opt/airflow/dags/extraction_dag.py                           1           0  0.20s           2026-09-17T14:08:03
================================================================================
[2026-09-17T14:08:39.386+0000] {manager.py:878} INFO - 
================================================================================
DAG File Processing Stats

File Path                            PID    Runtime      # DAGs    # Errors  Last Runtime    Last Run
-----------------------------------  -----  ---------  --------  ----------  --------------  -------------------
/opt/airflow/dags/warehouse_dag.py                            1           0  0.44s           2026-09-17T14:08:18
/opt/airflow/dags/extraction_dag.py                           1           0  0.22s           2026-09-17T14:08:34
================================================================================
[2026-09-17T14:09:09.979+0000] {manager.py:878} INFO - 
================================================================================
DAG File Processing Stats

File Path                            PID    Runtime      # DAGs    # Errors  Last Runtime    Last Run
-----------------------------------  -----  ---------  --------  ----------  --------------  -------------------
/opt/airflow/dags/warehouse_dag.py                            1           0  0.46s           2026-09-17T14:08:49
/opt/airflow/dags/extraction_dag.py                           1           0  0.26s           2026-09-17T14:09:05
================================================================================
[2026-09-17T14:09:40.023+0000] {manager.py:878} INFO - 
================================================================================
DAG File Processing Stats

File Path                            PID    Runtime      # DAGs    # Errors  Last Runtime    Last Run
-----------------------------------  -----  ---------  --------  ----------  --------------  -------------------
/opt/airflow/dags/warehouse_dag.py                            1           0  0.39s           2026-09-17T14:09:19
/opt/airflow/dags/extraction_dag.py                           1           0  0.37s           2026-09-17T14:09:35
================================================================================
[2026-09-17T14:10:10.496+0000] {manager.py:878} INFO - 
================================================================================
DAG File Processing Stats

File Path                            PID    Runtime      # DAGs    # Errors  Last Runtime    Last Run
-----------------------------------  -----  ---------  --------  ----------  --------------  -------------------
/opt/airflow/dags/warehouse_dag.py                            1           0  0.46s           2026-09-17T14:09:50
/opt/airflow/dags/extraction_dag.py                           1           0  0.27s           2026-09-17T14:10:06
================================================================================
[2026-09-17T14:10:41.110+0000] {manager.py:878} INFO - 
================================================================================
DAG File Processing Stats

File Path                            PID    Runtime      # DAGs    # Errors  Last Runtime    Last Run
-----------------------------------  -----  ---------  --------  ----------  --------------  -------------------
/opt/airflow/dags/warehouse_dag.py                            1           0  0.54s           2026-09-17T14:10:21
/opt/airflow/dags/extraction_dag.py                           1           0  0.19s           2026-09-17T14:10:37
================================================================================
[2026-09-17T14:10:55.929+0000] {manager.py:737} INFO - Searching for files in /opt/airflow/dags
[2026-09-17T14:10:56.010+0000] {manager.py:740} INFO - There are 2 files in /opt/airflow/dags
[2026-09-17T14:11:11.710+0000] {manager.py:878} INFO - 
================================================================================
DAG File Processing Stats

File Path                            PID    Runtime      # DAGs    # Errors  Last Runtime    Last Run
-----------------------------------  -----  ---------  --------  ----------  --------------  -------------------
/opt/airflow/dags/warehouse_dag.py                            1           0  0.43s           2026-09-17T14:10:51
/opt/airflow/dags/extraction_dag.py                           1           0  0.30s           2026-09-17T14:11:07
================================================================================
[2026-09-17T14:11:42.397+0000] {manager.py:878} INFO - 
================================================================================
DAG File Processing Stats

File Path                            PID    Runtime      # DAGs    # Errors  Last Runtime    Last Run
-----------------------------------  -----  ---------  --------  ----------  --------------  -------------------
/opt/airflow/dags/warehouse_dag.py                            1           0  0.42s           2026-09-17T14:11:22
/opt/airflow/dags/extraction_dag.py                           1           0  0.23s           2026-09-17T14:11:38
================================================================================
[2026-09-17T14:12:12.989+0000] {manager.py:878} INFO - 
================================================================================
DAG File Processing Stats

File Path                            PID    Runtime      # DAGs    # Errors  Last Runtime    Last Run
-----------------------------------  -----  ---------  --------  ----------  --------------  -------------------
/opt/airflow/dags/warehouse_dag.py                            1           0  0.43s           2026-09-17T14:11:53
/opt/airflow/dags/extraction_dag.py                           1           0  0.19s           2026-09-17T14:12:09
================================================================================
[2026-09-17T14:12:43.591+0000] {manager.py:878} INFO - 
================================================================================
DAG File Processing Stats

File Path                            PID    Runtime      # DAGs    # Errors  Last Runtime    Last Run
-----------------------------------  -----  ---------  --------  ----------  --------------  -------------------
/opt/airflow/dags/warehouse_dag.py                            1           0  0.42s           2026-09-17T14:12:23
/opt/airflow/dags/extraction_dag.py                           1           0  0.19s           2026-09-17T14:12:39
================================================================================
[2026-09-17T14:13:14.190+0000] {manager.py:878} INFO - 
================================================================================
DAG File Processing Stats

File Path                            PID    Runtime      # DAGs    # Errors  Last Runtime    Last Run
-----------------------------------  -----  ---------  --------  ----------  --------------  -------------------
/opt/airflow/dags/warehouse_dag.py                            1           0  0.46s           2026-09-17T14:12:54
/opt/airflow/dags/extraction_dag.py                           1           0  0.21s           2026-09-17T14:13:10
================================================================================
[2026-09-17T14:13:44.768+0000] {manager.py:878} INFO - 
================================================================================
DAG File Processing Stats

File Path                            PID    Runtime      # DAGs    # Errors  Last Runtime    Last Run
-----------------------------------  -----  ---------  --------  ----------  --------------  -------------------
/opt/airflow/dags/warehouse_dag.py                            1           0  0.43s           2026-09-17T14:13:24
/opt/airflow/dags/extraction_dag.py                           1           0  0.22s           2026-09-17T14:13:40
================================================================================
[2026-09-17T14:14:15.361+0000] {manager.py:878} INFO - 
================================================================================
DAG File Processing Stats

File Path                            PID    Runtime      # DAGs    # Errors  Last Runtime    Last Run
-----------------------------------  -----  ---------  --------  ----------  --------------  -------------------
/opt/airflow/dags/warehouse_dag.py                            1           0  0.40s           2026-09-17T14:13:55
/opt/airflow/dags/extraction_dag.py                           1           0  0.21s           2026-09-17T14:14:11
================================================================================
[2026-09-17T14:14:45.979+0000] {manager.py:878} INFO - 
================================================================================
DAG File Processing Stats

File Path                            PID    Runtime      # DAGs    # Errors  Last Runtime    Last Run
-----------------------------------  -----  ---------  --------  ----------  --------------  -------------------
/opt/airflow/dags/warehouse_dag.py                            1           0  0.41s           2026-09-17T14:14:26
/opt/airflow/dags/extraction_dag.py                           1           0  0.20s           2026-09-17T14:14:42
================================================================================
[2026-09-17T14:15:16.593+0000] {manager.py:878} INFO - 
================================================================================
DAG File Processing Stats

File Path                            PID    Runtime      # DAGs    # Errors  Last Runtime    Last Run
-----------------------------------  -----  ---------  --------  ----------  --------------  -------------------
/opt/airflow/dags/warehouse_dag.py                            1           0  0.42s           2026-09-17T14:14:56
/opt/airflow/dags/extraction_dag.py                           1           0  0.24s           2026-09-17T14:15:12
================================================================================
[2026-09-17T14:15:47.271+0000] {manager.py:878} INFO - 
================================================================================
DAG File Processing Stats

File Path                            PID    Runtime      # DAGs    # Errors  Last Runtime    Last Run
-----------------------------------  -----  ---------  --------  ----------  --------------  -------------------
/opt/airflow/dags/warehouse_dag.py                            1           0  0.50s           2026-09-17T14:15:27
/opt/airflow/dags/extraction_dag.py                           1           0  0.28s           2026-09-17T14:15:43
================================================================================
[2026-09-17T14:15:56.371+0000] {manager.py:737} INFO - Searching for files in /opt/airflow/dags
[2026-09-17T14:15:56.444+0000] {manager.py:740} INFO - There are 2 files in /opt/airflow/dags
[2026-09-17T14:16:17.913+0000] {manager.py:878} INFO - 
================================================================================
DAG File Processing Stats

File Path                            PID    Runtime      # DAGs    # Errors  Last Runtime    Last Run
-----------------------------------  -----  ---------  --------  ----------  --------------  -------------------
/opt/airflow/dags/warehouse_dag.py                            1           0  0.42s           2026-09-17T14:15:57
/opt/airflow/dags/extraction_dag.py                           1           0  0.23s           2026-09-17T14:16:14
================================================================================
[2026-09-17T14:16:48.689+0000] {manager.py:878} INFO - 
================================================================================
DAG File Processing Stats

File Path                            PID    Runtime      # DAGs    # Errors  Last Runtime    Last Run
-----------------------------------  -----  ---------  --------  ----------  --------------  -------------------
/opt/airflow/dags/warehouse_dag.py                            1           0  0.41s           2026-09-17T14:16:28
/opt/airflow/dags/extraction_dag.py                           1           0  0.25s           2026-09-17T14:16:44
================================================================================
[2026-09-17T14:17:19.115+0000] {manager.py:878} INFO - 
================================================================================
DAG File Processing Stats

File Path                            PID    Runtime      # DAGs    # Errors  Last Runtime    Last Run
-----------------------------------  -----  ---------  --------  ----------  --------------  -------------------
/opt/airflow/dags/warehouse_dag.py                            1           0  0.45s           2026-09-17T14:16:59
/opt/airflow/dags/extraction_dag.py                           1           0  0.21s           2026-09-17T14:17:15
================================================================================
[2026-09-17T14:17:49.672+0000] {manager.py:878} INFO - 
================================================================================
DAG File Processing Stats

File Path                            PID    Runtime      # DAGs    # Errors  Last Runtime    Last Run
-----------------------------------  -----  ---------  --------  ----------  --------------  -------------------
/opt/airflow/dags/warehouse_dag.py                            1           0  0.50s           2026-09-17T14:17:29
/opt/airflow/dags/extraction_dag.py                           1           0  0.26s           2026-09-17T14:17:45
================================================================================
[2026-09-17T14:18:20.303+0000] {manager.py:878} INFO - 
================================================================================
DAG File Processing Stats

File Path                            PID    Runtime      # DAGs    # Errors  Last Runtime    Last Run
-----------------------------------  -----  ---------  --------  ----------  --------------  -------------------
/opt/airflow/dags/warehouse_dag.py                            1           0  0.54s           2026-09-17T14:18:00
/opt/airflow/dags/extraction_dag.py                           1           0  0.25s           2026-09-17T14:18:16
================================================================================
[2026-09-17T14:18:51.017+0000] {manager.py:878} INFO - 
================================================================================
DAG File Processing Stats

File Path                            PID    Runtime      # DAGs    # Errors  Last Runtime    Last Run
-----------------------------------  -----  ---------  --------  ----------  --------------  -------------------
/opt/airflow/dags/warehouse_dag.py                            1           0  0.45s           2026-09-17T14:18:31
/opt/airflow/dags/extraction_dag.py                           1           0  0.23s           2026-09-17T14:18:47
================================================================================
[2026-09-17T14:19:21.631+0000] {manager.py:878} INFO - 
================================================================================
DAG File Processing Stats

File Path                            PID    Runtime      # DAGs    # Errors  Last Runtime    Last Run
-----------------------------------  -----  ---------  --------  ----------  --------------  -------------------
/opt/airflow/dags/warehouse_dag.py                            1           0  0.43s           2026-09-17T14:19:01
/opt/airflow/dags/extraction_dag.py                           1           0  0.21s           2026-09-17T14:19:17
================================================================================
[2026-09-17T14:19:52.266+0000] {manager.py:878} INFO - 
================================================================================
DAG File Processing Stats

File Path                            PID    Runtime      # DAGs    # Errors  Last Runtime    Last Run
-----------------------------------  -----  ---------  --------  ----------  --------------  -------------------
/opt/airflow/dags/warehouse_dag.py                            1           0  0.44s           2026-09-17T14:19:32
/opt/airflow/dags/extraction_dag.py                           1           0  0.21s           2026-09-17T14:19:48
================================================================================
[2026-09-17T14:20:22.919+0000] {manager.py:878} INFO - 
================================================================================
DAG File Processing Stats

File Path                            PID    Runtime      # DAGs    # Errors  Last Runtime    Last Run
-----------------------------------  -----  ---------  --------  ----------  --------------  -------------------
/opt/airflow/dags/warehouse_dag.py                            1           0  0.45s           2026-09-17T14:20:03
/opt/airflow/dags/extraction_dag.py                           1           0  0.24s           2026-09-17T14:20:19
================================================================================
[2026-09-17T14:20:53.559+0000] {manager.py:878} INFO - 
================================================================================
DAG File Processing Stats

File Path                            PID    Runtime      # DAGs    # Errors  Last Runtime    Last Run
-----------------------------------  -----  ---------  --------  ----------  --------------  -------------------
/opt/airflow/dags/warehouse_dag.py                            1           0  0.45s           2026-09-17T14:20:33
/opt/airflow/dags/extraction_dag.py                           1           0  0.22s           2026-09-17T14:20:49
================================================================================
[2026-09-17T14:20:56.590+0000] {manager.py:737} INFO - Searching for files in /opt/airflow/dags
[2026-09-17T14:20:56.646+0000] {manager.py:740} INFO - There are 2 files in /opt/airflow/dags
[2026-09-17T14:21:24.180+0000] {manager.py:878} INFO - 
================================================================================
DAG File Processing Stats

File Path                            PID    Runtime      # DAGs    # Errors  Last Runtime    Last Run
-----------------------------------  -----  ---------  --------  ----------  --------------  -------------------
/opt/airflow/dags/warehouse_dag.py                            1           0  0.48s           2026-09-17T14:21:04
/opt/airflow/dags/extraction_dag.py                           1           0  0.22s           2026-09-17T14:21:20
================================================================================
[2026-09-17T14:21:54.929+0000] {manager.py:878} INFO - 
================================================================================
DAG File Processing Stats

File Path                            PID    Runtime      # DAGs    # Errors  Last Runtime    Last Run
-----------------------------------  -----  ---------  --------  ----------  --------------  -------------------
/opt/airflow/dags/warehouse_dag.py                            1           0  0.37s           2026-09-17T14:21:34
/opt/airflow/dags/extraction_dag.py                           1           0  0.21s           2026-09-17T14:21:50
================================================================================
[2026-09-17T14:22:25.322+0000] {manager.py:878} INFO - 
================================================================================
DAG File Processing Stats

File Path                            PID    Runtime      # DAGs    # Errors  Last Runtime    Last Run
-----------------------------------  -----  ---------  --------  ----------  --------------  -------------------
/opt/airflow/dags/warehouse_dag.py                            1           0  0.46s           2026-09-17T14:22:05
/opt/airflow/dags/extraction_dag.py                           1           0  0.24s           2026-09-17T14:22:21
================================================================================
[2026-09-17T14:22:55.961+0000] {manager.py:878} INFO - 
================================================================================
DAG File Processing Stats

File Path                            PID    Runtime      # DAGs    # Errors  Last Runtime    Last Run
-----------------------------------  -----  ---------  --------  ----------  --------------  -------------------
/opt/airflow/dags/warehouse_dag.py                            1           0  0.43s           2026-09-17T14:22:36
/opt/airflow/dags/extraction_dag.py                           1           0  0.22s           2026-09-17T14:22:52
================================================================================
[2026-09-17T14:23:26.618+0000] {manager.py:878} INFO - 
================================================================================
DAG File Processing Stats

File Path                            PID    Runtime      # DAGs    # Errors  Last Runtime    Last Run
-----------------------------------  -----  ---------  --------  ----------  --------------  -------------------
/opt/airflow/dags/warehouse_dag.py                            1           0  0.42s           2026-09-17T14:23:06
/opt/airflow/dags/extraction_dag.py                           1           0  0.25s           2026-09-17T14:23:22
================================================================================
[2026-09-17T14:23:57.289+0000] {manager.py:878} INFO - 
================================================================================
DAG File Processing Stats

File Path                            PID    Runtime      # DAGs    # Errors  Last Runtime    Last Run
-----------------------------------  -----  ---------  --------  ----------  --------------  -------------------
/opt/airflow/dags/warehouse_dag.py                            1           0  0.42s           2026-09-17T14:23:37
/opt/airflow/dags/extraction_dag.py                           1           0  0.22s           2026-09-17T14:23:53
================================================================================
[2026-09-17T14:24:27.933+0000] {manager.py:878} INFO - 
================================================================================
DAG File Processing Stats

File Path                            PID    Runtime      # DAGs    # Errors  Last Runtime    Last Run
-----------------------------------  -----  ---------  --------  ----------  --------------  -------------------
/opt/airflow/dags/warehouse_dag.py                            1           0  0.43s           2026-09-17T14:24:08
/opt/airflow/dags/extraction_dag.py                           1           0  0.20s           2026-09-17T14:24:24
================================================================================
[2026-09-17T14:24:58.520+0000] {manager.py:878} INFO - 
================================================================================
DAG File Processing Stats

File Path                            PID    Runtime      # DAGs    # Errors  Last Runtime    Last Run
-----------------------------------  -----  ---------  --------  ----------  --------------  -------------------
/opt/airflow/dags/warehouse_dag.py                            1           0  0.41s           2026-09-17T14:24:38
/opt/airflow/dags/extraction_dag.py                           1           0  0.23s           2026-09-17T14:24:54
================================================================================
[2026-09-17T14:25:29.181+0000] {manager.py:878} INFO - 
================================================================================
DAG File Processing Stats

File Path                            PID    Runtime      # DAGs    # Errors  Last Runtime    Last Run
-----------------------------------  -----  ---------  --------  ----------  --------------  -------------------
/opt/airflow/dags/warehouse_dag.py                            1           0  0.42s           2026-09-17T14:25:09
/opt/airflow/dags/extraction_dag.py                           1           0  0.27s           2026-09-17T14:25:25
================================================================================
[2026-09-17T14:25:56.758+0000] {manager.py:737} INFO - Searching for files in /opt/airflow/dags
[2026-09-17T14:25:56.843+0000] {manager.py:740} INFO - There are 2 files in /opt/airflow/dags
[2026-09-17T14:25:59.912+0000] {manager.py:878} INFO - 
================================================================================
DAG File Processing Stats

File Path                            PID    Runtime      # DAGs    # Errors  Last Runtime    Last Run
-----------------------------------  -----  ---------  --------  ----------  --------------  -------------------
/opt/airflow/dags/warehouse_dag.py                            1           0  0.62s           2026-09-17T14:25:40
/opt/airflow/dags/extraction_dag.py                           1           0  0.25s           2026-09-17T14:25:55
================================================================================
[2026-09-17T14:26:30.375+0000] {manager.py:878} INFO - 
================================================================================
DAG File Processing Stats

File Path                            PID    Runtime      # DAGs    # Errors  Last Runtime    Last Run
-----------------------------------  -----  ---------  --------  ----------  --------------  -------------------
/opt/airflow/dags/warehouse_dag.py                            1           0  0.51s           2026-09-17T14:26:11
/opt/airflow/dags/extraction_dag.py                           1           0  0.27s           2026-09-17T14:26:26
================================================================================
[2026-09-17T14:27:00.948+0000] {manager.py:878} INFO - 
================================================================================
DAG File Processing Stats

File Path                            PID    Runtime      # DAGs    # Errors  Last Runtime    Last Run
-----------------------------------  -----  ---------  --------  ----------  --------------  -------------------
/opt/airflow/dags/warehouse_dag.py                            1           0  0.75s           2026-09-17T14:26:42
/opt/airflow/dags/extraction_dag.py                           1           0  0.30s           2026-09-17T14:26:56
================================================================================
[2026-09-17T14:27:31.391+0000] {manager.py:878} INFO - 
================================================================================
DAG File Processing Stats

File Path                            PID    Runtime      # DAGs    # Errors  Last Runtime    Last Run
-----------------------------------  -----  ---------  --------  ----------  --------------  -------------------
/opt/airflow/dags/warehouse_dag.py                            1           0  0.66s           2026-09-17T14:27:13
/opt/airflow/dags/extraction_dag.py                           1           0  0.39s           2026-09-17T14:27:27
================================================================================
[2026-09-17T14:28:02.128+0000] {manager.py:878} INFO - 
================================================================================
DAG File Processing Stats

File Path                            PID    Runtime      # DAGs    # Errors  Last Runtime    Last Run
-----------------------------------  -----  ---------  --------  ----------  --------------  -------------------
/opt/airflow/dags/warehouse_dag.py                            1           0  0.54s           2026-09-17T14:27:44
/opt/airflow/dags/extraction_dag.py                           1           0  0.25s           2026-09-17T14:27:58
================================================================================
[2026-09-17T14:28:32.697+0000] {manager.py:878} INFO - 
================================================================================
DAG File Processing Stats

File Path                            PID    Runtime      # DAGs    # Errors  Last Runtime    Last Run
-----------------------------------  -----  ---------  --------  ----------  --------------  -------------------
/opt/airflow/dags/warehouse_dag.py                            1           0  0.42s           2026-09-17T14:28:14
/opt/airflow/dags/extraction_dag.py                           1           0  0.30s           2026-09-17T14:28:28
================================================================================
[2026-09-17T14:29:03.366+0000] {manager.py:878} INFO - 
================================================================================
DAG File Processing Stats

File Path                            PID    Runtime      # DAGs    # Errors  Last Runtime    Last Run
-----------------------------------  -----  ---------  --------  ----------  --------------  -------------------
/opt/airflow/dags/warehouse_dag.py                            1           0  0.46s           2026-09-17T14:28:45
/opt/airflow/dags/extraction_dag.py                           1           0  0.27s           2026-09-17T14:28:59
================================================================================
[2026-09-17T14:29:33.955+0000] {manager.py:878} INFO - 
================================================================================
DAG File Processing Stats

File Path                            PID    Runtime      # DAGs    # Errors  Last Runtime    Last Run
-----------------------------------  -----  ---------  --------  ----------  --------------  -------------------
/opt/airflow/dags/warehouse_dag.py                            1           0  0.51s           2026-09-17T14:29:16
/opt/airflow/dags/extraction_dag.py                           1           0  0.31s           2026-09-17T14:29:30
================================================================================
[2026-09-17T14:30:04.348+0000] {manager.py:878} INFO - 
================================================================================
DAG File Processing Stats

File Path                            PID    Runtime      # DAGs    # Errors  Last Runtime    Last Run
-----------------------------------  -----  ---------  --------  ----------  --------------  -------------------
/opt/airflow/dags/warehouse_dag.py                            1           0  0.75s           2026-09-17T14:29:47
/opt/airflow/dags/extraction_dag.py                           1           0  0.27s           2026-09-17T14:30:00
================================================================================
[2026-09-17T14:30:34.919+0000] {manager.py:878} INFO - 
================================================================================
DAG File Processing Stats

File Path                            PID    Runtime      # DAGs    # Errors  Last Runtime    Last Run
-----------------------------------  -----  ---------  --------  ----------  --------------  -------------------
/opt/airflow/dags/warehouse_dag.py                            1           0  0.69s           2026-09-17T14:30:18
/opt/airflow/dags/extraction_dag.py                           1           0  0.25s           2026-09-17T14:30:31
================================================================================
[2026-09-17T14:30:56.865+0000] {manager.py:737} INFO - Searching for files in /opt/airflow/dags
[2026-09-17T14:30:56.947+0000] {manager.py:740} INFO - There are 2 files in /opt/airflow/dags
[2026-09-17T14:31:05.519+0000] {manager.py:878} INFO - 
================================================================================
DAG File Processing Stats

File Path                            PID    Runtime      # DAGs    # Errors  Last Runtime    Last Run
-----------------------------------  -----  ---------  --------  ----------  --------------  -------------------
/opt/airflow/dags/warehouse_dag.py                            1           0  0.48s           2026-09-17T14:30:48
/opt/airflow/dags/extraction_dag.py                           1           0  0.23s           2026-09-17T14:31:01
================================================================================
[2026-09-17T14:31:36.148+0000] {manager.py:878} INFO - 
================================================================================
DAG File Processing Stats

File Path                            PID    Runtime      # DAGs    # Errors  Last Runtime    Last Run
-----------------------------------  -----  ---------  --------  ----------  --------------  -------------------
/opt/airflow/dags/warehouse_dag.py                            1           0  0.43s           2026-09-17T14:31:19
/opt/airflow/dags/extraction_dag.py                           1           0  0.23s           2026-09-17T14:31:32
================================================================================
[2026-09-17T14:32:06.733+0000] {manager.py:878} INFO - 
================================================================================
DAG File Processing Stats

File Path                            PID    Runtime      # DAGs    # Errors  Last Runtime    Last Run
-----------------------------------  -----  ---------  --------  ----------  --------------  -------------------
/opt/airflow/dags/warehouse_dag.py                            1           0  0.44s           2026-09-17T14:31:49
/opt/airflow/dags/extraction_dag.py                           1           0  0.23s           2026-09-17T14:32:02
================================================================================
[2026-09-17T14:32:37.305+0000] {manager.py:878} INFO - 
================================================================================
DAG File Processing Stats

File Path                            PID    Runtime      # DAGs    # Errors  Last Runtime    Last Run
-----------------------------------  -----  ---------  --------  ----------  --------------  -------------------
/opt/airflow/dags/warehouse_dag.py                            1           0  0.47s           2026-09-17T14:32:20
/opt/airflow/dags/extraction_dag.py                           1           0  0.31s           2026-09-17T14:32:33
================================================================================
[2026-09-17T14:33:08.062+0000] {manager.py:878} INFO - 
================================================================================
DAG File Processing Stats

File Path                            PID    Runtime      # DAGs    # Errors  Last Runtime    Last Run
-----------------------------------  -----  ---------  --------  ----------  --------------  -------------------
/opt/airflow/dags/warehouse_dag.py                            1           0  0.45s           2026-09-17T14:32:51
/opt/airflow/dags/extraction_dag.py                           1           0  0.22s           2026-09-17T14:33:04
================================================================================
[2026-09-17T14:33:38.671+0000] {manager.py:878} INFO - 
================================================================================
DAG File Processing Stats

File Path                            PID    Runtime      # DAGs    # Errors  Last Runtime    Last Run
-----------------------------------  -----  ---------  --------  ----------  --------------  -------------------
/opt/airflow/dags/warehouse_dag.py                            1           0  0.40s           2026-09-17T14:33:21
/opt/airflow/dags/extraction_dag.py                           1           0  0.31s           2026-09-17T14:33:34
================================================================================
[2026-09-17T14:34:09.413+0000] {manager.py:878} INFO - 
================================================================================
DAG File Processing Stats

File Path                            PID    Runtime      # DAGs    # Errors  Last Runtime    Last Run
-----------------------------------  -----  ---------  --------  ----------  --------------  -------------------
/opt/airflow/dags/warehouse_dag.py                            1           0  0.48s           2026-09-17T14:33:52
/opt/airflow/dags/extraction_dag.py                           1           0  0.23s           2026-09-17T14:34:05
================================================================================
[2026-09-17T14:34:40.080+0000] {manager.py:878} INFO - 
================================================================================
DAG File Processing Stats

File Path                            PID    Runtime      # DAGs    # Errors  Last Runtime    Last Run
-----------------------------------  -----  ---------  --------  ----------  --------------  -------------------
/opt/airflow/dags/warehouse_dag.py                            1           0  0.53s           2026-09-17T14:34:23
/opt/airflow/dags/extraction_dag.py                           1           0  0.35s           2026-09-17T14:34:36
================================================================================
[2026-09-17T14:35:10.104+0000] {manager.py:878} INFO - 
================================================================================
DAG File Processing Stats

File Path                            PID    Runtime      # DAGs    # Errors  Last Runtime    Last Run
-----------------------------------  -----  ---------  --------  ----------  --------------  -------------------
/opt/airflow/dags/warehouse_dag.py                            1           0  0.53s           2026-09-17T14:34:54
/opt/airflow/dags/extraction_dag.py                           1           0  0.29s           2026-09-17T14:35:07
================================================================================
[2026-09-17T14:35:40.530+0000] {manager.py:878} INFO - 
================================================================================
DAG File Processing Stats

File Path                            PID    Runtime      # DAGs    # Errors  Last Runtime    Last Run
-----------------------------------  -----  ---------  --------  ----------  --------------  -------------------
/opt/airflow/dags/warehouse_dag.py                            1           0  0.48s           2026-09-17T14:35:24
/opt/airflow/dags/extraction_dag.py                           1           0  0.26s           2026-09-17T14:35:37
================================================================================
[2026-09-17T14:35:56.977+0000] {manager.py:737} INFO - Searching for files in /opt/airflow/dags
[2026-09-17T14:35:57.058+0000] {manager.py:740} INFO - There are 2 files in /opt/airflow/dags
[2026-09-17T14:36:11.249+0000] {manager.py:878} INFO - 
================================================================================
DAG File Processing Stats

File Path                            PID    Runtime      # DAGs    # Errors  Last Runtime    Last Run
-----------------------------------  -----  ---------  --------  ----------  --------------  -------------------
/opt/airflow/dags/warehouse_dag.py                            1           0  0.45s           2026-09-17T14:35:55
/opt/airflow/dags/extraction_dag.py                           1           0  0.25s           2026-09-17T14:36:08
================================================================================
[2026-09-17T14:36:42.046+0000] {manager.py:878} INFO - 
================================================================================
DAG File Processing Stats

File Path                            PID    Runtime      # DAGs    # Errors  Last Runtime    Last Run
-----------------------------------  -----  ---------  --------  ----------  --------------  -------------------
/opt/airflow/dags/warehouse_dag.py                            1           0  0.43s           2026-09-17T14:36:25
/opt/airflow/dags/extraction_dag.py                           1           0  0.21s           2026-09-17T14:36:39
================================================================================
[2026-09-17T14:37:12.505+0000] {manager.py:878} INFO - 
================================================================================
DAG File Processing Stats

File Path                            PID    Runtime      # DAGs    # Errors  Last Runtime    Last Run
-----------------------------------  -----  ---------  --------  ----------  --------------  -------------------
/opt/airflow/dags/warehouse_dag.py                            1           0  0.45s           2026-09-17T14:36:56
/opt/airflow/dags/extraction_dag.py                           1           0  0.27s           2026-09-17T14:37:09
================================================================================
[2026-09-17T14:37:43.170+0000] {manager.py:878} INFO - 
================================================================================
DAG File Processing Stats

File Path                            PID    Runtime      # DAGs    # Errors  Last Runtime    Last Run
-----------------------------------  -----  ---------  --------  ----------  --------------  -------------------
/opt/airflow/dags/warehouse_dag.py                            1           0  0.43s           2026-09-17T14:37:27
/opt/airflow/dags/extraction_dag.py                           1           0  0.24s           2026-09-17T14:37:40
================================================================================
[2026-09-17T14:38:13.783+0000] {manager.py:878} INFO - 
================================================================================
DAG File Processing Stats

File Path                            PID    Runtime      # DAGs    # Errors  Last Runtime    Last Run
-----------------------------------  -----  ---------  --------  ----------  --------------  -------------------
/opt/airflow/dags/warehouse_dag.py                            1           0  0.43s           2026-09-17T14:37:57
/opt/airflow/dags/extraction_dag.py                           1           0  0.23s           2026-09-17T14:38:10
================================================================================
[2026-09-17T14:38:44.378+0000] {manager.py:878} INFO - 
================================================================================
DAG File Processing Stats

File Path                            PID    Runtime      # DAGs    # Errors  Last Runtime    Last Run
-----------------------------------  -----  ---------  --------  ----------  --------------  -------------------
/opt/airflow/dags/warehouse_dag.py                            1           0  0.40s           2026-09-17T14:38:28
/opt/airflow/dags/extraction_dag.py                           1           0  0.25s           2026-09-17T14:38:41
================================================================================
[2026-09-17T14:39:15.157+0000] {manager.py:878} INFO - 
================================================================================
DAG File Processing Stats

File Path                            PID    Runtime      # DAGs    # Errors  Last Runtime    Last Run
-----------------------------------  -----  ---------  --------  ----------  --------------  -------------------
/opt/airflow/dags/warehouse_dag.py                            1           0  0.41s           2026-09-17T14:38:58
/opt/airflow/dags/extraction_dag.py                           1           0  0.26s           2026-09-17T14:39:12
================================================================================
[2026-09-17T14:39:45.670+0000] {manager.py:878} INFO - 
================================================================================
DAG File Processing Stats

File Path                            PID    Runtime      # DAGs    # Errors  Last Runtime    Last Run
-----------------------------------  -----  ---------  --------  ----------  --------------  -------------------
/opt/airflow/dags/warehouse_dag.py                            1           0  0.46s           2026-09-17T14:39:29
/opt/airflow/dags/extraction_dag.py                           1           0  0.25s           2026-09-17T14:39:42
================================================================================
[2026-09-17T14:40:16.206+0000] {manager.py:878} INFO - 
================================================================================
DAG File Processing Stats

File Path                            PID    Runtime      # DAGs    # Errors  Last Runtime    Last Run
-----------------------------------  -----  ---------  --------  ----------  --------------  -------------------
/opt/airflow/dags/warehouse_dag.py                            1           0  0.48s           2026-09-17T14:40:00
/opt/airflow/dags/extraction_dag.py                           1           0  0.25s           2026-09-17T14:40:13
================================================================================
[2026-09-17T14:40:46.805+0000] {manager.py:878} INFO - 
================================================================================
DAG File Processing Stats

File Path                            PID    Runtime      # DAGs    # Errors  Last Runtime    Last Run
-----------------------------------  -----  ---------  --------  ----------  --------------  -------------------
/opt/airflow/dags/warehouse_dag.py                            1           0  0.40s           2026-09-17T14:40:30
/opt/airflow/dags/extraction_dag.py                           1           0  0.26s           2026-09-17T14:40:44
================================================================================
[2026-09-17T14:40:57.188+0000] {manager.py:737} INFO - Searching for files in /opt/airflow/dags
[2026-09-17T14:40:57.300+0000] {manager.py:740} INFO - There are 2 files in /opt/airflow/dags
[2026-09-17T14:41:16.854+0000] {manager.py:878} INFO - 
================================================================================
DAG File Processing Stats

File Path                            PID    Runtime      # DAGs    # Errors  Last Runtime    Last Run
-----------------------------------  -----  ---------  --------  ----------  --------------  -------------------
/opt/airflow/dags/warehouse_dag.py                            1           0  0.44s           2026-09-17T14:41:01
/opt/airflow/dags/extraction_dag.py                           1           0  0.26s           2026-09-17T14:41:14
================================================================================
[2026-09-17T14:41:47.248+0000] {manager.py:878} INFO - 
================================================================================
DAG File Processing Stats

File Path                            PID    Runtime      # DAGs    # Errors  Last Runtime    Last Run
-----------------------------------  -----  ---------  --------  ----------  --------------  -------------------
/opt/airflow/dags/warehouse_dag.py                            1           0  0.45s           2026-09-17T14:41:32
/opt/airflow/dags/extraction_dag.py                           1           0  0.19s           2026-09-17T14:41:45
================================================================================
[2026-09-17T14:42:17.857+0000] {manager.py:878} INFO - 
================================================================================
DAG File Processing Stats

File Path                            PID    Runtime      # DAGs    # Errors  Last Runtime    Last Run
-----------------------------------  -----  ---------  --------  ----------  --------------  -------------------
/opt/airflow/dags/warehouse_dag.py                            1           0  0.44s           2026-09-17T14:42:03
/opt/airflow/dags/extraction_dag.py                           1           0  0.25s           2026-09-17T14:42:16
================================================================================
[2026-09-17T14:42:48.504+0000] {manager.py:878} INFO - 
================================================================================
DAG File Processing Stats

File Path                            PID    Runtime      # DAGs    # Errors  Last Runtime    Last Run
-----------------------------------  -----  ---------  --------  ----------  --------------  -------------------
/opt/airflow/dags/warehouse_dag.py                            1           0  0.48s           2026-09-17T14:42:33
/opt/airflow/dags/extraction_dag.py                           1           0  0.27s           2026-09-17T14:42:46
================================================================================
[2026-09-17T14:43:19.179+0000] {manager.py:878} INFO - 
================================================================================
DAG File Processing Stats

File Path                            PID    Runtime      # DAGs    # Errors  Last Runtime    Last Run
-----------------------------------  -----  ---------  --------  ----------  --------------  -------------------
/opt/airflow/dags/warehouse_dag.py                            1           0  0.42s           2026-09-17T14:43:04
/opt/airflow/dags/extraction_dag.py                           1           0  0.21s           2026-09-17T14:43:17
================================================================================
[2026-09-17T14:43:49.802+0000] {manager.py:878} INFO - 
================================================================================
DAG File Processing Stats

File Path                            PID    Runtime      # DAGs    # Errors  Last Runtime    Last Run
-----------------------------------  -----  ---------  --------  ----------  --------------  -------------------
/opt/airflow/dags/warehouse_dag.py                            1           0  0.40s           2026-09-17T14:43:35
/opt/airflow/dags/extraction_dag.py                           1           0  0.23s           2026-09-17T14:43:48
================================================================================
[2026-09-17T14:44:20.428+0000] {manager.py:878} INFO - 
================================================================================
DAG File Processing Stats

File Path                            PID    Runtime      # DAGs    # Errors  Last Runtime    Last Run
-----------------------------------  -----  ---------  --------  ----------  --------------  -------------------
/opt/airflow/dags/warehouse_dag.py                            1           0  0.44s           2026-09-17T14:44:05
/opt/airflow/dags/extraction_dag.py                           1           0  0.21s           2026-09-17T14:44:18
================================================================================
[2026-09-17T14:44:51.020+0000] {manager.py:878} INFO - 
================================================================================
DAG File Processing Stats

File Path                            PID    Runtime      # DAGs    # Errors  Last Runtime    Last Run
-----------------------------------  -----  ---------  --------  ----------  --------------  -------------------
/opt/airflow/dags/warehouse_dag.py                            1           0  0.44s           2026-09-17T14:44:36
/opt/airflow/dags/extraction_dag.py                           1           0  0.21s           2026-09-17T14:44:49
================================================================================
[2026-09-17T14:45:21.655+0000] {manager.py:878} INFO - 
================================================================================
DAG File Processing Stats

File Path                            PID    Runtime      # DAGs    # Errors  Last Runtime    Last Run
-----------------------------------  -----  ---------  --------  ----------  --------------  -------------------
/opt/airflow/dags/warehouse_dag.py                            1           0  0.41s           2026-09-17T14:45:06
/opt/airflow/dags/extraction_dag.py                           1           0  0.21s           2026-09-17T14:45:19
================================================================================
[2026-09-17T14:45:52.265+0000] {manager.py:878} INFO - 
================================================================================
DAG File Processing Stats

File Path                            PID    Runtime      # DAGs    # Errors  Last Runtime    Last Run
-----------------------------------  -----  ---------  --------  ----------  --------------  -------------------
/opt/airflow/dags/warehouse_dag.py                            1           0  0.43s           2026-09-17T14:45:37
/opt/airflow/dags/extraction_dag.py                           1           0  0.22s           2026-09-17T14:45:50
================================================================================
[2026-09-17T14:45:57.326+0000] {manager.py:737} INFO - Searching for files in /opt/airflow/dags
[2026-09-17T14:45:57.429+0000] {manager.py:740} INFO - There are 2 files in /opt/airflow/dags
[2026-09-17T14:46:22.881+0000] {manager.py:878} INFO - 
================================================================================
DAG File Processing Stats

File Path                            PID    Runtime      # DAGs    # Errors  Last Runtime    Last Run
-----------------------------------  -----  ---------  --------  ----------  --------------  -------------------
/opt/airflow/dags/warehouse_dag.py                            1           0  0.40s           2026-09-17T14:46:08
/opt/airflow/dags/extraction_dag.py                           1           0  0.22s           2026-09-17T14:46:21
================================================================================
[2026-09-17T14:46:53.450+0000] {manager.py:878} INFO - 
================================================================================
DAG File Processing Stats

File Path                            PID    Runtime      # DAGs    # Errors  Last Runtime    Last Run
-----------------------------------  -----  ---------  --------  ----------  --------------  -------------------
/opt/airflow/dags/warehouse_dag.py                            1           0  0.48s           2026-09-17T14:46:38
/opt/airflow/dags/extraction_dag.py                           1           0  0.26s           2026-09-17T14:46:51
================================================================================
[2026-09-17T14:47:24.247+0000] {manager.py:878} INFO - 
================================================================================
DAG File Processing Stats

File Path                            PID    Runtime      # DAGs    # Errors  Last Runtime    Last Run
-----------------------------------  -----  ---------  --------  ----------  --------------  -------------------
/opt/airflow/dags/warehouse_dag.py                            1           0  0.42s           2026-09-17T14:47:09
/opt/airflow/dags/extraction_dag.py                           1           0  0.24s           2026-09-17T14:47:22
================================================================================
[2026-09-17T14:47:54.725+0000] {manager.py:878} INFO - 
================================================================================
DAG File Processing Stats

File Path                            PID    Runtime      # DAGs    # Errors  Last Runtime    Last Run
-----------------------------------  -----  ---------  --------  ----------  --------------  -------------------
/opt/airflow/dags/warehouse_dag.py                            1           0  0.42s           2026-09-17T14:47:39
/opt/airflow/dags/extraction_dag.py                           1           0  0.21s           2026-09-17T14:47:52
================================================================================
[2026-09-17T14:49:17.208+0000] {manager.py:878} INFO - 
================================================================================
DAG File Processing Stats

File Path                            PID    Runtime      # DAGs    # Errors  Last Runtime    Last Run
-----------------------------------  -----  ---------  --------  ----------  --------------  -------------------
/opt/airflow/dags/warehouse_dag.py                            1           0  0.82s           2026-09-17T14:49:17
/opt/airflow/dags/extraction_dag.py                           1           0  0.35s           2026-09-17T14:49:16
================================================================================
[2026-09-17T14:49:47.335+0000] {manager.py:878} INFO - 
================================================================================
DAG File Processing Stats

File Path                              PID  Runtime      # DAGs    # Errors  Last Runtime    Last Run
-----------------------------------  -----  ---------  --------  ----------  --------------  -------------------
/opt/airflow/dags/warehouse_dag.py    1810  0.00s             1           0  0.82s           2026-09-17T14:49:17
/opt/airflow/dags/extraction_dag.py                           1           0  0.25s           2026-09-17T14:49:47
================================================================================
[2026-09-17T14:50:17.683+0000] {manager.py:878} INFO - 
================================================================================
DAG File Processing Stats

File Path                              PID  Runtime      # DAGs    # Errors  Last Runtime    Last Run
-----------------------------------  -----  ---------  --------  ----------  --------------  -------------------
/opt/airflow/dags/warehouse_dag.py                            1           0  0.48s           2026-09-17T14:49:47
/opt/airflow/dags/extraction_dag.py   1818  0.00s             1           0  0.25s           2026-09-17T14:49:47
================================================================================
[2026-09-17T14:50:47.724+0000] {manager.py:878} INFO - 
================================================================================
DAG File Processing Stats

File Path                            PID    Runtime      # DAGs    # Errors  Last Runtime    Last Run
-----------------------------------  -----  ---------  --------  ----------  --------------  -------------------
/opt/airflow/dags/warehouse_dag.py                            1           0  0.44s           2026-09-17T14:50:18
/opt/airflow/dags/extraction_dag.py                           1           0  0.26s           2026-09-17T14:50:17
================================================================================
[2026-09-17T14:50:57.746+0000] {manager.py:737} INFO - Searching for files in /opt/airflow/dags
[2026-09-17T14:50:57.824+0000] {manager.py:740} INFO - There are 2 files in /opt/airflow/dags
[2026-09-17T14:51:18.065+0000] {manager.py:878} INFO - 
================================================================================
DAG File Processing Stats

File Path                            PID    Runtime      # DAGs    # Errors  Last Runtime    Last Run
-----------------------------------  -----  ---------  --------  ----------  --------------  -------------------
/opt/airflow/dags/warehouse_dag.py                            1           0  0.50s           2026-09-17T14:50:49
/opt/airflow/dags/extraction_dag.py                           1           0  0.27s           2026-09-17T14:50:48
================================================================================
[2026-09-17T14:51:48.223+0000] {manager.py:878} INFO - 
================================================================================
DAG File Processing Stats

File Path                            PID    Runtime      # DAGs    # Errors  Last Runtime    Last Run
-----------------------------------  -----  ---------  --------  ----------  --------------  -------------------
/opt/airflow/dags/warehouse_dag.py                            1           0  0.44s           2026-09-17T14:51:19
/opt/airflow/dags/extraction_dag.py                           1           0  0.29s           2026-09-17T14:51:19
================================================================================
[2026-09-17T14:52:18.466+0000] {manager.py:878} INFO - 
================================================================================
DAG File Processing Stats

File Path                            PID    Runtime      # DAGs    # Errors  Last Runtime    Last Run
-----------------------------------  -----  ---------  --------  ----------  --------------  -------------------
/opt/airflow/dags/warehouse_dag.py                            1           0  0.47s           2026-09-17T14:51:50
/opt/airflow/dags/extraction_dag.py                           1           0  0.28s           2026-09-17T14:51:50
================================================================================
[2026-09-17T14:52:48.649+0000] {manager.py:878} INFO - 
================================================================================
DAG File Processing Stats

File Path                            PID    Runtime      # DAGs    # Errors  Last Runtime    Last Run
-----------------------------------  -----  ---------  --------  ----------  --------------  -------------------
/opt/airflow/dags/warehouse_dag.py                            1           0  0.47s           2026-09-17T14:52:21
/opt/airflow/dags/extraction_dag.py                           1           0  0.29s           2026-09-17T14:52:20
================================================================================
[2026-09-17T14:53:18.785+0000] {manager.py:878} INFO - 
================================================================================
DAG File Processing Stats

File Path                            PID    Runtime      # DAGs    # Errors  Last Runtime    Last Run
-----------------------------------  -----  ---------  --------  ----------  --------------  -------------------
/opt/airflow/dags/warehouse_dag.py                            1           0  0.41s           2026-09-17T14:52:51
/opt/airflow/dags/extraction_dag.py                           1           0  0.23s           2026-09-17T14:52:51
================================================================================
[2026-09-17T14:53:48.812+0000] {manager.py:878} INFO - 
================================================================================
DAG File Processing Stats

File Path                            PID    Runtime      # DAGs    # Errors  Last Runtime    Last Run
-----------------------------------  -----  ---------  --------  ----------  --------------  -------------------
/opt/airflow/dags/warehouse_dag.py                            1           0  0.42s           2026-09-17T14:53:22
/opt/airflow/dags/extraction_dag.py                           1           0  0.21s           2026-09-17T14:53:22
================================================================================
[2026-09-17T14:54:19.025+0000] {manager.py:878} INFO - 
================================================================================
DAG File Processing Stats

File Path                            PID    Runtime      # DAGs    # Errors  Last Runtime    Last Run
-----------------------------------  -----  ---------  --------  ----------  --------------  -------------------
/opt/airflow/dags/warehouse_dag.py                            1           0  0.42s           2026-09-17T14:53:53
/opt/airflow/dags/extraction_dag.py                           1           0  0.24s           2026-09-17T14:53:52
================================================================================
[2026-09-17T14:54:49.160+0000] {manager.py:878} INFO - 
================================================================================
DAG File Processing Stats

File Path                            PID    Runtime      # DAGs    # Errors  Last Runtime    Last Run
-----------------------------------  -----  ---------  --------  ----------  --------------  -------------------
/opt/airflow/dags/warehouse_dag.py                            1           0  0.48s           2026-09-17T14:54:23
/opt/airflow/dags/extraction_dag.py                           1           0  0.23s           2026-09-17T14:54:23
================================================================================
[2026-09-17T14:55:19.267+0000] {manager.py:878} INFO - 
================================================================================
DAG File Processing Stats

File Path                            PID    Runtime      # DAGs    # Errors  Last Runtime    Last Run
-----------------------------------  -----  ---------  --------  ----------  --------------  -------------------
/opt/airflow/dags/warehouse_dag.py                            1           0  0.51s           2026-09-17T14:54:54
/opt/airflow/dags/extraction_dag.py                           1           0  0.20s           2026-09-17T14:54:53
================================================================================
[2026-09-17T14:55:49.302+0000] {manager.py:878} INFO - 
================================================================================
DAG File Processing Stats

File Path                            PID    Runtime      # DAGs    # Errors  Last Runtime    Last Run
-----------------------------------  -----  ---------  --------  ----------  --------------  -------------------
/opt/airflow/dags/warehouse_dag.py                            1           0  0.40s           2026-09-17T14:55:24
/opt/airflow/dags/extraction_dag.py                           1           0  0.21s           2026-09-17T14:55:24
================================================================================
[2026-09-17T14:55:58.274+0000] {manager.py:737} INFO - Searching for files in /opt/airflow/dags
[2026-09-17T14:55:58.355+0000] {manager.py:740} INFO - There are 2 files in /opt/airflow/dags
[2026-09-17T14:56:19.642+0000] {manager.py:878} INFO - 
================================================================================
DAG File Processing Stats

File Path                            PID    Runtime      # DAGs    # Errors  Last Runtime    Last Run
-----------------------------------  -----  ---------  --------  ----------  --------------  -------------------
/opt/airflow/dags/warehouse_dag.py                            1           0  0.44s           2026-09-17T14:55:55
/opt/airflow/dags/extraction_dag.py                           1           0  0.24s           2026-09-17T14:55:55
================================================================================
[2026-09-17T14:56:50.275+0000] {manager.py:878} INFO - 
================================================================================
DAG File Processing Stats

File Path                            PID    Runtime      # DAGs    # Errors  Last Runtime    Last Run
-----------------------------------  -----  ---------  --------  ----------  --------------  -------------------
/opt/airflow/dags/warehouse_dag.py                            1           0  0.45s           2026-09-17T14:56:26
/opt/airflow/dags/extraction_dag.py                           1           0  0.28s           2026-09-17T14:56:26
================================================================================
[2026-09-17T14:57:20.912+0000] {manager.py:878} INFO - 
================================================================================
DAG File Processing Stats

File Path                            PID    Runtime      # DAGs    # Errors  Last Runtime    Last Run
-----------------------------------  -----  ---------  --------  ----------  --------------  -------------------
/opt/airflow/dags/warehouse_dag.py                            1           0  0.57s           2026-09-17T14:56:56
/opt/airflow/dags/extraction_dag.py                           1           0  0.29s           2026-09-17T14:56:56
================================================================================
[2026-09-17T14:57:51.534+0000] {manager.py:878} INFO - 
================================================================================
DAG File Processing Stats

File Path                            PID    Runtime      # DAGs    # Errors  Last Runtime    Last Run
-----------------------------------  -----  ---------  --------  ----------  --------------  -------------------
/opt/airflow/dags/warehouse_dag.py                            1           0  0.51s           2026-09-17T14:57:27
/opt/airflow/dags/extraction_dag.py                           1           0  0.28s           2026-09-17T14:57:27
================================================================================
[2026-09-17T14:58:22.247+0000] {manager.py:878} INFO - 
================================================================================
DAG File Processing Stats

File Path                            PID    Runtime      # DAGs    # Errors  Last Runtime    Last Run
-----------------------------------  -----  ---------  --------  ----------  --------------  -------------------
/opt/airflow/dags/warehouse_dag.py                            1           0  0.44s           2026-09-17T14:57:58
/opt/airflow/dags/extraction_dag.py                           1           0  0.34s           2026-09-17T14:57:57
================================================================================
[2026-09-17T14:58:52.848+0000] {manager.py:878} INFO - 
================================================================================
DAG File Processing Stats

File Path                            PID    Runtime      # DAGs    # Errors  Last Runtime    Last Run
-----------------------------------  -----  ---------  --------  ----------  --------------  -------------------
/opt/airflow/dags/warehouse_dag.py                            1           0  0.43s           2026-09-17T14:58:28
/opt/airflow/dags/extraction_dag.py                           1           0  0.26s           2026-09-17T14:58:28
================================================================================
[2026-09-17T14:59:23.322+0000] {manager.py:878} INFO - 
================================================================================
DAG File Processing Stats

File Path                            PID    Runtime      # DAGs    # Errors  Last Runtime    Last Run
-----------------------------------  -----  ---------  --------  ----------  --------------  -------------------
/opt/airflow/dags/warehouse_dag.py                            1           0  1.09s           2026-09-17T14:59:00
/opt/airflow/dags/extraction_dag.py                           1           0  0.50s           2026-09-17T14:58:59
================================================================================
[2026-09-17T14:59:53.564+0000] {manager.py:878} INFO - 
================================================================================
DAG File Processing Stats

File Path                            PID    Runtime      # DAGs    # Errors  Last Runtime    Last Run
-----------------------------------  -----  ---------  --------  ----------  --------------  -------------------
/opt/airflow/dags/warehouse_dag.py                            1           0  0.52s           2026-09-17T14:59:31
/opt/airflow/dags/extraction_dag.py                           1           0  0.26s           2026-09-17T14:59:30
================================================================================
[2026-09-17T15:00:24.008+0000] {manager.py:878} INFO - 
================================================================================
DAG File Processing Stats

File Path                            PID    Runtime      # DAGs    # Errors  Last Runtime    Last Run
-----------------------------------  -----  ---------  --------  ----------  --------------  -------------------
/opt/airflow/dags/warehouse_dag.py                            1           0  0.43s           2026-09-17T15:00:02
/opt/airflow/dags/extraction_dag.py                           1           0  0.31s           2026-09-17T15:00:00
================================================================================
[2026-09-17T15:00:54.631+0000] {manager.py:878} INFO - 
================================================================================
DAG File Processing Stats

File Path                            PID    Runtime      # DAGs    # Errors  Last Runtime    Last Run
-----------------------------------  -----  ---------  --------  ----------  --------------  -------------------
/opt/airflow/dags/warehouse_dag.py                            1           0  0.97s           2026-09-17T15:00:33
/opt/airflow/dags/extraction_dag.py                           1           0  0.33s           2026-09-17T15:00:31
================================================================================
[2026-09-17T15:00:58.698+0000] {manager.py:737} INFO - Searching for files in /opt/airflow/dags
[2026-09-17T15:00:58.802+0000] {manager.py:740} INFO - There are 2 files in /opt/airflow/dags
[2026-09-17T15:01:24.667+0000] {manager.py:878} INFO - 
================================================================================
DAG File Processing Stats

File Path                            PID    Runtime      # DAGs    # Errors  Last Runtime    Last Run
-----------------------------------  -----  ---------  --------  ----------  --------------  -------------------
/opt/airflow/dags/warehouse_dag.py                            1           0  0.48s           2026-09-17T15:01:04
/opt/airflow/dags/extraction_dag.py                           1           0  0.32s           2026-09-17T15:01:02
================================================================================
[2026-09-17T15:01:55.103+0000] {manager.py:878} INFO - 
================================================================================
DAG File Processing Stats

File Path                            PID    Runtime      # DAGs    # Errors  Last Runtime    Last Run
-----------------------------------  -----  ---------  --------  ----------  --------------  -------------------
/opt/airflow/dags/warehouse_dag.py                            1           0  0.53s           2026-09-17T15:01:35
/opt/airflow/dags/extraction_dag.py                           1           0  0.28s           2026-09-17T15:01:32
================================================================================
[2026-09-17T15:02:25.246+0000] {manager.py:878} INFO - 
================================================================================
DAG File Processing Stats

File Path                            PID    Runtime      # DAGs    # Errors  Last Runtime    Last Run
-----------------------------------  -----  ---------  --------  ----------  --------------  -------------------
/opt/airflow/dags/warehouse_dag.py                            1           0  0.50s           2026-09-17T15:02:06
/opt/airflow/dags/extraction_dag.py                           1           0  0.29s           2026-09-17T15:02:03
================================================================================
[2026-09-17T15:02:55.374+0000] {manager.py:878} INFO - 
================================================================================
DAG File Processing Stats

File Path                            PID    Runtime      # DAGs    # Errors  Last Runtime    Last Run
-----------------------------------  -----  ---------  --------  ----------  --------------  -------------------
/opt/airflow/dags/warehouse_dag.py                            1           0  0.46s           2026-09-17T15:02:36
/opt/airflow/dags/extraction_dag.py                           1           0  0.24s           2026-09-17T15:02:34
================================================================================
[2026-09-17T15:03:25.492+0000] {manager.py:878} INFO - 
================================================================================
DAG File Processing Stats

File Path                            PID    Runtime      # DAGs    # Errors  Last Runtime    Last Run
-----------------------------------  -----  ---------  --------  ----------  --------------  -------------------
/opt/airflow/dags/warehouse_dag.py                            1           0  0.49s           2026-09-17T15:03:07
/opt/airflow/dags/extraction_dag.py                           1           0  0.32s           2026-09-17T15:03:04
================================================================================
[2026-09-17T15:03:55.589+0000] {manager.py:878} INFO - 
================================================================================
DAG File Processing Stats

File Path                            PID    Runtime      # DAGs    # Errors  Last Runtime    Last Run
-----------------------------------  -----  ---------  --------  ----------  --------------  -------------------
/opt/airflow/dags/warehouse_dag.py                            1           0  0.43s           2026-09-17T15:03:37
/opt/airflow/dags/extraction_dag.py                           1           0  0.24s           2026-09-17T15:03:35
================================================================================
[2026-09-17T15:04:25.618+0000] {manager.py:878} INFO - 
================================================================================
DAG File Processing Stats

File Path                            PID    Runtime      # DAGs    # Errors  Last Runtime    Last Run
-----------------------------------  -----  ---------  --------  ----------  --------------  -------------------
/opt/airflow/dags/warehouse_dag.py                            1           0  0.45s           2026-09-17T15:04:08
/opt/airflow/dags/extraction_dag.py                           1           0  0.23s           2026-09-17T15:04:05
================================================================================
[2026-09-17T15:04:55.720+0000] {manager.py:878} INFO - 
================================================================================
DAG File Processing Stats

File Path                            PID    Runtime      # DAGs    # Errors  Last Runtime    Last Run
-----------------------------------  -----  ---------  --------  ----------  --------------  -------------------
/opt/airflow/dags/warehouse_dag.py                            1           0  0.44s           2026-09-17T15:04:38
/opt/airflow/dags/extraction_dag.py                           1           0  0.23s           2026-09-17T15:04:36
================================================================================
[2026-09-17T15:05:25.894+0000] {manager.py:878} INFO - 
================================================================================
DAG File Processing Stats

File Path                            PID    Runtime      # DAGs    # Errors  Last Runtime    Last Run
-----------------------------------  -----  ---------  --------  ----------  --------------  -------------------
/opt/airflow/dags/warehouse_dag.py                            1           0  0.56s           2026-09-17T15:05:09
/opt/airflow/dags/extraction_dag.py                           1           0  0.26s           2026-09-17T15:05:07
================================================================================
[2026-09-17T15:05:55.974+0000] {manager.py:878} INFO - 
================================================================================
DAG File Processing Stats

File Path                            PID    Runtime      # DAGs    # Errors  Last Runtime    Last Run
-----------------------------------  -----  ---------  --------  ----------  --------------  -------------------
/opt/airflow/dags/warehouse_dag.py                            1           0  0.43s           2026-09-17T15:05:40
/opt/airflow/dags/extraction_dag.py                           1           0  0.27s           2026-09-17T15:05:37
================================================================================
[2026-09-17T15:05:58.998+0000] {manager.py:737} INFO - Searching for files in /opt/airflow/dags
[2026-09-17T15:05:59.067+0000] {manager.py:740} INFO - There are 2 files in /opt/airflow/dags
[2026-09-17T15:06:26.081+0000] {manager.py:878} INFO - 
================================================================================
DAG File Processing Stats

File Path                            PID    Runtime      # DAGs    # Errors  Last Runtime    Last Run
-----------------------------------  -----  ---------  --------  ----------  --------------  -------------------
/opt/airflow/dags/warehouse_dag.py                            1           0  0.44s           2026-09-17T15:06:10
/opt/airflow/dags/extraction_dag.py                           1           0  0.22s           2026-09-17T15:06:08
================================================================================
[2026-09-17T15:06:56.228+0000] {manager.py:878} INFO - 
================================================================================
DAG File Processing Stats

File Path                            PID    Runtime      # DAGs    # Errors  Last Runtime    Last Run
-----------------------------------  -----  ---------  --------  ----------  --------------  -------------------
/opt/airflow/dags/warehouse_dag.py                            1           0  0.44s           2026-09-17T15:06:41
/opt/airflow/dags/extraction_dag.py                           1           0  0.25s           2026-09-17T15:06:39
================================================================================
[2026-09-17T15:07:26.821+0000] {manager.py:878} INFO - 
================================================================================
DAG File Processing Stats

File Path                            PID    Runtime      # DAGs    # Errors  Last Runtime    Last Run
-----------------------------------  -----  ---------  --------  ----------  --------------  -------------------
/opt/airflow/dags/warehouse_dag.py                            1           0  0.42s           2026-09-17T15:07:12
/opt/airflow/dags/extraction_dag.py                           1           0  0.23s           2026-09-17T15:07:09
================================================================================
[2026-09-17T15:07:56.847+0000] {manager.py:878} INFO - 
================================================================================
DAG File Processing Stats

File Path                            PID    Runtime      # DAGs    # Errors  Last Runtime    Last Run
-----------------------------------  -----  ---------  --------  ----------  --------------  -------------------
/opt/airflow/dags/warehouse_dag.py                            1           0  0.44s           2026-09-17T15:07:42
/opt/airflow/dags/extraction_dag.py                           1           0  0.22s           2026-09-17T15:07:40
================================================================================
[2026-09-17T15:08:26.949+0000] {manager.py:878} INFO - 
================================================================================
DAG File Processing Stats

File Path                            PID    Runtime      # DAGs    # Errors  Last Runtime    Last Run
-----------------------------------  -----  ---------  --------  ----------  --------------  -------------------
/opt/airflow/dags/warehouse_dag.py                            1           0  0.49s           2026-09-17T15:08:13
/opt/airflow/dags/extraction_dag.py                           1           0  0.20s           2026-09-17T15:08:10
================================================================================
[2026-09-17T15:08:57.211+0000] {manager.py:878} INFO - 
================================================================================
DAG File Processing Stats

File Path                            PID    Runtime      # DAGs    # Errors  Last Runtime    Last Run
-----------------------------------  -----  ---------  --------  ----------  --------------  -------------------
/opt/airflow/dags/warehouse_dag.py                            1           0  0.48s           2026-09-17T15:08:44
/opt/airflow/dags/extraction_dag.py                           1           0  0.42s           2026-09-17T15:08:41
================================================================================
[2026-09-17T15:09:27.282+0000] {manager.py:878} INFO - 
================================================================================
DAG File Processing Stats

File Path                            PID    Runtime      # DAGs    # Errors  Last Runtime    Last Run
-----------------------------------  -----  ---------  --------  ----------  --------------  -------------------
/opt/airflow/dags/warehouse_dag.py                            1           0  0.54s           2026-09-17T15:09:14
/opt/airflow/dags/extraction_dag.py                           1           0  0.23s           2026-09-17T15:09:12
================================================================================
[2026-09-17T15:09:57.370+0000] {manager.py:878} INFO - 
================================================================================
DAG File Processing Stats

File Path                            PID    Runtime      # DAGs    # Errors  Last Runtime    Last Run
-----------------------------------  -----  ---------  --------  ----------  --------------  -------------------
/opt/airflow/dags/warehouse_dag.py                            1           0  0.54s           2026-09-17T15:09:45
/opt/airflow/dags/extraction_dag.py                           1           0  0.22s           2026-09-17T15:09:42
================================================================================
[2026-09-17T15:10:27.448+0000] {manager.py:878} INFO - 
================================================================================
DAG File Processing Stats

File Path                            PID    Runtime      # DAGs    # Errors  Last Runtime    Last Run
-----------------------------------  -----  ---------  --------  ----------  --------------  -------------------
/opt/airflow/dags/warehouse_dag.py                            1           0  0.48s           2026-09-17T15:10:15
/opt/airflow/dags/extraction_dag.py                           1           0  0.26s           2026-09-17T15:10:13
================================================================================
[2026-09-17T15:10:58.084+0000] {manager.py:878} INFO - 
================================================================================
DAG File Processing Stats

File Path                            PID    Runtime      # DAGs    # Errors  Last Runtime    Last Run
-----------------------------------  -----  ---------  --------  ----------  --------------  -------------------
/opt/airflow/dags/warehouse_dag.py                            1           0  5.31s           2026-09-17T15:10:51
/opt/airflow/dags/extraction_dag.py                           1           0  0.29s           2026-09-17T15:10:43
================================================================================
[2026-09-17T15:10:59.093+0000] {manager.py:737} INFO - Searching for files in /opt/airflow/dags
[2026-09-17T15:10:59.212+0000] {manager.py:740} INFO - There are 2 files in /opt/airflow/dags
[2026-09-17T15:11:28.328+0000] {manager.py:878} INFO - 
================================================================================
DAG File Processing Stats

File Path                            PID    Runtime      # DAGs    # Errors  Last Runtime    Last Run
-----------------------------------  -----  ---------  --------  ----------  --------------  -------------------
/opt/airflow/dags/warehouse_dag.py                            1           0  0.67s           2026-09-17T15:11:22
/opt/airflow/dags/extraction_dag.py                           1           0  0.30s           2026-09-17T15:11:14
================================================================================
[2026-09-17T15:11:58.483+0000] {manager.py:878} INFO - 
================================================================================
DAG File Processing Stats

File Path                            PID    Runtime      # DAGs    # Errors  Last Runtime    Last Run
-----------------------------------  -----  ---------  --------  ----------  --------------  -------------------
/opt/airflow/dags/warehouse_dag.py                            1           0  0.74s           2026-09-17T15:11:53
/opt/airflow/dags/extraction_dag.py                           1           0  0.25s           2026-09-17T15:11:45
================================================================================
[2026-09-17T15:12:28.760+0000] {manager.py:878} INFO - 
================================================================================
DAG File Processing Stats

File Path                            PID    Runtime      # DAGs    # Errors  Last Runtime    Last Run
-----------------------------------  -----  ---------  --------  ----------  --------------  -------------------
/opt/airflow/dags/warehouse_dag.py                            1           0  0.87s           2026-09-17T15:12:24
/opt/airflow/dags/extraction_dag.py                           1           0  0.22s           2026-09-17T15:12:15
================================================================================
[2026-09-17T15:12:59.100+0000] {manager.py:878} INFO - 
================================================================================
DAG File Processing Stats

File Path                            PID    Runtime      # DAGs    # Errors  Last Runtime    Last Run
-----------------------------------  -----  ---------  --------  ----------  --------------  -------------------
/opt/airflow/dags/warehouse_dag.py                            1           0  0.57s           2026-09-17T15:12:55
/opt/airflow/dags/extraction_dag.py                           1           0  0.30s           2026-09-17T15:12:45
================================================================================
[2026-09-17T15:13:29.451+0000] {manager.py:878} INFO - 
================================================================================
DAG File Processing Stats

File Path                            PID    Runtime      # DAGs    # Errors  Last Runtime    Last Run
-----------------------------------  -----  ---------  --------  ----------  --------------  -------------------
/opt/airflow/dags/warehouse_dag.py                            1           0  0.99s           2026-09-17T15:13:26
/opt/airflow/dags/extraction_dag.py                           1           0  0.26s           2026-09-17T15:13:16
================================================================================
[2026-09-17T15:13:59.635+0000] {manager.py:878} INFO - 
================================================================================
DAG File Processing Stats

File Path                            PID    Runtime      # DAGs    # Errors  Last Runtime    Last Run
-----------------------------------  -----  ---------  --------  ----------  --------------  -------------------
/opt/airflow/dags/warehouse_dag.py                            1           0  0.59s           2026-09-17T15:13:57
/opt/airflow/dags/extraction_dag.py                           1           0  0.27s           2026-09-17T15:13:46
================================================================================
[2026-09-17T15:14:29.846+0000] {manager.py:878} INFO - 
================================================================================
DAG File Processing Stats

File Path                            PID    Runtime      # DAGs    # Errors  Last Runtime    Last Run
-----------------------------------  -----  ---------  --------  ----------  --------------  -------------------
/opt/airflow/dags/warehouse_dag.py                            1           0  0.45s           2026-09-17T15:14:28
/opt/airflow/dags/extraction_dag.py                           1           0  0.26s           2026-09-17T15:14:17
================================================================================
[2026-09-17T15:15:00.166+0000] {manager.py:878} INFO - 
================================================================================
DAG File Processing Stats

File Path                            PID    Runtime      # DAGs    # Errors  Last Runtime    Last Run
-----------------------------------  -----  ---------  --------  ----------  --------------  -------------------
/opt/airflow/dags/warehouse_dag.py                            1           0  0.43s           2026-09-17T15:14:59
/opt/airflow/dags/extraction_dag.py                           1           0  0.24s           2026-09-17T15:14:48
================================================================================
[2026-09-17T15:15:30.262+0000] {manager.py:878} INFO - 
================================================================================
DAG File Processing Stats

File Path                            PID    Runtime      # DAGs    # Errors  Last Runtime    Last Run
-----------------------------------  -----  ---------  --------  ----------  --------------  -------------------
/opt/airflow/dags/warehouse_dag.py                            1           0  0.46s           2026-09-17T15:15:30
/opt/airflow/dags/extraction_dag.py                           1           0  0.26s           2026-09-17T15:15:18
================================================================================
[2026-09-17T15:15:59.412+0000] {manager.py:737} INFO - Searching for files in /opt/airflow/dags
[2026-09-17T15:15:59.549+0000] {manager.py:740} INFO - There are 2 files in /opt/airflow/dags
[2026-09-17T15:16:00.601+0000] {manager.py:878} INFO - 
================================================================================
DAG File Processing Stats

File Path                              PID  Runtime      # DAGs    # Errors  Last Runtime    Last Run
-----------------------------------  -----  ---------  --------  ----------  --------------  -------------------
/opt/airflow/dags/warehouse_dag.py    2276  0.01s             1           0  0.46s           2026-09-17T15:15:30
/opt/airflow/dags/extraction_dag.py                           1           0  0.32s           2026-09-17T15:15:49
================================================================================
[2026-09-17T15:16:30.811+0000] {manager.py:878} INFO - 
================================================================================
DAG File Processing Stats

File Path                            PID    Runtime      # DAGs    # Errors  Last Runtime    Last Run
-----------------------------------  -----  ---------  --------  ----------  --------------  -------------------
/opt/airflow/dags/warehouse_dag.py                            1           0  0.93s           2026-09-17T15:16:01
/opt/airflow/dags/extraction_dag.py                           1           0  0.25s           2026-09-17T15:16:19
================================================================================
[2026-09-17T15:17:01.628+0000] {manager.py:878} INFO - 
================================================================================
DAG File Processing Stats

File Path                            PID    Runtime      # DAGs    # Errors  Last Runtime    Last Run
-----------------------------------  -----  ---------  --------  ----------  --------------  -------------------
/opt/airflow/dags/warehouse_dag.py                            1           0  0.51s           2026-09-17T15:16:32
/opt/airflow/dags/extraction_dag.py                           1           0  0.32s           2026-09-17T15:16:50
================================================================================
[2026-09-17T15:17:32.030+0000] {manager.py:878} INFO - 
================================================================================
DAG File Processing Stats

File Path                            PID    Runtime      # DAGs    # Errors  Last Runtime    Last Run
-----------------------------------  -----  ---------  --------  ----------  --------------  -------------------
/opt/airflow/dags/warehouse_dag.py                            1           0  0.48s           2026-09-17T15:17:03
/opt/airflow/dags/extraction_dag.py                           1           0  0.31s           2026-09-17T15:17:21
================================================================================
[2026-09-17T15:18:02.698+0000] {manager.py:878} INFO - 
================================================================================
DAG File Processing Stats

File Path                            PID    Runtime      # DAGs    # Errors  Last Runtime    Last Run
-----------------------------------  -----  ---------  --------  ----------  --------------  -------------------
/opt/airflow/dags/warehouse_dag.py                            1           0  0.51s           2026-09-17T15:17:33
/opt/airflow/dags/extraction_dag.py                           1           0  0.24s           2026-09-17T15:17:51
================================================================================
[2026-09-17T15:18:33.266+0000] {manager.py:878} INFO - 
================================================================================
DAG File Processing Stats

File Path                            PID    Runtime      # DAGs    # Errors  Last Runtime    Last Run
-----------------------------------  -----  ---------  --------  ----------  --------------  -------------------
/opt/airflow/dags/warehouse_dag.py                            1           0  0.63s           2026-09-17T15:18:04
/opt/airflow/dags/extraction_dag.py                           1           0  0.30s           2026-09-17T15:18:22
================================================================================
[2026-09-17T15:19:03.906+0000] {manager.py:878} INFO - 
================================================================================
DAG File Processing Stats

File Path                            PID    Runtime      # DAGs    # Errors  Last Runtime    Last Run
-----------------------------------  -----  ---------  --------  ----------  --------------  -------------------
/opt/airflow/dags/warehouse_dag.py                            1           0  0.54s           2026-09-17T15:18:35
/opt/airflow/dags/extraction_dag.py                           1           0  0.26s           2026-09-17T15:18:53
================================================================================
[2026-09-17T15:19:34.721+0000] {manager.py:878} INFO - 
================================================================================
DAG File Processing Stats

File Path                            PID    Runtime      # DAGs    # Errors  Last Runtime    Last Run
-----------------------------------  -----  ---------  --------  ----------  --------------  -------------------
/opt/airflow/dags/warehouse_dag.py                            1           0  0.50s           2026-09-17T15:19:06
/opt/airflow/dags/extraction_dag.py                           1           0  0.39s           2026-09-17T15:19:23
================================================================================
[2026-09-17T15:20:05.209+0000] {manager.py:878} INFO - 
================================================================================
DAG File Processing Stats

File Path                            PID    Runtime      # DAGs    # Errors  Last Runtime    Last Run
-----------------------------------  -----  ---------  --------  ----------  --------------  -------------------
/opt/airflow/dags/warehouse_dag.py                            1           0  1.48s           2026-09-17T15:19:38
/opt/airflow/dags/extraction_dag.py                           1           0  0.32s           2026-09-17T15:19:54
================================================================================
[2026-09-17T15:20:35.852+0000] {manager.py:878} INFO - 
================================================================================
DAG File Processing Stats

File Path                            PID    Runtime      # DAGs    # Errors  Last Runtime    Last Run
-----------------------------------  -----  ---------  --------  ----------  --------------  -------------------
/opt/airflow/dags/warehouse_dag.py                            1           0  0.60s           2026-09-17T15:20:09
/opt/airflow/dags/extraction_dag.py                           1           0  0.22s           2026-09-17T15:20:24
================================================================================
[2026-09-17T15:20:59.584+0000] {manager.py:737} INFO - Searching for files in /opt/airflow/dags
[2026-09-17T15:20:59.687+0000] {manager.py:740} INFO - There are 2 files in /opt/airflow/dags
[2026-09-17T15:21:06.798+0000] {manager.py:878} INFO - 
================================================================================
DAG File Processing Stats

File Path                            PID    Runtime      # DAGs    # Errors  Last Runtime    Last Run
-----------------------------------  -----  ---------  --------  ----------  --------------  -------------------
/opt/airflow/dags/warehouse_dag.py                            1           0  0.40s           2026-09-17T15:20:40
/opt/airflow/dags/extraction_dag.py                           1           0  0.38s           2026-09-17T15:20:55
================================================================================
[2026-09-17T15:21:37.174+0000] {manager.py:878} INFO - 
================================================================================
DAG File Processing Stats

File Path                            PID    Runtime      # DAGs    # Errors  Last Runtime    Last Run
-----------------------------------  -----  ---------  --------  ----------  --------------  -------------------
/opt/airflow/dags/warehouse_dag.py                            1           0  0.41s           2026-09-17T15:21:11
/opt/airflow/dags/extraction_dag.py                           1           0  0.24s           2026-09-17T15:21:26
================================================================================
[2026-09-17T15:22:07.796+0000] {manager.py:878} INFO - 
================================================================================
DAG File Processing Stats

File Path                            PID    Runtime      # DAGs    # Errors  Last Runtime    Last Run
-----------------------------------  -----  ---------  --------  ----------  --------------  -------------------
/opt/airflow/dags/warehouse_dag.py                            1           0  0.48s           2026-09-17T15:21:41
/opt/airflow/dags/extraction_dag.py                           1           0  0.25s           2026-09-17T15:21:56
================================================================================
[2026-09-17T15:22:38.451+0000] {manager.py:878} INFO - 
================================================================================
DAG File Processing Stats

File Path                            PID    Runtime      # DAGs    # Errors  Last Runtime    Last Run
-----------------------------------  -----  ---------  --------  ----------  --------------  -------------------
/opt/airflow/dags/warehouse_dag.py                            1           0  0.65s           2026-09-17T15:22:12
/opt/airflow/dags/extraction_dag.py                           1           0  0.30s           2026-09-17T15:22:27
================================================================================
[2026-09-17T15:23:09.030+0000] {manager.py:878} INFO - 
================================================================================
DAG File Processing Stats

File Path                            PID    Runtime      # DAGs    # Errors  Last Runtime    Last Run
-----------------------------------  -----  ---------  --------  ----------  --------------  -------------------
/opt/airflow/dags/warehouse_dag.py                            1           0  0.81s           2026-09-17T15:22:44
/opt/airflow/dags/extraction_dag.py                           1           0  0.39s           2026-09-17T15:22:58
================================================================================
[2026-09-17T15:23:39.575+0000] {manager.py:878} INFO - 
================================================================================
DAG File Processing Stats

File Path                            PID    Runtime      # DAGs    # Errors  Last Runtime    Last Run
-----------------------------------  -----  ---------  --------  ----------  --------------  -------------------
/opt/airflow/dags/warehouse_dag.py                            1           0  0.81s           2026-09-17T15:23:15
/opt/airflow/dags/extraction_dag.py                           1           0  0.31s           2026-09-17T15:23:28
================================================================================
[2026-09-17T15:24:10.493+0000] {manager.py:878} INFO - 
================================================================================
DAG File Processing Stats

File Path                            PID    Runtime      # DAGs    # Errors  Last Runtime    Last Run
-----------------------------------  -----  ---------  --------  ----------  --------------  -------------------
/opt/airflow/dags/warehouse_dag.py                            1           0  0.57s           2026-09-17T15:23:46
/opt/airflow/dags/extraction_dag.py                           1           0  0.31s           2026-09-17T15:23:59
================================================================================
[2026-09-17T15:24:40.887+0000] {manager.py:878} INFO - 
================================================================================
DAG File Processing Stats

File Path                            PID    Runtime      # DAGs    # Errors  Last Runtime    Last Run
-----------------------------------  -----  ---------  --------  ----------  --------------  -------------------
/opt/airflow/dags/warehouse_dag.py                            1           0  0.47s           2026-09-17T15:24:17
/opt/airflow/dags/extraction_dag.py                           1           0  0.26s           2026-09-17T15:24:30
================================================================================
[2026-09-17T15:25:11.488+0000] {manager.py:878} INFO - 
================================================================================
DAG File Processing Stats

File Path                            PID    Runtime      # DAGs    # Errors  Last Runtime    Last Run
-----------------------------------  -----  ---------  --------  ----------  --------------  -------------------
/opt/airflow/dags/warehouse_dag.py                            1           0  0.52s           2026-09-17T15:24:47
/opt/airflow/dags/extraction_dag.py                           1           0  0.35s           2026-09-17T15:25:00
================================================================================
[2026-09-17T15:25:42.088+0000] {manager.py:878} INFO - 
================================================================================
DAG File Processing Stats

File Path                            PID    Runtime      # DAGs    # Errors  Last Runtime    Last Run
-----------------------------------  -----  ---------  --------  ----------  --------------  -------------------
/opt/airflow/dags/warehouse_dag.py                            1           0  0.89s           2026-09-17T15:25:18
/opt/airflow/dags/extraction_dag.py                           1           0  0.28s           2026-09-17T15:25:31
================================================================================
[2026-09-17T15:25:59.843+0000] {manager.py:737} INFO - Searching for files in /opt/airflow/dags
[2026-09-17T15:25:59.914+0000] {manager.py:740} INFO - There are 2 files in /opt/airflow/dags
[2026-09-17T15:26:12.093+0000] {manager.py:878} INFO - 
================================================================================
DAG File Processing Stats

File Path                            PID    Runtime      # DAGs    # Errors  Last Runtime    Last Run
-----------------------------------  -----  ---------  --------  ----------  --------------  -------------------
/opt/airflow/dags/warehouse_dag.py                            1           0  0.58s           2026-09-17T15:25:49
/opt/airflow/dags/extraction_dag.py                           1           0  0.51s           2026-09-17T15:26:02
================================================================================
[2026-09-17T15:26:42.585+0000] {manager.py:878} INFO - 
================================================================================
DAG File Processing Stats

File Path                            PID    Runtime      # DAGs    # Errors  Last Runtime    Last Run
-----------------------------------  -----  ---------  --------  ----------  --------------  -------------------
/opt/airflow/dags/warehouse_dag.py                            1           0  0.76s           2026-09-17T15:26:20
/opt/airflow/dags/extraction_dag.py                           1           0  0.45s           2026-09-17T15:26:32
================================================================================
[2026-09-17T15:27:13.424+0000] {manager.py:878} INFO - 
================================================================================
DAG File Processing Stats

File Path                            PID    Runtime      # DAGs    # Errors  Last Runtime    Last Run
-----------------------------------  -----  ---------  --------  ----------  --------------  -------------------
/opt/airflow/dags/warehouse_dag.py                            1           0  0.46s           2026-09-17T15:26:52
/opt/airflow/dags/extraction_dag.py                           1           0  0.36s           2026-09-17T15:27:03
================================================================================
[2026-09-17T15:27:43.853+0000] {manager.py:878} INFO - 
================================================================================
DAG File Processing Stats

File Path                            PID    Runtime      # DAGs    # Errors  Last Runtime    Last Run
-----------------------------------  -----  ---------  --------  ----------  --------------  -------------------
/opt/airflow/dags/warehouse_dag.py                            1           0  0.86s           2026-09-17T15:27:23
/opt/airflow/dags/extraction_dag.py                           1           0  0.22s           2026-09-17T15:27:33
================================================================================
[2026-09-17T15:28:14.245+0000] {manager.py:878} INFO - 
================================================================================
DAG File Processing Stats

File Path                            PID    Runtime      # DAGs    # Errors  Last Runtime    Last Run
-----------------------------------  -----  ---------  --------  ----------  --------------  -------------------
/opt/airflow/dags/warehouse_dag.py                            1           0  0.57s           2026-09-17T15:27:54
/opt/airflow/dags/extraction_dag.py                           1           0  0.23s           2026-09-17T15:28:04
================================================================================
[2026-09-17T15:28:44.624+0000] {manager.py:878} INFO - 
================================================================================
DAG File Processing Stats

File Path                            PID    Runtime      # DAGs    # Errors  Last Runtime    Last Run
-----------------------------------  -----  ---------  --------  ----------  --------------  -------------------
/opt/airflow/dags/warehouse_dag.py                            1           0  0.81s           2026-09-17T15:28:25
/opt/airflow/dags/extraction_dag.py                           1           0  0.28s           2026-09-17T15:28:34
================================================================================
[2026-09-17T15:29:15.455+0000] {manager.py:878} INFO - 
================================================================================
DAG File Processing Stats

File Path                            PID    Runtime      # DAGs    # Errors  Last Runtime    Last Run
-----------------------------------  -----  ---------  --------  ----------  --------------  -------------------
/opt/airflow/dags/warehouse_dag.py                            1           0  0.48s           2026-09-17T15:28:56
/opt/airflow/dags/extraction_dag.py                           1           0  0.36s           2026-09-17T15:29:05
================================================================================
[2026-09-17T15:29:45.977+0000] {manager.py:878} INFO - 
================================================================================
DAG File Processing Stats

File Path                            PID    Runtime      # DAGs    # Errors  Last Runtime    Last Run
-----------------------------------  -----  ---------  --------  ----------  --------------  -------------------
/opt/airflow/dags/warehouse_dag.py                            1           0  0.52s           2026-09-17T15:29:27
/opt/airflow/dags/extraction_dag.py                           1           0  0.31s           2026-09-17T15:29:36
================================================================================
[2026-09-17T15:30:16.634+0000] {manager.py:878} INFO - 
================================================================================
DAG File Processing Stats

File Path                            PID    Runtime      # DAGs    # Errors  Last Runtime    Last Run
-----------------------------------  -----  ---------  --------  ----------  --------------  -------------------
/opt/airflow/dags/warehouse_dag.py                            1           0  0.46s           2026-09-17T15:29:57
/opt/airflow/dags/extraction_dag.py                           1           0  0.22s           2026-09-17T15:30:06
================================================================================
[2026-09-17T15:30:47.281+0000] {manager.py:878} INFO - 
================================================================================
DAG File Processing Stats

File Path                            PID    Runtime      # DAGs    # Errors  Last Runtime    Last Run
-----------------------------------  -----  ---------  --------  ----------  --------------  -------------------
/opt/airflow/dags/warehouse_dag.py                            1           0  0.48s           2026-09-17T15:30:28
/opt/airflow/dags/extraction_dag.py                           1           0  0.34s           2026-09-17T15:30:37
================================================================================
[2026-09-17T15:31:00.413+0000] {manager.py:737} INFO - Searching for files in /opt/airflow/dags
[2026-09-17T15:31:00.466+0000] {manager.py:740} INFO - There are 2 files in /opt/airflow/dags
[2026-09-17T15:31:17.784+0000] {manager.py:878} INFO - 
================================================================================
DAG File Processing Stats

File Path                            PID    Runtime      # DAGs    # Errors  Last Runtime    Last Run
-----------------------------------  -----  ---------  --------  ----------  --------------  -------------------
/opt/airflow/dags/warehouse_dag.py                            1           0  0.83s           2026-09-17T15:30:59
/opt/airflow/dags/extraction_dag.py                           1           0  0.26s           2026-09-17T15:31:07
================================================================================
[2026-09-17T15:31:48.299+0000] {manager.py:878} INFO - 
================================================================================
DAG File Processing Stats

File Path                            PID    Runtime      # DAGs    # Errors  Last Runtime    Last Run
-----------------------------------  -----  ---------  --------  ----------  --------------  -------------------
/opt/airflow/dags/warehouse_dag.py                            1           0  0.55s           2026-09-17T15:31:30
/opt/airflow/dags/extraction_dag.py                           1           0  0.29s           2026-09-17T15:31:38
================================================================================
[2026-09-17T15:32:18.666+0000] {manager.py:878} INFO - 
================================================================================
DAG File Processing Stats

File Path                            PID    Runtime      # DAGs    # Errors  Last Runtime    Last Run
-----------------------------------  -----  ---------  --------  ----------  --------------  -------------------
/opt/airflow/dags/warehouse_dag.py                            1           0  0.51s           2026-09-17T15:32:09
/opt/airflow/dags/extraction_dag.py                           1           0  0.29s           2026-09-17T15:32:09
================================================================================
[2026-09-17T15:32:49.295+0000] {manager.py:878} INFO - 
================================================================================
DAG File Processing Stats

File Path                            PID    Runtime      # DAGs    # Errors  Last Runtime    Last Run
-----------------------------------  -----  ---------  --------  ----------  --------------  -------------------
/opt/airflow/dags/warehouse_dag.py                            1           0  0.47s           2026-09-17T15:32:40
/opt/airflow/dags/extraction_dag.py                           1           0  0.22s           2026-09-17T15:32:40
================================================================================
[2026-09-17T15:33:19.400+0000] {manager.py:878} INFO - 
================================================================================
DAG File Processing Stats

File Path                            PID    Runtime      # DAGs    # Errors  Last Runtime    Last Run
-----------------------------------  -----  ---------  --------  ----------  --------------  -------------------
/opt/airflow/dags/warehouse_dag.py                            1           0  0.79s           2026-09-17T15:33:11
/opt/airflow/dags/extraction_dag.py                           1           0  0.44s           2026-09-17T15:33:11
================================================================================
[2026-09-17T15:33:49.864+0000] {manager.py:878} INFO - 
================================================================================
DAG File Processing Stats

File Path                            PID    Runtime      # DAGs    # Errors  Last Runtime    Last Run
-----------------------------------  -----  ---------  --------  ----------  --------------  -------------------
/opt/airflow/dags/warehouse_dag.py                            1           0  0.83s           2026-09-17T15:33:42
/opt/airflow/dags/extraction_dag.py                           1           0  0.35s           2026-09-17T15:33:41
================================================================================
[2026-09-17T15:34:20.225+0000] {manager.py:878} INFO - 
================================================================================
DAG File Processing Stats

File Path                            PID    Runtime      # DAGs    # Errors  Last Runtime    Last Run
-----------------------------------  -----  ---------  --------  ----------  --------------  -------------------
/opt/airflow/dags/warehouse_dag.py                            1           0  0.82s           2026-09-17T15:34:13
/opt/airflow/dags/extraction_dag.py                           1           0  0.41s           2026-09-17T15:34:12
================================================================================
[2026-09-17T15:34:50.742+0000] {manager.py:878} INFO - 
================================================================================
DAG File Processing Stats

File Path                            PID    Runtime      # DAGs    # Errors  Last Runtime    Last Run
-----------------------------------  -----  ---------  --------  ----------  --------------  -------------------
/opt/airflow/dags/warehouse_dag.py                            1           0  1.06s           2026-09-17T15:34:44
/opt/airflow/dags/extraction_dag.py                           1           0  0.36s           2026-09-17T15:34:43
================================================================================
[2026-09-17T15:35:21.030+0000] {manager.py:878} INFO - 
================================================================================
DAG File Processing Stats

File Path                            PID    Runtime      # DAGs    # Errors  Last Runtime    Last Run
-----------------------------------  -----  ---------  --------  ----------  --------------  -------------------
/opt/airflow/dags/warehouse_dag.py                            1           0  0.84s           2026-09-17T15:35:15
/opt/airflow/dags/extraction_dag.py                           1           0  0.27s           2026-09-17T15:35:13
================================================================================
[2026-09-17T15:35:51.274+0000] {manager.py:878} INFO - 
================================================================================
DAG File Processing Stats

File Path                            PID    Runtime      # DAGs    # Errors  Last Runtime    Last Run
-----------------------------------  -----  ---------  --------  ----------  --------------  -------------------
/opt/airflow/dags/warehouse_dag.py                            1           0  0.56s           2026-09-17T15:35:47
/opt/airflow/dags/extraction_dag.py                           1           0  0.29s           2026-09-17T15:35:43
================================================================================
[2026-09-17T15:36:01.071+0000] {manager.py:737} INFO - Searching for files in /opt/airflow/dags
[2026-09-17T15:36:01.141+0000] {manager.py:740} INFO - There are 2 files in /opt/airflow/dags
[2026-09-17T15:36:21.649+0000] {manager.py:878} INFO - 
================================================================================
DAG File Processing Stats

File Path                              PID  Runtime      # DAGs    # Errors  Last Runtime    Last Run
-----------------------------------  -----  ---------  --------  ----------  --------------  -------------------
/opt/airflow/dags/extraction_dag.py                           1           0  0.76s           2026-09-17T15:36:15
/opt/airflow/dags/warehouse_dag.py    2647  4.07s             1           0  0.56s           2026-09-17T15:35:47
================================================================================
[2026-09-17T15:36:52.090+0000] {manager.py:878} INFO - 
================================================================================
DAG File Processing Stats

File Path                              PID  Runtime      # DAGs    # Errors  Last Runtime    Last Run
-----------------------------------  -----  ---------  --------  ----------  --------------  -------------------
/opt/airflow/dags/warehouse_dag.py    2656  0.01s             1           0  4.19s           2026-09-17T15:36:21
/opt/airflow/dags/extraction_dag.py                           1           0  0.32s           2026-09-17T15:36:46
================================================================================
[2026-09-17T15:37:22.585+0000] {manager.py:878} INFO - 
================================================================================
DAG File Processing Stats

File Path                            PID    Runtime      # DAGs    # Errors  Last Runtime    Last Run
-----------------------------------  -----  ---------  --------  ----------  --------------  -------------------
/opt/airflow/dags/warehouse_dag.py                            1           0  0.72s           2026-09-17T15:36:52
/opt/airflow/dags/extraction_dag.py                           1           0  0.32s           2026-09-17T15:36:46
================================================================================
[2026-09-17T15:37:53.028+0000] {manager.py:878} INFO - 
================================================================================
DAG File Processing Stats

File Path                            PID    Runtime      # DAGs    # Errors  Last Runtime    Last Run
-----------------------------------  -----  ---------  --------  ----------  --------------  -------------------
/opt/airflow/dags/extraction_dag.py                           1           0  7.30s           2026-09-17T15:37:29
/opt/airflow/dags/warehouse_dag.py                            1           0  4.52s           2026-09-17T15:37:30
================================================================================
[2026-09-17T15:38:23.457+0000] {manager.py:878} INFO - 
================================================================================
DAG File Processing Stats

File Path                            PID    Runtime      # DAGs    # Errors  Last Runtime    Last Run
-----------------------------------  -----  ---------  --------  ----------  --------------  -------------------
/opt/airflow/dags/warehouse_dag.py                            1           0  1.21s           2026-09-17T15:38:01
/opt/airflow/dags/extraction_dag.py                           1           0  0.74s           2026-09-17T15:38:00
================================================================================
[2026-09-17T15:38:54.146+0000] {manager.py:878} INFO - 
================================================================================
DAG File Processing Stats

File Path                            PID    Runtime      # DAGs    # Errors  Last Runtime    Last Run
-----------------------------------  -----  ---------  --------  ----------  --------------  -------------------
/opt/airflow/dags/warehouse_dag.py                            1           0  0.59s           2026-09-17T15:38:32
/opt/airflow/dags/extraction_dag.py                           1           0  0.29s           2026-09-17T15:38:31
================================================================================
[2026-09-17T15:39:24.883+0000] {manager.py:878} INFO - 
================================================================================
DAG File Processing Stats

File Path                            PID    Runtime      # DAGs    # Errors  Last Runtime    Last Run
-----------------------------------  -----  ---------  --------  ----------  --------------  -------------------
/opt/airflow/dags/warehouse_dag.py                            1           0  0.59s           2026-09-17T15:39:02
/opt/airflow/dags/extraction_dag.py                           1           0  0.29s           2026-09-17T15:39:02
================================================================================
[2026-09-17T15:39:55.193+0000] {manager.py:878} INFO - 
================================================================================
DAG File Processing Stats

File Path                            PID    Runtime      # DAGs    # Errors  Last Runtime    Last Run
-----------------------------------  -----  ---------  --------  ----------  --------------  -------------------
/opt/airflow/dags/warehouse_dag.py                            1           0  0.99s           2026-09-17T15:39:33
/opt/airflow/dags/extraction_dag.py                           1           0  0.29s           2026-09-17T15:39:33
================================================================================
[2026-09-17T15:40:25.897+0000] {manager.py:878} INFO - 
================================================================================
DAG File Processing Stats

File Path                            PID    Runtime      # DAGs    # Errors  Last Runtime    Last Run
-----------------------------------  -----  ---------  --------  ----------  --------------  -------------------
/opt/airflow/dags/warehouse_dag.py                            1           0  0.81s           2026-09-17T15:40:04
/opt/airflow/dags/extraction_dag.py                           1           0  0.34s           2026-09-17T15:40:03
================================================================================
[2026-09-17T15:40:56.118+0000] {manager.py:878} INFO - 
================================================================================
DAG File Processing Stats

File Path                            PID    Runtime      # DAGs    # Errors  Last Runtime    Last Run
-----------------------------------  -----  ---------  --------  ----------  --------------  -------------------
/opt/airflow/dags/warehouse_dag.py                            1           0  0.73s           2026-09-17T15:40:35
/opt/airflow/dags/extraction_dag.py                           1           0  0.37s           2026-09-17T15:40:34
================================================================================
[2026-09-17T15:41:01.155+0000] {manager.py:737} INFO - Searching for files in /opt/airflow/dags
[2026-09-17T15:41:01.313+0000] {manager.py:740} INFO - There are 2 files in /opt/airflow/dags
[2026-09-17T15:41:26.243+0000] {manager.py:878} INFO - 
================================================================================
DAG File Processing Stats

File Path                            PID    Runtime      # DAGs    # Errors  Last Runtime    Last Run
-----------------------------------  -----  ---------  --------  ----------  --------------  -------------------
/opt/airflow/dags/warehouse_dag.py                            1           0  0.86s           2026-09-17T15:41:07
/opt/airflow/dags/extraction_dag.py                           1           0  0.29s           2026-09-17T15:41:05
================================================================================
[2026-09-17T15:41:56.742+0000] {manager.py:878} INFO - 
================================================================================
DAG File Processing Stats

File Path                            PID    Runtime      # DAGs    # Errors  Last Runtime    Last Run
-----------------------------------  -----  ---------  --------  ----------  --------------  -------------------
/opt/airflow/dags/warehouse_dag.py                            1           0  0.51s           2026-09-17T15:41:37
/opt/airflow/dags/extraction_dag.py                           1           0  0.29s           2026-09-17T15:41:35
================================================================================
[2026-09-17T15:42:26.955+0000] {manager.py:878} INFO - 
================================================================================
DAG File Processing Stats

File Path                            PID    Runtime      # DAGs    # Errors  Last Runtime    Last Run
-----------------------------------  -----  ---------  --------  ----------  --------------  -------------------
/opt/airflow/dags/warehouse_dag.py                            1           0  0.59s           2026-09-17T15:42:08
/opt/airflow/dags/extraction_dag.py                           1           0  0.33s           2026-09-17T15:42:06
================================================================================
[2026-09-17T15:42:56.981+0000] {manager.py:878} INFO - 
================================================================================
DAG File Processing Stats

File Path                            PID    Runtime      # DAGs    # Errors  Last Runtime    Last Run
-----------------------------------  -----  ---------  --------  ----------  --------------  -------------------
/opt/airflow/dags/warehouse_dag.py                            1           0  0.86s           2026-09-17T15:42:39
/opt/airflow/dags/extraction_dag.py                           1           0  0.36s           2026-09-17T15:42:36
================================================================================
[2026-09-17T15:43:27.461+0000] {manager.py:878} INFO - 
================================================================================
DAG File Processing Stats

File Path                            PID    Runtime      # DAGs    # Errors  Last Runtime    Last Run
-----------------------------------  -----  ---------  --------  ----------  --------------  -------------------
/opt/airflow/dags/warehouse_dag.py                            1           0  3.47s           2026-09-17T15:43:13
/opt/airflow/dags/extraction_dag.py                           1           0  0.32s           2026-09-17T15:43:07
================================================================================
[2026-09-17T15:43:58.153+0000] {manager.py:878} INFO - 
================================================================================
DAG File Processing Stats

File Path                            PID    Runtime      # DAGs    # Errors  Last Runtime    Last Run
-----------------------------------  -----  ---------  --------  ----------  --------------  -------------------
/opt/airflow/dags/warehouse_dag.py                            1           0  0.94s           2026-09-17T15:43:45
/opt/airflow/dags/extraction_dag.py                           1           0  0.55s           2026-09-17T15:43:38
================================================================================
[2026-09-17T15:44:28.787+0000] {manager.py:878} INFO - 
================================================================================
DAG File Processing Stats

File Path                            PID    Runtime      # DAGs    # Errors  Last Runtime    Last Run
-----------------------------------  -----  ---------  --------  ----------  --------------  -------------------
/opt/airflow/dags/warehouse_dag.py                            1           0  0.43s           2026-09-17T15:44:15
/opt/airflow/dags/extraction_dag.py                           1           0  0.31s           2026-09-17T15:44:08
================================================================================
[2026-09-17T15:44:59.427+0000] {manager.py:878} INFO - 
================================================================================
DAG File Processing Stats

File Path                            PID    Runtime      # DAGs    # Errors  Last Runtime    Last Run
-----------------------------------  -----  ---------  --------  ----------  --------------  -------------------
/opt/airflow/dags/warehouse_dag.py                            1           0  0.47s           2026-09-17T15:44:46
/opt/airflow/dags/extraction_dag.py                           1           0  0.29s           2026-09-17T15:44:39
================================================================================
[2026-09-17T15:45:29.786+0000] {manager.py:878} INFO - 
================================================================================
DAG File Processing Stats

File Path                            PID    Runtime      # DAGs    # Errors  Last Runtime    Last Run
-----------------------------------  -----  ---------  --------  ----------  --------------  -------------------
/opt/airflow/dags/warehouse_dag.py                            1           0  0.83s           2026-09-17T15:45:17
/opt/airflow/dags/extraction_dag.py                           1           0  0.30s           2026-09-17T15:45:09
================================================================================
[2026-09-17T15:46:00.062+0000] {manager.py:878} INFO - 
================================================================================
DAG File Processing Stats

File Path                            PID    Runtime      # DAGs    # Errors  Last Runtime    Last Run
-----------------------------------  -----  ---------  --------  ----------  --------------  -------------------
/opt/airflow/dags/warehouse_dag.py                            1           0  0.66s           2026-09-17T15:45:48
/opt/airflow/dags/extraction_dag.py                           1           0  0.29s           2026-09-17T15:45:40
================================================================================
[2026-09-17T15:46:01.443+0000] {manager.py:737} INFO - Searching for files in /opt/airflow/dags
[2026-09-17T15:46:01.529+0000] {manager.py:740} INFO - There are 2 files in /opt/airflow/dags
[2026-09-17T15:46:30.081+0000] {manager.py:878} INFO - 
================================================================================
DAG File Processing Stats

File Path                            PID    Runtime      # DAGs    # Errors  Last Runtime    Last Run
-----------------------------------  -----  ---------  --------  ----------  --------------  -------------------
/opt/airflow/dags/warehouse_dag.py                            1           0  0.51s           2026-09-17T15:46:19
/opt/airflow/dags/extraction_dag.py                           1           0  0.21s           2026-09-17T15:46:10
================================================================================
[2026-09-17T15:47:00.247+0000] {manager.py:878} INFO - 
================================================================================
DAG File Processing Stats

File Path                            PID    Runtime      # DAGs    # Errors  Last Runtime    Last Run
-----------------------------------  -----  ---------  --------  ----------  --------------  -------------------
/opt/airflow/dags/warehouse_dag.py                            1           0  0.50s           2026-09-17T15:46:50
/opt/airflow/dags/extraction_dag.py                           1           0  0.31s           2026-09-17T15:46:41
================================================================================
