[2026-09-16T15:21:02.810+0000] {processor.py:161} INFO - Started process (PID=143) to work on /opt/airflow/dags/extraction_dag.py
[2026-09-16T15:21:02.813+0000] {processor.py:830} INFO - Processing file /opt/airflow/dags/extraction_dag.py for tasks to queue
[2026-09-16T15:21:02.821+0000] {logging_mixin.py:188} INFO - [2026-09-16T15:21:02.821+0000] {dagbag.py:545} INFO - Filling up the DagBag from /opt/airflow/dags/extraction_dag.py
[2026-09-16T15:21:03.185+0000] {logging_mixin.py:188} INFO - [2026-09-16T15:21:03.163+0000] {dagbag.py:355} ERROR - Failed to import: /opt/airflow/dags/extraction_dag.py
Traceback (most recent call last):
  File "/home/airflow/.local/lib/python3.10/site-packages/airflow/models/dagbag.py", line 351, in parse
    loader.exec_module(new_module)
  File "<frozen importlib._bootstrap_external>", line 883, in exec_module
  File "<frozen importlib._bootstrap>", line 241, in _call_with_frames_removed
  File "/opt/airflow/dags/extraction_dag.py", line 15, in <module>
    extract_task = PythonOperator(
NameError: name 'PythonOperator' is not defined
[2026-09-16T15:21:03.190+0000] {processor.py:842} WARNING - No viable dags retrieved from /opt/airflow/dags/extraction_dag.py
[2026-09-16T15:21:03.325+0000] {processor.py:183} INFO - Processing /opt/airflow/dags/extraction_dag.py took 0.526 seconds
[2026-09-16T15:21:10.002+0000] {processor.py:161} INFO - Started process (PID=144) to work on /opt/airflow/dags/extraction_dag.py
[2026-09-16T15:21:10.010+0000] {processor.py:830} INFO - Processing file /opt/airflow/dags/extraction_dag.py for tasks to queue
[2026-09-16T15:21:10.020+0000] {logging_mixin.py:188} INFO - [2026-09-16T15:21:10.019+0000] {dagbag.py:545} INFO - Filling up the DagBag from /opt/airflow/dags/extraction_dag.py
[2026-09-16T15:21:10.147+0000] {logging_mixin.py:188} INFO - [2026-09-16T15:21:10.144+0000] {dagbag.py:355} ERROR - Failed to import: /opt/airflow/dags/extraction_dag.py
Traceback (most recent call last):
  File "/home/airflow/.local/lib/python3.10/site-packages/airflow/models/dagbag.py", line 351, in parse
    loader.exec_module(new_module)
  File "<frozen importlib._bootstrap_external>", line 879, in exec_module
  File "<frozen importlib._bootstrap_external>", line 1017, in get_code
  File "<frozen importlib._bootstrap_external>", line 947, in source_to_code
  File "<frozen importlib._bootstrap>", line 241, in _call_with_frames_removed
  File "/opt/airflow/dags/extraction_dag.py", line 13
    ) 
      ^
SyntaxError: expected ':'
[2026-09-16T15:21:10.153+0000] {processor.py:842} WARNING - No viable dags retrieved from /opt/airflow/dags/extraction_dag.py
[2026-09-16T15:21:10.383+0000] {processor.py:183} INFO - Processing /opt/airflow/dags/extraction_dag.py took 0.398 seconds
[2026-09-16T15:21:40.734+0000] {processor.py:161} INFO - Started process (PID=151) to work on /opt/airflow/dags/extraction_dag.py
[2026-09-16T15:21:40.738+0000] {processor.py:830} INFO - Processing file /opt/airflow/dags/extraction_dag.py for tasks to queue
[2026-09-16T15:21:40.745+0000] {logging_mixin.py:188} INFO - [2026-09-16T15:21:40.744+0000] {dagbag.py:545} INFO - Filling up the DagBag from /opt/airflow/dags/extraction_dag.py
[2026-09-16T15:21:40.795+0000] {logging_mixin.py:188} INFO - [2026-09-16T15:21:40.793+0000] {dagbag.py:355} ERROR - Failed to import: /opt/airflow/dags/extraction_dag.py
Traceback (most recent call last):
  File "/home/airflow/.local/lib/python3.10/site-packages/airflow/models/dagbag.py", line 351, in parse
    loader.exec_module(new_module)
  File "<frozen importlib._bootstrap_external>", line 879, in exec_module
  File "<frozen importlib._bootstrap_external>", line 1017, in get_code
  File "<frozen importlib._bootstrap_external>", line 947, in source_to_code
  File "<frozen importlib._bootstrap>", line 241, in _call_with_frames_removed
  File "/opt/airflow/dags/extraction_dag.py", line 13
    ) 
      ^
SyntaxError: expected ':'
[2026-09-16T15:21:40.796+0000] {processor.py:842} WARNING - No viable dags retrieved from /opt/airflow/dags/extraction_dag.py
[2026-09-16T15:21:40.849+0000] {processor.py:183} INFO - Processing /opt/airflow/dags/extraction_dag.py took 0.124 seconds
[2026-09-16T15:22:05.036+0000] {processor.py:161} INFO - Started process (PID=158) to work on /opt/airflow/dags/extraction_dag.py
[2026-09-16T15:22:05.042+0000] {processor.py:830} INFO - Processing file /opt/airflow/dags/extraction_dag.py for tasks to queue
[2026-09-16T15:22:05.048+0000] {logging_mixin.py:188} INFO - [2026-09-16T15:22:05.047+0000] {dagbag.py:545} INFO - Filling up the DagBag from /opt/airflow/dags/extraction_dag.py
[2026-09-16T15:22:05.543+0000] {processor.py:840} INFO - DAG(s) 'youtube_extraction' retrieved from /opt/airflow/dags/extraction_dag.py
[2026-09-16T15:22:06.562+0000] {logging_mixin.py:188} INFO - [2026-09-16T15:22:06.559+0000] {override.py:1829} INFO - Created Permission View: can edit on DAG:youtube_extraction
[2026-09-16T15:22:06.602+0000] {logging_mixin.py:188} INFO - [2026-09-16T15:22:06.601+0000] {override.py:1829} INFO - Created Permission View: can read on DAG:youtube_extraction
[2026-09-16T15:22:06.621+0000] {logging_mixin.py:188} INFO - [2026-09-16T15:22:06.620+0000] {override.py:1829} INFO - Created Permission View: can delete on DAG:youtube_extraction
[2026-09-16T15:22:06.624+0000] {logging_mixin.py:188} INFO - [2026-09-16T15:22:06.624+0000] {dag.py:3096} INFO - Sync 1 DAGs
[2026-09-16T15:22:06.692+0000] {logging_mixin.py:188} INFO - [2026-09-16T15:22:06.691+0000] {dag.py:3118} INFO - Creating ORM DAG for youtube_extraction
[2026-09-16T15:22:06.695+0000] {logging_mixin.py:188} INFO - [2026-09-16T15:22:06.695+0000] {dag.py:3954} INFO - Setting next_dagrun for youtube_extraction to None, run_after=None
[2026-09-16T15:22:06.772+0000] {processor.py:183} INFO - Processing /opt/airflow/dags/extraction_dag.py took 1.755 seconds
[2026-09-16T15:22:16.935+0000] {processor.py:161} INFO - Started process (PID=159) to work on /opt/airflow/dags/extraction_dag.py
[2026-09-16T15:22:16.938+0000] {processor.py:830} INFO - Processing file /opt/airflow/dags/extraction_dag.py for tasks to queue
[2026-09-16T15:22:16.943+0000] {logging_mixin.py:188} INFO - [2026-09-16T15:22:16.943+0000] {dagbag.py:545} INFO - Filling up the DagBag from /opt/airflow/dags/extraction_dag.py
[2026-09-16T15:22:16.985+0000] {logging_mixin.py:188} INFO - [2026-09-16T15:22:16.984+0000] {dagbag.py:355} ERROR - Failed to import: /opt/airflow/dags/extraction_dag.py
Traceback (most recent call last):
  File "/home/airflow/.local/lib/python3.10/site-packages/airflow/models/dagbag.py", line 351, in parse
    loader.exec_module(new_module)
  File "<frozen importlib._bootstrap_external>", line 879, in exec_module
  File "<frozen importlib._bootstrap_external>", line 1017, in get_code
  File "<frozen importlib._bootstrap_external>", line 947, in source_to_code
  File "<frozen importlib._bootstrap>", line 241, in _call_with_frames_removed
  File "/opt/airflow/dags/extraction_dag.py", line 13
    ) 
      ^
SyntaxError: expected ':'
[2026-09-16T15:22:16.988+0000] {processor.py:842} WARNING - No viable dags retrieved from /opt/airflow/dags/extraction_dag.py
[2026-09-16T15:22:17.068+0000] {processor.py:183} INFO - Processing /opt/airflow/dags/extraction_dag.py took 0.143 seconds
[2026-09-16T15:22:27.043+0000] {processor.py:161} INFO - Started process (PID=160) to work on /opt/airflow/dags/extraction_dag.py
[2026-09-16T15:22:27.047+0000] {processor.py:830} INFO - Processing file /opt/airflow/dags/extraction_dag.py for tasks to queue
[2026-09-16T15:22:27.054+0000] {logging_mixin.py:188} INFO - [2026-09-16T15:22:27.053+0000] {dagbag.py:545} INFO - Filling up the DagBag from /opt/airflow/dags/extraction_dag.py
[2026-09-16T15:22:27.251+0000] {processor.py:840} INFO - DAG(s) 'youtube_extraction' retrieved from /opt/airflow/dags/extraction_dag.py
[2026-09-16T15:22:27.277+0000] {logging_mixin.py:188} INFO - [2026-09-16T15:22:27.277+0000] {dag.py:3096} INFO - Sync 1 DAGs
[2026-09-16T15:22:27.311+0000] {logging_mixin.py:188} INFO - [2026-09-16T15:22:27.311+0000] {dag.py:3954} INFO - Setting next_dagrun for youtube_extraction to None, run_after=None
[2026-09-16T15:22:27.386+0000] {processor.py:183} INFO - Processing /opt/airflow/dags/extraction_dag.py took 0.354 seconds
[2026-09-16T15:22:37.313+0000] {processor.py:161} INFO - Started process (PID=167) to work on /opt/airflow/dags/extraction_dag.py
[2026-09-16T15:22:37.316+0000] {processor.py:830} INFO - Processing file /opt/airflow/dags/extraction_dag.py for tasks to queue
[2026-09-16T15:22:37.323+0000] {logging_mixin.py:188} INFO - [2026-09-16T15:22:37.322+0000] {dagbag.py:545} INFO - Filling up the DagBag from /opt/airflow/dags/extraction_dag.py
[2026-09-16T15:22:37.368+0000] {logging_mixin.py:188} INFO - [2026-09-16T15:22:37.366+0000] {dagbag.py:355} ERROR - Failed to import: /opt/airflow/dags/extraction_dag.py
Traceback (most recent call last):
  File "/home/airflow/.local/lib/python3.10/site-packages/airflow/models/dagbag.py", line 351, in parse
    loader.exec_module(new_module)
  File "<frozen importlib._bootstrap_external>", line 879, in exec_module
  File "<frozen importlib._bootstrap_external>", line 1017, in get_code
  File "<frozen importlib._bootstrap_external>", line 947, in source_to_code
  File "<frozen importlib._bootstrap>", line 241, in _call_with_frames_removed
  File "/opt/airflow/dags/extraction_dag.py", line 13
    ) 
      ^
SyntaxError: expected ':'
[2026-09-16T15:22:37.371+0000] {processor.py:842} WARNING - No viable dags retrieved from /opt/airflow/dags/extraction_dag.py
[2026-09-16T15:22:37.452+0000] {processor.py:183} INFO - Processing /opt/airflow/dags/extraction_dag.py took 0.147 seconds
[2026-09-16T15:23:07.573+0000] {processor.py:161} INFO - Started process (PID=174) to work on /opt/airflow/dags/extraction_dag.py
[2026-09-16T15:23:07.576+0000] {processor.py:830} INFO - Processing file /opt/airflow/dags/extraction_dag.py for tasks to queue
[2026-09-16T15:23:07.580+0000] {logging_mixin.py:188} INFO - [2026-09-16T15:23:07.579+0000] {dagbag.py:545} INFO - Filling up the DagBag from /opt/airflow/dags/extraction_dag.py
[2026-09-16T15:23:07.615+0000] {logging_mixin.py:188} INFO - [2026-09-16T15:23:07.614+0000] {dagbag.py:355} ERROR - Failed to import: /opt/airflow/dags/extraction_dag.py
Traceback (most recent call last):
  File "/home/airflow/.local/lib/python3.10/site-packages/airflow/models/dagbag.py", line 351, in parse
    loader.exec_module(new_module)
  File "<frozen importlib._bootstrap_external>", line 879, in exec_module
  File "<frozen importlib._bootstrap_external>", line 1017, in get_code
  File "<frozen importlib._bootstrap_external>", line 947, in source_to_code
  File "<frozen importlib._bootstrap>", line 241, in _call_with_frames_removed
  File "/opt/airflow/dags/extraction_dag.py", line 13
    ) 
      ^
SyntaxError: expected ':'
[2026-09-16T15:23:07.617+0000] {processor.py:842} WARNING - No viable dags retrieved from /opt/airflow/dags/extraction_dag.py
[2026-09-16T15:23:07.657+0000] {processor.py:183} INFO - Processing /opt/airflow/dags/extraction_dag.py took 0.092 seconds
[2026-09-16T15:23:37.804+0000] {processor.py:161} INFO - Started process (PID=181) to work on /opt/airflow/dags/extraction_dag.py
[2026-09-16T15:23:37.806+0000] {processor.py:830} INFO - Processing file /opt/airflow/dags/extraction_dag.py for tasks to queue
[2026-09-16T15:23:37.811+0000] {logging_mixin.py:188} INFO - [2026-09-16T15:23:37.810+0000] {dagbag.py:545} INFO - Filling up the DagBag from /opt/airflow/dags/extraction_dag.py
[2026-09-16T15:23:37.851+0000] {logging_mixin.py:188} INFO - [2026-09-16T15:23:37.849+0000] {dagbag.py:355} ERROR - Failed to import: /opt/airflow/dags/extraction_dag.py
Traceback (most recent call last):
  File "/home/airflow/.local/lib/python3.10/site-packages/airflow/models/dagbag.py", line 351, in parse
    loader.exec_module(new_module)
  File "<frozen importlib._bootstrap_external>", line 879, in exec_module
  File "<frozen importlib._bootstrap_external>", line 1017, in get_code
  File "<frozen importlib._bootstrap_external>", line 947, in source_to_code
  File "<frozen importlib._bootstrap>", line 241, in _call_with_frames_removed
  File "/opt/airflow/dags/extraction_dag.py", line 13
    ) 
      ^
SyntaxError: expected ':'
[2026-09-16T15:23:37.854+0000] {processor.py:842} WARNING - No viable dags retrieved from /opt/airflow/dags/extraction_dag.py
[2026-09-16T15:23:37.891+0000] {processor.py:183} INFO - Processing /opt/airflow/dags/extraction_dag.py took 0.097 seconds
[2026-09-16T15:24:08.207+0000] {processor.py:161} INFO - Started process (PID=188) to work on /opt/airflow/dags/extraction_dag.py
[2026-09-16T15:24:08.209+0000] {processor.py:830} INFO - Processing file /opt/airflow/dags/extraction_dag.py for tasks to queue
[2026-09-16T15:24:08.212+0000] {logging_mixin.py:188} INFO - [2026-09-16T15:24:08.211+0000] {dagbag.py:545} INFO - Filling up the DagBag from /opt/airflow/dags/extraction_dag.py
[2026-09-16T15:24:08.261+0000] {logging_mixin.py:188} INFO - [2026-09-16T15:24:08.260+0000] {dagbag.py:355} ERROR - Failed to import: /opt/airflow/dags/extraction_dag.py
Traceback (most recent call last):
  File "/home/airflow/.local/lib/python3.10/site-packages/airflow/models/dagbag.py", line 351, in parse
    loader.exec_module(new_module)
  File "<frozen importlib._bootstrap_external>", line 879, in exec_module
  File "<frozen importlib._bootstrap_external>", line 1017, in get_code
  File "<frozen importlib._bootstrap_external>", line 947, in source_to_code
  File "<frozen importlib._bootstrap>", line 241, in _call_with_frames_removed
  File "/opt/airflow/dags/extraction_dag.py", line 13
    ) 
      ^
SyntaxError: expected ':'
[2026-09-16T15:24:08.263+0000] {processor.py:842} WARNING - No viable dags retrieved from /opt/airflow/dags/extraction_dag.py
[2026-09-16T15:24:08.315+0000] {processor.py:183} INFO - Processing /opt/airflow/dags/extraction_dag.py took 0.135 seconds
[2026-09-16T15:24:34.550+0000] {processor.py:161} INFO - Started process (PID=195) to work on /opt/airflow/dags/extraction_dag.py
[2026-09-16T15:24:34.558+0000] {processor.py:830} INFO - Processing file /opt/airflow/dags/extraction_dag.py for tasks to queue
[2026-09-16T15:24:34.567+0000] {logging_mixin.py:188} INFO - [2026-09-16T15:24:34.566+0000] {dagbag.py:545} INFO - Filling up the DagBag from /opt/airflow/dags/extraction_dag.py
[2026-09-16T15:24:34.829+0000] {processor.py:840} INFO - DAG(s) 'youtube_extraction' retrieved from /opt/airflow/dags/extraction_dag.py
[2026-09-16T15:24:35.180+0000] {logging_mixin.py:188} INFO - [2026-09-16T15:24:35.179+0000] {dag.py:3096} INFO - Sync 1 DAGs
[2026-09-16T15:24:35.215+0000] {logging_mixin.py:188} INFO - [2026-09-16T15:24:35.215+0000] {dag.py:3954} INFO - Setting next_dagrun for youtube_extraction to None, run_after=None
[2026-09-16T15:24:35.304+0000] {processor.py:183} INFO - Processing /opt/airflow/dags/extraction_dag.py took 0.805 seconds
[2026-09-16T15:24:45.714+0000] {processor.py:161} INFO - Started process (PID=196) to work on /opt/airflow/dags/extraction_dag.py
[2026-09-16T15:24:45.717+0000] {processor.py:830} INFO - Processing file /opt/airflow/dags/extraction_dag.py for tasks to queue
[2026-09-16T15:24:45.721+0000] {logging_mixin.py:188} INFO - [2026-09-16T15:24:45.721+0000] {dagbag.py:545} INFO - Filling up the DagBag from /opt/airflow/dags/extraction_dag.py
[2026-09-16T15:24:45.762+0000] {logging_mixin.py:188} INFO - [2026-09-16T15:24:45.761+0000] {dagbag.py:355} ERROR - Failed to import: /opt/airflow/dags/extraction_dag.py
Traceback (most recent call last):
  File "/home/airflow/.local/lib/python3.10/site-packages/airflow/models/dagbag.py", line 351, in parse
    loader.exec_module(new_module)
  File "<frozen importlib._bootstrap_external>", line 879, in exec_module
  File "<frozen importlib._bootstrap_external>", line 1017, in get_code
  File "<frozen importlib._bootstrap_external>", line 947, in source_to_code
  File "<frozen importlib._bootstrap>", line 241, in _call_with_frames_removed
  File "/opt/airflow/dags/extraction_dag.py", line 13
    ) 
      ^
SyntaxError: expected ':'
[2026-09-16T15:24:45.764+0000] {processor.py:842} WARNING - No viable dags retrieved from /opt/airflow/dags/extraction_dag.py
[2026-09-16T15:24:45.837+0000] {processor.py:183} INFO - Processing /opt/airflow/dags/extraction_dag.py took 0.130 seconds
[2026-09-16T15:25:15.970+0000] {processor.py:161} INFO - Started process (PID=203) to work on /opt/airflow/dags/extraction_dag.py
[2026-09-16T15:25:15.972+0000] {processor.py:830} INFO - Processing file /opt/airflow/dags/extraction_dag.py for tasks to queue
[2026-09-16T15:25:15.974+0000] {logging_mixin.py:188} INFO - [2026-09-16T15:25:15.974+0000] {dagbag.py:545} INFO - Filling up the DagBag from /opt/airflow/dags/extraction_dag.py
[2026-09-16T15:25:16.010+0000] {logging_mixin.py:188} INFO - [2026-09-16T15:25:16.010+0000] {dagbag.py:355} ERROR - Failed to import: /opt/airflow/dags/extraction_dag.py
Traceback (most recent call last):
  File "/home/airflow/.local/lib/python3.10/site-packages/airflow/models/dagbag.py", line 351, in parse
    loader.exec_module(new_module)
  File "<frozen importlib._bootstrap_external>", line 879, in exec_module
  File "<frozen importlib._bootstrap_external>", line 1017, in get_code
  File "<frozen importlib._bootstrap_external>", line 947, in source_to_code
  File "<frozen importlib._bootstrap>", line 241, in _call_with_frames_removed
  File "/opt/airflow/dags/extraction_dag.py", line 13
    ) 
      ^
SyntaxError: expected ':'
[2026-09-16T15:25:16.012+0000] {processor.py:842} WARNING - No viable dags retrieved from /opt/airflow/dags/extraction_dag.py
[2026-09-16T15:25:16.053+0000] {processor.py:183} INFO - Processing /opt/airflow/dags/extraction_dag.py took 0.089 seconds
[2026-09-16T15:25:46.251+0000] {processor.py:161} INFO - Started process (PID=210) to work on /opt/airflow/dags/extraction_dag.py
[2026-09-16T15:25:46.253+0000] {processor.py:830} INFO - Processing file /opt/airflow/dags/extraction_dag.py for tasks to queue
[2026-09-16T15:25:46.256+0000] {logging_mixin.py:188} INFO - [2026-09-16T15:25:46.256+0000] {dagbag.py:545} INFO - Filling up the DagBag from /opt/airflow/dags/extraction_dag.py
[2026-09-16T15:25:46.300+0000] {logging_mixin.py:188} INFO - [2026-09-16T15:25:46.298+0000] {dagbag.py:355} ERROR - Failed to import: /opt/airflow/dags/extraction_dag.py
Traceback (most recent call last):
  File "/home/airflow/.local/lib/python3.10/site-packages/airflow/models/dagbag.py", line 351, in parse
    loader.exec_module(new_module)
  File "<frozen importlib._bootstrap_external>", line 879, in exec_module
  File "<frozen importlib._bootstrap_external>", line 1017, in get_code
  File "<frozen importlib._bootstrap_external>", line 947, in source_to_code
  File "<frozen importlib._bootstrap>", line 241, in _call_with_frames_removed
  File "/opt/airflow/dags/extraction_dag.py", line 13
    ) 
      ^
SyntaxError: expected ':'
[2026-09-16T15:25:46.303+0000] {processor.py:842} WARNING - No viable dags retrieved from /opt/airflow/dags/extraction_dag.py
[2026-09-16T15:25:46.332+0000] {processor.py:183} INFO - Processing /opt/airflow/dags/extraction_dag.py took 0.089 seconds
[2026-09-16T15:26:16.784+0000] {processor.py:161} INFO - Started process (PID=217) to work on /opt/airflow/dags/extraction_dag.py
[2026-09-16T15:26:16.786+0000] {processor.py:830} INFO - Processing file /opt/airflow/dags/extraction_dag.py for tasks to queue
[2026-09-16T15:26:16.792+0000] {logging_mixin.py:188} INFO - [2026-09-16T15:26:16.792+0000] {dagbag.py:545} INFO - Filling up the DagBag from /opt/airflow/dags/extraction_dag.py
[2026-09-16T15:26:16.829+0000] {logging_mixin.py:188} INFO - [2026-09-16T15:26:16.828+0000] {dagbag.py:355} ERROR - Failed to import: /opt/airflow/dags/extraction_dag.py
Traceback (most recent call last):
  File "/home/airflow/.local/lib/python3.10/site-packages/airflow/models/dagbag.py", line 351, in parse
    loader.exec_module(new_module)
  File "<frozen importlib._bootstrap_external>", line 879, in exec_module
  File "<frozen importlib._bootstrap_external>", line 1017, in get_code
  File "<frozen importlib._bootstrap_external>", line 947, in source_to_code
  File "<frozen importlib._bootstrap>", line 241, in _call_with_frames_removed
  File "/opt/airflow/dags/extraction_dag.py", line 13
    ) 
      ^
SyntaxError: expected ':'
[2026-09-16T15:26:16.830+0000] {processor.py:842} WARNING - No viable dags retrieved from /opt/airflow/dags/extraction_dag.py
[2026-09-16T15:26:16.867+0000] {processor.py:183} INFO - Processing /opt/airflow/dags/extraction_dag.py took 0.088 seconds
[2026-09-16T15:26:47.042+0000] {processor.py:161} INFO - Started process (PID=224) to work on /opt/airflow/dags/extraction_dag.py
[2026-09-16T15:26:47.044+0000] {processor.py:830} INFO - Processing file /opt/airflow/dags/extraction_dag.py for tasks to queue
[2026-09-16T15:26:47.047+0000] {logging_mixin.py:188} INFO - [2026-09-16T15:26:47.047+0000] {dagbag.py:545} INFO - Filling up the DagBag from /opt/airflow/dags/extraction_dag.py
[2026-09-16T15:26:47.084+0000] {logging_mixin.py:188} INFO - [2026-09-16T15:26:47.083+0000] {dagbag.py:355} ERROR - Failed to import: /opt/airflow/dags/extraction_dag.py
Traceback (most recent call last):
  File "/home/airflow/.local/lib/python3.10/site-packages/airflow/models/dagbag.py", line 351, in parse
    loader.exec_module(new_module)
  File "<frozen importlib._bootstrap_external>", line 879, in exec_module
  File "<frozen importlib._bootstrap_external>", line 1017, in get_code
  File "<frozen importlib._bootstrap_external>", line 947, in source_to_code
  File "<frozen importlib._bootstrap>", line 241, in _call_with_frames_removed
  File "/opt/airflow/dags/extraction_dag.py", line 13
    ) 
      ^
SyntaxError: expected ':'
[2026-09-16T15:26:47.086+0000] {processor.py:842} WARNING - No viable dags retrieved from /opt/airflow/dags/extraction_dag.py
[2026-09-16T15:26:47.144+0000] {processor.py:183} INFO - Processing /opt/airflow/dags/extraction_dag.py took 0.111 seconds
[2026-09-16T15:27:17.433+0000] {processor.py:161} INFO - Started process (PID=231) to work on /opt/airflow/dags/extraction_dag.py
[2026-09-16T15:27:17.458+0000] {processor.py:830} INFO - Processing file /opt/airflow/dags/extraction_dag.py for tasks to queue
[2026-09-16T15:27:17.461+0000] {logging_mixin.py:188} INFO - [2026-09-16T15:27:17.461+0000] {dagbag.py:545} INFO - Filling up the DagBag from /opt/airflow/dags/extraction_dag.py
[2026-09-16T15:27:17.496+0000] {logging_mixin.py:188} INFO - [2026-09-16T15:27:17.495+0000] {dagbag.py:355} ERROR - Failed to import: /opt/airflow/dags/extraction_dag.py
Traceback (most recent call last):
  File "/home/airflow/.local/lib/python3.10/site-packages/airflow/models/dagbag.py", line 351, in parse
    loader.exec_module(new_module)
  File "<frozen importlib._bootstrap_external>", line 879, in exec_module
  File "<frozen importlib._bootstrap_external>", line 1017, in get_code
  File "<frozen importlib._bootstrap_external>", line 947, in source_to_code
  File "<frozen importlib._bootstrap>", line 241, in _call_with_frames_removed
  File "/opt/airflow/dags/extraction_dag.py", line 13
    ) 
      ^
SyntaxError: expected ':'
[2026-09-16T15:27:17.498+0000] {processor.py:842} WARNING - No viable dags retrieved from /opt/airflow/dags/extraction_dag.py
[2026-09-16T15:27:17.536+0000] {processor.py:183} INFO - Processing /opt/airflow/dags/extraction_dag.py took 0.111 seconds
[2026-09-16T15:27:47.837+0000] {processor.py:161} INFO - Started process (PID=238) to work on /opt/airflow/dags/extraction_dag.py
[2026-09-16T15:27:47.844+0000] {processor.py:830} INFO - Processing file /opt/airflow/dags/extraction_dag.py for tasks to queue
[2026-09-16T15:27:47.850+0000] {logging_mixin.py:188} INFO - [2026-09-16T15:27:47.848+0000] {dagbag.py:545} INFO - Filling up the DagBag from /opt/airflow/dags/extraction_dag.py
[2026-09-16T15:27:47.917+0000] {logging_mixin.py:188} INFO - [2026-09-16T15:27:47.915+0000] {dagbag.py:355} ERROR - Failed to import: /opt/airflow/dags/extraction_dag.py
Traceback (most recent call last):
  File "/home/airflow/.local/lib/python3.10/site-packages/airflow/models/dagbag.py", line 351, in parse
    loader.exec_module(new_module)
  File "<frozen importlib._bootstrap_external>", line 879, in exec_module
  File "<frozen importlib._bootstrap_external>", line 1017, in get_code
  File "<frozen importlib._bootstrap_external>", line 947, in source_to_code
  File "<frozen importlib._bootstrap>", line 241, in _call_with_frames_removed
  File "/opt/airflow/dags/extraction_dag.py", line 13
    ) 
      ^
SyntaxError: expected ':'
[2026-09-16T15:27:47.921+0000] {processor.py:842} WARNING - No viable dags retrieved from /opt/airflow/dags/extraction_dag.py
[2026-09-16T15:27:48.012+0000] {processor.py:183} INFO - Processing /opt/airflow/dags/extraction_dag.py took 0.193 seconds
[2026-09-16T15:28:18.535+0000] {processor.py:161} INFO - Started process (PID=245) to work on /opt/airflow/dags/extraction_dag.py
[2026-09-16T15:28:18.564+0000] {processor.py:830} INFO - Processing file /opt/airflow/dags/extraction_dag.py for tasks to queue
[2026-09-16T15:28:18.578+0000] {logging_mixin.py:188} INFO - [2026-09-16T15:28:18.576+0000] {dagbag.py:545} INFO - Filling up the DagBag from /opt/airflow/dags/extraction_dag.py
[2026-09-16T15:28:18.814+0000] {logging_mixin.py:188} INFO - [2026-09-16T15:28:18.785+0000] {dagbag.py:355} ERROR - Failed to import: /opt/airflow/dags/extraction_dag.py
Traceback (most recent call last):
  File "/home/airflow/.local/lib/python3.10/site-packages/airflow/models/dagbag.py", line 351, in parse
    loader.exec_module(new_module)
  File "<frozen importlib._bootstrap_external>", line 879, in exec_module
  File "<frozen importlib._bootstrap_external>", line 1017, in get_code
  File "<frozen importlib._bootstrap_external>", line 947, in source_to_code
  File "<frozen importlib._bootstrap>", line 241, in _call_with_frames_removed
  File "/opt/airflow/dags/extraction_dag.py", line 13
    ) 
      ^
SyntaxError: expected ':'
[2026-09-16T15:28:18.821+0000] {processor.py:842} WARNING - No viable dags retrieved from /opt/airflow/dags/extraction_dag.py
[2026-09-16T15:28:18.961+0000] {processor.py:183} INFO - Processing /opt/airflow/dags/extraction_dag.py took 0.479 seconds
[2026-09-16T15:28:49.668+0000] {processor.py:161} INFO - Started process (PID=252) to work on /opt/airflow/dags/extraction_dag.py
[2026-09-16T15:28:49.682+0000] {processor.py:830} INFO - Processing file /opt/airflow/dags/extraction_dag.py for tasks to queue
[2026-09-16T15:28:49.688+0000] {logging_mixin.py:188} INFO - [2026-09-16T15:28:49.687+0000] {dagbag.py:545} INFO - Filling up the DagBag from /opt/airflow/dags/extraction_dag.py
[2026-09-16T15:28:49.924+0000] {logging_mixin.py:188} INFO - [2026-09-16T15:28:49.922+0000] {dagbag.py:355} ERROR - Failed to import: /opt/airflow/dags/extraction_dag.py
Traceback (most recent call last):
  File "/home/airflow/.local/lib/python3.10/site-packages/airflow/models/dagbag.py", line 351, in parse
    loader.exec_module(new_module)
  File "<frozen importlib._bootstrap_external>", line 879, in exec_module
  File "<frozen importlib._bootstrap_external>", line 1017, in get_code
  File "<frozen importlib._bootstrap_external>", line 947, in source_to_code
  File "<frozen importlib._bootstrap>", line 241, in _call_with_frames_removed
  File "/opt/airflow/dags/extraction_dag.py", line 13
    ) 
      ^
SyntaxError: expected ':'
[2026-09-16T15:28:49.928+0000] {processor.py:842} WARNING - No viable dags retrieved from /opt/airflow/dags/extraction_dag.py
[2026-09-16T15:28:50.005+0000] {processor.py:183} INFO - Processing /opt/airflow/dags/extraction_dag.py took 0.400 seconds
[2026-09-16T15:29:20.345+0000] {processor.py:161} INFO - Started process (PID=259) to work on /opt/airflow/dags/extraction_dag.py
[2026-09-16T15:29:20.351+0000] {processor.py:830} INFO - Processing file /opt/airflow/dags/extraction_dag.py for tasks to queue
[2026-09-16T15:29:20.355+0000] {logging_mixin.py:188} INFO - [2026-09-16T15:29:20.354+0000] {dagbag.py:545} INFO - Filling up the DagBag from /opt/airflow/dags/extraction_dag.py
[2026-09-16T15:29:20.415+0000] {logging_mixin.py:188} INFO - [2026-09-16T15:29:20.411+0000] {dagbag.py:355} ERROR - Failed to import: /opt/airflow/dags/extraction_dag.py
Traceback (most recent call last):
  File "/home/airflow/.local/lib/python3.10/site-packages/airflow/models/dagbag.py", line 351, in parse
    loader.exec_module(new_module)
  File "<frozen importlib._bootstrap_external>", line 879, in exec_module
  File "<frozen importlib._bootstrap_external>", line 1017, in get_code
  File "<frozen importlib._bootstrap_external>", line 947, in source_to_code
  File "<frozen importlib._bootstrap>", line 241, in _call_with_frames_removed
  File "/opt/airflow/dags/extraction_dag.py", line 13
    ) 
      ^
SyntaxError: expected ':'
[2026-09-16T15:29:20.418+0000] {processor.py:842} WARNING - No viable dags retrieved from /opt/airflow/dags/extraction_dag.py
[2026-09-16T15:29:20.525+0000] {processor.py:183} INFO - Processing /opt/airflow/dags/extraction_dag.py took 0.209 seconds
[2026-09-16T15:29:32.573+0000] {processor.py:161} INFO - Started process (PID=266) to work on /opt/airflow/dags/extraction_dag.py
[2026-09-16T15:29:32.582+0000] {processor.py:830} INFO - Processing file /opt/airflow/dags/extraction_dag.py for tasks to queue
[2026-09-16T15:29:32.590+0000] {logging_mixin.py:188} INFO - [2026-09-16T15:29:32.588+0000] {dagbag.py:545} INFO - Filling up the DagBag from /opt/airflow/dags/extraction_dag.py
[2026-09-16T15:29:32.705+0000] {logging_mixin.py:188} INFO - [2026-09-16T15:29:32.702+0000] {dagbag.py:355} ERROR - Failed to import: /opt/airflow/dags/extraction_dag.py
Traceback (most recent call last):
  File "/home/airflow/.local/lib/python3.10/site-packages/airflow/models/dagbag.py", line 351, in parse
    loader.exec_module(new_module)
  File "<frozen importlib._bootstrap_external>", line 879, in exec_module
  File "<frozen importlib._bootstrap_external>", line 1017, in get_code
  File "<frozen importlib._bootstrap_external>", line 947, in source_to_code
  File "<frozen importlib._bootstrap>", line 241, in _call_with_frames_removed
  File "/opt/airflow/dags/extraction_dag.py", line 13
    ) 
      ^
SyntaxError: expected ':'
[2026-09-16T15:29:32.711+0000] {processor.py:842} WARNING - No viable dags retrieved from /opt/airflow/dags/extraction_dag.py
[2026-09-16T15:29:32.796+0000] {processor.py:183} INFO - Processing /opt/airflow/dags/extraction_dag.py took 0.272 seconds
[2026-09-16T15:29:47.923+0000] {processor.py:161} INFO - Started process (PID=267) to work on /opt/airflow/dags/extraction_dag.py
[2026-09-16T15:29:47.925+0000] {processor.py:830} INFO - Processing file /opt/airflow/dags/extraction_dag.py for tasks to queue
[2026-09-16T15:29:47.929+0000] {logging_mixin.py:188} INFO - [2026-09-16T15:29:47.928+0000] {dagbag.py:545} INFO - Filling up the DagBag from /opt/airflow/dags/extraction_dag.py
[2026-09-16T15:29:48.461+0000] {processor.py:840} INFO - DAG(s) 'youtube_extraction' retrieved from /opt/airflow/dags/extraction_dag.py
[2026-09-16T15:29:49.015+0000] {logging_mixin.py:188} INFO - [2026-09-16T15:29:49.014+0000] {dag.py:3096} INFO - Sync 1 DAGs
[2026-09-16T15:29:49.044+0000] {logging_mixin.py:188} INFO - [2026-09-16T15:29:49.044+0000] {dag.py:3954} INFO - Setting next_dagrun for youtube_extraction to None, run_after=None
[2026-09-16T15:29:49.130+0000] {processor.py:183} INFO - Processing /opt/airflow/dags/extraction_dag.py took 1.218 seconds
[2026-09-16T15:30:19.294+0000] {processor.py:161} INFO - Started process (PID=274) to work on /opt/airflow/dags/extraction_dag.py
[2026-09-16T15:30:19.305+0000] {processor.py:830} INFO - Processing file /opt/airflow/dags/extraction_dag.py for tasks to queue
[2026-09-16T15:30:19.309+0000] {logging_mixin.py:188} INFO - [2026-09-16T15:30:19.308+0000] {dagbag.py:545} INFO - Filling up the DagBag from /opt/airflow/dags/extraction_dag.py
[2026-09-16T15:30:19.444+0000] {processor.py:840} INFO - DAG(s) 'youtube_extraction' retrieved from /opt/airflow/dags/extraction_dag.py
[2026-09-16T15:30:19.499+0000] {logging_mixin.py:188} INFO - [2026-09-16T15:30:19.499+0000] {dag.py:3096} INFO - Sync 1 DAGs
[2026-09-16T15:30:19.522+0000] {logging_mixin.py:188} INFO - [2026-09-16T15:30:19.522+0000] {dag.py:3954} INFO - Setting next_dagrun for youtube_extraction to None, run_after=None
[2026-09-16T15:30:19.600+0000] {processor.py:183} INFO - Processing /opt/airflow/dags/extraction_dag.py took 0.315 seconds
[2026-09-16T15:30:49.695+0000] {processor.py:161} INFO - Started process (PID=281) to work on /opt/airflow/dags/extraction_dag.py
[2026-09-16T15:30:49.699+0000] {processor.py:830} INFO - Processing file /opt/airflow/dags/extraction_dag.py for tasks to queue
[2026-09-16T15:30:49.702+0000] {logging_mixin.py:188} INFO - [2026-09-16T15:30:49.702+0000] {dagbag.py:545} INFO - Filling up the DagBag from /opt/airflow/dags/extraction_dag.py
[2026-09-16T15:30:49.856+0000] {processor.py:840} INFO - DAG(s) 'youtube_extraction' retrieved from /opt/airflow/dags/extraction_dag.py
[2026-09-16T15:30:49.955+0000] {logging_mixin.py:188} INFO - [2026-09-16T15:30:49.954+0000] {dag.py:3096} INFO - Sync 1 DAGs
[2026-09-16T15:30:49.988+0000] {logging_mixin.py:188} INFO - [2026-09-16T15:30:49.987+0000] {dag.py:3954} INFO - Setting next_dagrun for youtube_extraction to None, run_after=None
[2026-09-16T15:30:50.038+0000] {processor.py:183} INFO - Processing /opt/airflow/dags/extraction_dag.py took 0.353 seconds
[2026-09-16T15:31:20.470+0000] {processor.py:161} INFO - Started process (PID=288) to work on /opt/airflow/dags/extraction_dag.py
[2026-09-16T15:31:20.484+0000] {processor.py:830} INFO - Processing file /opt/airflow/dags/extraction_dag.py for tasks to queue
[2026-09-16T15:31:20.487+0000] {logging_mixin.py:188} INFO - [2026-09-16T15:31:20.486+0000] {dagbag.py:545} INFO - Filling up the DagBag from /opt/airflow/dags/extraction_dag.py
[2026-09-16T15:31:20.590+0000] {processor.py:840} INFO - DAG(s) 'youtube_extraction' retrieved from /opt/airflow/dags/extraction_dag.py
[2026-09-16T15:31:20.622+0000] {logging_mixin.py:188} INFO - [2026-09-16T15:31:20.622+0000] {dag.py:3096} INFO - Sync 1 DAGs
[2026-09-16T15:31:20.638+0000] {logging_mixin.py:188} INFO - [2026-09-16T15:31:20.638+0000] {dag.py:3954} INFO - Setting next_dagrun for youtube_extraction to None, run_after=None
[2026-09-16T15:31:20.706+0000] {processor.py:183} INFO - Processing /opt/airflow/dags/extraction_dag.py took 0.244 seconds
[2026-09-16T15:31:51.023+0000] {processor.py:161} INFO - Started process (PID=295) to work on /opt/airflow/dags/extraction_dag.py
[2026-09-16T15:31:51.026+0000] {processor.py:830} INFO - Processing file /opt/airflow/dags/extraction_dag.py for tasks to queue
[2026-09-16T15:31:51.030+0000] {logging_mixin.py:188} INFO - [2026-09-16T15:31:51.029+0000] {dagbag.py:545} INFO - Filling up the DagBag from /opt/airflow/dags/extraction_dag.py
[2026-09-16T15:31:51.159+0000] {processor.py:840} INFO - DAG(s) 'youtube_extraction' retrieved from /opt/airflow/dags/extraction_dag.py
[2026-09-16T15:31:51.235+0000] {logging_mixin.py:188} INFO - [2026-09-16T15:31:51.234+0000] {dag.py:3096} INFO - Sync 1 DAGs
[2026-09-16T15:31:51.266+0000] {logging_mixin.py:188} INFO - [2026-09-16T15:31:51.266+0000] {dag.py:3954} INFO - Setting next_dagrun for youtube_extraction to None, run_after=None
[2026-09-16T15:31:51.318+0000] {processor.py:183} INFO - Processing /opt/airflow/dags/extraction_dag.py took 0.310 seconds
[2026-09-16T15:32:21.624+0000] {processor.py:161} INFO - Started process (PID=302) to work on /opt/airflow/dags/extraction_dag.py
[2026-09-16T15:32:21.631+0000] {processor.py:830} INFO - Processing file /opt/airflow/dags/extraction_dag.py for tasks to queue
[2026-09-16T15:32:21.636+0000] {logging_mixin.py:188} INFO - [2026-09-16T15:32:21.635+0000] {dagbag.py:545} INFO - Filling up the DagBag from /opt/airflow/dags/extraction_dag.py
[2026-09-16T15:32:21.784+0000] {processor.py:840} INFO - DAG(s) 'youtube_extraction' retrieved from /opt/airflow/dags/extraction_dag.py
[2026-09-16T15:32:21.844+0000] {logging_mixin.py:188} INFO - [2026-09-16T15:32:21.843+0000] {dag.py:3096} INFO - Sync 1 DAGs
[2026-09-16T15:32:21.863+0000] {logging_mixin.py:188} INFO - [2026-09-16T15:32:21.863+0000] {dag.py:3954} INFO - Setting next_dagrun for youtube_extraction to None, run_after=None
[2026-09-16T15:32:21.894+0000] {processor.py:183} INFO - Processing /opt/airflow/dags/extraction_dag.py took 0.285 seconds
[2026-09-16T15:32:52.183+0000] {processor.py:161} INFO - Started process (PID=309) to work on /opt/airflow/dags/extraction_dag.py
[2026-09-16T15:32:52.185+0000] {processor.py:830} INFO - Processing file /opt/airflow/dags/extraction_dag.py for tasks to queue
[2026-09-16T15:32:52.188+0000] {logging_mixin.py:188} INFO - [2026-09-16T15:32:52.187+0000] {dagbag.py:545} INFO - Filling up the DagBag from /opt/airflow/dags/extraction_dag.py
[2026-09-16T15:32:52.275+0000] {processor.py:840} INFO - DAG(s) 'youtube_extraction' retrieved from /opt/airflow/dags/extraction_dag.py
[2026-09-16T15:32:52.364+0000] {logging_mixin.py:188} INFO - [2026-09-16T15:32:52.364+0000] {dag.py:3096} INFO - Sync 1 DAGs
[2026-09-16T15:32:52.378+0000] {logging_mixin.py:188} INFO - [2026-09-16T15:32:52.377+0000] {dag.py:3954} INFO - Setting next_dagrun for youtube_extraction to None, run_after=None
[2026-09-16T15:32:52.431+0000] {processor.py:183} INFO - Processing /opt/airflow/dags/extraction_dag.py took 0.254 seconds
[2026-09-16T15:33:22.747+0000] {processor.py:161} INFO - Started process (PID=316) to work on /opt/airflow/dags/extraction_dag.py
[2026-09-16T15:33:22.749+0000] {processor.py:830} INFO - Processing file /opt/airflow/dags/extraction_dag.py for tasks to queue
[2026-09-16T15:33:22.753+0000] {logging_mixin.py:188} INFO - [2026-09-16T15:33:22.752+0000] {dagbag.py:545} INFO - Filling up the DagBag from /opt/airflow/dags/extraction_dag.py
[2026-09-16T15:33:22.866+0000] {processor.py:840} INFO - DAG(s) 'youtube_extraction' retrieved from /opt/airflow/dags/extraction_dag.py
[2026-09-16T15:33:22.919+0000] {logging_mixin.py:188} INFO - [2026-09-16T15:33:22.919+0000] {dag.py:3096} INFO - Sync 1 DAGs
[2026-09-16T15:33:22.939+0000] {logging_mixin.py:188} INFO - [2026-09-16T15:33:22.939+0000] {dag.py:3954} INFO - Setting next_dagrun for youtube_extraction to None, run_after=None
[2026-09-16T15:33:23.001+0000] {processor.py:183} INFO - Processing /opt/airflow/dags/extraction_dag.py took 0.262 seconds
[2026-09-16T15:33:53.259+0000] {processor.py:161} INFO - Started process (PID=323) to work on /opt/airflow/dags/extraction_dag.py
[2026-09-16T15:33:53.261+0000] {processor.py:830} INFO - Processing file /opt/airflow/dags/extraction_dag.py for tasks to queue
[2026-09-16T15:33:53.263+0000] {logging_mixin.py:188} INFO - [2026-09-16T15:33:53.263+0000] {dagbag.py:545} INFO - Filling up the DagBag from /opt/airflow/dags/extraction_dag.py
[2026-09-16T15:33:53.343+0000] {processor.py:840} INFO - DAG(s) 'youtube_extraction' retrieved from /opt/airflow/dags/extraction_dag.py
[2026-09-16T15:33:53.378+0000] {logging_mixin.py:188} INFO - [2026-09-16T15:33:53.378+0000] {dag.py:3096} INFO - Sync 1 DAGs
[2026-09-16T15:33:53.394+0000] {logging_mixin.py:188} INFO - [2026-09-16T15:33:53.393+0000] {dag.py:3954} INFO - Setting next_dagrun for youtube_extraction to None, run_after=None
[2026-09-16T15:33:53.443+0000] {processor.py:183} INFO - Processing /opt/airflow/dags/extraction_dag.py took 0.197 seconds
[2026-09-16T15:34:23.540+0000] {processor.py:161} INFO - Started process (PID=330) to work on /opt/airflow/dags/extraction_dag.py
[2026-09-16T15:34:23.543+0000] {processor.py:830} INFO - Processing file /opt/airflow/dags/extraction_dag.py for tasks to queue
[2026-09-16T15:34:23.545+0000] {logging_mixin.py:188} INFO - [2026-09-16T15:34:23.545+0000] {dagbag.py:545} INFO - Filling up the DagBag from /opt/airflow/dags/extraction_dag.py
[2026-09-16T15:34:23.657+0000] {processor.py:840} INFO - DAG(s) 'youtube_extraction' retrieved from /opt/airflow/dags/extraction_dag.py
[2026-09-16T15:34:23.705+0000] {logging_mixin.py:188} INFO - [2026-09-16T15:34:23.704+0000] {dag.py:3096} INFO - Sync 1 DAGs
[2026-09-16T15:34:23.721+0000] {logging_mixin.py:188} INFO - [2026-09-16T15:34:23.720+0000] {dag.py:3954} INFO - Setting next_dagrun for youtube_extraction to None, run_after=None
[2026-09-16T15:34:23.752+0000] {processor.py:183} INFO - Processing /opt/airflow/dags/extraction_dag.py took 0.223 seconds
[2026-09-16T15:34:53.996+0000] {processor.py:161} INFO - Started process (PID=337) to work on /opt/airflow/dags/extraction_dag.py
[2026-09-16T15:34:53.999+0000] {processor.py:830} INFO - Processing file /opt/airflow/dags/extraction_dag.py for tasks to queue
[2026-09-16T15:34:54.001+0000] {logging_mixin.py:188} INFO - [2026-09-16T15:34:54.001+0000] {dagbag.py:545} INFO - Filling up the DagBag from /opt/airflow/dags/extraction_dag.py
[2026-09-16T15:34:54.110+0000] {processor.py:840} INFO - DAG(s) 'youtube_extraction' retrieved from /opt/airflow/dags/extraction_dag.py
[2026-09-16T15:34:54.171+0000] {logging_mixin.py:188} INFO - [2026-09-16T15:34:54.170+0000] {dag.py:3096} INFO - Sync 1 DAGs
[2026-09-16T15:34:54.195+0000] {logging_mixin.py:188} INFO - [2026-09-16T15:34:54.195+0000] {dag.py:3954} INFO - Setting next_dagrun for youtube_extraction to None, run_after=None
[2026-09-16T15:34:54.250+0000] {processor.py:183} INFO - Processing /opt/airflow/dags/extraction_dag.py took 0.263 seconds
[2026-09-16T15:35:24.357+0000] {processor.py:161} INFO - Started process (PID=345) to work on /opt/airflow/dags/extraction_dag.py
[2026-09-16T15:35:24.361+0000] {processor.py:830} INFO - Processing file /opt/airflow/dags/extraction_dag.py for tasks to queue
[2026-09-16T15:35:24.384+0000] {logging_mixin.py:188} INFO - [2026-09-16T15:35:24.383+0000] {dagbag.py:545} INFO - Filling up the DagBag from /opt/airflow/dags/extraction_dag.py
[2026-09-16T15:35:24.500+0000] {processor.py:840} INFO - DAG(s) 'youtube_extraction' retrieved from /opt/airflow/dags/extraction_dag.py
[2026-09-16T15:35:24.583+0000] {logging_mixin.py:188} INFO - [2026-09-16T15:35:24.582+0000] {dag.py:3096} INFO - Sync 1 DAGs
[2026-09-16T15:35:24.623+0000] {logging_mixin.py:188} INFO - [2026-09-16T15:35:24.623+0000] {dag.py:3954} INFO - Setting next_dagrun for youtube_extraction to None, run_after=None
[2026-09-16T15:35:24.667+0000] {processor.py:183} INFO - Processing /opt/airflow/dags/extraction_dag.py took 0.320 seconds
[2026-09-16T15:35:54.836+0000] {processor.py:161} INFO - Started process (PID=352) to work on /opt/airflow/dags/extraction_dag.py
[2026-09-16T15:35:54.839+0000] {processor.py:830} INFO - Processing file /opt/airflow/dags/extraction_dag.py for tasks to queue
[2026-09-16T15:35:54.842+0000] {logging_mixin.py:188} INFO - [2026-09-16T15:35:54.841+0000] {dagbag.py:545} INFO - Filling up the DagBag from /opt/airflow/dags/extraction_dag.py
[2026-09-16T15:35:54.948+0000] {processor.py:840} INFO - DAG(s) 'youtube_extraction' retrieved from /opt/airflow/dags/extraction_dag.py
[2026-09-16T15:35:54.997+0000] {logging_mixin.py:188} INFO - [2026-09-16T15:35:54.996+0000] {dag.py:3096} INFO - Sync 1 DAGs
[2026-09-16T15:35:55.020+0000] {logging_mixin.py:188} INFO - [2026-09-16T15:35:55.020+0000] {dag.py:3954} INFO - Setting next_dagrun for youtube_extraction to None, run_after=None
[2026-09-16T15:35:55.078+0000] {processor.py:183} INFO - Processing /opt/airflow/dags/extraction_dag.py took 0.252 seconds
[2026-09-16T15:36:25.202+0000] {processor.py:161} INFO - Started process (PID=359) to work on /opt/airflow/dags/extraction_dag.py
[2026-09-16T15:36:25.204+0000] {processor.py:830} INFO - Processing file /opt/airflow/dags/extraction_dag.py for tasks to queue
[2026-09-16T15:36:25.206+0000] {logging_mixin.py:188} INFO - [2026-09-16T15:36:25.206+0000] {dagbag.py:545} INFO - Filling up the DagBag from /opt/airflow/dags/extraction_dag.py
[2026-09-16T15:36:25.310+0000] {processor.py:840} INFO - DAG(s) 'youtube_extraction' retrieved from /opt/airflow/dags/extraction_dag.py
[2026-09-16T15:36:25.376+0000] {logging_mixin.py:188} INFO - [2026-09-16T15:36:25.376+0000] {dag.py:3096} INFO - Sync 1 DAGs
[2026-09-16T15:36:25.390+0000] {logging_mixin.py:188} INFO - [2026-09-16T15:36:25.389+0000] {dag.py:3954} INFO - Setting next_dagrun for youtube_extraction to None, run_after=None
[2026-09-16T15:36:25.448+0000] {processor.py:183} INFO - Processing /opt/airflow/dags/extraction_dag.py took 0.252 seconds
[2026-09-16T15:36:55.750+0000] {processor.py:161} INFO - Started process (PID=366) to work on /opt/airflow/dags/extraction_dag.py
[2026-09-16T15:36:55.759+0000] {processor.py:830} INFO - Processing file /opt/airflow/dags/extraction_dag.py for tasks to queue
[2026-09-16T15:36:55.762+0000] {logging_mixin.py:188} INFO - [2026-09-16T15:36:55.762+0000] {dagbag.py:545} INFO - Filling up the DagBag from /opt/airflow/dags/extraction_dag.py
[2026-09-16T15:36:55.930+0000] {processor.py:840} INFO - DAG(s) 'youtube_extraction' retrieved from /opt/airflow/dags/extraction_dag.py
[2026-09-16T15:36:56.010+0000] {logging_mixin.py:188} INFO - [2026-09-16T15:36:56.010+0000] {dag.py:3096} INFO - Sync 1 DAGs
[2026-09-16T15:36:56.038+0000] {logging_mixin.py:188} INFO - [2026-09-16T15:36:56.036+0000] {dag.py:3954} INFO - Setting next_dagrun for youtube_extraction to None, run_after=None
[2026-09-16T15:36:56.099+0000] {processor.py:183} INFO - Processing /opt/airflow/dags/extraction_dag.py took 0.366 seconds
[2026-09-16T15:37:26.513+0000] {processor.py:161} INFO - Started process (PID=373) to work on /opt/airflow/dags/extraction_dag.py
[2026-09-16T15:37:26.545+0000] {processor.py:830} INFO - Processing file /opt/airflow/dags/extraction_dag.py for tasks to queue
[2026-09-16T15:37:26.548+0000] {logging_mixin.py:188} INFO - [2026-09-16T15:37:26.547+0000] {dagbag.py:545} INFO - Filling up the DagBag from /opt/airflow/dags/extraction_dag.py
[2026-09-16T15:37:26.732+0000] {processor.py:840} INFO - DAG(s) 'youtube_extraction' retrieved from /opt/airflow/dags/extraction_dag.py
[2026-09-16T15:37:26.801+0000] {logging_mixin.py:188} INFO - [2026-09-16T15:37:26.800+0000] {dag.py:3096} INFO - Sync 1 DAGs
[2026-09-16T15:37:26.826+0000] {logging_mixin.py:188} INFO - [2026-09-16T15:37:26.826+0000] {dag.py:3954} INFO - Setting next_dagrun for youtube_extraction to None, run_after=None
[2026-09-16T15:37:26.880+0000] {processor.py:183} INFO - Processing /opt/airflow/dags/extraction_dag.py took 0.378 seconds
[2026-09-16T15:37:57.225+0000] {processor.py:161} INFO - Started process (PID=380) to work on /opt/airflow/dags/extraction_dag.py
[2026-09-16T15:37:57.227+0000] {processor.py:830} INFO - Processing file /opt/airflow/dags/extraction_dag.py for tasks to queue
[2026-09-16T15:37:57.230+0000] {logging_mixin.py:188} INFO - [2026-09-16T15:37:57.229+0000] {dagbag.py:545} INFO - Filling up the DagBag from /opt/airflow/dags/extraction_dag.py
[2026-09-16T15:37:57.317+0000] {processor.py:840} INFO - DAG(s) 'youtube_extraction' retrieved from /opt/airflow/dags/extraction_dag.py
[2026-09-16T15:37:57.356+0000] {logging_mixin.py:188} INFO - [2026-09-16T15:37:57.356+0000] {dag.py:3096} INFO - Sync 1 DAGs
[2026-09-16T15:37:57.370+0000] {logging_mixin.py:188} INFO - [2026-09-16T15:37:57.369+0000] {dag.py:3954} INFO - Setting next_dagrun for youtube_extraction to None, run_after=None
[2026-09-16T15:37:57.424+0000] {processor.py:183} INFO - Processing /opt/airflow/dags/extraction_dag.py took 0.205 seconds
[2026-09-16T15:38:27.683+0000] {processor.py:161} INFO - Started process (PID=387) to work on /opt/airflow/dags/extraction_dag.py
[2026-09-16T15:38:27.686+0000] {processor.py:830} INFO - Processing file /opt/airflow/dags/extraction_dag.py for tasks to queue
[2026-09-16T15:38:27.688+0000] {logging_mixin.py:188} INFO - [2026-09-16T15:38:27.688+0000] {dagbag.py:545} INFO - Filling up the DagBag from /opt/airflow/dags/extraction_dag.py
[2026-09-16T15:38:27.793+0000] {processor.py:840} INFO - DAG(s) 'youtube_extraction' retrieved from /opt/airflow/dags/extraction_dag.py
[2026-09-16T15:38:27.835+0000] {logging_mixin.py:188} INFO - [2026-09-16T15:38:27.835+0000] {dag.py:3096} INFO - Sync 1 DAGs
[2026-09-16T15:38:27.846+0000] {logging_mixin.py:188} INFO - [2026-09-16T15:38:27.846+0000] {dag.py:3954} INFO - Setting next_dagrun for youtube_extraction to None, run_after=None
[2026-09-16T15:38:27.868+0000] {processor.py:183} INFO - Processing /opt/airflow/dags/extraction_dag.py took 0.192 seconds
[2026-09-16T15:38:57.982+0000] {processor.py:161} INFO - Started process (PID=394) to work on /opt/airflow/dags/extraction_dag.py
[2026-09-16T15:38:57.984+0000] {processor.py:830} INFO - Processing file /opt/airflow/dags/extraction_dag.py for tasks to queue
[2026-09-16T15:38:57.987+0000] {logging_mixin.py:188} INFO - [2026-09-16T15:38:57.986+0000] {dagbag.py:545} INFO - Filling up the DagBag from /opt/airflow/dags/extraction_dag.py
[2026-09-16T15:38:58.132+0000] {processor.py:840} INFO - DAG(s) 'youtube_extraction' retrieved from /opt/airflow/dags/extraction_dag.py
[2026-09-16T15:38:58.216+0000] {logging_mixin.py:188} INFO - [2026-09-16T15:38:58.215+0000] {dag.py:3096} INFO - Sync 1 DAGs
[2026-09-16T15:38:58.243+0000] {logging_mixin.py:188} INFO - [2026-09-16T15:38:58.243+0000] {dag.py:3954} INFO - Setting next_dagrun for youtube_extraction to None, run_after=None
[2026-09-16T15:38:58.317+0000] {processor.py:183} INFO - Processing /opt/airflow/dags/extraction_dag.py took 0.345 seconds
[2026-09-16T15:39:28.452+0000] {processor.py:161} INFO - Started process (PID=401) to work on /opt/airflow/dags/extraction_dag.py
[2026-09-16T15:39:28.456+0000] {processor.py:830} INFO - Processing file /opt/airflow/dags/extraction_dag.py for tasks to queue
[2026-09-16T15:39:28.459+0000] {logging_mixin.py:188} INFO - [2026-09-16T15:39:28.458+0000] {dagbag.py:545} INFO - Filling up the DagBag from /opt/airflow/dags/extraction_dag.py
[2026-09-16T15:39:28.588+0000] {processor.py:840} INFO - DAG(s) 'youtube_extraction' retrieved from /opt/airflow/dags/extraction_dag.py
[2026-09-16T15:39:28.648+0000] {logging_mixin.py:188} INFO - [2026-09-16T15:39:28.648+0000] {dag.py:3096} INFO - Sync 1 DAGs
[2026-09-16T15:39:28.667+0000] {logging_mixin.py:188} INFO - [2026-09-16T15:39:28.666+0000] {dag.py:3954} INFO - Setting next_dagrun for youtube_extraction to None, run_after=None
[2026-09-16T15:39:28.716+0000] {processor.py:183} INFO - Processing /opt/airflow/dags/extraction_dag.py took 0.270 seconds
[2026-09-16T15:39:58.926+0000] {processor.py:161} INFO - Started process (PID=408) to work on /opt/airflow/dags/extraction_dag.py
[2026-09-16T15:39:58.929+0000] {processor.py:830} INFO - Processing file /opt/airflow/dags/extraction_dag.py for tasks to queue
[2026-09-16T15:39:58.932+0000] {logging_mixin.py:188} INFO - [2026-09-16T15:39:58.931+0000] {dagbag.py:545} INFO - Filling up the DagBag from /opt/airflow/dags/extraction_dag.py
[2026-09-16T15:39:59.035+0000] {processor.py:840} INFO - DAG(s) 'youtube_extraction' retrieved from /opt/airflow/dags/extraction_dag.py
[2026-09-16T15:39:59.102+0000] {logging_mixin.py:188} INFO - [2026-09-16T15:39:59.102+0000] {dag.py:3096} INFO - Sync 1 DAGs
[2026-09-16T15:39:59.125+0000] {logging_mixin.py:188} INFO - [2026-09-16T15:39:59.124+0000] {dag.py:3954} INFO - Setting next_dagrun for youtube_extraction to None, run_after=None
[2026-09-16T15:39:59.171+0000] {processor.py:183} INFO - Processing /opt/airflow/dags/extraction_dag.py took 0.258 seconds
[2026-09-16T15:40:29.279+0000] {processor.py:161} INFO - Started process (PID=415) to work on /opt/airflow/dags/extraction_dag.py
[2026-09-16T15:40:29.281+0000] {processor.py:830} INFO - Processing file /opt/airflow/dags/extraction_dag.py for tasks to queue
[2026-09-16T15:40:29.283+0000] {logging_mixin.py:188} INFO - [2026-09-16T15:40:29.283+0000] {dagbag.py:545} INFO - Filling up the DagBag from /opt/airflow/dags/extraction_dag.py
[2026-09-16T15:40:29.394+0000] {processor.py:840} INFO - DAG(s) 'youtube_extraction' retrieved from /opt/airflow/dags/extraction_dag.py
[2026-09-16T15:40:29.431+0000] {logging_mixin.py:188} INFO - [2026-09-16T15:40:29.431+0000] {dag.py:3096} INFO - Sync 1 DAGs
[2026-09-16T15:40:29.449+0000] {logging_mixin.py:188} INFO - [2026-09-16T15:40:29.449+0000] {dag.py:3954} INFO - Setting next_dagrun for youtube_extraction to None, run_after=None
[2026-09-16T15:40:29.496+0000] {processor.py:183} INFO - Processing /opt/airflow/dags/extraction_dag.py took 0.226 seconds
[2026-09-16T15:40:59.742+0000] {processor.py:161} INFO - Started process (PID=422) to work on /opt/airflow/dags/extraction_dag.py
[2026-09-16T15:40:59.745+0000] {processor.py:830} INFO - Processing file /opt/airflow/dags/extraction_dag.py for tasks to queue
[2026-09-16T15:40:59.747+0000] {logging_mixin.py:188} INFO - [2026-09-16T15:40:59.746+0000] {dagbag.py:545} INFO - Filling up the DagBag from /opt/airflow/dags/extraction_dag.py
[2026-09-16T15:40:59.866+0000] {processor.py:840} INFO - DAG(s) 'youtube_extraction' retrieved from /opt/airflow/dags/extraction_dag.py
[2026-09-16T15:40:59.898+0000] {logging_mixin.py:188} INFO - [2026-09-16T15:40:59.898+0000] {dag.py:3096} INFO - Sync 1 DAGs
[2026-09-16T15:40:59.913+0000] {logging_mixin.py:188} INFO - [2026-09-16T15:40:59.913+0000] {dag.py:3954} INFO - Setting next_dagrun for youtube_extraction to None, run_after=None
[2026-09-16T15:40:59.952+0000] {processor.py:183} INFO - Processing /opt/airflow/dags/extraction_dag.py took 0.217 seconds
[2026-09-16T15:41:30.121+0000] {processor.py:161} INFO - Started process (PID=429) to work on /opt/airflow/dags/extraction_dag.py
[2026-09-16T15:41:30.124+0000] {processor.py:830} INFO - Processing file /opt/airflow/dags/extraction_dag.py for tasks to queue
[2026-09-16T15:41:30.126+0000] {logging_mixin.py:188} INFO - [2026-09-16T15:41:30.126+0000] {dagbag.py:545} INFO - Filling up the DagBag from /opt/airflow/dags/extraction_dag.py
[2026-09-16T15:41:30.229+0000] {processor.py:840} INFO - DAG(s) 'youtube_extraction' retrieved from /opt/airflow/dags/extraction_dag.py
[2026-09-16T15:41:30.255+0000] {logging_mixin.py:188} INFO - [2026-09-16T15:41:30.254+0000] {dag.py:3096} INFO - Sync 1 DAGs
[2026-09-16T15:41:30.268+0000] {logging_mixin.py:188} INFO - [2026-09-16T15:41:30.268+0000] {dag.py:3954} INFO - Setting next_dagrun for youtube_extraction to None, run_after=None
[2026-09-16T15:41:30.396+0000] {processor.py:183} INFO - Processing /opt/airflow/dags/extraction_dag.py took 0.283 seconds
[2026-09-16T15:42:00.466+0000] {processor.py:161} INFO - Started process (PID=436) to work on /opt/airflow/dags/extraction_dag.py
[2026-09-16T15:42:00.468+0000] {processor.py:830} INFO - Processing file /opt/airflow/dags/extraction_dag.py for tasks to queue
[2026-09-16T15:42:00.470+0000] {logging_mixin.py:188} INFO - [2026-09-16T15:42:00.470+0000] {dagbag.py:545} INFO - Filling up the DagBag from /opt/airflow/dags/extraction_dag.py
[2026-09-16T15:42:00.563+0000] {processor.py:840} INFO - DAG(s) 'youtube_extraction' retrieved from /opt/airflow/dags/extraction_dag.py
[2026-09-16T15:42:00.607+0000] {logging_mixin.py:188} INFO - [2026-09-16T15:42:00.607+0000] {dag.py:3096} INFO - Sync 1 DAGs
[2026-09-16T15:42:00.626+0000] {logging_mixin.py:188} INFO - [2026-09-16T15:42:00.626+0000] {dag.py:3954} INFO - Setting next_dagrun for youtube_extraction to None, run_after=None
[2026-09-16T15:42:00.666+0000] {processor.py:183} INFO - Processing /opt/airflow/dags/extraction_dag.py took 0.207 seconds
[2026-09-16T15:42:30.943+0000] {processor.py:161} INFO - Started process (PID=443) to work on /opt/airflow/dags/extraction_dag.py
[2026-09-16T15:42:30.945+0000] {processor.py:830} INFO - Processing file /opt/airflow/dags/extraction_dag.py for tasks to queue
[2026-09-16T15:42:30.947+0000] {logging_mixin.py:188} INFO - [2026-09-16T15:42:30.947+0000] {dagbag.py:545} INFO - Filling up the DagBag from /opt/airflow/dags/extraction_dag.py
[2026-09-16T15:42:31.065+0000] {processor.py:840} INFO - DAG(s) 'youtube_extraction' retrieved from /opt/airflow/dags/extraction_dag.py
[2026-09-16T15:42:31.116+0000] {logging_mixin.py:188} INFO - [2026-09-16T15:42:31.116+0000] {dag.py:3096} INFO - Sync 1 DAGs
[2026-09-16T15:42:31.130+0000] {logging_mixin.py:188} INFO - [2026-09-16T15:42:31.129+0000] {dag.py:3954} INFO - Setting next_dagrun for youtube_extraction to None, run_after=None
[2026-09-16T15:42:31.165+0000] {processor.py:183} INFO - Processing /opt/airflow/dags/extraction_dag.py took 0.230 seconds
[2026-09-16T15:43:01.466+0000] {processor.py:161} INFO - Started process (PID=450) to work on /opt/airflow/dags/extraction_dag.py
[2026-09-16T15:43:01.470+0000] {processor.py:830} INFO - Processing file /opt/airflow/dags/extraction_dag.py for tasks to queue
[2026-09-16T15:43:01.473+0000] {logging_mixin.py:188} INFO - [2026-09-16T15:43:01.472+0000] {dagbag.py:545} INFO - Filling up the DagBag from /opt/airflow/dags/extraction_dag.py
[2026-09-16T15:43:01.567+0000] {processor.py:840} INFO - DAG(s) 'youtube_extraction' retrieved from /opt/airflow/dags/extraction_dag.py
[2026-09-16T15:43:01.625+0000] {logging_mixin.py:188} INFO - [2026-09-16T15:43:01.625+0000] {dag.py:3096} INFO - Sync 1 DAGs
[2026-09-16T15:43:01.650+0000] {logging_mixin.py:188} INFO - [2026-09-16T15:43:01.650+0000] {dag.py:3954} INFO - Setting next_dagrun for youtube_extraction to None, run_after=None
[2026-09-16T15:43:01.690+0000] {processor.py:183} INFO - Processing /opt/airflow/dags/extraction_dag.py took 0.239 seconds
[2026-09-16T15:43:32.006+0000] {processor.py:161} INFO - Started process (PID=457) to work on /opt/airflow/dags/extraction_dag.py
[2026-09-16T15:43:32.009+0000] {processor.py:830} INFO - Processing file /opt/airflow/dags/extraction_dag.py for tasks to queue
[2026-09-16T15:43:32.012+0000] {logging_mixin.py:188} INFO - [2026-09-16T15:43:32.011+0000] {dagbag.py:545} INFO - Filling up the DagBag from /opt/airflow/dags/extraction_dag.py
[2026-09-16T15:43:32.154+0000] {processor.py:840} INFO - DAG(s) 'youtube_extraction' retrieved from /opt/airflow/dags/extraction_dag.py
[2026-09-16T15:43:32.208+0000] {logging_mixin.py:188} INFO - [2026-09-16T15:43:32.208+0000] {dag.py:3096} INFO - Sync 1 DAGs
[2026-09-16T15:43:32.253+0000] {logging_mixin.py:188} INFO - [2026-09-16T15:43:32.252+0000] {dag.py:3954} INFO - Setting next_dagrun for youtube_extraction to None, run_after=None
[2026-09-16T15:43:32.286+0000] {processor.py:183} INFO - Processing /opt/airflow/dags/extraction_dag.py took 0.285 seconds
[2026-09-16T15:44:02.588+0000] {processor.py:161} INFO - Started process (PID=464) to work on /opt/airflow/dags/extraction_dag.py
[2026-09-16T15:44:02.590+0000] {processor.py:830} INFO - Processing file /opt/airflow/dags/extraction_dag.py for tasks to queue
[2026-09-16T15:44:02.592+0000] {logging_mixin.py:188} INFO - [2026-09-16T15:44:02.592+0000] {dagbag.py:545} INFO - Filling up the DagBag from /opt/airflow/dags/extraction_dag.py
[2026-09-16T15:44:02.696+0000] {processor.py:840} INFO - DAG(s) 'youtube_extraction' retrieved from /opt/airflow/dags/extraction_dag.py
[2026-09-16T15:44:02.723+0000] {logging_mixin.py:188} INFO - [2026-09-16T15:44:02.723+0000] {dag.py:3096} INFO - Sync 1 DAGs
[2026-09-16T15:44:02.735+0000] {logging_mixin.py:188} INFO - [2026-09-16T15:44:02.735+0000] {dag.py:3954} INFO - Setting next_dagrun for youtube_extraction to None, run_after=None
[2026-09-16T15:44:02.776+0000] {processor.py:183} INFO - Processing /opt/airflow/dags/extraction_dag.py took 0.193 seconds
[2026-09-16T15:44:32.876+0000] {processor.py:161} INFO - Started process (PID=471) to work on /opt/airflow/dags/extraction_dag.py
[2026-09-16T15:44:32.890+0000] {processor.py:830} INFO - Processing file /opt/airflow/dags/extraction_dag.py for tasks to queue
[2026-09-16T15:44:32.892+0000] {logging_mixin.py:188} INFO - [2026-09-16T15:44:32.892+0000] {dagbag.py:545} INFO - Filling up the DagBag from /opt/airflow/dags/extraction_dag.py
[2026-09-16T15:44:33.021+0000] {processor.py:840} INFO - DAG(s) 'youtube_extraction' retrieved from /opt/airflow/dags/extraction_dag.py
[2026-09-16T15:44:33.063+0000] {logging_mixin.py:188} INFO - [2026-09-16T15:44:33.063+0000] {dag.py:3096} INFO - Sync 1 DAGs
[2026-09-16T15:44:33.077+0000] {logging_mixin.py:188} INFO - [2026-09-16T15:44:33.076+0000] {dag.py:3954} INFO - Setting next_dagrun for youtube_extraction to None, run_after=None
[2026-09-16T15:44:33.107+0000] {processor.py:183} INFO - Processing /opt/airflow/dags/extraction_dag.py took 0.235 seconds
[2026-09-16T15:45:03.358+0000] {processor.py:161} INFO - Started process (PID=484) to work on /opt/airflow/dags/extraction_dag.py
[2026-09-16T15:45:03.360+0000] {processor.py:830} INFO - Processing file /opt/airflow/dags/extraction_dag.py for tasks to queue
[2026-09-16T15:45:03.362+0000] {logging_mixin.py:188} INFO - [2026-09-16T15:45:03.361+0000] {dagbag.py:545} INFO - Filling up the DagBag from /opt/airflow/dags/extraction_dag.py
[2026-09-16T15:45:03.443+0000] {processor.py:840} INFO - DAG(s) 'youtube_extraction' retrieved from /opt/airflow/dags/extraction_dag.py
[2026-09-16T15:45:03.470+0000] {logging_mixin.py:188} INFO - [2026-09-16T15:45:03.470+0000] {dag.py:3096} INFO - Sync 1 DAGs
[2026-09-16T15:45:03.483+0000] {logging_mixin.py:188} INFO - [2026-09-16T15:45:03.482+0000] {dag.py:3954} INFO - Setting next_dagrun for youtube_extraction to None, run_after=None
[2026-09-16T15:45:03.504+0000] {processor.py:183} INFO - Processing /opt/airflow/dags/extraction_dag.py took 0.151 seconds
[2026-09-16T15:45:33.702+0000] {processor.py:161} INFO - Started process (PID=491) to work on /opt/airflow/dags/extraction_dag.py
[2026-09-16T15:45:33.704+0000] {processor.py:830} INFO - Processing file /opt/airflow/dags/extraction_dag.py for tasks to queue
[2026-09-16T15:45:33.706+0000] {logging_mixin.py:188} INFO - [2026-09-16T15:45:33.706+0000] {dagbag.py:545} INFO - Filling up the DagBag from /opt/airflow/dags/extraction_dag.py
[2026-09-16T15:45:33.871+0000] {processor.py:840} INFO - DAG(s) 'youtube_extraction' retrieved from /opt/airflow/dags/extraction_dag.py
[2026-09-16T15:45:33.906+0000] {logging_mixin.py:188} INFO - [2026-09-16T15:45:33.906+0000] {dag.py:3096} INFO - Sync 1 DAGs
[2026-09-16T15:45:33.920+0000] {logging_mixin.py:188} INFO - [2026-09-16T15:45:33.919+0000] {dag.py:3954} INFO - Setting next_dagrun for youtube_extraction to None, run_after=None
[2026-09-16T15:45:33.974+0000] {processor.py:183} INFO - Processing /opt/airflow/dags/extraction_dag.py took 0.279 seconds
[2026-09-16T15:46:04.054+0000] {processor.py:161} INFO - Started process (PID=498) to work on /opt/airflow/dags/extraction_dag.py
[2026-09-16T15:46:04.057+0000] {processor.py:830} INFO - Processing file /opt/airflow/dags/extraction_dag.py for tasks to queue
[2026-09-16T15:46:04.059+0000] {logging_mixin.py:188} INFO - [2026-09-16T15:46:04.059+0000] {dagbag.py:545} INFO - Filling up the DagBag from /opt/airflow/dags/extraction_dag.py
[2026-09-16T15:46:04.205+0000] {processor.py:840} INFO - DAG(s) 'youtube_extraction' retrieved from /opt/airflow/dags/extraction_dag.py
[2026-09-16T15:46:04.255+0000] {logging_mixin.py:188} INFO - [2026-09-16T15:46:04.255+0000] {dag.py:3096} INFO - Sync 1 DAGs
[2026-09-16T15:46:04.288+0000] {logging_mixin.py:188} INFO - [2026-09-16T15:46:04.288+0000] {dag.py:3954} INFO - Setting next_dagrun for youtube_extraction to None, run_after=None
[2026-09-16T15:46:04.319+0000] {processor.py:183} INFO - Processing /opt/airflow/dags/extraction_dag.py took 0.270 seconds
[2026-09-16T15:46:34.666+0000] {processor.py:161} INFO - Started process (PID=506) to work on /opt/airflow/dags/extraction_dag.py
[2026-09-16T15:46:34.686+0000] {processor.py:830} INFO - Processing file /opt/airflow/dags/extraction_dag.py for tasks to queue
[2026-09-16T15:46:34.689+0000] {logging_mixin.py:188} INFO - [2026-09-16T15:46:34.689+0000] {dagbag.py:545} INFO - Filling up the DagBag from /opt/airflow/dags/extraction_dag.py
[2026-09-16T15:46:34.881+0000] {processor.py:840} INFO - DAG(s) 'youtube_extraction' retrieved from /opt/airflow/dags/extraction_dag.py
[2026-09-16T15:46:34.922+0000] {logging_mixin.py:188} INFO - [2026-09-16T15:46:34.922+0000] {dag.py:3096} INFO - Sync 1 DAGs
[2026-09-16T15:46:34.934+0000] {logging_mixin.py:188} INFO - [2026-09-16T15:46:34.934+0000] {dag.py:3954} INFO - Setting next_dagrun for youtube_extraction to None, run_after=None
[2026-09-16T15:46:34.976+0000] {processor.py:183} INFO - Processing /opt/airflow/dags/extraction_dag.py took 0.316 seconds
[2026-09-16T15:47:05.295+0000] {processor.py:161} INFO - Started process (PID=513) to work on /opt/airflow/dags/extraction_dag.py
[2026-09-16T15:47:05.298+0000] {processor.py:830} INFO - Processing file /opt/airflow/dags/extraction_dag.py for tasks to queue
[2026-09-16T15:47:05.301+0000] {logging_mixin.py:188} INFO - [2026-09-16T15:47:05.301+0000] {dagbag.py:545} INFO - Filling up the DagBag from /opt/airflow/dags/extraction_dag.py
[2026-09-16T15:47:05.407+0000] {processor.py:840} INFO - DAG(s) 'youtube_extraction' retrieved from /opt/airflow/dags/extraction_dag.py
[2026-09-16T15:47:05.443+0000] {logging_mixin.py:188} INFO - [2026-09-16T15:47:05.442+0000] {dag.py:3096} INFO - Sync 1 DAGs
[2026-09-16T15:47:05.478+0000] {logging_mixin.py:188} INFO - [2026-09-16T15:47:05.478+0000] {dag.py:3954} INFO - Setting next_dagrun for youtube_extraction to None, run_after=None
[2026-09-16T15:47:05.513+0000] {processor.py:183} INFO - Processing /opt/airflow/dags/extraction_dag.py took 0.223 seconds
[2026-09-16T15:47:35.833+0000] {processor.py:161} INFO - Started process (PID=520) to work on /opt/airflow/dags/extraction_dag.py
[2026-09-16T15:47:35.836+0000] {processor.py:830} INFO - Processing file /opt/airflow/dags/extraction_dag.py for tasks to queue
[2026-09-16T15:47:35.838+0000] {logging_mixin.py:188} INFO - [2026-09-16T15:47:35.837+0000] {dagbag.py:545} INFO - Filling up the DagBag from /opt/airflow/dags/extraction_dag.py
[2026-09-16T15:47:35.949+0000] {processor.py:840} INFO - DAG(s) 'youtube_extraction' retrieved from /opt/airflow/dags/extraction_dag.py
[2026-09-16T15:47:35.976+0000] {logging_mixin.py:188} INFO - [2026-09-16T15:47:35.976+0000] {dag.py:3096} INFO - Sync 1 DAGs
[2026-09-16T15:47:35.996+0000] {logging_mixin.py:188} INFO - [2026-09-16T15:47:35.995+0000] {dag.py:3954} INFO - Setting next_dagrun for youtube_extraction to None, run_after=None
[2026-09-16T15:47:36.026+0000] {processor.py:183} INFO - Processing /opt/airflow/dags/extraction_dag.py took 0.198 seconds
[2026-09-16T15:48:06.125+0000] {processor.py:161} INFO - Started process (PID=527) to work on /opt/airflow/dags/extraction_dag.py
[2026-09-16T15:48:06.127+0000] {processor.py:830} INFO - Processing file /opt/airflow/dags/extraction_dag.py for tasks to queue
[2026-09-16T15:48:06.130+0000] {logging_mixin.py:188} INFO - [2026-09-16T15:48:06.129+0000] {dagbag.py:545} INFO - Filling up the DagBag from /opt/airflow/dags/extraction_dag.py
[2026-09-16T15:48:06.238+0000] {processor.py:840} INFO - DAG(s) 'youtube_extraction' retrieved from /opt/airflow/dags/extraction_dag.py
[2026-09-16T15:48:06.261+0000] {logging_mixin.py:188} INFO - [2026-09-16T15:48:06.261+0000] {dag.py:3096} INFO - Sync 1 DAGs
[2026-09-16T15:48:06.273+0000] {logging_mixin.py:188} INFO - [2026-09-16T15:48:06.273+0000] {dag.py:3954} INFO - Setting next_dagrun for youtube_extraction to None, run_after=None
[2026-09-16T15:48:06.314+0000] {processor.py:183} INFO - Processing /opt/airflow/dags/extraction_dag.py took 0.195 seconds
[2026-09-16T15:48:36.625+0000] {processor.py:161} INFO - Started process (PID=534) to work on /opt/airflow/dags/extraction_dag.py
[2026-09-16T15:48:36.627+0000] {processor.py:830} INFO - Processing file /opt/airflow/dags/extraction_dag.py for tasks to queue
[2026-09-16T15:48:36.629+0000] {logging_mixin.py:188} INFO - [2026-09-16T15:48:36.629+0000] {dagbag.py:545} INFO - Filling up the DagBag from /opt/airflow/dags/extraction_dag.py
[2026-09-16T15:48:36.738+0000] {processor.py:840} INFO - DAG(s) 'youtube_extraction' retrieved from /opt/airflow/dags/extraction_dag.py
[2026-09-16T15:48:36.771+0000] {logging_mixin.py:188} INFO - [2026-09-16T15:48:36.771+0000] {dag.py:3096} INFO - Sync 1 DAGs
[2026-09-16T15:48:36.783+0000] {logging_mixin.py:188} INFO - [2026-09-16T15:48:36.783+0000] {dag.py:3954} INFO - Setting next_dagrun for youtube_extraction to None, run_after=None
[2026-09-16T15:48:36.845+0000] {processor.py:183} INFO - Processing /opt/airflow/dags/extraction_dag.py took 0.226 seconds
[2026-09-16T15:49:07.164+0000] {processor.py:161} INFO - Started process (PID=541) to work on /opt/airflow/dags/extraction_dag.py
[2026-09-16T15:49:07.167+0000] {processor.py:830} INFO - Processing file /opt/airflow/dags/extraction_dag.py for tasks to queue
[2026-09-16T15:49:07.170+0000] {logging_mixin.py:188} INFO - [2026-09-16T15:49:07.170+0000] {dagbag.py:545} INFO - Filling up the DagBag from /opt/airflow/dags/extraction_dag.py
[2026-09-16T15:49:07.408+0000] {processor.py:840} INFO - DAG(s) 'youtube_extraction' retrieved from /opt/airflow/dags/extraction_dag.py
[2026-09-16T15:49:07.576+0000] {logging_mixin.py:188} INFO - [2026-09-16T15:49:07.576+0000] {dag.py:3096} INFO - Sync 1 DAGs
[2026-09-16T15:49:07.598+0000] {logging_mixin.py:188} INFO - [2026-09-16T15:49:07.597+0000] {dag.py:3954} INFO - Setting next_dagrun for youtube_extraction to None, run_after=None
[2026-09-16T15:49:07.660+0000] {processor.py:183} INFO - Processing /opt/airflow/dags/extraction_dag.py took 0.502 seconds
[2026-09-16T15:49:37.976+0000] {processor.py:161} INFO - Started process (PID=549) to work on /opt/airflow/dags/extraction_dag.py
[2026-09-16T15:49:37.978+0000] {processor.py:830} INFO - Processing file /opt/airflow/dags/extraction_dag.py for tasks to queue
[2026-09-16T15:49:37.981+0000] {logging_mixin.py:188} INFO - [2026-09-16T15:49:37.980+0000] {dagbag.py:545} INFO - Filling up the DagBag from /opt/airflow/dags/extraction_dag.py
[2026-09-16T15:49:38.084+0000] {processor.py:840} INFO - DAG(s) 'youtube_extraction' retrieved from /opt/airflow/dags/extraction_dag.py
[2026-09-16T15:49:38.132+0000] {logging_mixin.py:188} INFO - [2026-09-16T15:49:38.132+0000] {dag.py:3096} INFO - Sync 1 DAGs
[2026-09-16T15:49:38.147+0000] {logging_mixin.py:188} INFO - [2026-09-16T15:49:38.146+0000] {dag.py:3954} INFO - Setting next_dagrun for youtube_extraction to None, run_after=None
[2026-09-16T15:49:38.192+0000] {processor.py:183} INFO - Processing /opt/airflow/dags/extraction_dag.py took 0.224 seconds
[2026-09-16T15:50:08.278+0000] {processor.py:161} INFO - Started process (PID=556) to work on /opt/airflow/dags/extraction_dag.py
[2026-09-16T15:50:08.280+0000] {processor.py:830} INFO - Processing file /opt/airflow/dags/extraction_dag.py for tasks to queue
[2026-09-16T15:50:08.282+0000] {logging_mixin.py:188} INFO - [2026-09-16T15:50:08.282+0000] {dagbag.py:545} INFO - Filling up the DagBag from /opt/airflow/dags/extraction_dag.py
[2026-09-16T15:50:08.397+0000] {processor.py:840} INFO - DAG(s) 'youtube_extraction' retrieved from /opt/airflow/dags/extraction_dag.py
[2026-09-16T15:50:08.530+0000] {logging_mixin.py:188} INFO - [2026-09-16T15:50:08.530+0000] {dag.py:3096} INFO - Sync 1 DAGs
[2026-09-16T15:50:08.565+0000] {logging_mixin.py:188} INFO - [2026-09-16T15:50:08.565+0000] {dag.py:3954} INFO - Setting next_dagrun for youtube_extraction to None, run_after=None
[2026-09-16T15:50:08.622+0000] {processor.py:183} INFO - Processing /opt/airflow/dags/extraction_dag.py took 0.355 seconds
[2026-09-16T15:50:38.771+0000] {processor.py:161} INFO - Started process (PID=563) to work on /opt/airflow/dags/extraction_dag.py
[2026-09-16T15:50:38.777+0000] {processor.py:830} INFO - Processing file /opt/airflow/dags/extraction_dag.py for tasks to queue
[2026-09-16T15:50:38.781+0000] {logging_mixin.py:188} INFO - [2026-09-16T15:50:38.780+0000] {dagbag.py:545} INFO - Filling up the DagBag from /opt/airflow/dags/extraction_dag.py
[2026-09-16T15:50:38.912+0000] {processor.py:840} INFO - DAG(s) 'youtube_extraction' retrieved from /opt/airflow/dags/extraction_dag.py
[2026-09-16T15:50:38.941+0000] {logging_mixin.py:188} INFO - [2026-09-16T15:50:38.940+0000] {dag.py:3096} INFO - Sync 1 DAGs
[2026-09-16T15:50:38.968+0000] {logging_mixin.py:188} INFO - [2026-09-16T15:50:38.968+0000] {dag.py:3954} INFO - Setting next_dagrun for youtube_extraction to None, run_after=None
[2026-09-16T15:50:39.002+0000] {processor.py:183} INFO - Processing /opt/airflow/dags/extraction_dag.py took 0.251 seconds
[2026-09-16T15:51:09.259+0000] {processor.py:161} INFO - Started process (PID=570) to work on /opt/airflow/dags/extraction_dag.py
[2026-09-16T15:51:09.279+0000] {processor.py:830} INFO - Processing file /opt/airflow/dags/extraction_dag.py for tasks to queue
[2026-09-16T15:51:09.284+0000] {logging_mixin.py:188} INFO - [2026-09-16T15:51:09.283+0000] {dagbag.py:545} INFO - Filling up the DagBag from /opt/airflow/dags/extraction_dag.py
[2026-09-16T15:51:09.345+0000] {processor.py:840} INFO - DAG(s) 'youtube_extraction' retrieved from /opt/airflow/dags/extraction_dag.py
[2026-09-16T15:51:09.381+0000] {logging_mixin.py:188} INFO - [2026-09-16T15:51:09.380+0000] {dag.py:3096} INFO - Sync 1 DAGs
[2026-09-16T15:51:09.427+0000] {logging_mixin.py:188} INFO - [2026-09-16T15:51:09.427+0000] {dag.py:3954} INFO - Setting next_dagrun for youtube_extraction to None, run_after=None
[2026-09-16T15:51:09.474+0000] {processor.py:183} INFO - Processing /opt/airflow/dags/extraction_dag.py took 0.222 seconds
[2026-09-16T15:51:39.788+0000] {processor.py:161} INFO - Started process (PID=577) to work on /opt/airflow/dags/extraction_dag.py
[2026-09-16T15:51:39.791+0000] {processor.py:830} INFO - Processing file /opt/airflow/dags/extraction_dag.py for tasks to queue
[2026-09-16T15:51:39.793+0000] {logging_mixin.py:188} INFO - [2026-09-16T15:51:39.793+0000] {dagbag.py:545} INFO - Filling up the DagBag from /opt/airflow/dags/extraction_dag.py
[2026-09-16T15:51:39.915+0000] {processor.py:840} INFO - DAG(s) 'youtube_extraction' retrieved from /opt/airflow/dags/extraction_dag.py
[2026-09-16T15:51:39.952+0000] {logging_mixin.py:188} INFO - [2026-09-16T15:51:39.952+0000] {dag.py:3096} INFO - Sync 1 DAGs
[2026-09-16T15:51:39.982+0000] {logging_mixin.py:188} INFO - [2026-09-16T15:51:39.982+0000] {dag.py:3954} INFO - Setting next_dagrun for youtube_extraction to None, run_after=None
[2026-09-16T15:51:40.027+0000] {processor.py:183} INFO - Processing /opt/airflow/dags/extraction_dag.py took 0.244 seconds
[2026-09-16T15:52:10.312+0000] {processor.py:161} INFO - Started process (PID=584) to work on /opt/airflow/dags/extraction_dag.py
[2026-09-16T15:52:10.314+0000] {processor.py:830} INFO - Processing file /opt/airflow/dags/extraction_dag.py for tasks to queue
[2026-09-16T15:52:10.316+0000] {logging_mixin.py:188} INFO - [2026-09-16T15:52:10.315+0000] {dagbag.py:545} INFO - Filling up the DagBag from /opt/airflow/dags/extraction_dag.py
[2026-09-16T15:52:10.430+0000] {processor.py:840} INFO - DAG(s) 'youtube_extraction' retrieved from /opt/airflow/dags/extraction_dag.py
[2026-09-16T15:52:10.472+0000] {logging_mixin.py:188} INFO - [2026-09-16T15:52:10.471+0000] {dag.py:3096} INFO - Sync 1 DAGs
[2026-09-16T15:52:10.484+0000] {logging_mixin.py:188} INFO - [2026-09-16T15:52:10.484+0000] {dag.py:3954} INFO - Setting next_dagrun for youtube_extraction to None, run_after=None
[2026-09-16T15:52:10.523+0000] {processor.py:183} INFO - Processing /opt/airflow/dags/extraction_dag.py took 0.218 seconds
[2026-09-16T15:52:40.863+0000] {processor.py:161} INFO - Started process (PID=591) to work on /opt/airflow/dags/extraction_dag.py
[2026-09-16T15:52:40.866+0000] {processor.py:830} INFO - Processing file /opt/airflow/dags/extraction_dag.py for tasks to queue
[2026-09-16T15:52:40.869+0000] {logging_mixin.py:188} INFO - [2026-09-16T15:52:40.869+0000] {dagbag.py:545} INFO - Filling up the DagBag from /opt/airflow/dags/extraction_dag.py
[2026-09-16T15:52:40.977+0000] {processor.py:840} INFO - DAG(s) 'youtube_extraction' retrieved from /opt/airflow/dags/extraction_dag.py
[2026-09-16T15:52:41.007+0000] {logging_mixin.py:188} INFO - [2026-09-16T15:52:41.007+0000] {dag.py:3096} INFO - Sync 1 DAGs
[2026-09-16T15:52:41.081+0000] {logging_mixin.py:188} INFO - [2026-09-16T15:52:41.080+0000] {dag.py:3954} INFO - Setting next_dagrun for youtube_extraction to None, run_after=None
[2026-09-16T15:52:41.143+0000] {processor.py:183} INFO - Processing /opt/airflow/dags/extraction_dag.py took 0.285 seconds
[2026-09-16T15:53:11.561+0000] {processor.py:161} INFO - Started process (PID=597) to work on /opt/airflow/dags/extraction_dag.py
[2026-09-16T15:53:11.589+0000] {processor.py:830} INFO - Processing file /opt/airflow/dags/extraction_dag.py for tasks to queue
[2026-09-16T15:53:11.601+0000] {logging_mixin.py:188} INFO - [2026-09-16T15:53:11.599+0000] {dagbag.py:545} INFO - Filling up the DagBag from /opt/airflow/dags/extraction_dag.py
[2026-09-16T15:53:11.870+0000] {processor.py:840} INFO - DAG(s) 'youtube_extraction' retrieved from /opt/airflow/dags/extraction_dag.py
[2026-09-16T15:53:12.050+0000] {logging_mixin.py:188} INFO - [2026-09-16T15:53:12.049+0000] {dag.py:3096} INFO - Sync 1 DAGs
[2026-09-16T15:53:12.098+0000] {logging_mixin.py:188} INFO - [2026-09-16T15:53:12.097+0000] {dag.py:3954} INFO - Setting next_dagrun for youtube_extraction to None, run_after=None
[2026-09-16T15:53:12.154+0000] {processor.py:183} INFO - Processing /opt/airflow/dags/extraction_dag.py took 0.647 seconds
[2026-09-16T15:53:42.415+0000] {processor.py:161} INFO - Started process (PID=604) to work on /opt/airflow/dags/extraction_dag.py
[2026-09-16T15:53:42.418+0000] {processor.py:830} INFO - Processing file /opt/airflow/dags/extraction_dag.py for tasks to queue
[2026-09-16T15:53:42.422+0000] {logging_mixin.py:188} INFO - [2026-09-16T15:53:42.421+0000] {dagbag.py:545} INFO - Filling up the DagBag from /opt/airflow/dags/extraction_dag.py
[2026-09-16T15:53:42.602+0000] {processor.py:840} INFO - DAG(s) 'youtube_extraction' retrieved from /opt/airflow/dags/extraction_dag.py
[2026-09-16T15:53:42.755+0000] {logging_mixin.py:188} INFO - [2026-09-16T15:53:42.755+0000] {dag.py:3096} INFO - Sync 1 DAGs
[2026-09-16T15:53:42.843+0000] {logging_mixin.py:188} INFO - [2026-09-16T15:53:42.842+0000] {dag.py:3954} INFO - Setting next_dagrun for youtube_extraction to None, run_after=None
[2026-09-16T15:53:42.893+0000] {processor.py:183} INFO - Processing /opt/airflow/dags/extraction_dag.py took 0.488 seconds
[2026-09-16T15:54:13.219+0000] {processor.py:161} INFO - Started process (PID=611) to work on /opt/airflow/dags/extraction_dag.py
[2026-09-16T15:54:13.222+0000] {processor.py:830} INFO - Processing file /opt/airflow/dags/extraction_dag.py for tasks to queue
[2026-09-16T15:54:13.224+0000] {logging_mixin.py:188} INFO - [2026-09-16T15:54:13.223+0000] {dagbag.py:545} INFO - Filling up the DagBag from /opt/airflow/dags/extraction_dag.py
[2026-09-16T15:54:13.322+0000] {processor.py:840} INFO - DAG(s) 'youtube_extraction' retrieved from /opt/airflow/dags/extraction_dag.py
[2026-09-16T15:54:13.377+0000] {logging_mixin.py:188} INFO - [2026-09-16T15:54:13.376+0000] {dag.py:3096} INFO - Sync 1 DAGs
[2026-09-16T15:54:13.390+0000] {logging_mixin.py:188} INFO - [2026-09-16T15:54:13.389+0000] {dag.py:3954} INFO - Setting next_dagrun for youtube_extraction to None, run_after=None
[2026-09-16T15:54:13.427+0000] {processor.py:183} INFO - Processing /opt/airflow/dags/extraction_dag.py took 0.214 seconds
[2026-09-16T15:54:43.813+0000] {processor.py:161} INFO - Started process (PID=618) to work on /opt/airflow/dags/extraction_dag.py
[2026-09-16T15:54:43.816+0000] {processor.py:830} INFO - Processing file /opt/airflow/dags/extraction_dag.py for tasks to queue
[2026-09-16T15:54:43.819+0000] {logging_mixin.py:188} INFO - [2026-09-16T15:54:43.819+0000] {dagbag.py:545} INFO - Filling up the DagBag from /opt/airflow/dags/extraction_dag.py
[2026-09-16T15:54:44.037+0000] {processor.py:840} INFO - DAG(s) 'youtube_extraction' retrieved from /opt/airflow/dags/extraction_dag.py
[2026-09-16T15:54:44.136+0000] {logging_mixin.py:188} INFO - [2026-09-16T15:54:44.136+0000] {dag.py:3096} INFO - Sync 1 DAGs
[2026-09-16T15:54:44.155+0000] {logging_mixin.py:188} INFO - [2026-09-16T15:54:44.155+0000] {dag.py:3954} INFO - Setting next_dagrun for youtube_extraction to None, run_after=None
[2026-09-16T15:54:44.189+0000] {processor.py:183} INFO - Processing /opt/airflow/dags/extraction_dag.py took 0.405 seconds
[2026-09-16T15:55:14.505+0000] {processor.py:161} INFO - Started process (PID=625) to work on /opt/airflow/dags/extraction_dag.py
[2026-09-16T15:55:14.507+0000] {processor.py:830} INFO - Processing file /opt/airflow/dags/extraction_dag.py for tasks to queue
[2026-09-16T15:55:14.510+0000] {logging_mixin.py:188} INFO - [2026-09-16T15:55:14.509+0000] {dagbag.py:545} INFO - Filling up the DagBag from /opt/airflow/dags/extraction_dag.py
[2026-09-16T15:55:14.612+0000] {processor.py:840} INFO - DAG(s) 'youtube_extraction' retrieved from /opt/airflow/dags/extraction_dag.py
[2026-09-16T15:55:14.638+0000] {logging_mixin.py:188} INFO - [2026-09-16T15:55:14.638+0000] {dag.py:3096} INFO - Sync 1 DAGs
[2026-09-16T15:55:14.676+0000] {logging_mixin.py:188} INFO - [2026-09-16T15:55:14.675+0000] {dag.py:3954} INFO - Setting next_dagrun for youtube_extraction to None, run_after=None
[2026-09-16T15:55:14.706+0000] {processor.py:183} INFO - Processing /opt/airflow/dags/extraction_dag.py took 0.207 seconds
[2026-09-16T15:55:44.782+0000] {processor.py:161} INFO - Started process (PID=632) to work on /opt/airflow/dags/extraction_dag.py
[2026-09-16T15:55:44.784+0000] {processor.py:830} INFO - Processing file /opt/airflow/dags/extraction_dag.py for tasks to queue
[2026-09-16T15:55:44.787+0000] {logging_mixin.py:188} INFO - [2026-09-16T15:55:44.787+0000] {dagbag.py:545} INFO - Filling up the DagBag from /opt/airflow/dags/extraction_dag.py
[2026-09-16T15:55:44.867+0000] {processor.py:840} INFO - DAG(s) 'youtube_extraction' retrieved from /opt/airflow/dags/extraction_dag.py
[2026-09-16T15:55:44.917+0000] {logging_mixin.py:188} INFO - [2026-09-16T15:55:44.917+0000] {dag.py:3096} INFO - Sync 1 DAGs
[2026-09-16T15:55:44.938+0000] {logging_mixin.py:188} INFO - [2026-09-16T15:55:44.938+0000] {dag.py:3954} INFO - Setting next_dagrun for youtube_extraction to None, run_after=None
[2026-09-16T15:55:44.988+0000] {processor.py:183} INFO - Processing /opt/airflow/dags/extraction_dag.py took 0.211 seconds
[2026-09-16T15:56:15.397+0000] {processor.py:161} INFO - Started process (PID=639) to work on /opt/airflow/dags/extraction_dag.py
[2026-09-16T15:56:15.399+0000] {processor.py:830} INFO - Processing file /opt/airflow/dags/extraction_dag.py for tasks to queue
[2026-09-16T15:56:15.402+0000] {logging_mixin.py:188} INFO - [2026-09-16T15:56:15.401+0000] {dagbag.py:545} INFO - Filling up the DagBag from /opt/airflow/dags/extraction_dag.py
[2026-09-16T15:56:15.517+0000] {processor.py:840} INFO - DAG(s) 'youtube_extraction' retrieved from /opt/airflow/dags/extraction_dag.py
[2026-09-16T15:56:15.541+0000] {logging_mixin.py:188} INFO - [2026-09-16T15:56:15.541+0000] {dag.py:3096} INFO - Sync 1 DAGs
[2026-09-16T15:56:15.551+0000] {logging_mixin.py:188} INFO - [2026-09-16T15:56:15.551+0000] {dag.py:3954} INFO - Setting next_dagrun for youtube_extraction to None, run_after=None
[2026-09-16T15:56:15.601+0000] {processor.py:183} INFO - Processing /opt/airflow/dags/extraction_dag.py took 0.209 seconds
[2026-09-16T15:56:45.945+0000] {processor.py:161} INFO - Started process (PID=646) to work on /opt/airflow/dags/extraction_dag.py
[2026-09-16T15:56:45.948+0000] {processor.py:830} INFO - Processing file /opt/airflow/dags/extraction_dag.py for tasks to queue
[2026-09-16T15:56:45.951+0000] {logging_mixin.py:188} INFO - [2026-09-16T15:56:45.950+0000] {dagbag.py:545} INFO - Filling up the DagBag from /opt/airflow/dags/extraction_dag.py
[2026-09-16T15:56:46.053+0000] {processor.py:840} INFO - DAG(s) 'youtube_extraction' retrieved from /opt/airflow/dags/extraction_dag.py
[2026-09-16T15:56:46.088+0000] {logging_mixin.py:188} INFO - [2026-09-16T15:56:46.088+0000] {dag.py:3096} INFO - Sync 1 DAGs
[2026-09-16T15:56:46.099+0000] {logging_mixin.py:188} INFO - [2026-09-16T15:56:46.099+0000] {dag.py:3954} INFO - Setting next_dagrun for youtube_extraction to None, run_after=None
[2026-09-16T15:56:46.136+0000] {processor.py:183} INFO - Processing /opt/airflow/dags/extraction_dag.py took 0.197 seconds
[2026-09-16T15:57:16.459+0000] {processor.py:161} INFO - Started process (PID=653) to work on /opt/airflow/dags/extraction_dag.py
[2026-09-16T15:57:16.462+0000] {processor.py:830} INFO - Processing file /opt/airflow/dags/extraction_dag.py for tasks to queue
[2026-09-16T15:57:16.464+0000] {logging_mixin.py:188} INFO - [2026-09-16T15:57:16.464+0000] {dagbag.py:545} INFO - Filling up the DagBag from /opt/airflow/dags/extraction_dag.py
[2026-09-16T15:57:16.597+0000] {processor.py:840} INFO - DAG(s) 'youtube_extraction' retrieved from /opt/airflow/dags/extraction_dag.py
[2026-09-16T15:57:16.631+0000] {logging_mixin.py:188} INFO - [2026-09-16T15:57:16.631+0000] {dag.py:3096} INFO - Sync 1 DAGs
[2026-09-16T15:57:16.641+0000] {logging_mixin.py:188} INFO - [2026-09-16T15:57:16.641+0000] {dag.py:3954} INFO - Setting next_dagrun for youtube_extraction to None, run_after=None
[2026-09-16T15:57:16.680+0000] {processor.py:183} INFO - Processing /opt/airflow/dags/extraction_dag.py took 0.226 seconds
[2026-09-16T15:57:46.988+0000] {processor.py:161} INFO - Started process (PID=660) to work on /opt/airflow/dags/extraction_dag.py
[2026-09-16T15:57:46.991+0000] {processor.py:830} INFO - Processing file /opt/airflow/dags/extraction_dag.py for tasks to queue
[2026-09-16T15:57:46.995+0000] {logging_mixin.py:188} INFO - [2026-09-16T15:57:46.993+0000] {dagbag.py:545} INFO - Filling up the DagBag from /opt/airflow/dags/extraction_dag.py
[2026-09-16T15:57:47.082+0000] {processor.py:840} INFO - DAG(s) 'youtube_extraction' retrieved from /opt/airflow/dags/extraction_dag.py
[2026-09-16T15:57:47.121+0000] {logging_mixin.py:188} INFO - [2026-09-16T15:57:47.120+0000] {dag.py:3096} INFO - Sync 1 DAGs
[2026-09-16T15:57:47.136+0000] {logging_mixin.py:188} INFO - [2026-09-16T15:57:47.136+0000] {dag.py:3954} INFO - Setting next_dagrun for youtube_extraction to None, run_after=None
[2026-09-16T15:57:47.171+0000] {processor.py:183} INFO - Processing /opt/airflow/dags/extraction_dag.py took 0.190 seconds
[2026-09-16T15:58:17.457+0000] {processor.py:161} INFO - Started process (PID=667) to work on /opt/airflow/dags/extraction_dag.py
[2026-09-16T15:58:17.460+0000] {processor.py:830} INFO - Processing file /opt/airflow/dags/extraction_dag.py for tasks to queue
[2026-09-16T15:58:17.463+0000] {logging_mixin.py:188} INFO - [2026-09-16T15:58:17.462+0000] {dagbag.py:545} INFO - Filling up the DagBag from /opt/airflow/dags/extraction_dag.py
[2026-09-16T15:58:17.527+0000] {processor.py:840} INFO - DAG(s) 'youtube_extraction' retrieved from /opt/airflow/dags/extraction_dag.py
[2026-09-16T15:58:17.556+0000] {logging_mixin.py:188} INFO - [2026-09-16T15:58:17.556+0000] {dag.py:3096} INFO - Sync 1 DAGs
[2026-09-16T15:58:17.570+0000] {logging_mixin.py:188} INFO - [2026-09-16T15:58:17.570+0000] {dag.py:3954} INFO - Setting next_dagrun for youtube_extraction to None, run_after=None
[2026-09-16T15:58:17.603+0000] {processor.py:183} INFO - Processing /opt/airflow/dags/extraction_dag.py took 0.155 seconds
[2026-09-16T15:58:47.783+0000] {processor.py:161} INFO - Started process (PID=675) to work on /opt/airflow/dags/extraction_dag.py
[2026-09-16T15:58:47.786+0000] {processor.py:830} INFO - Processing file /opt/airflow/dags/extraction_dag.py for tasks to queue
[2026-09-16T15:58:47.789+0000] {logging_mixin.py:188} INFO - [2026-09-16T15:58:47.789+0000] {dagbag.py:545} INFO - Filling up the DagBag from /opt/airflow/dags/extraction_dag.py
[2026-09-16T15:58:47.906+0000] {processor.py:840} INFO - DAG(s) 'youtube_extraction' retrieved from /opt/airflow/dags/extraction_dag.py
[2026-09-16T15:58:47.937+0000] {logging_mixin.py:188} INFO - [2026-09-16T15:58:47.937+0000] {dag.py:3096} INFO - Sync 1 DAGs
[2026-09-16T15:58:47.953+0000] {logging_mixin.py:188} INFO - [2026-09-16T15:58:47.953+0000] {dag.py:3954} INFO - Setting next_dagrun for youtube_extraction to None, run_after=None
[2026-09-16T15:58:47.991+0000] {processor.py:183} INFO - Processing /opt/airflow/dags/extraction_dag.py took 0.215 seconds
[2026-09-16T15:59:18.315+0000] {processor.py:161} INFO - Started process (PID=682) to work on /opt/airflow/dags/extraction_dag.py
[2026-09-16T15:59:18.318+0000] {processor.py:830} INFO - Processing file /opt/airflow/dags/extraction_dag.py for tasks to queue
[2026-09-16T15:59:18.320+0000] {logging_mixin.py:188} INFO - [2026-09-16T15:59:18.320+0000] {dagbag.py:545} INFO - Filling up the DagBag from /opt/airflow/dags/extraction_dag.py
[2026-09-16T15:59:18.480+0000] {processor.py:840} INFO - DAG(s) 'youtube_extraction' retrieved from /opt/airflow/dags/extraction_dag.py
[2026-09-16T15:59:18.513+0000] {logging_mixin.py:188} INFO - [2026-09-16T15:59:18.513+0000] {dag.py:3096} INFO - Sync 1 DAGs
[2026-09-16T15:59:18.525+0000] {logging_mixin.py:188} INFO - [2026-09-16T15:59:18.525+0000] {dag.py:3954} INFO - Setting next_dagrun for youtube_extraction to None, run_after=None
[2026-09-16T15:59:18.568+0000] {processor.py:183} INFO - Processing /opt/airflow/dags/extraction_dag.py took 0.262 seconds
[2026-09-16T15:59:48.719+0000] {processor.py:161} INFO - Started process (PID=689) to work on /opt/airflow/dags/extraction_dag.py
[2026-09-16T15:59:48.722+0000] {processor.py:830} INFO - Processing file /opt/airflow/dags/extraction_dag.py for tasks to queue
[2026-09-16T15:59:48.724+0000] {logging_mixin.py:188} INFO - [2026-09-16T15:59:48.724+0000] {dagbag.py:545} INFO - Filling up the DagBag from /opt/airflow/dags/extraction_dag.py
[2026-09-16T15:59:48.828+0000] {processor.py:840} INFO - DAG(s) 'youtube_extraction' retrieved from /opt/airflow/dags/extraction_dag.py
[2026-09-16T15:59:48.852+0000] {logging_mixin.py:188} INFO - [2026-09-16T15:59:48.851+0000] {dag.py:3096} INFO - Sync 1 DAGs
[2026-09-16T15:59:48.863+0000] {logging_mixin.py:188} INFO - [2026-09-16T15:59:48.863+0000] {dag.py:3954} INFO - Setting next_dagrun for youtube_extraction to None, run_after=None
[2026-09-16T15:59:48.905+0000] {processor.py:183} INFO - Processing /opt/airflow/dags/extraction_dag.py took 0.191 seconds
[2026-09-16T16:00:19.282+0000] {processor.py:161} INFO - Started process (PID=696) to work on /opt/airflow/dags/extraction_dag.py
[2026-09-16T16:00:19.285+0000] {processor.py:830} INFO - Processing file /opt/airflow/dags/extraction_dag.py for tasks to queue
[2026-09-16T16:00:19.287+0000] {logging_mixin.py:188} INFO - [2026-09-16T16:00:19.287+0000] {dagbag.py:545} INFO - Filling up the DagBag from /opt/airflow/dags/extraction_dag.py
[2026-09-16T16:00:19.441+0000] {processor.py:840} INFO - DAG(s) 'youtube_extraction' retrieved from /opt/airflow/dags/extraction_dag.py
[2026-09-16T16:00:19.481+0000] {logging_mixin.py:188} INFO - [2026-09-16T16:00:19.480+0000] {dag.py:3096} INFO - Sync 1 DAGs
[2026-09-16T16:00:19.502+0000] {logging_mixin.py:188} INFO - [2026-09-16T16:00:19.501+0000] {dag.py:3954} INFO - Setting next_dagrun for youtube_extraction to None, run_after=None
[2026-09-16T16:00:19.530+0000] {processor.py:183} INFO - Processing /opt/airflow/dags/extraction_dag.py took 0.255 seconds
[2026-09-16T16:00:49.868+0000] {processor.py:161} INFO - Started process (PID=703) to work on /opt/airflow/dags/extraction_dag.py
[2026-09-16T16:00:49.870+0000] {processor.py:830} INFO - Processing file /opt/airflow/dags/extraction_dag.py for tasks to queue
[2026-09-16T16:00:49.872+0000] {logging_mixin.py:188} INFO - [2026-09-16T16:00:49.872+0000] {dagbag.py:545} INFO - Filling up the DagBag from /opt/airflow/dags/extraction_dag.py
[2026-09-16T16:00:49.948+0000] {processor.py:840} INFO - DAG(s) 'youtube_extraction' retrieved from /opt/airflow/dags/extraction_dag.py
[2026-09-16T16:00:49.985+0000] {logging_mixin.py:188} INFO - [2026-09-16T16:00:49.985+0000] {dag.py:3096} INFO - Sync 1 DAGs
[2026-09-16T16:00:49.999+0000] {logging_mixin.py:188} INFO - [2026-09-16T16:00:49.999+0000] {dag.py:3954} INFO - Setting next_dagrun for youtube_extraction to None, run_after=None
[2026-09-16T16:00:50.045+0000] {processor.py:183} INFO - Processing /opt/airflow/dags/extraction_dag.py took 0.186 seconds
[2026-09-16T16:01:20.221+0000] {processor.py:161} INFO - Started process (PID=710) to work on /opt/airflow/dags/extraction_dag.py
[2026-09-16T16:01:20.225+0000] {processor.py:830} INFO - Processing file /opt/airflow/dags/extraction_dag.py for tasks to queue
[2026-09-16T16:01:20.229+0000] {logging_mixin.py:188} INFO - [2026-09-16T16:01:20.228+0000] {dagbag.py:545} INFO - Filling up the DagBag from /opt/airflow/dags/extraction_dag.py
[2026-09-16T16:01:20.452+0000] {processor.py:840} INFO - DAG(s) 'youtube_extraction' retrieved from /opt/airflow/dags/extraction_dag.py
[2026-09-16T16:01:20.507+0000] {logging_mixin.py:188} INFO - [2026-09-16T16:01:20.507+0000] {dag.py:3096} INFO - Sync 1 DAGs
[2026-09-16T16:01:20.519+0000] {logging_mixin.py:188} INFO - [2026-09-16T16:01:20.519+0000] {dag.py:3954} INFO - Setting next_dagrun for youtube_extraction to None, run_after=None
[2026-09-16T16:01:20.560+0000] {processor.py:183} INFO - Processing /opt/airflow/dags/extraction_dag.py took 0.368 seconds
[2026-09-16T16:01:50.846+0000] {processor.py:161} INFO - Started process (PID=716) to work on /opt/airflow/dags/extraction_dag.py
[2026-09-16T16:01:50.850+0000] {processor.py:830} INFO - Processing file /opt/airflow/dags/extraction_dag.py for tasks to queue
[2026-09-16T16:01:50.852+0000] {logging_mixin.py:188} INFO - [2026-09-16T16:01:50.852+0000] {dagbag.py:545} INFO - Filling up the DagBag from /opt/airflow/dags/extraction_dag.py
[2026-09-16T16:01:50.977+0000] {processor.py:840} INFO - DAG(s) 'youtube_extraction' retrieved from /opt/airflow/dags/extraction_dag.py
[2026-09-16T16:01:51.044+0000] {logging_mixin.py:188} INFO - [2026-09-16T16:01:51.044+0000] {dag.py:3096} INFO - Sync 1 DAGs
[2026-09-16T16:01:51.069+0000] {logging_mixin.py:188} INFO - [2026-09-16T16:01:51.068+0000] {dag.py:3954} INFO - Setting next_dagrun for youtube_extraction to None, run_after=None
[2026-09-16T16:01:51.100+0000] {processor.py:183} INFO - Processing /opt/airflow/dags/extraction_dag.py took 0.263 seconds
[2026-09-16T16:02:21.295+0000] {processor.py:161} INFO - Started process (PID=723) to work on /opt/airflow/dags/extraction_dag.py
[2026-09-16T16:02:21.298+0000] {processor.py:830} INFO - Processing file /opt/airflow/dags/extraction_dag.py for tasks to queue
[2026-09-16T16:02:21.301+0000] {logging_mixin.py:188} INFO - [2026-09-16T16:02:21.300+0000] {dagbag.py:545} INFO - Filling up the DagBag from /opt/airflow/dags/extraction_dag.py
[2026-09-16T16:02:21.485+0000] {processor.py:840} INFO - DAG(s) 'youtube_extraction' retrieved from /opt/airflow/dags/extraction_dag.py
[2026-09-16T16:02:21.513+0000] {logging_mixin.py:188} INFO - [2026-09-16T16:02:21.512+0000] {dag.py:3096} INFO - Sync 1 DAGs
[2026-09-16T16:02:21.553+0000] {logging_mixin.py:188} INFO - [2026-09-16T16:02:21.552+0000] {dag.py:3954} INFO - Setting next_dagrun for youtube_extraction to None, run_after=None
[2026-09-16T16:02:21.601+0000] {processor.py:183} INFO - Processing /opt/airflow/dags/extraction_dag.py took 0.312 seconds
[2026-09-16T16:02:51.775+0000] {processor.py:161} INFO - Started process (PID=730) to work on /opt/airflow/dags/extraction_dag.py
[2026-09-16T16:02:51.777+0000] {processor.py:830} INFO - Processing file /opt/airflow/dags/extraction_dag.py for tasks to queue
[2026-09-16T16:02:51.780+0000] {logging_mixin.py:188} INFO - [2026-09-16T16:02:51.779+0000] {dagbag.py:545} INFO - Filling up the DagBag from /opt/airflow/dags/extraction_dag.py
[2026-09-16T16:02:51.911+0000] {processor.py:840} INFO - DAG(s) 'youtube_extraction' retrieved from /opt/airflow/dags/extraction_dag.py
[2026-09-16T16:02:51.941+0000] {logging_mixin.py:188} INFO - [2026-09-16T16:02:51.940+0000] {dag.py:3096} INFO - Sync 1 DAGs
[2026-09-16T16:02:51.954+0000] {logging_mixin.py:188} INFO - [2026-09-16T16:02:51.954+0000] {dag.py:3954} INFO - Setting next_dagrun for youtube_extraction to None, run_after=None
[2026-09-16T16:02:51.985+0000] {processor.py:183} INFO - Processing /opt/airflow/dags/extraction_dag.py took 0.219 seconds
[2026-09-16T16:03:22.198+0000] {processor.py:161} INFO - Started process (PID=737) to work on /opt/airflow/dags/extraction_dag.py
[2026-09-16T16:03:22.201+0000] {processor.py:830} INFO - Processing file /opt/airflow/dags/extraction_dag.py for tasks to queue
[2026-09-16T16:03:22.206+0000] {logging_mixin.py:188} INFO - [2026-09-16T16:03:22.205+0000] {dagbag.py:545} INFO - Filling up the DagBag from /opt/airflow/dags/extraction_dag.py
[2026-09-16T16:03:22.382+0000] {processor.py:840} INFO - DAG(s) 'youtube_extraction' retrieved from /opt/airflow/dags/extraction_dag.py
[2026-09-16T16:03:22.413+0000] {logging_mixin.py:188} INFO - [2026-09-16T16:03:22.413+0000] {dag.py:3096} INFO - Sync 1 DAGs
[2026-09-16T16:03:22.425+0000] {logging_mixin.py:188} INFO - [2026-09-16T16:03:22.425+0000] {dag.py:3954} INFO - Setting next_dagrun for youtube_extraction to None, run_after=None
[2026-09-16T16:03:22.469+0000] {processor.py:183} INFO - Processing /opt/airflow/dags/extraction_dag.py took 0.288 seconds
[2026-09-16T16:03:52.572+0000] {processor.py:161} INFO - Started process (PID=744) to work on /opt/airflow/dags/extraction_dag.py
[2026-09-16T16:03:52.574+0000] {processor.py:830} INFO - Processing file /opt/airflow/dags/extraction_dag.py for tasks to queue
[2026-09-16T16:03:52.577+0000] {logging_mixin.py:188} INFO - [2026-09-16T16:03:52.576+0000] {dagbag.py:545} INFO - Filling up the DagBag from /opt/airflow/dags/extraction_dag.py
[2026-09-16T16:03:52.697+0000] {processor.py:840} INFO - DAG(s) 'youtube_extraction' retrieved from /opt/airflow/dags/extraction_dag.py
[2026-09-16T16:03:52.725+0000] {logging_mixin.py:188} INFO - [2026-09-16T16:03:52.725+0000] {dag.py:3096} INFO - Sync 1 DAGs
[2026-09-16T16:03:52.736+0000] {logging_mixin.py:188} INFO - [2026-09-16T16:03:52.736+0000] {dag.py:3954} INFO - Setting next_dagrun for youtube_extraction to None, run_after=None
[2026-09-16T16:03:52.761+0000] {processor.py:183} INFO - Processing /opt/airflow/dags/extraction_dag.py took 0.196 seconds
[2026-09-16T16:04:23.051+0000] {processor.py:161} INFO - Started process (PID=751) to work on /opt/airflow/dags/extraction_dag.py
[2026-09-16T16:04:23.054+0000] {processor.py:830} INFO - Processing file /opt/airflow/dags/extraction_dag.py for tasks to queue
[2026-09-16T16:04:23.056+0000] {logging_mixin.py:188} INFO - [2026-09-16T16:04:23.056+0000] {dagbag.py:545} INFO - Filling up the DagBag from /opt/airflow/dags/extraction_dag.py
[2026-09-16T16:04:23.239+0000] {processor.py:840} INFO - DAG(s) 'youtube_extraction' retrieved from /opt/airflow/dags/extraction_dag.py
[2026-09-16T16:04:23.285+0000] {logging_mixin.py:188} INFO - [2026-09-16T16:04:23.285+0000] {dag.py:3096} INFO - Sync 1 DAGs
[2026-09-16T16:04:23.299+0000] {logging_mixin.py:188} INFO - [2026-09-16T16:04:23.299+0000] {dag.py:3954} INFO - Setting next_dagrun for youtube_extraction to None, run_after=None
[2026-09-16T16:04:23.329+0000] {processor.py:183} INFO - Processing /opt/airflow/dags/extraction_dag.py took 0.292 seconds
[2026-09-16T16:04:53.616+0000] {processor.py:161} INFO - Started process (PID=758) to work on /opt/airflow/dags/extraction_dag.py
[2026-09-16T16:04:53.618+0000] {processor.py:830} INFO - Processing file /opt/airflow/dags/extraction_dag.py for tasks to queue
[2026-09-16T16:04:53.619+0000] {logging_mixin.py:188} INFO - [2026-09-16T16:04:53.619+0000] {dagbag.py:545} INFO - Filling up the DagBag from /opt/airflow/dags/extraction_dag.py
[2026-09-16T16:04:53.687+0000] {processor.py:840} INFO - DAG(s) 'youtube_extraction' retrieved from /opt/airflow/dags/extraction_dag.py
[2026-09-16T16:04:53.712+0000] {logging_mixin.py:188} INFO - [2026-09-16T16:04:53.712+0000] {dag.py:3096} INFO - Sync 1 DAGs
[2026-09-16T16:04:53.723+0000] {logging_mixin.py:188} INFO - [2026-09-16T16:04:53.722+0000] {dag.py:3954} INFO - Setting next_dagrun for youtube_extraction to None, run_after=None
[2026-09-16T16:04:53.773+0000] {processor.py:183} INFO - Processing /opt/airflow/dags/extraction_dag.py took 0.163 seconds
[2026-09-16T16:05:23.943+0000] {processor.py:161} INFO - Started process (PID=765) to work on /opt/airflow/dags/extraction_dag.py
[2026-09-16T16:05:23.947+0000] {processor.py:830} INFO - Processing file /opt/airflow/dags/extraction_dag.py for tasks to queue
[2026-09-16T16:05:23.950+0000] {logging_mixin.py:188} INFO - [2026-09-16T16:05:23.950+0000] {dagbag.py:545} INFO - Filling up the DagBag from /opt/airflow/dags/extraction_dag.py
[2026-09-16T16:05:24.053+0000] {processor.py:840} INFO - DAG(s) 'youtube_extraction' retrieved from /opt/airflow/dags/extraction_dag.py
[2026-09-16T16:05:24.084+0000] {logging_mixin.py:188} INFO - [2026-09-16T16:05:24.084+0000] {dag.py:3096} INFO - Sync 1 DAGs
[2026-09-16T16:05:24.098+0000] {logging_mixin.py:188} INFO - [2026-09-16T16:05:24.098+0000] {dag.py:3954} INFO - Setting next_dagrun for youtube_extraction to None, run_after=None
[2026-09-16T16:05:24.134+0000] {processor.py:183} INFO - Processing /opt/airflow/dags/extraction_dag.py took 0.197 seconds
[2026-09-16T16:05:54.332+0000] {processor.py:161} INFO - Started process (PID=771) to work on /opt/airflow/dags/extraction_dag.py
[2026-09-16T16:05:54.334+0000] {processor.py:830} INFO - Processing file /opt/airflow/dags/extraction_dag.py for tasks to queue
[2026-09-16T16:05:54.337+0000] {logging_mixin.py:188} INFO - [2026-09-16T16:05:54.337+0000] {dagbag.py:545} INFO - Filling up the DagBag from /opt/airflow/dags/extraction_dag.py
[2026-09-16T16:05:54.415+0000] {processor.py:840} INFO - DAG(s) 'youtube_extraction' retrieved from /opt/airflow/dags/extraction_dag.py
[2026-09-16T16:05:54.466+0000] {logging_mixin.py:188} INFO - [2026-09-16T16:05:54.466+0000] {dag.py:3096} INFO - Sync 1 DAGs
[2026-09-16T16:05:54.478+0000] {logging_mixin.py:188} INFO - [2026-09-16T16:05:54.478+0000] {dag.py:3954} INFO - Setting next_dagrun for youtube_extraction to None, run_after=None
[2026-09-16T16:05:54.520+0000] {processor.py:183} INFO - Processing /opt/airflow/dags/extraction_dag.py took 0.193 seconds
[2026-09-16T16:06:24.880+0000] {processor.py:161} INFO - Started process (PID=778) to work on /opt/airflow/dags/extraction_dag.py
[2026-09-16T16:06:24.883+0000] {processor.py:830} INFO - Processing file /opt/airflow/dags/extraction_dag.py for tasks to queue
[2026-09-16T16:06:24.885+0000] {logging_mixin.py:188} INFO - [2026-09-16T16:06:24.885+0000] {dagbag.py:545} INFO - Filling up the DagBag from /opt/airflow/dags/extraction_dag.py
[2026-09-16T16:06:24.987+0000] {processor.py:840} INFO - DAG(s) 'youtube_extraction' retrieved from /opt/airflow/dags/extraction_dag.py
[2026-09-16T16:06:25.021+0000] {logging_mixin.py:188} INFO - [2026-09-16T16:06:25.020+0000] {dag.py:3096} INFO - Sync 1 DAGs
[2026-09-16T16:06:25.036+0000] {logging_mixin.py:188} INFO - [2026-09-16T16:06:25.035+0000] {dag.py:3954} INFO - Setting next_dagrun for youtube_extraction to None, run_after=None
[2026-09-16T16:06:25.080+0000] {processor.py:183} INFO - Processing /opt/airflow/dags/extraction_dag.py took 0.205 seconds
[2026-09-16T16:06:55.397+0000] {processor.py:161} INFO - Started process (PID=785) to work on /opt/airflow/dags/extraction_dag.py
[2026-09-16T16:06:55.399+0000] {processor.py:830} INFO - Processing file /opt/airflow/dags/extraction_dag.py for tasks to queue
[2026-09-16T16:06:55.402+0000] {logging_mixin.py:188} INFO - [2026-09-16T16:06:55.402+0000] {dagbag.py:545} INFO - Filling up the DagBag from /opt/airflow/dags/extraction_dag.py
[2026-09-16T16:06:55.501+0000] {processor.py:840} INFO - DAG(s) 'youtube_extraction' retrieved from /opt/airflow/dags/extraction_dag.py
[2026-09-16T16:06:55.528+0000] {logging_mixin.py:188} INFO - [2026-09-16T16:06:55.528+0000] {dag.py:3096} INFO - Sync 1 DAGs
[2026-09-16T16:06:55.538+0000] {logging_mixin.py:188} INFO - [2026-09-16T16:06:55.538+0000] {dag.py:3954} INFO - Setting next_dagrun for youtube_extraction to None, run_after=None
[2026-09-16T16:06:55.598+0000] {processor.py:183} INFO - Processing /opt/airflow/dags/extraction_dag.py took 0.209 seconds
[2026-09-16T16:07:25.759+0000] {processor.py:161} INFO - Started process (PID=791) to work on /opt/airflow/dags/extraction_dag.py
[2026-09-16T16:07:25.761+0000] {processor.py:830} INFO - Processing file /opt/airflow/dags/extraction_dag.py for tasks to queue
[2026-09-16T16:07:25.764+0000] {logging_mixin.py:188} INFO - [2026-09-16T16:07:25.764+0000] {dagbag.py:545} INFO - Filling up the DagBag from /opt/airflow/dags/extraction_dag.py
[2026-09-16T16:07:25.863+0000] {processor.py:840} INFO - DAG(s) 'youtube_extraction' retrieved from /opt/airflow/dags/extraction_dag.py
[2026-09-16T16:07:25.895+0000] {logging_mixin.py:188} INFO - [2026-09-16T16:07:25.895+0000] {dag.py:3096} INFO - Sync 1 DAGs
[2026-09-16T16:07:25.908+0000] {logging_mixin.py:188} INFO - [2026-09-16T16:07:25.908+0000] {dag.py:3954} INFO - Setting next_dagrun for youtube_extraction to None, run_after=None
[2026-09-16T16:07:25.933+0000] {processor.py:183} INFO - Processing /opt/airflow/dags/extraction_dag.py took 0.181 seconds
[2026-09-16T16:07:56.248+0000] {processor.py:161} INFO - Started process (PID=799) to work on /opt/airflow/dags/extraction_dag.py
[2026-09-16T16:07:56.251+0000] {processor.py:830} INFO - Processing file /opt/airflow/dags/extraction_dag.py for tasks to queue
[2026-09-16T16:07:56.253+0000] {logging_mixin.py:188} INFO - [2026-09-16T16:07:56.253+0000] {dagbag.py:545} INFO - Filling up the DagBag from /opt/airflow/dags/extraction_dag.py
[2026-09-16T16:07:56.361+0000] {processor.py:840} INFO - DAG(s) 'youtube_extraction' retrieved from /opt/airflow/dags/extraction_dag.py
[2026-09-16T16:07:56.409+0000] {logging_mixin.py:188} INFO - [2026-09-16T16:07:56.408+0000] {dag.py:3096} INFO - Sync 1 DAGs
[2026-09-16T16:07:56.419+0000] {logging_mixin.py:188} INFO - [2026-09-16T16:07:56.419+0000] {dag.py:3954} INFO - Setting next_dagrun for youtube_extraction to None, run_after=None
[2026-09-16T16:07:56.458+0000] {processor.py:183} INFO - Processing /opt/airflow/dags/extraction_dag.py took 0.215 seconds
[2026-09-16T16:08:26.542+0000] {processor.py:161} INFO - Started process (PID=806) to work on /opt/airflow/dags/extraction_dag.py
[2026-09-16T16:08:26.545+0000] {processor.py:830} INFO - Processing file /opt/airflow/dags/extraction_dag.py for tasks to queue
[2026-09-16T16:08:26.547+0000] {logging_mixin.py:188} INFO - [2026-09-16T16:08:26.547+0000] {dagbag.py:545} INFO - Filling up the DagBag from /opt/airflow/dags/extraction_dag.py
[2026-09-16T16:08:26.652+0000] {processor.py:840} INFO - DAG(s) 'youtube_extraction' retrieved from /opt/airflow/dags/extraction_dag.py
[2026-09-16T16:08:26.678+0000] {logging_mixin.py:188} INFO - [2026-09-16T16:08:26.678+0000] {dag.py:3096} INFO - Sync 1 DAGs
[2026-09-16T16:08:26.689+0000] {logging_mixin.py:188} INFO - [2026-09-16T16:08:26.689+0000] {dag.py:3954} INFO - Setting next_dagrun for youtube_extraction to None, run_after=None
[2026-09-16T16:08:26.733+0000] {processor.py:183} INFO - Processing /opt/airflow/dags/extraction_dag.py took 0.196 seconds
[2026-09-16T16:08:57.084+0000] {processor.py:161} INFO - Started process (PID=813) to work on /opt/airflow/dags/extraction_dag.py
[2026-09-16T16:08:57.086+0000] {processor.py:830} INFO - Processing file /opt/airflow/dags/extraction_dag.py for tasks to queue
[2026-09-16T16:08:57.088+0000] {logging_mixin.py:188} INFO - [2026-09-16T16:08:57.088+0000] {dagbag.py:545} INFO - Filling up the DagBag from /opt/airflow/dags/extraction_dag.py
[2026-09-16T16:08:57.182+0000] {processor.py:840} INFO - DAG(s) 'youtube_extraction' retrieved from /opt/airflow/dags/extraction_dag.py
[2026-09-16T16:08:57.205+0000] {logging_mixin.py:188} INFO - [2026-09-16T16:08:57.205+0000] {dag.py:3096} INFO - Sync 1 DAGs
[2026-09-16T16:08:57.217+0000] {logging_mixin.py:188} INFO - [2026-09-16T16:08:57.216+0000] {dag.py:3954} INFO - Setting next_dagrun for youtube_extraction to None, run_after=None
[2026-09-16T16:08:57.251+0000] {processor.py:183} INFO - Processing /opt/airflow/dags/extraction_dag.py took 0.171 seconds
[2026-09-16T16:09:27.403+0000] {processor.py:161} INFO - Started process (PID=820) to work on /opt/airflow/dags/extraction_dag.py
[2026-09-16T16:09:27.406+0000] {processor.py:830} INFO - Processing file /opt/airflow/dags/extraction_dag.py for tasks to queue
[2026-09-16T16:09:27.408+0000] {logging_mixin.py:188} INFO - [2026-09-16T16:09:27.408+0000] {dagbag.py:545} INFO - Filling up the DagBag from /opt/airflow/dags/extraction_dag.py
[2026-09-16T16:09:27.507+0000] {processor.py:840} INFO - DAG(s) 'youtube_extraction' retrieved from /opt/airflow/dags/extraction_dag.py
[2026-09-16T16:09:27.534+0000] {logging_mixin.py:188} INFO - [2026-09-16T16:09:27.533+0000] {dag.py:3096} INFO - Sync 1 DAGs
[2026-09-16T16:09:27.545+0000] {logging_mixin.py:188} INFO - [2026-09-16T16:09:27.545+0000] {dag.py:3954} INFO - Setting next_dagrun for youtube_extraction to None, run_after=None
[2026-09-16T16:09:27.582+0000] {processor.py:183} INFO - Processing /opt/airflow/dags/extraction_dag.py took 0.184 seconds
[2026-09-16T16:09:57.864+0000] {processor.py:161} INFO - Started process (PID=827) to work on /opt/airflow/dags/extraction_dag.py
[2026-09-16T16:09:57.867+0000] {processor.py:830} INFO - Processing file /opt/airflow/dags/extraction_dag.py for tasks to queue
[2026-09-16T16:09:57.869+0000] {logging_mixin.py:188} INFO - [2026-09-16T16:09:57.869+0000] {dagbag.py:545} INFO - Filling up the DagBag from /opt/airflow/dags/extraction_dag.py
[2026-09-16T16:09:57.998+0000] {processor.py:840} INFO - DAG(s) 'youtube_extraction' retrieved from /opt/airflow/dags/extraction_dag.py
[2026-09-16T16:09:58.024+0000] {logging_mixin.py:188} INFO - [2026-09-16T16:09:58.023+0000] {dag.py:3096} INFO - Sync 1 DAGs
[2026-09-16T16:09:58.037+0000] {logging_mixin.py:188} INFO - [2026-09-16T16:09:58.036+0000] {dag.py:3954} INFO - Setting next_dagrun for youtube_extraction to None, run_after=None
[2026-09-16T16:09:58.063+0000] {processor.py:183} INFO - Processing /opt/airflow/dags/extraction_dag.py took 0.207 seconds
[2026-09-16T16:10:28.181+0000] {processor.py:161} INFO - Started process (PID=834) to work on /opt/airflow/dags/extraction_dag.py
[2026-09-16T16:10:28.184+0000] {processor.py:830} INFO - Processing file /opt/airflow/dags/extraction_dag.py for tasks to queue
[2026-09-16T16:10:28.186+0000] {logging_mixin.py:188} INFO - [2026-09-16T16:10:28.186+0000] {dagbag.py:545} INFO - Filling up the DagBag from /opt/airflow/dags/extraction_dag.py
[2026-09-16T16:10:28.304+0000] {processor.py:840} INFO - DAG(s) 'youtube_extraction' retrieved from /opt/airflow/dags/extraction_dag.py
[2026-09-16T16:10:28.334+0000] {logging_mixin.py:188} INFO - [2026-09-16T16:10:28.333+0000] {dag.py:3096} INFO - Sync 1 DAGs
[2026-09-16T16:10:28.346+0000] {logging_mixin.py:188} INFO - [2026-09-16T16:10:28.346+0000] {dag.py:3954} INFO - Setting next_dagrun for youtube_extraction to None, run_after=None
[2026-09-16T16:10:28.389+0000] {processor.py:183} INFO - Processing /opt/airflow/dags/extraction_dag.py took 0.215 seconds
[2026-09-16T16:10:58.639+0000] {processor.py:161} INFO - Started process (PID=841) to work on /opt/airflow/dags/extraction_dag.py
[2026-09-16T16:10:58.641+0000] {processor.py:830} INFO - Processing file /opt/airflow/dags/extraction_dag.py for tasks to queue
[2026-09-16T16:10:58.643+0000] {logging_mixin.py:188} INFO - [2026-09-16T16:10:58.643+0000] {dagbag.py:545} INFO - Filling up the DagBag from /opt/airflow/dags/extraction_dag.py
[2026-09-16T16:10:58.741+0000] {processor.py:840} INFO - DAG(s) 'youtube_extraction' retrieved from /opt/airflow/dags/extraction_dag.py
[2026-09-16T16:10:58.790+0000] {logging_mixin.py:188} INFO - [2026-09-16T16:10:58.790+0000] {dag.py:3096} INFO - Sync 1 DAGs
[2026-09-16T16:10:58.802+0000] {logging_mixin.py:188} INFO - [2026-09-16T16:10:58.802+0000] {dag.py:3954} INFO - Setting next_dagrun for youtube_extraction to None, run_after=None
[2026-09-16T16:10:58.862+0000] {processor.py:183} INFO - Processing /opt/airflow/dags/extraction_dag.py took 0.230 seconds
[2026-09-16T16:11:29.047+0000] {processor.py:161} INFO - Started process (PID=848) to work on /opt/airflow/dags/extraction_dag.py
[2026-09-16T16:11:29.049+0000] {processor.py:830} INFO - Processing file /opt/airflow/dags/extraction_dag.py for tasks to queue
[2026-09-16T16:11:29.052+0000] {logging_mixin.py:188} INFO - [2026-09-16T16:11:29.051+0000] {dagbag.py:545} INFO - Filling up the DagBag from /opt/airflow/dags/extraction_dag.py
[2026-09-16T16:11:29.160+0000] {processor.py:840} INFO - DAG(s) 'youtube_extraction' retrieved from /opt/airflow/dags/extraction_dag.py
[2026-09-16T16:11:29.186+0000] {logging_mixin.py:188} INFO - [2026-09-16T16:11:29.186+0000] {dag.py:3096} INFO - Sync 1 DAGs
[2026-09-16T16:11:29.197+0000] {logging_mixin.py:188} INFO - [2026-09-16T16:11:29.197+0000] {dag.py:3954} INFO - Setting next_dagrun for youtube_extraction to None, run_after=None
[2026-09-16T16:11:29.218+0000] {processor.py:183} INFO - Processing /opt/airflow/dags/extraction_dag.py took 0.176 seconds
[2026-09-16T16:25:47.652+0000] {processor.py:161} INFO - Started process (PID=855) to work on /opt/airflow/dags/extraction_dag.py
[2026-09-16T16:25:47.657+0000] {processor.py:830} INFO - Processing file /opt/airflow/dags/extraction_dag.py for tasks to queue
[2026-09-16T16:25:47.663+0000] {logging_mixin.py:188} INFO - [2026-09-16T16:25:47.662+0000] {dagbag.py:545} INFO - Filling up the DagBag from /opt/airflow/dags/extraction_dag.py
[2026-09-16T16:25:47.819+0000] {processor.py:840} INFO - DAG(s) 'youtube_extraction' retrieved from /opt/airflow/dags/extraction_dag.py
[2026-09-16T16:25:47.963+0000] {logging_mixin.py:188} INFO - [2026-09-16T16:25:47.962+0000] {dag.py:3096} INFO - Sync 1 DAGs
[2026-09-16T16:25:48.023+0000] {logging_mixin.py:188} INFO - [2026-09-16T16:25:48.022+0000] {dag.py:3954} INFO - Setting next_dagrun for youtube_extraction to None, run_after=None
[2026-09-16T16:25:48.132+0000] {processor.py:183} INFO - Processing /opt/airflow/dags/extraction_dag.py took 0.494 seconds
[2026-09-16T16:26:18.679+0000] {processor.py:161} INFO - Started process (PID=862) to work on /opt/airflow/dags/extraction_dag.py
[2026-09-16T16:26:18.687+0000] {processor.py:830} INFO - Processing file /opt/airflow/dags/extraction_dag.py for tasks to queue
[2026-09-16T16:26:18.704+0000] {logging_mixin.py:188} INFO - [2026-09-16T16:26:18.702+0000] {dagbag.py:545} INFO - Filling up the DagBag from /opt/airflow/dags/extraction_dag.py
[2026-09-16T16:26:18.909+0000] {processor.py:840} INFO - DAG(s) 'youtube_extraction' retrieved from /opt/airflow/dags/extraction_dag.py
[2026-09-16T16:26:18.985+0000] {logging_mixin.py:188} INFO - [2026-09-16T16:26:18.985+0000] {dag.py:3096} INFO - Sync 1 DAGs
[2026-09-16T16:26:19.029+0000] {logging_mixin.py:188} INFO - [2026-09-16T16:26:19.028+0000] {dag.py:3954} INFO - Setting next_dagrun for youtube_extraction to None, run_after=None
[2026-09-16T16:26:19.070+0000] {processor.py:183} INFO - Processing /opt/airflow/dags/extraction_dag.py took 0.488 seconds
[2026-09-16T16:26:49.266+0000] {processor.py:161} INFO - Started process (PID=870) to work on /opt/airflow/dags/extraction_dag.py
[2026-09-16T16:26:49.269+0000] {processor.py:830} INFO - Processing file /opt/airflow/dags/extraction_dag.py for tasks to queue
[2026-09-16T16:26:49.271+0000] {logging_mixin.py:188} INFO - [2026-09-16T16:26:49.271+0000] {dagbag.py:545} INFO - Filling up the DagBag from /opt/airflow/dags/extraction_dag.py
[2026-09-16T16:26:49.419+0000] {processor.py:840} INFO - DAG(s) 'youtube_extraction' retrieved from /opt/airflow/dags/extraction_dag.py
[2026-09-16T16:26:49.467+0000] {logging_mixin.py:188} INFO - [2026-09-16T16:26:49.467+0000] {dag.py:3096} INFO - Sync 1 DAGs
[2026-09-16T16:26:49.479+0000] {logging_mixin.py:188} INFO - [2026-09-16T16:26:49.479+0000] {dag.py:3954} INFO - Setting next_dagrun for youtube_extraction to None, run_after=None
[2026-09-16T16:26:49.525+0000] {processor.py:183} INFO - Processing /opt/airflow/dags/extraction_dag.py took 0.267 seconds
[2026-09-16T16:27:19.720+0000] {processor.py:161} INFO - Started process (PID=877) to work on /opt/airflow/dags/extraction_dag.py
[2026-09-16T16:27:19.723+0000] {processor.py:830} INFO - Processing file /opt/airflow/dags/extraction_dag.py for tasks to queue
[2026-09-16T16:27:19.726+0000] {logging_mixin.py:188} INFO - [2026-09-16T16:27:19.726+0000] {dagbag.py:545} INFO - Filling up the DagBag from /opt/airflow/dags/extraction_dag.py
[2026-09-16T16:27:19.922+0000] {processor.py:840} INFO - DAG(s) 'youtube_extraction' retrieved from /opt/airflow/dags/extraction_dag.py
[2026-09-16T16:27:19.991+0000] {logging_mixin.py:188} INFO - [2026-09-16T16:27:19.991+0000] {dag.py:3096} INFO - Sync 1 DAGs
[2026-09-16T16:27:20.023+0000] {logging_mixin.py:188} INFO - [2026-09-16T16:27:20.023+0000] {dag.py:3954} INFO - Setting next_dagrun for youtube_extraction to None, run_after=None
[2026-09-16T16:27:20.082+0000] {processor.py:183} INFO - Processing /opt/airflow/dags/extraction_dag.py took 0.373 seconds
[2026-09-16T16:27:50.192+0000] {processor.py:161} INFO - Started process (PID=884) to work on /opt/airflow/dags/extraction_dag.py
[2026-09-16T16:27:50.195+0000] {processor.py:830} INFO - Processing file /opt/airflow/dags/extraction_dag.py for tasks to queue
[2026-09-16T16:27:50.198+0000] {logging_mixin.py:188} INFO - [2026-09-16T16:27:50.198+0000] {dagbag.py:545} INFO - Filling up the DagBag from /opt/airflow/dags/extraction_dag.py
[2026-09-16T16:27:50.389+0000] {processor.py:840} INFO - DAG(s) 'youtube_extraction' retrieved from /opt/airflow/dags/extraction_dag.py
[2026-09-16T16:27:50.430+0000] {logging_mixin.py:188} INFO - [2026-09-16T16:27:50.430+0000] {dag.py:3096} INFO - Sync 1 DAGs
[2026-09-16T16:27:50.444+0000] {logging_mixin.py:188} INFO - [2026-09-16T16:27:50.444+0000] {dag.py:3954} INFO - Setting next_dagrun for youtube_extraction to None, run_after=None
[2026-09-16T16:27:50.484+0000] {processor.py:183} INFO - Processing /opt/airflow/dags/extraction_dag.py took 0.297 seconds
[2026-09-16T16:28:20.714+0000] {processor.py:161} INFO - Started process (PID=891) to work on /opt/airflow/dags/extraction_dag.py
[2026-09-16T16:28:20.717+0000] {processor.py:830} INFO - Processing file /opt/airflow/dags/extraction_dag.py for tasks to queue
[2026-09-16T16:28:20.720+0000] {logging_mixin.py:188} INFO - [2026-09-16T16:28:20.719+0000] {dagbag.py:545} INFO - Filling up the DagBag from /opt/airflow/dags/extraction_dag.py
[2026-09-16T16:28:20.807+0000] {processor.py:840} INFO - DAG(s) 'youtube_extraction' retrieved from /opt/airflow/dags/extraction_dag.py
[2026-09-16T16:28:20.840+0000] {logging_mixin.py:188} INFO - [2026-09-16T16:28:20.840+0000] {dag.py:3096} INFO - Sync 1 DAGs
[2026-09-16T16:28:20.854+0000] {logging_mixin.py:188} INFO - [2026-09-16T16:28:20.854+0000] {dag.py:3954} INFO - Setting next_dagrun for youtube_extraction to None, run_after=None
[2026-09-16T16:28:20.889+0000] {processor.py:183} INFO - Processing /opt/airflow/dags/extraction_dag.py took 0.183 seconds
[2026-09-16T16:28:51.039+0000] {processor.py:161} INFO - Started process (PID=898) to work on /opt/airflow/dags/extraction_dag.py
[2026-09-16T16:28:51.041+0000] {processor.py:830} INFO - Processing file /opt/airflow/dags/extraction_dag.py for tasks to queue
[2026-09-16T16:28:51.043+0000] {logging_mixin.py:188} INFO - [2026-09-16T16:28:51.042+0000] {dagbag.py:545} INFO - Filling up the DagBag from /opt/airflow/dags/extraction_dag.py
[2026-09-16T16:28:51.170+0000] {processor.py:840} INFO - DAG(s) 'youtube_extraction' retrieved from /opt/airflow/dags/extraction_dag.py
[2026-09-16T16:28:51.194+0000] {logging_mixin.py:188} INFO - [2026-09-16T16:28:51.194+0000] {dag.py:3096} INFO - Sync 1 DAGs
[2026-09-16T16:28:51.205+0000] {logging_mixin.py:188} INFO - [2026-09-16T16:28:51.205+0000] {dag.py:3954} INFO - Setting next_dagrun for youtube_extraction to None, run_after=None
[2026-09-16T16:28:51.244+0000] {processor.py:183} INFO - Processing /opt/airflow/dags/extraction_dag.py took 0.210 seconds
[2026-09-16T16:29:21.445+0000] {processor.py:161} INFO - Started process (PID=905) to work on /opt/airflow/dags/extraction_dag.py
[2026-09-16T16:29:21.448+0000] {processor.py:830} INFO - Processing file /opt/airflow/dags/extraction_dag.py for tasks to queue
[2026-09-16T16:29:21.450+0000] {logging_mixin.py:188} INFO - [2026-09-16T16:29:21.450+0000] {dagbag.py:545} INFO - Filling up the DagBag from /opt/airflow/dags/extraction_dag.py
[2026-09-16T16:29:21.547+0000] {processor.py:840} INFO - DAG(s) 'youtube_extraction' retrieved from /opt/airflow/dags/extraction_dag.py
[2026-09-16T16:29:21.571+0000] {logging_mixin.py:188} INFO - [2026-09-16T16:29:21.571+0000] {dag.py:3096} INFO - Sync 1 DAGs
[2026-09-16T16:29:21.582+0000] {logging_mixin.py:188} INFO - [2026-09-16T16:29:21.582+0000] {dag.py:3954} INFO - Setting next_dagrun for youtube_extraction to None, run_after=None
[2026-09-16T16:29:21.609+0000] {processor.py:183} INFO - Processing /opt/airflow/dags/extraction_dag.py took 0.168 seconds
[2026-09-16T16:29:51.877+0000] {processor.py:161} INFO - Started process (PID=912) to work on /opt/airflow/dags/extraction_dag.py
[2026-09-16T16:29:51.879+0000] {processor.py:830} INFO - Processing file /opt/airflow/dags/extraction_dag.py for tasks to queue
[2026-09-16T16:29:51.882+0000] {logging_mixin.py:188} INFO - [2026-09-16T16:29:51.882+0000] {dagbag.py:545} INFO - Filling up the DagBag from /opt/airflow/dags/extraction_dag.py
[2026-09-16T16:29:51.988+0000] {processor.py:840} INFO - DAG(s) 'youtube_extraction' retrieved from /opt/airflow/dags/extraction_dag.py
[2026-09-16T16:29:52.018+0000] {logging_mixin.py:188} INFO - [2026-09-16T16:29:52.018+0000] {dag.py:3096} INFO - Sync 1 DAGs
[2026-09-16T16:29:52.029+0000] {logging_mixin.py:188} INFO - [2026-09-16T16:29:52.029+0000] {dag.py:3954} INFO - Setting next_dagrun for youtube_extraction to None, run_after=None
[2026-09-16T16:29:52.072+0000] {processor.py:183} INFO - Processing /opt/airflow/dags/extraction_dag.py took 0.200 seconds
[2026-09-16T16:30:22.286+0000] {processor.py:161} INFO - Started process (PID=919) to work on /opt/airflow/dags/extraction_dag.py
[2026-09-16T16:30:22.286+0000] {processor.py:830} INFO - Processing file /opt/airflow/dags/extraction_dag.py for tasks to queue
[2026-09-16T16:30:22.288+0000] {logging_mixin.py:188} INFO - [2026-09-16T16:30:22.288+0000] {dagbag.py:545} INFO - Filling up the DagBag from /opt/airflow/dags/extraction_dag.py
[2026-09-16T16:30:22.416+0000] {processor.py:840} INFO - DAG(s) 'youtube_extraction' retrieved from /opt/airflow/dags/extraction_dag.py
[2026-09-16T16:30:22.441+0000] {logging_mixin.py:188} INFO - [2026-09-16T16:30:22.440+0000] {dag.py:3096} INFO - Sync 1 DAGs
[2026-09-16T16:30:22.452+0000] {logging_mixin.py:188} INFO - [2026-09-16T16:30:22.451+0000] {dag.py:3954} INFO - Setting next_dagrun for youtube_extraction to None, run_after=None
[2026-09-16T16:30:22.486+0000] {processor.py:183} INFO - Processing /opt/airflow/dags/extraction_dag.py took 0.208 seconds
[2026-09-16T16:30:52.885+0000] {processor.py:161} INFO - Started process (PID=926) to work on /opt/airflow/dags/extraction_dag.py
[2026-09-16T16:30:52.888+0000] {processor.py:830} INFO - Processing file /opt/airflow/dags/extraction_dag.py for tasks to queue
[2026-09-16T16:30:52.890+0000] {logging_mixin.py:188} INFO - [2026-09-16T16:30:52.890+0000] {dagbag.py:545} INFO - Filling up the DagBag from /opt/airflow/dags/extraction_dag.py
[2026-09-16T16:30:53.041+0000] {processor.py:840} INFO - DAG(s) 'youtube_extraction' retrieved from /opt/airflow/dags/extraction_dag.py
[2026-09-16T16:30:53.095+0000] {logging_mixin.py:188} INFO - [2026-09-16T16:30:53.095+0000] {dag.py:3096} INFO - Sync 1 DAGs
[2026-09-16T16:30:53.108+0000] {logging_mixin.py:188} INFO - [2026-09-16T16:30:53.107+0000] {dag.py:3954} INFO - Setting next_dagrun for youtube_extraction to None, run_after=None
[2026-09-16T16:30:53.157+0000] {processor.py:183} INFO - Processing /opt/airflow/dags/extraction_dag.py took 0.281 seconds
[2026-09-16T16:31:23.509+0000] {processor.py:161} INFO - Started process (PID=933) to work on /opt/airflow/dags/extraction_dag.py
[2026-09-16T16:31:23.511+0000] {processor.py:830} INFO - Processing file /opt/airflow/dags/extraction_dag.py for tasks to queue
[2026-09-16T16:31:23.513+0000] {logging_mixin.py:188} INFO - [2026-09-16T16:31:23.513+0000] {dagbag.py:545} INFO - Filling up the DagBag from /opt/airflow/dags/extraction_dag.py
[2026-09-16T16:31:23.647+0000] {processor.py:840} INFO - DAG(s) 'youtube_extraction' retrieved from /opt/airflow/dags/extraction_dag.py
[2026-09-16T16:31:23.672+0000] {logging_mixin.py:188} INFO - [2026-09-16T16:31:23.672+0000] {dag.py:3096} INFO - Sync 1 DAGs
[2026-09-16T16:31:23.684+0000] {logging_mixin.py:188} INFO - [2026-09-16T16:31:23.684+0000] {dag.py:3954} INFO - Setting next_dagrun for youtube_extraction to None, run_after=None
[2026-09-16T16:31:23.720+0000] {processor.py:183} INFO - Processing /opt/airflow/dags/extraction_dag.py took 0.216 seconds
[2026-09-16T16:31:53.866+0000] {processor.py:161} INFO - Started process (PID=940) to work on /opt/airflow/dags/extraction_dag.py
[2026-09-16T16:31:53.869+0000] {processor.py:830} INFO - Processing file /opt/airflow/dags/extraction_dag.py for tasks to queue
[2026-09-16T16:31:53.871+0000] {logging_mixin.py:188} INFO - [2026-09-16T16:31:53.871+0000] {dagbag.py:545} INFO - Filling up the DagBag from /opt/airflow/dags/extraction_dag.py
[2026-09-16T16:31:54.016+0000] {processor.py:840} INFO - DAG(s) 'youtube_extraction' retrieved from /opt/airflow/dags/extraction_dag.py
[2026-09-16T16:31:54.044+0000] {logging_mixin.py:188} INFO - [2026-09-16T16:31:54.044+0000] {dag.py:3096} INFO - Sync 1 DAGs
[2026-09-16T16:31:54.057+0000] {logging_mixin.py:188} INFO - [2026-09-16T16:31:54.057+0000] {dag.py:3954} INFO - Setting next_dagrun for youtube_extraction to None, run_after=None
[2026-09-16T16:31:54.101+0000] {processor.py:183} INFO - Processing /opt/airflow/dags/extraction_dag.py took 0.244 seconds
[2026-09-16T16:32:24.417+0000] {processor.py:161} INFO - Started process (PID=947) to work on /opt/airflow/dags/extraction_dag.py
[2026-09-16T16:32:24.420+0000] {processor.py:830} INFO - Processing file /opt/airflow/dags/extraction_dag.py for tasks to queue
[2026-09-16T16:32:24.423+0000] {logging_mixin.py:188} INFO - [2026-09-16T16:32:24.422+0000] {dagbag.py:545} INFO - Filling up the DagBag from /opt/airflow/dags/extraction_dag.py
[2026-09-16T16:32:24.558+0000] {processor.py:840} INFO - DAG(s) 'youtube_extraction' retrieved from /opt/airflow/dags/extraction_dag.py
[2026-09-16T16:32:24.586+0000] {logging_mixin.py:188} INFO - [2026-09-16T16:32:24.585+0000] {dag.py:3096} INFO - Sync 1 DAGs
[2026-09-16T16:32:24.613+0000] {logging_mixin.py:188} INFO - [2026-09-16T16:32:24.613+0000] {dag.py:3954} INFO - Setting next_dagrun for youtube_extraction to None, run_after=None
[2026-09-16T16:32:24.664+0000] {processor.py:183} INFO - Processing /opt/airflow/dags/extraction_dag.py took 0.253 seconds
[2026-09-16T16:32:54.784+0000] {processor.py:161} INFO - Started process (PID=954) to work on /opt/airflow/dags/extraction_dag.py
[2026-09-16T16:32:54.787+0000] {processor.py:830} INFO - Processing file /opt/airflow/dags/extraction_dag.py for tasks to queue
[2026-09-16T16:32:54.789+0000] {logging_mixin.py:188} INFO - [2026-09-16T16:32:54.789+0000] {dagbag.py:545} INFO - Filling up the DagBag from /opt/airflow/dags/extraction_dag.py
[2026-09-16T16:32:54.956+0000] {processor.py:840} INFO - DAG(s) 'youtube_extraction' retrieved from /opt/airflow/dags/extraction_dag.py
[2026-09-16T16:32:54.988+0000] {logging_mixin.py:188} INFO - [2026-09-16T16:32:54.988+0000] {dag.py:3096} INFO - Sync 1 DAGs
[2026-09-16T16:32:55.000+0000] {logging_mixin.py:188} INFO - [2026-09-16T16:32:55.000+0000] {dag.py:3954} INFO - Setting next_dagrun for youtube_extraction to None, run_after=None
[2026-09-16T16:32:55.044+0000] {processor.py:183} INFO - Processing /opt/airflow/dags/extraction_dag.py took 0.269 seconds
[2026-09-16T16:33:25.364+0000] {processor.py:161} INFO - Started process (PID=961) to work on /opt/airflow/dags/extraction_dag.py
[2026-09-16T16:33:25.367+0000] {processor.py:830} INFO - Processing file /opt/airflow/dags/extraction_dag.py for tasks to queue
[2026-09-16T16:33:25.369+0000] {logging_mixin.py:188} INFO - [2026-09-16T16:33:25.369+0000] {dagbag.py:545} INFO - Filling up the DagBag from /opt/airflow/dags/extraction_dag.py
[2026-09-16T16:33:25.495+0000] {processor.py:840} INFO - DAG(s) 'youtube_extraction' retrieved from /opt/airflow/dags/extraction_dag.py
[2026-09-16T16:33:25.526+0000] {logging_mixin.py:188} INFO - [2026-09-16T16:33:25.526+0000] {dag.py:3096} INFO - Sync 1 DAGs
[2026-09-16T16:33:25.539+0000] {logging_mixin.py:188} INFO - [2026-09-16T16:33:25.539+0000] {dag.py:3954} INFO - Setting next_dagrun for youtube_extraction to None, run_after=None
[2026-09-16T16:33:25.562+0000] {processor.py:183} INFO - Processing /opt/airflow/dags/extraction_dag.py took 0.204 seconds
[2026-09-16T16:33:55.737+0000] {processor.py:161} INFO - Started process (PID=968) to work on /opt/airflow/dags/extraction_dag.py
[2026-09-16T16:33:55.740+0000] {processor.py:830} INFO - Processing file /opt/airflow/dags/extraction_dag.py for tasks to queue
[2026-09-16T16:33:55.743+0000] {logging_mixin.py:188} INFO - [2026-09-16T16:33:55.742+0000] {dagbag.py:545} INFO - Filling up the DagBag from /opt/airflow/dags/extraction_dag.py
[2026-09-16T16:33:55.889+0000] {processor.py:840} INFO - DAG(s) 'youtube_extraction' retrieved from /opt/airflow/dags/extraction_dag.py
[2026-09-16T16:33:55.932+0000] {logging_mixin.py:188} INFO - [2026-09-16T16:33:55.932+0000] {dag.py:3096} INFO - Sync 1 DAGs
[2026-09-16T16:33:55.945+0000] {logging_mixin.py:188} INFO - [2026-09-16T16:33:55.945+0000] {dag.py:3954} INFO - Setting next_dagrun for youtube_extraction to None, run_after=None
[2026-09-16T16:33:55.989+0000] {processor.py:183} INFO - Processing /opt/airflow/dags/extraction_dag.py took 0.261 seconds
[2026-09-16T16:34:26.245+0000] {processor.py:161} INFO - Started process (PID=975) to work on /opt/airflow/dags/extraction_dag.py
[2026-09-16T16:34:26.248+0000] {processor.py:830} INFO - Processing file /opt/airflow/dags/extraction_dag.py for tasks to queue
[2026-09-16T16:34:26.251+0000] {logging_mixin.py:188} INFO - [2026-09-16T16:34:26.251+0000] {dagbag.py:545} INFO - Filling up the DagBag from /opt/airflow/dags/extraction_dag.py
[2026-09-16T16:34:26.402+0000] {processor.py:840} INFO - DAG(s) 'youtube_extraction' retrieved from /opt/airflow/dags/extraction_dag.py
[2026-09-16T16:34:26.427+0000] {logging_mixin.py:188} INFO - [2026-09-16T16:34:26.427+0000] {dag.py:3096} INFO - Sync 1 DAGs
[2026-09-16T16:34:26.439+0000] {logging_mixin.py:188} INFO - [2026-09-16T16:34:26.438+0000] {dag.py:3954} INFO - Setting next_dagrun for youtube_extraction to None, run_after=None
[2026-09-16T16:34:26.484+0000] {processor.py:183} INFO - Processing /opt/airflow/dags/extraction_dag.py took 0.249 seconds
[2026-09-16T16:34:56.706+0000] {processor.py:161} INFO - Started process (PID=983) to work on /opt/airflow/dags/extraction_dag.py
[2026-09-16T16:34:56.709+0000] {processor.py:830} INFO - Processing file /opt/airflow/dags/extraction_dag.py for tasks to queue
[2026-09-16T16:34:56.711+0000] {logging_mixin.py:188} INFO - [2026-09-16T16:34:56.711+0000] {dagbag.py:545} INFO - Filling up the DagBag from /opt/airflow/dags/extraction_dag.py
[2026-09-16T16:34:56.922+0000] {processor.py:840} INFO - DAG(s) 'youtube_extraction' retrieved from /opt/airflow/dags/extraction_dag.py
[2026-09-16T16:34:57.007+0000] {logging_mixin.py:188} INFO - [2026-09-16T16:34:57.007+0000] {dag.py:3096} INFO - Sync 1 DAGs
[2026-09-16T16:34:57.019+0000] {logging_mixin.py:188} INFO - [2026-09-16T16:34:57.018+0000] {dag.py:3954} INFO - Setting next_dagrun for youtube_extraction to None, run_after=None
[2026-09-16T16:34:57.063+0000] {processor.py:183} INFO - Processing /opt/airflow/dags/extraction_dag.py took 0.363 seconds
[2026-09-16T16:35:27.181+0000] {processor.py:161} INFO - Started process (PID=990) to work on /opt/airflow/dags/extraction_dag.py
[2026-09-16T16:35:27.183+0000] {processor.py:830} INFO - Processing file /opt/airflow/dags/extraction_dag.py for tasks to queue
[2026-09-16T16:35:27.186+0000] {logging_mixin.py:188} INFO - [2026-09-16T16:35:27.185+0000] {dagbag.py:545} INFO - Filling up the DagBag from /opt/airflow/dags/extraction_dag.py
[2026-09-16T16:35:27.314+0000] {processor.py:840} INFO - DAG(s) 'youtube_extraction' retrieved from /opt/airflow/dags/extraction_dag.py
[2026-09-16T16:35:27.364+0000] {logging_mixin.py:188} INFO - [2026-09-16T16:35:27.364+0000] {dag.py:3096} INFO - Sync 1 DAGs
[2026-09-16T16:35:27.375+0000] {logging_mixin.py:188} INFO - [2026-09-16T16:35:27.375+0000] {dag.py:3954} INFO - Setting next_dagrun for youtube_extraction to None, run_after=None
[2026-09-16T16:35:27.424+0000] {processor.py:183} INFO - Processing /opt/airflow/dags/extraction_dag.py took 0.252 seconds
[2026-09-16T16:35:57.753+0000] {processor.py:161} INFO - Started process (PID=997) to work on /opt/airflow/dags/extraction_dag.py
[2026-09-16T16:35:57.755+0000] {processor.py:830} INFO - Processing file /opt/airflow/dags/extraction_dag.py for tasks to queue
[2026-09-16T16:35:57.758+0000] {logging_mixin.py:188} INFO - [2026-09-16T16:35:57.757+0000] {dagbag.py:545} INFO - Filling up the DagBag from /opt/airflow/dags/extraction_dag.py
[2026-09-16T16:35:57.855+0000] {processor.py:840} INFO - DAG(s) 'youtube_extraction' retrieved from /opt/airflow/dags/extraction_dag.py
[2026-09-16T16:35:57.895+0000] {logging_mixin.py:188} INFO - [2026-09-16T16:35:57.895+0000] {dag.py:3096} INFO - Sync 1 DAGs
[2026-09-16T16:35:57.906+0000] {logging_mixin.py:188} INFO - [2026-09-16T16:35:57.906+0000] {dag.py:3954} INFO - Setting next_dagrun for youtube_extraction to None, run_after=None
[2026-09-16T16:35:57.946+0000] {processor.py:183} INFO - Processing /opt/airflow/dags/extraction_dag.py took 0.197 seconds
[2026-09-16T16:36:28.045+0000] {processor.py:161} INFO - Started process (PID=1004) to work on /opt/airflow/dags/extraction_dag.py
[2026-09-16T16:36:28.047+0000] {processor.py:830} INFO - Processing file /opt/airflow/dags/extraction_dag.py for tasks to queue
[2026-09-16T16:36:28.049+0000] {logging_mixin.py:188} INFO - [2026-09-16T16:36:28.049+0000] {dagbag.py:545} INFO - Filling up the DagBag from /opt/airflow/dags/extraction_dag.py
[2026-09-16T16:36:28.125+0000] {processor.py:840} INFO - DAG(s) 'youtube_extraction' retrieved from /opt/airflow/dags/extraction_dag.py
[2026-09-16T16:36:28.170+0000] {logging_mixin.py:188} INFO - [2026-09-16T16:36:28.169+0000] {dag.py:3096} INFO - Sync 1 DAGs
[2026-09-16T16:36:28.183+0000] {logging_mixin.py:188} INFO - [2026-09-16T16:36:28.183+0000] {dag.py:3954} INFO - Setting next_dagrun for youtube_extraction to None, run_after=None
[2026-09-16T16:36:28.230+0000] {processor.py:183} INFO - Processing /opt/airflow/dags/extraction_dag.py took 0.192 seconds
[2026-09-16T16:36:58.582+0000] {processor.py:161} INFO - Started process (PID=1011) to work on /opt/airflow/dags/extraction_dag.py
[2026-09-16T16:36:58.584+0000] {processor.py:830} INFO - Processing file /opt/airflow/dags/extraction_dag.py for tasks to queue
[2026-09-16T16:36:58.591+0000] {logging_mixin.py:188} INFO - [2026-09-16T16:36:58.590+0000] {dagbag.py:545} INFO - Filling up the DagBag from /opt/airflow/dags/extraction_dag.py
[2026-09-16T16:36:58.710+0000] {processor.py:840} INFO - DAG(s) 'youtube_extraction' retrieved from /opt/airflow/dags/extraction_dag.py
[2026-09-16T16:36:58.761+0000] {logging_mixin.py:188} INFO - [2026-09-16T16:36:58.761+0000] {dag.py:3096} INFO - Sync 1 DAGs
[2026-09-16T16:36:58.773+0000] {logging_mixin.py:188} INFO - [2026-09-16T16:36:58.773+0000] {dag.py:3954} INFO - Setting next_dagrun for youtube_extraction to None, run_after=None
[2026-09-16T16:36:58.796+0000] {processor.py:183} INFO - Processing /opt/airflow/dags/extraction_dag.py took 0.222 seconds
[2026-09-16T16:37:28.922+0000] {processor.py:161} INFO - Started process (PID=1018) to work on /opt/airflow/dags/extraction_dag.py
[2026-09-16T16:37:28.925+0000] {processor.py:830} INFO - Processing file /opt/airflow/dags/extraction_dag.py for tasks to queue
[2026-09-16T16:37:28.927+0000] {logging_mixin.py:188} INFO - [2026-09-16T16:37:28.927+0000] {dagbag.py:545} INFO - Filling up the DagBag from /opt/airflow/dags/extraction_dag.py
[2026-09-16T16:37:29.085+0000] {processor.py:840} INFO - DAG(s) 'youtube_extraction' retrieved from /opt/airflow/dags/extraction_dag.py
[2026-09-16T16:37:29.139+0000] {logging_mixin.py:188} INFO - [2026-09-16T16:37:29.138+0000] {dag.py:3096} INFO - Sync 1 DAGs
[2026-09-16T16:37:29.152+0000] {logging_mixin.py:188} INFO - [2026-09-16T16:37:29.152+0000] {dag.py:3954} INFO - Setting next_dagrun for youtube_extraction to None, run_after=None
[2026-09-16T16:37:29.190+0000] {processor.py:183} INFO - Processing /opt/airflow/dags/extraction_dag.py took 0.293 seconds
[2026-09-16T16:37:59.503+0000] {processor.py:161} INFO - Started process (PID=1025) to work on /opt/airflow/dags/extraction_dag.py
[2026-09-16T16:37:59.506+0000] {processor.py:830} INFO - Processing file /opt/airflow/dags/extraction_dag.py for tasks to queue
[2026-09-16T16:37:59.509+0000] {logging_mixin.py:188} INFO - [2026-09-16T16:37:59.508+0000] {dagbag.py:545} INFO - Filling up the DagBag from /opt/airflow/dags/extraction_dag.py
[2026-09-16T16:37:59.669+0000] {processor.py:840} INFO - DAG(s) 'youtube_extraction' retrieved from /opt/airflow/dags/extraction_dag.py
[2026-09-16T16:37:59.720+0000] {logging_mixin.py:188} INFO - [2026-09-16T16:37:59.720+0000] {dag.py:3096} INFO - Sync 1 DAGs
[2026-09-16T16:37:59.760+0000] {logging_mixin.py:188} INFO - [2026-09-16T16:37:59.759+0000] {dag.py:3954} INFO - Setting next_dagrun for youtube_extraction to None, run_after=None
[2026-09-16T16:37:59.815+0000] {processor.py:183} INFO - Processing /opt/airflow/dags/extraction_dag.py took 0.319 seconds
[2026-09-16T16:38:30.223+0000] {processor.py:161} INFO - Started process (PID=1032) to work on /opt/airflow/dags/extraction_dag.py
[2026-09-16T16:38:30.226+0000] {processor.py:830} INFO - Processing file /opt/airflow/dags/extraction_dag.py for tasks to queue
[2026-09-16T16:38:30.230+0000] {logging_mixin.py:188} INFO - [2026-09-16T16:38:30.229+0000] {dagbag.py:545} INFO - Filling up the DagBag from /opt/airflow/dags/extraction_dag.py
[2026-09-16T16:38:30.363+0000] {processor.py:840} INFO - DAG(s) 'youtube_extraction' retrieved from /opt/airflow/dags/extraction_dag.py
[2026-09-16T16:38:30.400+0000] {logging_mixin.py:188} INFO - [2026-09-16T16:38:30.399+0000] {dag.py:3096} INFO - Sync 1 DAGs
[2026-09-16T16:38:30.412+0000] {logging_mixin.py:188} INFO - [2026-09-16T16:38:30.412+0000] {dag.py:3954} INFO - Setting next_dagrun for youtube_extraction to None, run_after=None
[2026-09-16T16:38:30.463+0000] {processor.py:183} INFO - Processing /opt/airflow/dags/extraction_dag.py took 0.250 seconds
[2026-09-16T16:39:00.818+0000] {processor.py:161} INFO - Started process (PID=1039) to work on /opt/airflow/dags/extraction_dag.py
[2026-09-16T16:39:00.820+0000] {processor.py:830} INFO - Processing file /opt/airflow/dags/extraction_dag.py for tasks to queue
[2026-09-16T16:39:00.823+0000] {logging_mixin.py:188} INFO - [2026-09-16T16:39:00.823+0000] {dagbag.py:545} INFO - Filling up the DagBag from /opt/airflow/dags/extraction_dag.py
[2026-09-16T16:39:00.928+0000] {processor.py:840} INFO - DAG(s) 'youtube_extraction' retrieved from /opt/airflow/dags/extraction_dag.py
[2026-09-16T16:39:00.953+0000] {logging_mixin.py:188} INFO - [2026-09-16T16:39:00.953+0000] {dag.py:3096} INFO - Sync 1 DAGs
[2026-09-16T16:39:00.964+0000] {logging_mixin.py:188} INFO - [2026-09-16T16:39:00.964+0000] {dag.py:3954} INFO - Setting next_dagrun for youtube_extraction to None, run_after=None
[2026-09-16T16:39:00.996+0000] {processor.py:183} INFO - Processing /opt/airflow/dags/extraction_dag.py took 0.185 seconds
[2026-09-16T16:39:31.138+0000] {processor.py:161} INFO - Started process (PID=1045) to work on /opt/airflow/dags/extraction_dag.py
[2026-09-16T16:39:31.139+0000] {processor.py:830} INFO - Processing file /opt/airflow/dags/extraction_dag.py for tasks to queue
[2026-09-16T16:39:31.141+0000] {logging_mixin.py:188} INFO - [2026-09-16T16:39:31.141+0000] {dagbag.py:545} INFO - Filling up the DagBag from /opt/airflow/dags/extraction_dag.py
[2026-09-16T16:39:31.217+0000] {processor.py:840} INFO - DAG(s) 'youtube_extraction' retrieved from /opt/airflow/dags/extraction_dag.py
[2026-09-16T16:39:31.254+0000] {logging_mixin.py:188} INFO - [2026-09-16T16:39:31.254+0000] {dag.py:3096} INFO - Sync 1 DAGs
[2026-09-16T16:39:31.267+0000] {logging_mixin.py:188} INFO - [2026-09-16T16:39:31.267+0000] {dag.py:3954} INFO - Setting next_dagrun for youtube_extraction to None, run_after=None
[2026-09-16T16:39:31.312+0000] {processor.py:183} INFO - Processing /opt/airflow/dags/extraction_dag.py took 0.180 seconds
[2026-09-16T16:40:01.639+0000] {processor.py:161} INFO - Started process (PID=1052) to work on /opt/airflow/dags/extraction_dag.py
[2026-09-16T16:40:01.641+0000] {processor.py:830} INFO - Processing file /opt/airflow/dags/extraction_dag.py for tasks to queue
[2026-09-16T16:40:01.643+0000] {logging_mixin.py:188} INFO - [2026-09-16T16:40:01.643+0000] {dagbag.py:545} INFO - Filling up the DagBag from /opt/airflow/dags/extraction_dag.py
[2026-09-16T16:40:01.747+0000] {processor.py:840} INFO - DAG(s) 'youtube_extraction' retrieved from /opt/airflow/dags/extraction_dag.py
[2026-09-16T16:40:01.770+0000] {logging_mixin.py:188} INFO - [2026-09-16T16:40:01.770+0000] {dag.py:3096} INFO - Sync 1 DAGs
[2026-09-16T16:40:01.781+0000] {logging_mixin.py:188} INFO - [2026-09-16T16:40:01.781+0000] {dag.py:3954} INFO - Setting next_dagrun for youtube_extraction to None, run_after=None
[2026-09-16T16:40:01.817+0000] {processor.py:183} INFO - Processing /opt/airflow/dags/extraction_dag.py took 0.183 seconds
[2026-09-16T16:40:31.995+0000] {processor.py:161} INFO - Started process (PID=1059) to work on /opt/airflow/dags/extraction_dag.py
[2026-09-16T16:40:31.998+0000] {processor.py:830} INFO - Processing file /opt/airflow/dags/extraction_dag.py for tasks to queue
[2026-09-16T16:40:32.001+0000] {logging_mixin.py:188} INFO - [2026-09-16T16:40:32.001+0000] {dagbag.py:545} INFO - Filling up the DagBag from /opt/airflow/dags/extraction_dag.py
[2026-09-16T16:40:32.124+0000] {processor.py:840} INFO - DAG(s) 'youtube_extraction' retrieved from /opt/airflow/dags/extraction_dag.py
[2026-09-16T16:40:32.151+0000] {logging_mixin.py:188} INFO - [2026-09-16T16:40:32.151+0000] {dag.py:3096} INFO - Sync 1 DAGs
[2026-09-16T16:40:32.163+0000] {logging_mixin.py:188} INFO - [2026-09-16T16:40:32.163+0000] {dag.py:3954} INFO - Setting next_dagrun for youtube_extraction to None, run_after=None
[2026-09-16T16:40:32.207+0000] {processor.py:183} INFO - Processing /opt/airflow/dags/extraction_dag.py took 0.220 seconds
[2026-09-16T16:41:02.572+0000] {processor.py:161} INFO - Started process (PID=1066) to work on /opt/airflow/dags/extraction_dag.py
[2026-09-16T16:41:02.576+0000] {processor.py:830} INFO - Processing file /opt/airflow/dags/extraction_dag.py for tasks to queue
[2026-09-16T16:41:02.591+0000] {logging_mixin.py:188} INFO - [2026-09-16T16:41:02.590+0000] {dagbag.py:545} INFO - Filling up the DagBag from /opt/airflow/dags/extraction_dag.py
[2026-09-16T16:41:02.727+0000] {processor.py:840} INFO - DAG(s) 'youtube_extraction' retrieved from /opt/airflow/dags/extraction_dag.py
[2026-09-16T16:41:02.751+0000] {logging_mixin.py:188} INFO - [2026-09-16T16:41:02.751+0000] {dag.py:3096} INFO - Sync 1 DAGs
[2026-09-16T16:41:02.762+0000] {logging_mixin.py:188} INFO - [2026-09-16T16:41:02.762+0000] {dag.py:3954} INFO - Setting next_dagrun for youtube_extraction to None, run_after=None
[2026-09-16T16:41:02.799+0000] {processor.py:183} INFO - Processing /opt/airflow/dags/extraction_dag.py took 0.237 seconds
[2026-09-16T17:29:11.141+0000] {processor.py:161} INFO - Started process (PID=1073) to work on /opt/airflow/dags/extraction_dag.py
[2026-09-16T17:29:11.172+0000] {processor.py:830} INFO - Processing file /opt/airflow/dags/extraction_dag.py for tasks to queue
[2026-09-16T17:29:11.198+0000] {logging_mixin.py:188} INFO - [2026-09-16T17:29:11.197+0000] {dagbag.py:545} INFO - Filling up the DagBag from /opt/airflow/dags/extraction_dag.py
[2026-09-16T17:41:19.399+0000] {processor.py:840} INFO - DAG(s) 'youtube_extraction' retrieved from /opt/airflow/dags/extraction_dag.py
[2026-09-16T17:41:19.586+0000] {logging_mixin.py:188} INFO - [2026-09-16T17:41:19.585+0000] {dag.py:3096} INFO - Sync 1 DAGs
[2026-09-16T17:41:20.058+0000] {logging_mixin.py:188} INFO - [2026-09-16T17:41:20.058+0000] {dag.py:3954} INFO - Setting next_dagrun for youtube_extraction to None, run_after=None
[2026-09-16T17:41:50.566+0000] {processor.py:161} INFO - Started process (PID=1080) to work on /opt/airflow/dags/extraction_dag.py
[2026-09-16T17:41:50.571+0000] {processor.py:830} INFO - Processing file /opt/airflow/dags/extraction_dag.py for tasks to queue
[2026-09-16T17:41:50.576+0000] {logging_mixin.py:188} INFO - [2026-09-16T17:41:50.575+0000] {dagbag.py:545} INFO - Filling up the DagBag from /opt/airflow/dags/extraction_dag.py
[2026-09-16T17:41:50.742+0000] {processor.py:840} INFO - DAG(s) 'youtube_extraction' retrieved from /opt/airflow/dags/extraction_dag.py
[2026-09-16T17:41:50.783+0000] {logging_mixin.py:188} INFO - [2026-09-16T17:41:50.783+0000] {dag.py:3096} INFO - Sync 1 DAGs
[2026-09-16T17:41:50.819+0000] {logging_mixin.py:188} INFO - [2026-09-16T17:41:50.819+0000] {dag.py:3954} INFO - Setting next_dagrun for youtube_extraction to None, run_after=None
[2026-09-16T17:41:50.860+0000] {processor.py:183} INFO - Processing /opt/airflow/dags/extraction_dag.py took 0.317 seconds
[2026-09-16T17:42:21.321+0000] {processor.py:161} INFO - Started process (PID=1087) to work on /opt/airflow/dags/extraction_dag.py
[2026-09-16T17:42:21.346+0000] {processor.py:830} INFO - Processing file /opt/airflow/dags/extraction_dag.py for tasks to queue
[2026-09-16T17:42:21.353+0000] {logging_mixin.py:188} INFO - [2026-09-16T17:42:21.352+0000] {dagbag.py:545} INFO - Filling up the DagBag from /opt/airflow/dags/extraction_dag.py
[2026-09-16T17:42:21.632+0000] {processor.py:840} INFO - DAG(s) 'youtube_extraction' retrieved from /opt/airflow/dags/extraction_dag.py
[2026-09-16T17:42:21.724+0000] {logging_mixin.py:188} INFO - [2026-09-16T17:42:21.724+0000] {dag.py:3096} INFO - Sync 1 DAGs
[2026-09-16T17:42:21.769+0000] {logging_mixin.py:188} INFO - [2026-09-16T17:42:21.769+0000] {dag.py:3954} INFO - Setting next_dagrun for youtube_extraction to None, run_after=None
[2026-09-16T17:42:21.868+0000] {processor.py:183} INFO - Processing /opt/airflow/dags/extraction_dag.py took 0.576 seconds
[2026-09-16T17:42:52.178+0000] {processor.py:161} INFO - Started process (PID=1094) to work on /opt/airflow/dags/extraction_dag.py
[2026-09-16T17:42:52.179+0000] {processor.py:830} INFO - Processing file /opt/airflow/dags/extraction_dag.py for tasks to queue
[2026-09-16T17:42:52.182+0000] {logging_mixin.py:188} INFO - [2026-09-16T17:42:52.182+0000] {dagbag.py:545} INFO - Filling up the DagBag from /opt/airflow/dags/extraction_dag.py
[2026-09-16T17:42:52.371+0000] {processor.py:840} INFO - DAG(s) 'youtube_extraction' retrieved from /opt/airflow/dags/extraction_dag.py
[2026-09-16T17:42:52.411+0000] {logging_mixin.py:188} INFO - [2026-09-16T17:42:52.411+0000] {dag.py:3096} INFO - Sync 1 DAGs
[2026-09-16T17:42:52.426+0000] {logging_mixin.py:188} INFO - [2026-09-16T17:42:52.426+0000] {dag.py:3954} INFO - Setting next_dagrun for youtube_extraction to None, run_after=None
[2026-09-16T17:42:52.449+0000] {processor.py:183} INFO - Processing /opt/airflow/dags/extraction_dag.py took 0.279 seconds
[2026-09-16T17:43:22.778+0000] {processor.py:161} INFO - Started process (PID=1102) to work on /opt/airflow/dags/extraction_dag.py
[2026-09-16T17:43:22.781+0000] {processor.py:830} INFO - Processing file /opt/airflow/dags/extraction_dag.py for tasks to queue
[2026-09-16T17:43:22.784+0000] {logging_mixin.py:188} INFO - [2026-09-16T17:43:22.784+0000] {dagbag.py:545} INFO - Filling up the DagBag from /opt/airflow/dags/extraction_dag.py
[2026-09-16T17:43:22.920+0000] {processor.py:840} INFO - DAG(s) 'youtube_extraction' retrieved from /opt/airflow/dags/extraction_dag.py
[2026-09-16T17:43:22.959+0000] {logging_mixin.py:188} INFO - [2026-09-16T17:43:22.959+0000] {dag.py:3096} INFO - Sync 1 DAGs
[2026-09-16T17:43:22.973+0000] {logging_mixin.py:188} INFO - [2026-09-16T17:43:22.972+0000] {dag.py:3954} INFO - Setting next_dagrun for youtube_extraction to None, run_after=None
[2026-09-16T17:43:23.010+0000] {processor.py:183} INFO - Processing /opt/airflow/dags/extraction_dag.py took 0.237 seconds
[2026-09-16T17:43:53.106+0000] {processor.py:161} INFO - Started process (PID=1110) to work on /opt/airflow/dags/extraction_dag.py
[2026-09-16T17:43:53.109+0000] {processor.py:830} INFO - Processing file /opt/airflow/dags/extraction_dag.py for tasks to queue
[2026-09-16T17:43:53.111+0000] {logging_mixin.py:188} INFO - [2026-09-16T17:43:53.111+0000] {dagbag.py:545} INFO - Filling up the DagBag from /opt/airflow/dags/extraction_dag.py
[2026-09-16T17:43:53.293+0000] {processor.py:840} INFO - DAG(s) 'youtube_extraction' retrieved from /opt/airflow/dags/extraction_dag.py
[2026-09-16T17:43:53.354+0000] {logging_mixin.py:188} INFO - [2026-09-16T17:43:53.353+0000] {dag.py:3096} INFO - Sync 1 DAGs
[2026-09-16T17:43:53.377+0000] {logging_mixin.py:188} INFO - [2026-09-16T17:43:53.377+0000] {dag.py:3954} INFO - Setting next_dagrun for youtube_extraction to None, run_after=None
[2026-09-16T17:43:53.423+0000] {processor.py:183} INFO - Processing /opt/airflow/dags/extraction_dag.py took 0.325 seconds
[2026-09-16T17:44:23.632+0000] {processor.py:161} INFO - Started process (PID=1117) to work on /opt/airflow/dags/extraction_dag.py
[2026-09-16T17:44:23.636+0000] {processor.py:830} INFO - Processing file /opt/airflow/dags/extraction_dag.py for tasks to queue
[2026-09-16T17:44:23.639+0000] {logging_mixin.py:188} INFO - [2026-09-16T17:44:23.639+0000] {dagbag.py:545} INFO - Filling up the DagBag from /opt/airflow/dags/extraction_dag.py
[2026-09-16T17:44:23.810+0000] {processor.py:840} INFO - DAG(s) 'youtube_extraction' retrieved from /opt/airflow/dags/extraction_dag.py
[2026-09-16T17:44:23.845+0000] {logging_mixin.py:188} INFO - [2026-09-16T17:44:23.845+0000] {dag.py:3096} INFO - Sync 1 DAGs
[2026-09-16T17:44:23.861+0000] {logging_mixin.py:188} INFO - [2026-09-16T17:44:23.860+0000] {dag.py:3954} INFO - Setting next_dagrun for youtube_extraction to None, run_after=None
[2026-09-16T17:44:23.919+0000] {processor.py:183} INFO - Processing /opt/airflow/dags/extraction_dag.py took 0.310 seconds
[2026-09-16T17:44:54.232+0000] {processor.py:161} INFO - Started process (PID=1124) to work on /opt/airflow/dags/extraction_dag.py
[2026-09-16T17:44:54.235+0000] {processor.py:830} INFO - Processing file /opt/airflow/dags/extraction_dag.py for tasks to queue
[2026-09-16T17:44:54.238+0000] {logging_mixin.py:188} INFO - [2026-09-16T17:44:54.237+0000] {dagbag.py:545} INFO - Filling up the DagBag from /opt/airflow/dags/extraction_dag.py
[2026-09-16T17:44:54.376+0000] {processor.py:840} INFO - DAG(s) 'youtube_extraction' retrieved from /opt/airflow/dags/extraction_dag.py
[2026-09-16T17:44:54.401+0000] {logging_mixin.py:188} INFO - [2026-09-16T17:44:54.400+0000] {dag.py:3096} INFO - Sync 1 DAGs
[2026-09-16T17:44:54.431+0000] {logging_mixin.py:188} INFO - [2026-09-16T17:44:54.431+0000] {dag.py:3954} INFO - Setting next_dagrun for youtube_extraction to None, run_after=None
[2026-09-16T17:44:54.472+0000] {processor.py:183} INFO - Processing /opt/airflow/dags/extraction_dag.py took 0.244 seconds
[2026-09-16T17:45:24.810+0000] {processor.py:161} INFO - Started process (PID=1131) to work on /opt/airflow/dags/extraction_dag.py
[2026-09-16T17:45:24.812+0000] {processor.py:830} INFO - Processing file /opt/airflow/dags/extraction_dag.py for tasks to queue
[2026-09-16T17:45:24.815+0000] {logging_mixin.py:188} INFO - [2026-09-16T17:45:24.815+0000] {dagbag.py:545} INFO - Filling up the DagBag from /opt/airflow/dags/extraction_dag.py
[2026-09-16T17:45:24.939+0000] {processor.py:840} INFO - DAG(s) 'youtube_extraction' retrieved from /opt/airflow/dags/extraction_dag.py
[2026-09-16T17:45:24.965+0000] {logging_mixin.py:188} INFO - [2026-09-16T17:45:24.965+0000] {dag.py:3096} INFO - Sync 1 DAGs
[2026-09-16T17:45:24.976+0000] {logging_mixin.py:188} INFO - [2026-09-16T17:45:24.976+0000] {dag.py:3954} INFO - Setting next_dagrun for youtube_extraction to None, run_after=None
[2026-09-16T17:45:25.004+0000] {processor.py:183} INFO - Processing /opt/airflow/dags/extraction_dag.py took 0.199 seconds
[2026-09-16T17:45:55.078+0000] {processor.py:161} INFO - Started process (PID=1138) to work on /opt/airflow/dags/extraction_dag.py
[2026-09-16T17:45:55.080+0000] {processor.py:830} INFO - Processing file /opt/airflow/dags/extraction_dag.py for tasks to queue
[2026-09-16T17:45:55.082+0000] {logging_mixin.py:188} INFO - [2026-09-16T17:45:55.082+0000] {dagbag.py:545} INFO - Filling up the DagBag from /opt/airflow/dags/extraction_dag.py
[2026-09-16T17:45:55.189+0000] {processor.py:840} INFO - DAG(s) 'youtube_extraction' retrieved from /opt/airflow/dags/extraction_dag.py
[2026-09-16T17:45:55.218+0000] {logging_mixin.py:188} INFO - [2026-09-16T17:45:55.218+0000] {dag.py:3096} INFO - Sync 1 DAGs
[2026-09-16T17:45:55.230+0000] {logging_mixin.py:188} INFO - [2026-09-16T17:45:55.230+0000] {dag.py:3954} INFO - Setting next_dagrun for youtube_extraction to None, run_after=None
[2026-09-16T17:45:55.283+0000] {processor.py:183} INFO - Processing /opt/airflow/dags/extraction_dag.py took 0.211 seconds
[2026-09-16T17:46:25.686+0000] {processor.py:161} INFO - Started process (PID=1145) to work on /opt/airflow/dags/extraction_dag.py
[2026-09-16T17:46:25.689+0000] {processor.py:830} INFO - Processing file /opt/airflow/dags/extraction_dag.py for tasks to queue
[2026-09-16T17:46:25.692+0000] {logging_mixin.py:188} INFO - [2026-09-16T17:46:25.691+0000] {dagbag.py:545} INFO - Filling up the DagBag from /opt/airflow/dags/extraction_dag.py
[2026-09-16T17:46:25.825+0000] {processor.py:840} INFO - DAG(s) 'youtube_extraction' retrieved from /opt/airflow/dags/extraction_dag.py
[2026-09-16T17:46:25.858+0000] {logging_mixin.py:188} INFO - [2026-09-16T17:46:25.858+0000] {dag.py:3096} INFO - Sync 1 DAGs
[2026-09-16T17:46:25.870+0000] {logging_mixin.py:188} INFO - [2026-09-16T17:46:25.870+0000] {dag.py:3954} INFO - Setting next_dagrun for youtube_extraction to None, run_after=None
[2026-09-16T17:46:25.908+0000] {processor.py:183} INFO - Processing /opt/airflow/dags/extraction_dag.py took 0.244 seconds
[2026-09-16T17:46:56.267+0000] {processor.py:161} INFO - Started process (PID=1152) to work on /opt/airflow/dags/extraction_dag.py
[2026-09-16T17:46:56.269+0000] {processor.py:830} INFO - Processing file /opt/airflow/dags/extraction_dag.py for tasks to queue
[2026-09-16T17:46:56.272+0000] {logging_mixin.py:188} INFO - [2026-09-16T17:46:56.271+0000] {dagbag.py:545} INFO - Filling up the DagBag from /opt/airflow/dags/extraction_dag.py
[2026-09-16T17:46:56.443+0000] {processor.py:840} INFO - DAG(s) 'youtube_extraction' retrieved from /opt/airflow/dags/extraction_dag.py
[2026-09-16T17:46:56.472+0000] {logging_mixin.py:188} INFO - [2026-09-16T17:46:56.472+0000] {dag.py:3096} INFO - Sync 1 DAGs
[2026-09-16T17:46:56.485+0000] {logging_mixin.py:188} INFO - [2026-09-16T17:46:56.485+0000] {dag.py:3954} INFO - Setting next_dagrun for youtube_extraction to None, run_after=None
[2026-09-16T17:46:56.538+0000] {processor.py:183} INFO - Processing /opt/airflow/dags/extraction_dag.py took 0.278 seconds
[2026-09-16T17:47:26.833+0000] {processor.py:161} INFO - Started process (PID=1159) to work on /opt/airflow/dags/extraction_dag.py
[2026-09-16T17:47:26.835+0000] {processor.py:830} INFO - Processing file /opt/airflow/dags/extraction_dag.py for tasks to queue
[2026-09-16T17:47:26.837+0000] {logging_mixin.py:188} INFO - [2026-09-16T17:47:26.837+0000] {dagbag.py:545} INFO - Filling up the DagBag from /opt/airflow/dags/extraction_dag.py
[2026-09-16T17:47:26.995+0000] {processor.py:840} INFO - DAG(s) 'youtube_extraction' retrieved from /opt/airflow/dags/extraction_dag.py
[2026-09-16T17:47:27.032+0000] {logging_mixin.py:188} INFO - [2026-09-16T17:47:27.031+0000] {dag.py:3096} INFO - Sync 1 DAGs
[2026-09-16T17:47:27.044+0000] {logging_mixin.py:188} INFO - [2026-09-16T17:47:27.044+0000] {dag.py:3954} INFO - Setting next_dagrun for youtube_extraction to None, run_after=None
[2026-09-16T17:47:27.083+0000] {processor.py:183} INFO - Processing /opt/airflow/dags/extraction_dag.py took 0.256 seconds
[2026-09-16T17:47:57.399+0000] {processor.py:161} INFO - Started process (PID=1166) to work on /opt/airflow/dags/extraction_dag.py
[2026-09-16T17:47:57.401+0000] {processor.py:830} INFO - Processing file /opt/airflow/dags/extraction_dag.py for tasks to queue
[2026-09-16T17:47:57.404+0000] {logging_mixin.py:188} INFO - [2026-09-16T17:47:57.403+0000] {dagbag.py:545} INFO - Filling up the DagBag from /opt/airflow/dags/extraction_dag.py
[2026-09-16T17:47:57.524+0000] {processor.py:840} INFO - DAG(s) 'youtube_extraction' retrieved from /opt/airflow/dags/extraction_dag.py
[2026-09-16T17:47:57.546+0000] {logging_mixin.py:188} INFO - [2026-09-16T17:47:57.546+0000] {dag.py:3096} INFO - Sync 1 DAGs
[2026-09-16T17:47:57.557+0000] {logging_mixin.py:188} INFO - [2026-09-16T17:47:57.557+0000] {dag.py:3954} INFO - Setting next_dagrun for youtube_extraction to None, run_after=None
[2026-09-16T17:47:57.595+0000] {processor.py:183} INFO - Processing /opt/airflow/dags/extraction_dag.py took 0.201 seconds
[2026-09-16T17:48:27.728+0000] {processor.py:161} INFO - Started process (PID=1173) to work on /opt/airflow/dags/extraction_dag.py
[2026-09-16T17:48:27.731+0000] {processor.py:830} INFO - Processing file /opt/airflow/dags/extraction_dag.py for tasks to queue
[2026-09-16T17:48:27.733+0000] {logging_mixin.py:188} INFO - [2026-09-16T17:48:27.733+0000] {dagbag.py:545} INFO - Filling up the DagBag from /opt/airflow/dags/extraction_dag.py
[2026-09-16T17:48:27.881+0000] {processor.py:840} INFO - DAG(s) 'youtube_extraction' retrieved from /opt/airflow/dags/extraction_dag.py
[2026-09-16T17:48:27.909+0000] {logging_mixin.py:188} INFO - [2026-09-16T17:48:27.908+0000] {dag.py:3096} INFO - Sync 1 DAGs
[2026-09-16T17:48:27.921+0000] {logging_mixin.py:188} INFO - [2026-09-16T17:48:27.921+0000] {dag.py:3954} INFO - Setting next_dagrun for youtube_extraction to None, run_after=None
[2026-09-16T17:48:27.970+0000] {processor.py:183} INFO - Processing /opt/airflow/dags/extraction_dag.py took 0.252 seconds
[2026-09-16T17:48:58.372+0000] {processor.py:161} INFO - Started process (PID=1180) to work on /opt/airflow/dags/extraction_dag.py
[2026-09-16T17:48:58.375+0000] {processor.py:830} INFO - Processing file /opt/airflow/dags/extraction_dag.py for tasks to queue
[2026-09-16T17:48:58.378+0000] {logging_mixin.py:188} INFO - [2026-09-16T17:48:58.378+0000] {dagbag.py:545} INFO - Filling up the DagBag from /opt/airflow/dags/extraction_dag.py
[2026-09-16T17:48:58.600+0000] {processor.py:840} INFO - DAG(s) 'youtube_extraction' retrieved from /opt/airflow/dags/extraction_dag.py
[2026-09-16T17:48:58.626+0000] {logging_mixin.py:188} INFO - [2026-09-16T17:48:58.626+0000] {dag.py:3096} INFO - Sync 1 DAGs
[2026-09-16T17:48:58.638+0000] {logging_mixin.py:188} INFO - [2026-09-16T17:48:58.638+0000] {dag.py:3954} INFO - Setting next_dagrun for youtube_extraction to None, run_after=None
[2026-09-16T17:48:58.682+0000] {processor.py:183} INFO - Processing /opt/airflow/dags/extraction_dag.py took 0.318 seconds
[2026-09-16T17:49:29.061+0000] {processor.py:161} INFO - Started process (PID=1187) to work on /opt/airflow/dags/extraction_dag.py
[2026-09-16T17:49:29.064+0000] {processor.py:830} INFO - Processing file /opt/airflow/dags/extraction_dag.py for tasks to queue
[2026-09-16T17:49:29.066+0000] {logging_mixin.py:188} INFO - [2026-09-16T17:49:29.066+0000] {dagbag.py:545} INFO - Filling up the DagBag from /opt/airflow/dags/extraction_dag.py
[2026-09-16T17:49:29.231+0000] {processor.py:840} INFO - DAG(s) 'youtube_extraction' retrieved from /opt/airflow/dags/extraction_dag.py
[2026-09-16T17:49:29.274+0000] {logging_mixin.py:188} INFO - [2026-09-16T17:49:29.274+0000] {dag.py:3096} INFO - Sync 1 DAGs
[2026-09-16T17:49:29.284+0000] {logging_mixin.py:188} INFO - [2026-09-16T17:49:29.284+0000] {dag.py:3954} INFO - Setting next_dagrun for youtube_extraction to None, run_after=None
[2026-09-16T17:49:29.324+0000] {processor.py:183} INFO - Processing /opt/airflow/dags/extraction_dag.py took 0.270 seconds
[2026-09-16T17:49:59.740+0000] {processor.py:161} INFO - Started process (PID=1194) to work on /opt/airflow/dags/extraction_dag.py
[2026-09-16T17:49:59.742+0000] {processor.py:830} INFO - Processing file /opt/airflow/dags/extraction_dag.py for tasks to queue
[2026-09-16T17:49:59.746+0000] {logging_mixin.py:188} INFO - [2026-09-16T17:49:59.745+0000] {dagbag.py:545} INFO - Filling up the DagBag from /opt/airflow/dags/extraction_dag.py
[2026-09-16T17:49:59.956+0000] {processor.py:840} INFO - DAG(s) 'youtube_extraction' retrieved from /opt/airflow/dags/extraction_dag.py
[2026-09-16T17:49:59.985+0000] {logging_mixin.py:188} INFO - [2026-09-16T17:49:59.985+0000] {dag.py:3096} INFO - Sync 1 DAGs
[2026-09-16T17:49:59.996+0000] {logging_mixin.py:188} INFO - [2026-09-16T17:49:59.996+0000] {dag.py:3954} INFO - Setting next_dagrun for youtube_extraction to None, run_after=None
[2026-09-16T17:50:00.042+0000] {processor.py:183} INFO - Processing /opt/airflow/dags/extraction_dag.py took 0.312 seconds
[2026-09-16T17:50:30.483+0000] {processor.py:161} INFO - Started process (PID=1201) to work on /opt/airflow/dags/extraction_dag.py
[2026-09-16T17:50:30.486+0000] {processor.py:830} INFO - Processing file /opt/airflow/dags/extraction_dag.py for tasks to queue
[2026-09-16T17:50:30.489+0000] {logging_mixin.py:188} INFO - [2026-09-16T17:50:30.488+0000] {dagbag.py:545} INFO - Filling up the DagBag from /opt/airflow/dags/extraction_dag.py
[2026-09-16T17:50:30.645+0000] {processor.py:840} INFO - DAG(s) 'youtube_extraction' retrieved from /opt/airflow/dags/extraction_dag.py
[2026-09-16T17:50:30.673+0000] {logging_mixin.py:188} INFO - [2026-09-16T17:50:30.673+0000] {dag.py:3096} INFO - Sync 1 DAGs
[2026-09-16T17:50:30.685+0000] {logging_mixin.py:188} INFO - [2026-09-16T17:50:30.685+0000] {dag.py:3954} INFO - Setting next_dagrun for youtube_extraction to None, run_after=None
[2026-09-16T17:50:30.735+0000] {processor.py:183} INFO - Processing /opt/airflow/dags/extraction_dag.py took 0.262 seconds
[2026-09-16T17:51:01.093+0000] {processor.py:161} INFO - Started process (PID=1208) to work on /opt/airflow/dags/extraction_dag.py
[2026-09-16T17:51:01.094+0000] {processor.py:830} INFO - Processing file /opt/airflow/dags/extraction_dag.py for tasks to queue
[2026-09-16T17:51:01.096+0000] {logging_mixin.py:188} INFO - [2026-09-16T17:51:01.096+0000] {dagbag.py:545} INFO - Filling up the DagBag from /opt/airflow/dags/extraction_dag.py
[2026-09-16T17:51:01.195+0000] {processor.py:840} INFO - DAG(s) 'youtube_extraction' retrieved from /opt/airflow/dags/extraction_dag.py
[2026-09-16T17:51:01.226+0000] {logging_mixin.py:188} INFO - [2026-09-16T17:51:01.226+0000] {dag.py:3096} INFO - Sync 1 DAGs
[2026-09-16T17:51:01.243+0000] {logging_mixin.py:188} INFO - [2026-09-16T17:51:01.243+0000] {dag.py:3954} INFO - Setting next_dagrun for youtube_extraction to None, run_after=None
[2026-09-16T17:51:01.271+0000] {processor.py:183} INFO - Processing /opt/airflow/dags/extraction_dag.py took 0.185 seconds
[2026-09-16T17:51:31.484+0000] {processor.py:161} INFO - Started process (PID=1215) to work on /opt/airflow/dags/extraction_dag.py
[2026-09-16T17:51:31.487+0000] {processor.py:830} INFO - Processing file /opt/airflow/dags/extraction_dag.py for tasks to queue
[2026-09-16T17:51:31.490+0000] {logging_mixin.py:188} INFO - [2026-09-16T17:51:31.490+0000] {dagbag.py:545} INFO - Filling up the DagBag from /opt/airflow/dags/extraction_dag.py
[2026-09-16T17:51:31.622+0000] {processor.py:840} INFO - DAG(s) 'youtube_extraction' retrieved from /opt/airflow/dags/extraction_dag.py
[2026-09-16T17:51:31.683+0000] {logging_mixin.py:188} INFO - [2026-09-16T17:51:31.683+0000] {dag.py:3096} INFO - Sync 1 DAGs
[2026-09-16T17:51:31.696+0000] {logging_mixin.py:188} INFO - [2026-09-16T17:51:31.696+0000] {dag.py:3954} INFO - Setting next_dagrun for youtube_extraction to None, run_after=None
[2026-09-16T17:51:31.754+0000] {processor.py:183} INFO - Processing /opt/airflow/dags/extraction_dag.py took 0.283 seconds
[2026-09-16T17:52:02.027+0000] {processor.py:161} INFO - Started process (PID=1222) to work on /opt/airflow/dags/extraction_dag.py
[2026-09-16T17:52:02.029+0000] {processor.py:830} INFO - Processing file /opt/airflow/dags/extraction_dag.py for tasks to queue
[2026-09-16T17:52:02.031+0000] {logging_mixin.py:188} INFO - [2026-09-16T17:52:02.031+0000] {dagbag.py:545} INFO - Filling up the DagBag from /opt/airflow/dags/extraction_dag.py
[2026-09-16T17:52:02.133+0000] {processor.py:840} INFO - DAG(s) 'youtube_extraction' retrieved from /opt/airflow/dags/extraction_dag.py
[2026-09-16T17:52:02.156+0000] {logging_mixin.py:188} INFO - [2026-09-16T17:52:02.155+0000] {dag.py:3096} INFO - Sync 1 DAGs
[2026-09-16T17:52:02.166+0000] {logging_mixin.py:188} INFO - [2026-09-16T17:52:02.166+0000] {dag.py:3954} INFO - Setting next_dagrun for youtube_extraction to None, run_after=None
[2026-09-16T17:52:02.184+0000] {processor.py:183} INFO - Processing /opt/airflow/dags/extraction_dag.py took 0.162 seconds
[2026-09-16T17:52:32.445+0000] {processor.py:161} INFO - Started process (PID=1229) to work on /opt/airflow/dags/extraction_dag.py
[2026-09-16T17:52:32.448+0000] {processor.py:830} INFO - Processing file /opt/airflow/dags/extraction_dag.py for tasks to queue
[2026-09-16T17:52:32.451+0000] {logging_mixin.py:188} INFO - [2026-09-16T17:52:32.451+0000] {dagbag.py:545} INFO - Filling up the DagBag from /opt/airflow/dags/extraction_dag.py
[2026-09-16T17:52:32.685+0000] {processor.py:840} INFO - DAG(s) 'youtube_extraction' retrieved from /opt/airflow/dags/extraction_dag.py
[2026-09-16T17:52:32.720+0000] {logging_mixin.py:188} INFO - [2026-09-16T17:52:32.720+0000] {dag.py:3096} INFO - Sync 1 DAGs
[2026-09-16T17:52:32.731+0000] {logging_mixin.py:188} INFO - [2026-09-16T17:52:32.731+0000] {dag.py:3954} INFO - Setting next_dagrun for youtube_extraction to None, run_after=None
[2026-09-16T17:52:32.774+0000] {processor.py:183} INFO - Processing /opt/airflow/dags/extraction_dag.py took 0.344 seconds
[2026-09-16T17:53:03.336+0000] {processor.py:161} INFO - Started process (PID=1236) to work on /opt/airflow/dags/extraction_dag.py
[2026-09-16T17:53:03.339+0000] {processor.py:830} INFO - Processing file /opt/airflow/dags/extraction_dag.py for tasks to queue
[2026-09-16T17:53:03.343+0000] {logging_mixin.py:188} INFO - [2026-09-16T17:53:03.343+0000] {dagbag.py:545} INFO - Filling up the DagBag from /opt/airflow/dags/extraction_dag.py
[2026-09-16T17:53:03.449+0000] {processor.py:840} INFO - DAG(s) 'youtube_extraction' retrieved from /opt/airflow/dags/extraction_dag.py
[2026-09-16T17:53:03.484+0000] {logging_mixin.py:188} INFO - [2026-09-16T17:53:03.483+0000] {dag.py:3096} INFO - Sync 1 DAGs
[2026-09-16T17:53:03.499+0000] {logging_mixin.py:188} INFO - [2026-09-16T17:53:03.498+0000] {dag.py:3954} INFO - Setting next_dagrun for youtube_extraction to None, run_after=None
[2026-09-16T17:53:03.548+0000] {processor.py:183} INFO - Processing /opt/airflow/dags/extraction_dag.py took 0.226 seconds
[2026-09-16T18:34:34.152+0000] {processor.py:161} INFO - Started process (PID=1243) to work on /opt/airflow/dags/extraction_dag.py
[2026-09-16T18:34:34.159+0000] {processor.py:830} INFO - Processing file /opt/airflow/dags/extraction_dag.py for tasks to queue
[2026-09-16T18:34:34.167+0000] {logging_mixin.py:188} INFO - [2026-09-16T18:34:34.165+0000] {dagbag.py:545} INFO - Filling up the DagBag from /opt/airflow/dags/extraction_dag.py
[2026-09-16T18:34:34.502+0000] {processor.py:840} INFO - DAG(s) 'youtube_extraction' retrieved from /opt/airflow/dags/extraction_dag.py
[2026-09-16T18:34:34.632+0000] {logging_mixin.py:188} INFO - [2026-09-16T18:34:34.631+0000] {dag.py:3096} INFO - Sync 1 DAGs
[2026-09-16T18:34:34.684+0000] {logging_mixin.py:188} INFO - [2026-09-16T18:34:34.681+0000] {dag.py:3954} INFO - Setting next_dagrun for youtube_extraction to None, run_after=None
[2026-09-16T18:34:34.777+0000] {processor.py:183} INFO - Processing /opt/airflow/dags/extraction_dag.py took 0.646 seconds
[2026-09-16T18:35:05.181+0000] {processor.py:161} INFO - Started process (PID=1251) to work on /opt/airflow/dags/extraction_dag.py
[2026-09-16T18:35:05.183+0000] {processor.py:830} INFO - Processing file /opt/airflow/dags/extraction_dag.py for tasks to queue
[2026-09-16T18:35:05.185+0000] {logging_mixin.py:188} INFO - [2026-09-16T18:35:05.185+0000] {dagbag.py:545} INFO - Filling up the DagBag from /opt/airflow/dags/extraction_dag.py
[2026-09-16T18:35:05.318+0000] {processor.py:840} INFO - DAG(s) 'youtube_extraction' retrieved from /opt/airflow/dags/extraction_dag.py
[2026-09-16T18:35:05.360+0000] {logging_mixin.py:188} INFO - [2026-09-16T18:35:05.360+0000] {dag.py:3096} INFO - Sync 1 DAGs
[2026-09-16T18:35:05.382+0000] {logging_mixin.py:188} INFO - [2026-09-16T18:35:05.381+0000] {dag.py:3954} INFO - Setting next_dagrun for youtube_extraction to None, run_after=None
[2026-09-16T18:35:05.420+0000] {processor.py:183} INFO - Processing /opt/airflow/dags/extraction_dag.py took 0.263 seconds
[2026-09-16T18:35:35.601+0000] {processor.py:161} INFO - Started process (PID=1258) to work on /opt/airflow/dags/extraction_dag.py
[2026-09-16T18:35:35.606+0000] {processor.py:830} INFO - Processing file /opt/airflow/dags/extraction_dag.py for tasks to queue
[2026-09-16T18:35:35.609+0000] {logging_mixin.py:188} INFO - [2026-09-16T18:35:35.609+0000] {dagbag.py:545} INFO - Filling up the DagBag from /opt/airflow/dags/extraction_dag.py
[2026-09-16T18:35:35.701+0000] {processor.py:840} INFO - DAG(s) 'youtube_extraction' retrieved from /opt/airflow/dags/extraction_dag.py
[2026-09-16T18:35:35.754+0000] {logging_mixin.py:188} INFO - [2026-09-16T18:35:35.754+0000] {dag.py:3096} INFO - Sync 1 DAGs
[2026-09-16T18:35:35.772+0000] {logging_mixin.py:188} INFO - [2026-09-16T18:35:35.772+0000] {dag.py:3954} INFO - Setting next_dagrun for youtube_extraction to None, run_after=None
[2026-09-16T18:35:35.811+0000] {processor.py:183} INFO - Processing /opt/airflow/dags/extraction_dag.py took 0.218 seconds
[2026-09-16T18:36:05.953+0000] {processor.py:161} INFO - Started process (PID=1265) to work on /opt/airflow/dags/extraction_dag.py
[2026-09-16T18:36:05.962+0000] {processor.py:830} INFO - Processing file /opt/airflow/dags/extraction_dag.py for tasks to queue
[2026-09-16T18:36:05.964+0000] {logging_mixin.py:188} INFO - [2026-09-16T18:36:05.964+0000] {dagbag.py:545} INFO - Filling up the DagBag from /opt/airflow/dags/extraction_dag.py
[2026-09-16T18:36:06.129+0000] {processor.py:840} INFO - DAG(s) 'youtube_extraction' retrieved from /opt/airflow/dags/extraction_dag.py
[2026-09-16T18:36:06.177+0000] {logging_mixin.py:188} INFO - [2026-09-16T18:36:06.177+0000] {dag.py:3096} INFO - Sync 1 DAGs
[2026-09-16T18:36:06.197+0000] {logging_mixin.py:188} INFO - [2026-09-16T18:36:06.197+0000] {dag.py:3954} INFO - Setting next_dagrun for youtube_extraction to None, run_after=None
[2026-09-16T18:36:06.264+0000] {processor.py:183} INFO - Processing /opt/airflow/dags/extraction_dag.py took 0.319 seconds
[2026-09-16T18:36:36.862+0000] {processor.py:161} INFO - Started process (PID=1272) to work on /opt/airflow/dags/extraction_dag.py
[2026-09-16T18:36:36.865+0000] {processor.py:830} INFO - Processing file /opt/airflow/dags/extraction_dag.py for tasks to queue
[2026-09-16T18:36:36.868+0000] {logging_mixin.py:188} INFO - [2026-09-16T18:36:36.867+0000] {dagbag.py:545} INFO - Filling up the DagBag from /opt/airflow/dags/extraction_dag.py
[2026-09-16T18:36:36.953+0000] {processor.py:840} INFO - DAG(s) 'youtube_extraction' retrieved from /opt/airflow/dags/extraction_dag.py
[2026-09-16T18:36:36.987+0000] {logging_mixin.py:188} INFO - [2026-09-16T18:36:36.987+0000] {dag.py:3096} INFO - Sync 1 DAGs
[2026-09-16T18:36:37.001+0000] {logging_mixin.py:188} INFO - [2026-09-16T18:36:37.001+0000] {dag.py:3954} INFO - Setting next_dagrun for youtube_extraction to None, run_after=None
[2026-09-16T18:36:37.066+0000] {processor.py:183} INFO - Processing /opt/airflow/dags/extraction_dag.py took 0.213 seconds
[2026-09-16T18:37:07.286+0000] {processor.py:161} INFO - Started process (PID=1279) to work on /opt/airflow/dags/extraction_dag.py
[2026-09-16T18:37:07.290+0000] {processor.py:830} INFO - Processing file /opt/airflow/dags/extraction_dag.py for tasks to queue
[2026-09-16T18:37:07.295+0000] {logging_mixin.py:188} INFO - [2026-09-16T18:37:07.294+0000] {dagbag.py:545} INFO - Filling up the DagBag from /opt/airflow/dags/extraction_dag.py
[2026-09-16T18:37:07.420+0000] {processor.py:840} INFO - DAG(s) 'youtube_extraction' retrieved from /opt/airflow/dags/extraction_dag.py
[2026-09-16T18:37:07.582+0000] {logging_mixin.py:188} INFO - [2026-09-16T18:37:07.582+0000] {dag.py:3096} INFO - Sync 1 DAGs
[2026-09-16T18:37:07.694+0000] {logging_mixin.py:188} INFO - [2026-09-16T18:37:07.694+0000] {dag.py:3954} INFO - Setting next_dagrun for youtube_extraction to None, run_after=None
[2026-09-16T18:37:07.811+0000] {processor.py:183} INFO - Processing /opt/airflow/dags/extraction_dag.py took 0.534 seconds
[2026-09-16T18:37:38.226+0000] {processor.py:161} INFO - Started process (PID=1286) to work on /opt/airflow/dags/extraction_dag.py
[2026-09-16T18:37:38.259+0000] {processor.py:830} INFO - Processing file /opt/airflow/dags/extraction_dag.py for tasks to queue
[2026-09-16T18:37:38.273+0000] {logging_mixin.py:188} INFO - [2026-09-16T18:37:38.270+0000] {dagbag.py:545} INFO - Filling up the DagBag from /opt/airflow/dags/extraction_dag.py
[2026-09-16T18:37:38.468+0000] {processor.py:840} INFO - DAG(s) 'youtube_extraction' retrieved from /opt/airflow/dags/extraction_dag.py
[2026-09-16T18:37:38.531+0000] {logging_mixin.py:188} INFO - [2026-09-16T18:37:38.531+0000] {dag.py:3096} INFO - Sync 1 DAGs
[2026-09-16T18:37:38.558+0000] {logging_mixin.py:188} INFO - [2026-09-16T18:37:38.557+0000] {dag.py:3954} INFO - Setting next_dagrun for youtube_extraction to None, run_after=None
[2026-09-16T18:37:38.635+0000] {processor.py:183} INFO - Processing /opt/airflow/dags/extraction_dag.py took 0.462 seconds
[2026-09-16T18:38:09.052+0000] {processor.py:161} INFO - Started process (PID=1294) to work on /opt/airflow/dags/extraction_dag.py
[2026-09-16T18:38:09.082+0000] {processor.py:830} INFO - Processing file /opt/airflow/dags/extraction_dag.py for tasks to queue
[2026-09-16T18:38:09.085+0000] {logging_mixin.py:188} INFO - [2026-09-16T18:38:09.084+0000] {dagbag.py:545} INFO - Filling up the DagBag from /opt/airflow/dags/extraction_dag.py
[2026-09-16T18:38:09.298+0000] {processor.py:840} INFO - DAG(s) 'youtube_extraction' retrieved from /opt/airflow/dags/extraction_dag.py
[2026-09-16T18:38:09.384+0000] {logging_mixin.py:188} INFO - [2026-09-16T18:38:09.384+0000] {dag.py:3096} INFO - Sync 1 DAGs
[2026-09-16T18:38:09.442+0000] {logging_mixin.py:188} INFO - [2026-09-16T18:38:09.441+0000] {dag.py:3954} INFO - Setting next_dagrun for youtube_extraction to None, run_after=None
[2026-09-16T18:38:09.511+0000] {processor.py:183} INFO - Processing /opt/airflow/dags/extraction_dag.py took 0.490 seconds
[2026-09-16T18:38:39.708+0000] {processor.py:161} INFO - Started process (PID=1301) to work on /opt/airflow/dags/extraction_dag.py
[2026-09-16T18:38:39.711+0000] {processor.py:830} INFO - Processing file /opt/airflow/dags/extraction_dag.py for tasks to queue
[2026-09-16T18:38:39.713+0000] {logging_mixin.py:188} INFO - [2026-09-16T18:38:39.712+0000] {dagbag.py:545} INFO - Filling up the DagBag from /opt/airflow/dags/extraction_dag.py
[2026-09-16T18:38:39.842+0000] {processor.py:840} INFO - DAG(s) 'youtube_extraction' retrieved from /opt/airflow/dags/extraction_dag.py
[2026-09-16T18:38:39.893+0000] {logging_mixin.py:188} INFO - [2026-09-16T18:38:39.893+0000] {dag.py:3096} INFO - Sync 1 DAGs
[2026-09-16T18:38:39.914+0000] {logging_mixin.py:188} INFO - [2026-09-16T18:38:39.914+0000] {dag.py:3954} INFO - Setting next_dagrun for youtube_extraction to None, run_after=None
[2026-09-16T18:38:39.982+0000] {processor.py:183} INFO - Processing /opt/airflow/dags/extraction_dag.py took 0.312 seconds
[2026-09-16T18:39:10.313+0000] {processor.py:161} INFO - Started process (PID=1308) to work on /opt/airflow/dags/extraction_dag.py
[2026-09-16T18:39:10.319+0000] {processor.py:830} INFO - Processing file /opt/airflow/dags/extraction_dag.py for tasks to queue
[2026-09-16T18:39:10.323+0000] {logging_mixin.py:188} INFO - [2026-09-16T18:39:10.323+0000] {dagbag.py:545} INFO - Filling up the DagBag from /opt/airflow/dags/extraction_dag.py
[2026-09-16T18:39:10.461+0000] {processor.py:840} INFO - DAG(s) 'youtube_extraction' retrieved from /opt/airflow/dags/extraction_dag.py
[2026-09-16T18:39:10.497+0000] {logging_mixin.py:188} INFO - [2026-09-16T18:39:10.496+0000] {dag.py:3096} INFO - Sync 1 DAGs
[2026-09-16T18:39:10.512+0000] {logging_mixin.py:188} INFO - [2026-09-16T18:39:10.512+0000] {dag.py:3954} INFO - Setting next_dagrun for youtube_extraction to None, run_after=None
[2026-09-16T18:39:10.561+0000] {processor.py:183} INFO - Processing /opt/airflow/dags/extraction_dag.py took 0.255 seconds
[2026-09-16T18:39:40.875+0000] {processor.py:161} INFO - Started process (PID=1315) to work on /opt/airflow/dags/extraction_dag.py
[2026-09-16T18:39:40.878+0000] {processor.py:830} INFO - Processing file /opt/airflow/dags/extraction_dag.py for tasks to queue
[2026-09-16T18:39:40.885+0000] {logging_mixin.py:188} INFO - [2026-09-16T18:39:40.883+0000] {dagbag.py:545} INFO - Filling up the DagBag from /opt/airflow/dags/extraction_dag.py
[2026-09-16T18:39:41.084+0000] {processor.py:840} INFO - DAG(s) 'youtube_extraction' retrieved from /opt/airflow/dags/extraction_dag.py
[2026-09-16T18:39:41.198+0000] {logging_mixin.py:188} INFO - [2026-09-16T18:39:41.197+0000] {dag.py:3096} INFO - Sync 1 DAGs
[2026-09-16T18:39:41.230+0000] {logging_mixin.py:188} INFO - [2026-09-16T18:39:41.229+0000] {dag.py:3954} INFO - Setting next_dagrun for youtube_extraction to None, run_after=None
[2026-09-16T18:39:41.309+0000] {processor.py:183} INFO - Processing /opt/airflow/dags/extraction_dag.py took 0.458 seconds
[2026-09-16T18:40:11.659+0000] {processor.py:161} INFO - Started process (PID=1322) to work on /opt/airflow/dags/extraction_dag.py
[2026-09-16T18:40:11.666+0000] {processor.py:830} INFO - Processing file /opt/airflow/dags/extraction_dag.py for tasks to queue
[2026-09-16T18:40:11.668+0000] {logging_mixin.py:188} INFO - [2026-09-16T18:40:11.667+0000] {dagbag.py:545} INFO - Filling up the DagBag from /opt/airflow/dags/extraction_dag.py
[2026-09-16T18:40:11.820+0000] {processor.py:840} INFO - DAG(s) 'youtube_extraction' retrieved from /opt/airflow/dags/extraction_dag.py
[2026-09-16T18:40:11.904+0000] {logging_mixin.py:188} INFO - [2026-09-16T18:40:11.903+0000] {dag.py:3096} INFO - Sync 1 DAGs
[2026-09-16T18:40:11.921+0000] {logging_mixin.py:188} INFO - [2026-09-16T18:40:11.921+0000] {dag.py:3954} INFO - Setting next_dagrun for youtube_extraction to None, run_after=None
[2026-09-16T18:40:11.956+0000] {processor.py:183} INFO - Processing /opt/airflow/dags/extraction_dag.py took 0.316 seconds
[2026-09-16T18:40:42.335+0000] {processor.py:161} INFO - Started process (PID=1329) to work on /opt/airflow/dags/extraction_dag.py
[2026-09-16T18:40:42.338+0000] {processor.py:830} INFO - Processing file /opt/airflow/dags/extraction_dag.py for tasks to queue
[2026-09-16T18:40:42.339+0000] {logging_mixin.py:188} INFO - [2026-09-16T18:40:42.339+0000] {dagbag.py:545} INFO - Filling up the DagBag from /opt/airflow/dags/extraction_dag.py
[2026-09-16T18:40:42.423+0000] {processor.py:840} INFO - DAG(s) 'youtube_extraction' retrieved from /opt/airflow/dags/extraction_dag.py
[2026-09-16T18:40:42.458+0000] {logging_mixin.py:188} INFO - [2026-09-16T18:40:42.458+0000] {dag.py:3096} INFO - Sync 1 DAGs
[2026-09-16T18:40:42.472+0000] {logging_mixin.py:188} INFO - [2026-09-16T18:40:42.471+0000] {dag.py:3954} INFO - Setting next_dagrun for youtube_extraction to None, run_after=None
[2026-09-16T18:40:42.522+0000] {processor.py:183} INFO - Processing /opt/airflow/dags/extraction_dag.py took 0.197 seconds
[2026-09-16T18:41:12.869+0000] {processor.py:161} INFO - Started process (PID=1336) to work on /opt/airflow/dags/extraction_dag.py
[2026-09-16T18:41:12.873+0000] {processor.py:830} INFO - Processing file /opt/airflow/dags/extraction_dag.py for tasks to queue
[2026-09-16T18:41:12.877+0000] {logging_mixin.py:188} INFO - [2026-09-16T18:41:12.876+0000] {dagbag.py:545} INFO - Filling up the DagBag from /opt/airflow/dags/extraction_dag.py
[2026-09-16T18:41:13.014+0000] {processor.py:840} INFO - DAG(s) 'youtube_extraction' retrieved from /opt/airflow/dags/extraction_dag.py
[2026-09-16T18:41:13.074+0000] {logging_mixin.py:188} INFO - [2026-09-16T18:41:13.074+0000] {dag.py:3096} INFO - Sync 1 DAGs
[2026-09-16T18:41:13.100+0000] {logging_mixin.py:188} INFO - [2026-09-16T18:41:13.099+0000] {dag.py:3954} INFO - Setting next_dagrun for youtube_extraction to None, run_after=None
[2026-09-16T18:41:13.171+0000] {processor.py:183} INFO - Processing /opt/airflow/dags/extraction_dag.py took 0.319 seconds
[2026-09-16T18:41:43.482+0000] {processor.py:161} INFO - Started process (PID=1343) to work on /opt/airflow/dags/extraction_dag.py
[2026-09-16T18:41:43.484+0000] {processor.py:830} INFO - Processing file /opt/airflow/dags/extraction_dag.py for tasks to queue
[2026-09-16T18:41:43.485+0000] {logging_mixin.py:188} INFO - [2026-09-16T18:41:43.485+0000] {dagbag.py:545} INFO - Filling up the DagBag from /opt/airflow/dags/extraction_dag.py
[2026-09-16T18:41:43.577+0000] {processor.py:840} INFO - DAG(s) 'youtube_extraction' retrieved from /opt/airflow/dags/extraction_dag.py
[2026-09-16T18:41:43.618+0000] {logging_mixin.py:188} INFO - [2026-09-16T18:41:43.618+0000] {dag.py:3096} INFO - Sync 1 DAGs
[2026-09-16T18:41:43.634+0000] {logging_mixin.py:188} INFO - [2026-09-16T18:41:43.634+0000] {dag.py:3954} INFO - Setting next_dagrun for youtube_extraction to None, run_after=None
[2026-09-16T18:41:43.676+0000] {processor.py:183} INFO - Processing /opt/airflow/dags/extraction_dag.py took 0.199 seconds
[2026-09-16T18:42:13.766+0000] {processor.py:161} INFO - Started process (PID=1350) to work on /opt/airflow/dags/extraction_dag.py
[2026-09-16T18:42:13.768+0000] {processor.py:830} INFO - Processing file /opt/airflow/dags/extraction_dag.py for tasks to queue
[2026-09-16T18:42:13.770+0000] {logging_mixin.py:188} INFO - [2026-09-16T18:42:13.769+0000] {dagbag.py:545} INFO - Filling up the DagBag from /opt/airflow/dags/extraction_dag.py
[2026-09-16T18:42:13.862+0000] {processor.py:840} INFO - DAG(s) 'youtube_extraction' retrieved from /opt/airflow/dags/extraction_dag.py
[2026-09-16T18:42:13.897+0000] {logging_mixin.py:188} INFO - [2026-09-16T18:42:13.897+0000] {dag.py:3096} INFO - Sync 1 DAGs
[2026-09-16T18:42:13.912+0000] {logging_mixin.py:188} INFO - [2026-09-16T18:42:13.912+0000] {dag.py:3954} INFO - Setting next_dagrun for youtube_extraction to None, run_after=None
[2026-09-16T18:42:13.958+0000] {processor.py:183} INFO - Processing /opt/airflow/dags/extraction_dag.py took 0.198 seconds
[2026-09-16T18:42:44.260+0000] {processor.py:161} INFO - Started process (PID=1357) to work on /opt/airflow/dags/extraction_dag.py
[2026-09-16T18:42:44.262+0000] {processor.py:830} INFO - Processing file /opt/airflow/dags/extraction_dag.py for tasks to queue
[2026-09-16T18:42:44.264+0000] {logging_mixin.py:188} INFO - [2026-09-16T18:42:44.263+0000] {dagbag.py:545} INFO - Filling up the DagBag from /opt/airflow/dags/extraction_dag.py
[2026-09-16T18:42:44.358+0000] {processor.py:840} INFO - DAG(s) 'youtube_extraction' retrieved from /opt/airflow/dags/extraction_dag.py
[2026-09-16T18:42:44.393+0000] {logging_mixin.py:188} INFO - [2026-09-16T18:42:44.392+0000] {dag.py:3096} INFO - Sync 1 DAGs
[2026-09-16T18:42:44.409+0000] {logging_mixin.py:188} INFO - [2026-09-16T18:42:44.408+0000] {dag.py:3954} INFO - Setting next_dagrun for youtube_extraction to None, run_after=None
[2026-09-16T18:42:44.466+0000] {processor.py:183} INFO - Processing /opt/airflow/dags/extraction_dag.py took 0.214 seconds
[2026-09-16T18:43:14.815+0000] {processor.py:161} INFO - Started process (PID=1364) to work on /opt/airflow/dags/extraction_dag.py
[2026-09-16T18:43:14.819+0000] {processor.py:830} INFO - Processing file /opt/airflow/dags/extraction_dag.py for tasks to queue
[2026-09-16T18:43:14.824+0000] {logging_mixin.py:188} INFO - [2026-09-16T18:43:14.823+0000] {dagbag.py:545} INFO - Filling up the DagBag from /opt/airflow/dags/extraction_dag.py
[2026-09-16T18:43:14.920+0000] {processor.py:840} INFO - DAG(s) 'youtube_extraction' retrieved from /opt/airflow/dags/extraction_dag.py
[2026-09-16T18:43:14.950+0000] {logging_mixin.py:188} INFO - [2026-09-16T18:43:14.950+0000] {dag.py:3096} INFO - Sync 1 DAGs
[2026-09-16T18:43:14.964+0000] {logging_mixin.py:188} INFO - [2026-09-16T18:43:14.964+0000] {dag.py:3954} INFO - Setting next_dagrun for youtube_extraction to None, run_after=None
[2026-09-16T18:43:15.004+0000] {processor.py:183} INFO - Processing /opt/airflow/dags/extraction_dag.py took 0.203 seconds
[2026-09-16T18:43:45.318+0000] {processor.py:161} INFO - Started process (PID=1371) to work on /opt/airflow/dags/extraction_dag.py
[2026-09-16T18:43:45.320+0000] {processor.py:830} INFO - Processing file /opt/airflow/dags/extraction_dag.py for tasks to queue
[2026-09-16T18:43:45.322+0000] {logging_mixin.py:188} INFO - [2026-09-16T18:43:45.321+0000] {dagbag.py:545} INFO - Filling up the DagBag from /opt/airflow/dags/extraction_dag.py
[2026-09-16T18:43:45.445+0000] {processor.py:840} INFO - DAG(s) 'youtube_extraction' retrieved from /opt/airflow/dags/extraction_dag.py
[2026-09-16T18:43:45.480+0000] {logging_mixin.py:188} INFO - [2026-09-16T18:43:45.480+0000] {dag.py:3096} INFO - Sync 1 DAGs
[2026-09-16T18:43:45.496+0000] {logging_mixin.py:188} INFO - [2026-09-16T18:43:45.496+0000] {dag.py:3954} INFO - Setting next_dagrun for youtube_extraction to None, run_after=None
[2026-09-16T18:43:45.541+0000] {processor.py:183} INFO - Processing /opt/airflow/dags/extraction_dag.py took 0.230 seconds
[2026-09-16T18:44:15.617+0000] {processor.py:161} INFO - Started process (PID=1378) to work on /opt/airflow/dags/extraction_dag.py
[2026-09-16T18:44:15.620+0000] {processor.py:830} INFO - Processing file /opt/airflow/dags/extraction_dag.py for tasks to queue
[2026-09-16T18:44:15.622+0000] {logging_mixin.py:188} INFO - [2026-09-16T18:44:15.622+0000] {dagbag.py:545} INFO - Filling up the DagBag from /opt/airflow/dags/extraction_dag.py
[2026-09-16T18:44:15.720+0000] {processor.py:840} INFO - DAG(s) 'youtube_extraction' retrieved from /opt/airflow/dags/extraction_dag.py
[2026-09-16T18:44:15.758+0000] {logging_mixin.py:188} INFO - [2026-09-16T18:44:15.757+0000] {dag.py:3096} INFO - Sync 1 DAGs
[2026-09-16T18:44:15.772+0000] {logging_mixin.py:188} INFO - [2026-09-16T18:44:15.772+0000] {dag.py:3954} INFO - Setting next_dagrun for youtube_extraction to None, run_after=None
[2026-09-16T18:44:15.851+0000] {processor.py:183} INFO - Processing /opt/airflow/dags/extraction_dag.py took 0.243 seconds
[2026-09-16T18:44:46.254+0000] {processor.py:161} INFO - Started process (PID=1386) to work on /opt/airflow/dags/extraction_dag.py
[2026-09-16T18:44:46.259+0000] {processor.py:830} INFO - Processing file /opt/airflow/dags/extraction_dag.py for tasks to queue
[2026-09-16T18:44:46.265+0000] {logging_mixin.py:188} INFO - [2026-09-16T18:44:46.264+0000] {dagbag.py:545} INFO - Filling up the DagBag from /opt/airflow/dags/extraction_dag.py
[2026-09-16T18:44:46.409+0000] {processor.py:840} INFO - DAG(s) 'youtube_extraction' retrieved from /opt/airflow/dags/extraction_dag.py
[2026-09-16T18:44:46.491+0000] {logging_mixin.py:188} INFO - [2026-09-16T18:44:46.490+0000] {dag.py:3096} INFO - Sync 1 DAGs
[2026-09-16T18:44:46.518+0000] {logging_mixin.py:188} INFO - [2026-09-16T18:44:46.517+0000] {dag.py:3954} INFO - Setting next_dagrun for youtube_extraction to None, run_after=None
[2026-09-16T18:44:46.556+0000] {processor.py:183} INFO - Processing /opt/airflow/dags/extraction_dag.py took 0.316 seconds
[2026-09-16T18:45:16.871+0000] {processor.py:161} INFO - Started process (PID=1393) to work on /opt/airflow/dags/extraction_dag.py
[2026-09-16T18:45:16.873+0000] {processor.py:830} INFO - Processing file /opt/airflow/dags/extraction_dag.py for tasks to queue
[2026-09-16T18:45:16.876+0000] {logging_mixin.py:188} INFO - [2026-09-16T18:45:16.875+0000] {dagbag.py:545} INFO - Filling up the DagBag from /opt/airflow/dags/extraction_dag.py
[2026-09-16T18:45:16.955+0000] {processor.py:840} INFO - DAG(s) 'youtube_extraction' retrieved from /opt/airflow/dags/extraction_dag.py
[2026-09-16T18:45:16.988+0000] {logging_mixin.py:188} INFO - [2026-09-16T18:45:16.988+0000] {dag.py:3096} INFO - Sync 1 DAGs
[2026-09-16T18:45:17.003+0000] {logging_mixin.py:188} INFO - [2026-09-16T18:45:17.003+0000] {dag.py:3954} INFO - Setting next_dagrun for youtube_extraction to None, run_after=None
[2026-09-16T18:45:17.026+0000] {processor.py:183} INFO - Processing /opt/airflow/dags/extraction_dag.py took 0.162 seconds
[2026-09-16T18:45:47.134+0000] {processor.py:161} INFO - Started process (PID=1400) to work on /opt/airflow/dags/extraction_dag.py
[2026-09-16T18:45:47.136+0000] {processor.py:830} INFO - Processing file /opt/airflow/dags/extraction_dag.py for tasks to queue
[2026-09-16T18:45:47.139+0000] {logging_mixin.py:188} INFO - [2026-09-16T18:45:47.139+0000] {dagbag.py:545} INFO - Filling up the DagBag from /opt/airflow/dags/extraction_dag.py
[2026-09-16T18:45:47.235+0000] {processor.py:840} INFO - DAG(s) 'youtube_extraction' retrieved from /opt/airflow/dags/extraction_dag.py
[2026-09-16T18:45:47.268+0000] {logging_mixin.py:188} INFO - [2026-09-16T18:45:47.267+0000] {dag.py:3096} INFO - Sync 1 DAGs
[2026-09-16T18:45:47.282+0000] {logging_mixin.py:188} INFO - [2026-09-16T18:45:47.282+0000] {dag.py:3954} INFO - Setting next_dagrun for youtube_extraction to None, run_after=None
[2026-09-16T18:45:47.328+0000] {processor.py:183} INFO - Processing /opt/airflow/dags/extraction_dag.py took 0.202 seconds
[2026-09-16T18:46:17.593+0000] {processor.py:161} INFO - Started process (PID=1407) to work on /opt/airflow/dags/extraction_dag.py
[2026-09-16T18:46:17.595+0000] {processor.py:830} INFO - Processing file /opt/airflow/dags/extraction_dag.py for tasks to queue
[2026-09-16T18:46:17.600+0000] {logging_mixin.py:188} INFO - [2026-09-16T18:46:17.599+0000] {dagbag.py:545} INFO - Filling up the DagBag from /opt/airflow/dags/extraction_dag.py
[2026-09-16T18:46:17.706+0000] {processor.py:840} INFO - DAG(s) 'youtube_extraction' retrieved from /opt/airflow/dags/extraction_dag.py
[2026-09-16T18:46:17.755+0000] {logging_mixin.py:188} INFO - [2026-09-16T18:46:17.755+0000] {dag.py:3096} INFO - Sync 1 DAGs
[2026-09-16T18:46:17.770+0000] {logging_mixin.py:188} INFO - [2026-09-16T18:46:17.770+0000] {dag.py:3954} INFO - Setting next_dagrun for youtube_extraction to None, run_after=None
[2026-09-16T18:46:17.806+0000] {processor.py:183} INFO - Processing /opt/airflow/dags/extraction_dag.py took 0.218 seconds
[2026-09-16T18:46:47.996+0000] {processor.py:161} INFO - Started process (PID=1414) to work on /opt/airflow/dags/extraction_dag.py
[2026-09-16T18:46:48.003+0000] {processor.py:830} INFO - Processing file /opt/airflow/dags/extraction_dag.py for tasks to queue
[2026-09-16T18:46:48.006+0000] {logging_mixin.py:188} INFO - [2026-09-16T18:46:48.005+0000] {dagbag.py:545} INFO - Filling up the DagBag from /opt/airflow/dags/extraction_dag.py
[2026-09-16T18:46:48.119+0000] {processor.py:840} INFO - DAG(s) 'youtube_extraction' retrieved from /opt/airflow/dags/extraction_dag.py
[2026-09-16T18:46:48.186+0000] {logging_mixin.py:188} INFO - [2026-09-16T18:46:48.186+0000] {dag.py:3096} INFO - Sync 1 DAGs
[2026-09-16T18:46:48.205+0000] {logging_mixin.py:188} INFO - [2026-09-16T18:46:48.205+0000] {dag.py:3954} INFO - Setting next_dagrun for youtube_extraction to None, run_after=None
[2026-09-16T18:46:48.244+0000] {processor.py:183} INFO - Processing /opt/airflow/dags/extraction_dag.py took 0.277 seconds
[2026-09-16T18:47:18.424+0000] {processor.py:161} INFO - Started process (PID=1421) to work on /opt/airflow/dags/extraction_dag.py
[2026-09-16T18:47:18.426+0000] {processor.py:830} INFO - Processing file /opt/airflow/dags/extraction_dag.py for tasks to queue
[2026-09-16T18:47:18.428+0000] {logging_mixin.py:188} INFO - [2026-09-16T18:47:18.427+0000] {dagbag.py:545} INFO - Filling up the DagBag from /opt/airflow/dags/extraction_dag.py
[2026-09-16T18:47:18.582+0000] {processor.py:840} INFO - DAG(s) 'youtube_extraction' retrieved from /opt/airflow/dags/extraction_dag.py
[2026-09-16T18:47:18.673+0000] {logging_mixin.py:188} INFO - [2026-09-16T18:47:18.673+0000] {dag.py:3096} INFO - Sync 1 DAGs
[2026-09-16T18:47:18.690+0000] {logging_mixin.py:188} INFO - [2026-09-16T18:47:18.690+0000] {dag.py:3954} INFO - Setting next_dagrun for youtube_extraction to None, run_after=None
[2026-09-16T18:47:18.738+0000] {processor.py:183} INFO - Processing /opt/airflow/dags/extraction_dag.py took 0.324 seconds
[2026-09-16T18:47:48.821+0000] {processor.py:161} INFO - Started process (PID=1428) to work on /opt/airflow/dags/extraction_dag.py
[2026-09-16T18:47:48.823+0000] {processor.py:830} INFO - Processing file /opt/airflow/dags/extraction_dag.py for tasks to queue
[2026-09-16T18:47:48.853+0000] {logging_mixin.py:188} INFO - [2026-09-16T18:47:48.852+0000] {dagbag.py:545} INFO - Filling up the DagBag from /opt/airflow/dags/extraction_dag.py
[2026-09-16T18:47:48.942+0000] {processor.py:840} INFO - DAG(s) 'youtube_extraction' retrieved from /opt/airflow/dags/extraction_dag.py
[2026-09-16T18:47:48.981+0000] {logging_mixin.py:188} INFO - [2026-09-16T18:47:48.981+0000] {dag.py:3096} INFO - Sync 1 DAGs
[2026-09-16T18:47:48.997+0000] {logging_mixin.py:188} INFO - [2026-09-16T18:47:48.997+0000] {dag.py:3954} INFO - Setting next_dagrun for youtube_extraction to None, run_after=None
[2026-09-16T18:47:49.059+0000] {processor.py:183} INFO - Processing /opt/airflow/dags/extraction_dag.py took 0.244 seconds
[2026-09-16T18:48:19.403+0000] {processor.py:161} INFO - Started process (PID=1435) to work on /opt/airflow/dags/extraction_dag.py
[2026-09-16T18:48:19.425+0000] {processor.py:830} INFO - Processing file /opt/airflow/dags/extraction_dag.py for tasks to queue
[2026-09-16T18:48:19.430+0000] {logging_mixin.py:188} INFO - [2026-09-16T18:48:19.428+0000] {dagbag.py:545} INFO - Filling up the DagBag from /opt/airflow/dags/extraction_dag.py
[2026-09-16T18:48:19.647+0000] {processor.py:840} INFO - DAG(s) 'youtube_extraction' retrieved from /opt/airflow/dags/extraction_dag.py
[2026-09-16T18:48:19.725+0000] {logging_mixin.py:188} INFO - [2026-09-16T18:48:19.725+0000] {dag.py:3096} INFO - Sync 1 DAGs
[2026-09-16T18:48:19.753+0000] {logging_mixin.py:188} INFO - [2026-09-16T18:48:19.752+0000] {dag.py:3954} INFO - Setting next_dagrun for youtube_extraction to None, run_after=None
[2026-09-16T18:48:19.812+0000] {processor.py:183} INFO - Processing /opt/airflow/dags/extraction_dag.py took 0.421 seconds
[2026-09-16T18:48:50.231+0000] {processor.py:161} INFO - Started process (PID=1442) to work on /opt/airflow/dags/extraction_dag.py
[2026-09-16T18:48:50.235+0000] {processor.py:830} INFO - Processing file /opt/airflow/dags/extraction_dag.py for tasks to queue
[2026-09-16T18:48:50.239+0000] {logging_mixin.py:188} INFO - [2026-09-16T18:48:50.238+0000] {dagbag.py:545} INFO - Filling up the DagBag from /opt/airflow/dags/extraction_dag.py
[2026-09-16T18:48:50.381+0000] {processor.py:840} INFO - DAG(s) 'youtube_extraction' retrieved from /opt/airflow/dags/extraction_dag.py
[2026-09-16T18:48:50.427+0000] {logging_mixin.py:188} INFO - [2026-09-16T18:48:50.427+0000] {dag.py:3096} INFO - Sync 1 DAGs
[2026-09-16T18:48:50.446+0000] {logging_mixin.py:188} INFO - [2026-09-16T18:48:50.446+0000] {dag.py:3954} INFO - Setting next_dagrun for youtube_extraction to None, run_after=None
[2026-09-16T18:48:50.493+0000] {processor.py:183} INFO - Processing /opt/airflow/dags/extraction_dag.py took 0.270 seconds
[2026-09-16T18:49:20.878+0000] {processor.py:161} INFO - Started process (PID=1449) to work on /opt/airflow/dags/extraction_dag.py
[2026-09-16T18:49:20.880+0000] {processor.py:830} INFO - Processing file /opt/airflow/dags/extraction_dag.py for tasks to queue
[2026-09-16T18:49:20.882+0000] {logging_mixin.py:188} INFO - [2026-09-16T18:49:20.882+0000] {dagbag.py:545} INFO - Filling up the DagBag from /opt/airflow/dags/extraction_dag.py
[2026-09-16T18:49:21.030+0000] {processor.py:840} INFO - DAG(s) 'youtube_extraction' retrieved from /opt/airflow/dags/extraction_dag.py
[2026-09-16T18:49:21.088+0000] {logging_mixin.py:188} INFO - [2026-09-16T18:49:21.087+0000] {dag.py:3096} INFO - Sync 1 DAGs
[2026-09-16T18:49:21.106+0000] {logging_mixin.py:188} INFO - [2026-09-16T18:49:21.106+0000] {dag.py:3954} INFO - Setting next_dagrun for youtube_extraction to None, run_after=None
[2026-09-16T18:49:21.166+0000] {processor.py:183} INFO - Processing /opt/airflow/dags/extraction_dag.py took 0.301 seconds
[2026-09-16T18:49:51.561+0000] {processor.py:161} INFO - Started process (PID=1456) to work on /opt/airflow/dags/extraction_dag.py
[2026-09-16T18:49:51.563+0000] {processor.py:830} INFO - Processing file /opt/airflow/dags/extraction_dag.py for tasks to queue
[2026-09-16T18:49:51.565+0000] {logging_mixin.py:188} INFO - [2026-09-16T18:49:51.565+0000] {dagbag.py:545} INFO - Filling up the DagBag from /opt/airflow/dags/extraction_dag.py
[2026-09-16T18:49:51.690+0000] {processor.py:840} INFO - DAG(s) 'youtube_extraction' retrieved from /opt/airflow/dags/extraction_dag.py
[2026-09-16T18:49:51.725+0000] {logging_mixin.py:188} INFO - [2026-09-16T18:49:51.725+0000] {dag.py:3096} INFO - Sync 1 DAGs
[2026-09-16T18:49:51.774+0000] {logging_mixin.py:188} INFO - [2026-09-16T18:49:51.774+0000] {dag.py:3954} INFO - Setting next_dagrun for youtube_extraction to None, run_after=None
[2026-09-16T18:49:51.857+0000] {processor.py:183} INFO - Processing /opt/airflow/dags/extraction_dag.py took 0.302 seconds
[2026-09-16T18:50:22.163+0000] {processor.py:161} INFO - Started process (PID=1463) to work on /opt/airflow/dags/extraction_dag.py
[2026-09-16T18:50:22.165+0000] {processor.py:830} INFO - Processing file /opt/airflow/dags/extraction_dag.py for tasks to queue
[2026-09-16T18:50:22.167+0000] {logging_mixin.py:188} INFO - [2026-09-16T18:50:22.167+0000] {dagbag.py:545} INFO - Filling up the DagBag from /opt/airflow/dags/extraction_dag.py
[2026-09-16T18:50:22.275+0000] {processor.py:840} INFO - DAG(s) 'youtube_extraction' retrieved from /opt/airflow/dags/extraction_dag.py
[2026-09-16T18:50:22.341+0000] {logging_mixin.py:188} INFO - [2026-09-16T18:50:22.341+0000] {dag.py:3096} INFO - Sync 1 DAGs
[2026-09-16T18:50:22.395+0000] {logging_mixin.py:188} INFO - [2026-09-16T18:50:22.394+0000] {dag.py:3954} INFO - Setting next_dagrun for youtube_extraction to None, run_after=None
[2026-09-16T18:50:22.442+0000] {processor.py:183} INFO - Processing /opt/airflow/dags/extraction_dag.py took 0.286 seconds
[2026-09-16T18:50:52.758+0000] {processor.py:161} INFO - Started process (PID=1470) to work on /opt/airflow/dags/extraction_dag.py
[2026-09-16T18:50:52.761+0000] {processor.py:830} INFO - Processing file /opt/airflow/dags/extraction_dag.py for tasks to queue
[2026-09-16T18:50:52.765+0000] {logging_mixin.py:188} INFO - [2026-09-16T18:50:52.765+0000] {dagbag.py:545} INFO - Filling up the DagBag from /opt/airflow/dags/extraction_dag.py
[2026-09-16T18:50:52.881+0000] {processor.py:840} INFO - DAG(s) 'youtube_extraction' retrieved from /opt/airflow/dags/extraction_dag.py
[2026-09-16T18:50:52.932+0000] {logging_mixin.py:188} INFO - [2026-09-16T18:50:52.931+0000] {dag.py:3096} INFO - Sync 1 DAGs
[2026-09-16T18:50:52.954+0000] {logging_mixin.py:188} INFO - [2026-09-16T18:50:52.953+0000] {dag.py:3954} INFO - Setting next_dagrun for youtube_extraction to None, run_after=None
[2026-09-16T18:50:52.991+0000] {processor.py:183} INFO - Processing /opt/airflow/dags/extraction_dag.py took 0.239 seconds
[2026-09-16T18:51:23.324+0000] {processor.py:161} INFO - Started process (PID=1477) to work on /opt/airflow/dags/extraction_dag.py
[2026-09-16T18:51:23.339+0000] {processor.py:830} INFO - Processing file /opt/airflow/dags/extraction_dag.py for tasks to queue
[2026-09-16T18:51:23.348+0000] {logging_mixin.py:188} INFO - [2026-09-16T18:51:23.345+0000] {dagbag.py:545} INFO - Filling up the DagBag from /opt/airflow/dags/extraction_dag.py
[2026-09-16T18:51:23.664+0000] {processor.py:840} INFO - DAG(s) 'youtube_extraction' retrieved from /opt/airflow/dags/extraction_dag.py
[2026-09-16T18:51:23.773+0000] {logging_mixin.py:188} INFO - [2026-09-16T18:51:23.772+0000] {dag.py:3096} INFO - Sync 1 DAGs
[2026-09-16T18:51:23.813+0000] {logging_mixin.py:188} INFO - [2026-09-16T18:51:23.813+0000] {dag.py:3954} INFO - Setting next_dagrun for youtube_extraction to None, run_after=None
[2026-09-16T18:51:23.859+0000] {processor.py:183} INFO - Processing /opt/airflow/dags/extraction_dag.py took 0.576 seconds
[2026-09-16T18:51:54.236+0000] {processor.py:161} INFO - Started process (PID=1484) to work on /opt/airflow/dags/extraction_dag.py
[2026-09-16T18:51:54.239+0000] {processor.py:830} INFO - Processing file /opt/airflow/dags/extraction_dag.py for tasks to queue
[2026-09-16T18:51:54.241+0000] {logging_mixin.py:188} INFO - [2026-09-16T18:51:54.241+0000] {dagbag.py:545} INFO - Filling up the DagBag from /opt/airflow/dags/extraction_dag.py
[2026-09-16T18:51:54.339+0000] {processor.py:840} INFO - DAG(s) 'youtube_extraction' retrieved from /opt/airflow/dags/extraction_dag.py
[2026-09-16T18:51:54.393+0000] {logging_mixin.py:188} INFO - [2026-09-16T18:51:54.392+0000] {dag.py:3096} INFO - Sync 1 DAGs
[2026-09-16T18:51:54.439+0000] {logging_mixin.py:188} INFO - [2026-09-16T18:51:54.439+0000] {dag.py:3954} INFO - Setting next_dagrun for youtube_extraction to None, run_after=None
[2026-09-16T18:51:54.506+0000] {processor.py:183} INFO - Processing /opt/airflow/dags/extraction_dag.py took 0.305 seconds
[2026-09-16T18:52:24.823+0000] {processor.py:161} INFO - Started process (PID=1491) to work on /opt/airflow/dags/extraction_dag.py
[2026-09-16T18:52:24.825+0000] {processor.py:830} INFO - Processing file /opt/airflow/dags/extraction_dag.py for tasks to queue
[2026-09-16T18:52:24.827+0000] {logging_mixin.py:188} INFO - [2026-09-16T18:52:24.827+0000] {dagbag.py:545} INFO - Filling up the DagBag from /opt/airflow/dags/extraction_dag.py
[2026-09-16T18:52:24.917+0000] {processor.py:840} INFO - DAG(s) 'youtube_extraction' retrieved from /opt/airflow/dags/extraction_dag.py
[2026-09-16T18:52:24.981+0000] {logging_mixin.py:188} INFO - [2026-09-16T18:52:24.981+0000] {dag.py:3096} INFO - Sync 1 DAGs
[2026-09-16T18:52:24.996+0000] {logging_mixin.py:188} INFO - [2026-09-16T18:52:24.996+0000] {dag.py:3954} INFO - Setting next_dagrun for youtube_extraction to None, run_after=None
[2026-09-16T18:52:25.040+0000] {processor.py:183} INFO - Processing /opt/airflow/dags/extraction_dag.py took 0.226 seconds
[2026-09-16T18:52:55.346+0000] {processor.py:161} INFO - Started process (PID=1498) to work on /opt/airflow/dags/extraction_dag.py
[2026-09-16T18:52:55.348+0000] {processor.py:830} INFO - Processing file /opt/airflow/dags/extraction_dag.py for tasks to queue
[2026-09-16T18:52:55.351+0000] {logging_mixin.py:188} INFO - [2026-09-16T18:52:55.350+0000] {dagbag.py:545} INFO - Filling up the DagBag from /opt/airflow/dags/extraction_dag.py
[2026-09-16T18:52:55.464+0000] {processor.py:840} INFO - DAG(s) 'youtube_extraction' retrieved from /opt/airflow/dags/extraction_dag.py
[2026-09-16T18:52:55.497+0000] {logging_mixin.py:188} INFO - [2026-09-16T18:52:55.496+0000] {dag.py:3096} INFO - Sync 1 DAGs
[2026-09-16T18:52:55.511+0000] {logging_mixin.py:188} INFO - [2026-09-16T18:52:55.511+0000] {dag.py:3954} INFO - Setting next_dagrun for youtube_extraction to None, run_after=None
[2026-09-16T18:52:55.551+0000] {processor.py:183} INFO - Processing /opt/airflow/dags/extraction_dag.py took 0.213 seconds
[2026-09-16T18:53:25.678+0000] {processor.py:161} INFO - Started process (PID=1505) to work on /opt/airflow/dags/extraction_dag.py
[2026-09-16T18:53:25.681+0000] {processor.py:830} INFO - Processing file /opt/airflow/dags/extraction_dag.py for tasks to queue
[2026-09-16T18:53:25.684+0000] {logging_mixin.py:188} INFO - [2026-09-16T18:53:25.683+0000] {dagbag.py:545} INFO - Filling up the DagBag from /opt/airflow/dags/extraction_dag.py
[2026-09-16T18:53:25.836+0000] {processor.py:840} INFO - DAG(s) 'youtube_extraction' retrieved from /opt/airflow/dags/extraction_dag.py
[2026-09-16T18:53:25.884+0000] {logging_mixin.py:188} INFO - [2026-09-16T18:53:25.884+0000] {dag.py:3096} INFO - Sync 1 DAGs
[2026-09-16T18:53:25.912+0000] {logging_mixin.py:188} INFO - [2026-09-16T18:53:25.911+0000] {dag.py:3954} INFO - Setting next_dagrun for youtube_extraction to None, run_after=None
[2026-09-16T18:53:25.976+0000] {processor.py:183} INFO - Processing /opt/airflow/dags/extraction_dag.py took 0.313 seconds
[2026-09-16T18:53:56.206+0000] {processor.py:161} INFO - Started process (PID=1511) to work on /opt/airflow/dags/extraction_dag.py
[2026-09-16T18:53:56.210+0000] {processor.py:830} INFO - Processing file /opt/airflow/dags/extraction_dag.py for tasks to queue
[2026-09-16T18:53:56.212+0000] {logging_mixin.py:188} INFO - [2026-09-16T18:53:56.212+0000] {dagbag.py:545} INFO - Filling up the DagBag from /opt/airflow/dags/extraction_dag.py
[2026-09-16T18:53:56.315+0000] {processor.py:840} INFO - DAG(s) 'youtube_extraction' retrieved from /opt/airflow/dags/extraction_dag.py
[2026-09-16T18:53:56.387+0000] {logging_mixin.py:188} INFO - [2026-09-16T18:53:56.386+0000] {dag.py:3096} INFO - Sync 1 DAGs
[2026-09-16T18:53:56.430+0000] {logging_mixin.py:188} INFO - [2026-09-16T18:53:56.430+0000] {dag.py:3954} INFO - Setting next_dagrun for youtube_extraction to None, run_after=None
[2026-09-16T18:53:56.476+0000] {processor.py:183} INFO - Processing /opt/airflow/dags/extraction_dag.py took 0.281 seconds
[2026-09-16T18:54:26.593+0000] {processor.py:161} INFO - Started process (PID=1518) to work on /opt/airflow/dags/extraction_dag.py
[2026-09-16T18:54:26.597+0000] {processor.py:830} INFO - Processing file /opt/airflow/dags/extraction_dag.py for tasks to queue
[2026-09-16T18:54:26.601+0000] {logging_mixin.py:188} INFO - [2026-09-16T18:54:26.600+0000] {dagbag.py:545} INFO - Filling up the DagBag from /opt/airflow/dags/extraction_dag.py
[2026-09-16T18:54:26.711+0000] {processor.py:840} INFO - DAG(s) 'youtube_extraction' retrieved from /opt/airflow/dags/extraction_dag.py
[2026-09-16T18:54:26.756+0000] {logging_mixin.py:188} INFO - [2026-09-16T18:54:26.756+0000] {dag.py:3096} INFO - Sync 1 DAGs
[2026-09-16T18:54:26.775+0000] {logging_mixin.py:188} INFO - [2026-09-16T18:54:26.774+0000] {dag.py:3954} INFO - Setting next_dagrun for youtube_extraction to None, run_after=None
[2026-09-16T18:54:26.827+0000] {processor.py:183} INFO - Processing /opt/airflow/dags/extraction_dag.py took 0.246 seconds
[2026-09-16T18:54:57.189+0000] {processor.py:161} INFO - Started process (PID=1525) to work on /opt/airflow/dags/extraction_dag.py
[2026-09-16T18:54:57.191+0000] {processor.py:830} INFO - Processing file /opt/airflow/dags/extraction_dag.py for tasks to queue
[2026-09-16T18:54:57.195+0000] {logging_mixin.py:188} INFO - [2026-09-16T18:54:57.194+0000] {dagbag.py:545} INFO - Filling up the DagBag from /opt/airflow/dags/extraction_dag.py
[2026-09-16T18:54:57.304+0000] {processor.py:840} INFO - DAG(s) 'youtube_extraction' retrieved from /opt/airflow/dags/extraction_dag.py
[2026-09-16T18:54:57.335+0000] {logging_mixin.py:188} INFO - [2026-09-16T18:54:57.335+0000] {dag.py:3096} INFO - Sync 1 DAGs
[2026-09-16T18:54:57.350+0000] {logging_mixin.py:188} INFO - [2026-09-16T18:54:57.349+0000] {dag.py:3954} INFO - Setting next_dagrun for youtube_extraction to None, run_after=None
[2026-09-16T18:54:57.392+0000] {processor.py:183} INFO - Processing /opt/airflow/dags/extraction_dag.py took 0.209 seconds
[2026-09-16T18:55:27.606+0000] {processor.py:161} INFO - Started process (PID=1532) to work on /opt/airflow/dags/extraction_dag.py
[2026-09-16T18:55:27.609+0000] {processor.py:830} INFO - Processing file /opt/airflow/dags/extraction_dag.py for tasks to queue
[2026-09-16T18:55:27.611+0000] {logging_mixin.py:188} INFO - [2026-09-16T18:55:27.611+0000] {dagbag.py:545} INFO - Filling up the DagBag from /opt/airflow/dags/extraction_dag.py
[2026-09-16T18:55:27.682+0000] {processor.py:840} INFO - DAG(s) 'youtube_extraction' retrieved from /opt/airflow/dags/extraction_dag.py
[2026-09-16T18:55:27.714+0000] {logging_mixin.py:188} INFO - [2026-09-16T18:55:27.714+0000] {dag.py:3096} INFO - Sync 1 DAGs
[2026-09-16T18:55:27.727+0000] {logging_mixin.py:188} INFO - [2026-09-16T18:55:27.726+0000] {dag.py:3954} INFO - Setting next_dagrun for youtube_extraction to None, run_after=None
[2026-09-16T18:55:27.761+0000] {processor.py:183} INFO - Processing /opt/airflow/dags/extraction_dag.py took 0.160 seconds
[2026-09-16T18:55:57.850+0000] {processor.py:161} INFO - Started process (PID=1539) to work on /opt/airflow/dags/extraction_dag.py
[2026-09-16T18:55:57.853+0000] {processor.py:830} INFO - Processing file /opt/airflow/dags/extraction_dag.py for tasks to queue
[2026-09-16T18:55:57.856+0000] {logging_mixin.py:188} INFO - [2026-09-16T18:55:57.855+0000] {dagbag.py:545} INFO - Filling up the DagBag from /opt/airflow/dags/extraction_dag.py
[2026-09-16T18:55:57.968+0000] {processor.py:840} INFO - DAG(s) 'youtube_extraction' retrieved from /opt/airflow/dags/extraction_dag.py
[2026-09-16T18:55:58.010+0000] {logging_mixin.py:188} INFO - [2026-09-16T18:55:58.010+0000] {dag.py:3096} INFO - Sync 1 DAGs
[2026-09-16T18:55:58.028+0000] {logging_mixin.py:188} INFO - [2026-09-16T18:55:58.028+0000] {dag.py:3954} INFO - Setting next_dagrun for youtube_extraction to None, run_after=None
[2026-09-16T18:55:58.059+0000] {processor.py:183} INFO - Processing /opt/airflow/dags/extraction_dag.py took 0.222 seconds
[2026-09-16T18:56:28.346+0000] {processor.py:161} INFO - Started process (PID=1546) to work on /opt/airflow/dags/extraction_dag.py
[2026-09-16T18:56:28.349+0000] {processor.py:830} INFO - Processing file /opt/airflow/dags/extraction_dag.py for tasks to queue
[2026-09-16T18:56:28.352+0000] {logging_mixin.py:188} INFO - [2026-09-16T18:56:28.351+0000] {dagbag.py:545} INFO - Filling up the DagBag from /opt/airflow/dags/extraction_dag.py
[2026-09-16T18:56:28.478+0000] {processor.py:840} INFO - DAG(s) 'youtube_extraction' retrieved from /opt/airflow/dags/extraction_dag.py
[2026-09-16T18:56:28.529+0000] {logging_mixin.py:188} INFO - [2026-09-16T18:56:28.529+0000] {dag.py:3096} INFO - Sync 1 DAGs
[2026-09-16T18:56:28.549+0000] {logging_mixin.py:188} INFO - [2026-09-16T18:56:28.548+0000] {dag.py:3954} INFO - Setting next_dagrun for youtube_extraction to None, run_after=None
[2026-09-16T18:56:28.589+0000] {processor.py:183} INFO - Processing /opt/airflow/dags/extraction_dag.py took 0.256 seconds
[2026-09-16T18:56:58.707+0000] {processor.py:161} INFO - Started process (PID=1553) to work on /opt/airflow/dags/extraction_dag.py
[2026-09-16T18:56:58.710+0000] {processor.py:830} INFO - Processing file /opt/airflow/dags/extraction_dag.py for tasks to queue
[2026-09-16T18:56:58.715+0000] {logging_mixin.py:188} INFO - [2026-09-16T18:56:58.714+0000] {dagbag.py:545} INFO - Filling up the DagBag from /opt/airflow/dags/extraction_dag.py
[2026-09-16T18:56:58.831+0000] {processor.py:840} INFO - DAG(s) 'youtube_extraction' retrieved from /opt/airflow/dags/extraction_dag.py
[2026-09-16T18:56:58.885+0000] {logging_mixin.py:188} INFO - [2026-09-16T18:56:58.884+0000] {dag.py:3096} INFO - Sync 1 DAGs
[2026-09-16T18:56:58.907+0000] {logging_mixin.py:188} INFO - [2026-09-16T18:56:58.907+0000] {dag.py:3954} INFO - Setting next_dagrun for youtube_extraction to None, run_after=None
[2026-09-16T18:56:58.962+0000] {processor.py:183} INFO - Processing /opt/airflow/dags/extraction_dag.py took 0.265 seconds
[2026-09-16T18:57:29.207+0000] {processor.py:161} INFO - Started process (PID=1560) to work on /opt/airflow/dags/extraction_dag.py
[2026-09-16T18:57:29.209+0000] {processor.py:830} INFO - Processing file /opt/airflow/dags/extraction_dag.py for tasks to queue
[2026-09-16T18:57:29.212+0000] {logging_mixin.py:188} INFO - [2026-09-16T18:57:29.211+0000] {dagbag.py:545} INFO - Filling up the DagBag from /opt/airflow/dags/extraction_dag.py
[2026-09-16T18:57:29.319+0000] {processor.py:840} INFO - DAG(s) 'youtube_extraction' retrieved from /opt/airflow/dags/extraction_dag.py
[2026-09-16T18:57:29.370+0000] {logging_mixin.py:188} INFO - [2026-09-16T18:57:29.370+0000] {dag.py:3096} INFO - Sync 1 DAGs
[2026-09-16T18:57:29.413+0000] {logging_mixin.py:188} INFO - [2026-09-16T18:57:29.412+0000] {dag.py:3954} INFO - Setting next_dagrun for youtube_extraction to None, run_after=None
[2026-09-16T18:57:29.469+0000] {processor.py:183} INFO - Processing /opt/airflow/dags/extraction_dag.py took 0.272 seconds
[2026-09-16T18:57:59.608+0000] {processor.py:161} INFO - Started process (PID=1567) to work on /opt/airflow/dags/extraction_dag.py
[2026-09-16T18:57:59.610+0000] {processor.py:830} INFO - Processing file /opt/airflow/dags/extraction_dag.py for tasks to queue
[2026-09-16T18:57:59.614+0000] {logging_mixin.py:188} INFO - [2026-09-16T18:57:59.613+0000] {dagbag.py:545} INFO - Filling up the DagBag from /opt/airflow/dags/extraction_dag.py
[2026-09-16T18:57:59.733+0000] {processor.py:840} INFO - DAG(s) 'youtube_extraction' retrieved from /opt/airflow/dags/extraction_dag.py
[2026-09-16T18:57:59.782+0000] {logging_mixin.py:188} INFO - [2026-09-16T18:57:59.782+0000] {dag.py:3096} INFO - Sync 1 DAGs
[2026-09-16T18:57:59.804+0000] {logging_mixin.py:188} INFO - [2026-09-16T18:57:59.803+0000] {dag.py:3954} INFO - Setting next_dagrun for youtube_extraction to None, run_after=None
[2026-09-16T18:57:59.910+0000] {processor.py:183} INFO - Processing /opt/airflow/dags/extraction_dag.py took 0.312 seconds
[2026-09-16T18:58:30.082+0000] {processor.py:161} INFO - Started process (PID=1574) to work on /opt/airflow/dags/extraction_dag.py
[2026-09-16T18:58:30.084+0000] {processor.py:830} INFO - Processing file /opt/airflow/dags/extraction_dag.py for tasks to queue
[2026-09-16T18:58:30.087+0000] {logging_mixin.py:188} INFO - [2026-09-16T18:58:30.086+0000] {dagbag.py:545} INFO - Filling up the DagBag from /opt/airflow/dags/extraction_dag.py
[2026-09-16T18:58:30.191+0000] {processor.py:840} INFO - DAG(s) 'youtube_extraction' retrieved from /opt/airflow/dags/extraction_dag.py
[2026-09-16T18:58:30.263+0000] {logging_mixin.py:188} INFO - [2026-09-16T18:58:30.262+0000] {dag.py:3096} INFO - Sync 1 DAGs
[2026-09-16T18:58:30.280+0000] {logging_mixin.py:188} INFO - [2026-09-16T18:58:30.280+0000] {dag.py:3954} INFO - Setting next_dagrun for youtube_extraction to None, run_after=None
[2026-09-16T18:58:30.316+0000] {processor.py:183} INFO - Processing /opt/airflow/dags/extraction_dag.py took 0.246 seconds
[2026-09-16T18:59:00.412+0000] {processor.py:161} INFO - Started process (PID=1581) to work on /opt/airflow/dags/extraction_dag.py
[2026-09-16T18:59:00.414+0000] {processor.py:830} INFO - Processing file /opt/airflow/dags/extraction_dag.py for tasks to queue
[2026-09-16T18:59:00.415+0000] {logging_mixin.py:188} INFO - [2026-09-16T18:59:00.415+0000] {dagbag.py:545} INFO - Filling up the DagBag from /opt/airflow/dags/extraction_dag.py
[2026-09-16T18:59:00.511+0000] {processor.py:840} INFO - DAG(s) 'youtube_extraction' retrieved from /opt/airflow/dags/extraction_dag.py
[2026-09-16T18:59:00.542+0000] {logging_mixin.py:188} INFO - [2026-09-16T18:59:00.541+0000] {dag.py:3096} INFO - Sync 1 DAGs
[2026-09-16T18:59:00.555+0000] {logging_mixin.py:188} INFO - [2026-09-16T18:59:00.555+0000] {dag.py:3954} INFO - Setting next_dagrun for youtube_extraction to None, run_after=None
[2026-09-16T18:59:00.598+0000] {processor.py:183} INFO - Processing /opt/airflow/dags/extraction_dag.py took 0.191 seconds
[2026-09-16T18:59:30.814+0000] {processor.py:161} INFO - Started process (PID=1588) to work on /opt/airflow/dags/extraction_dag.py
[2026-09-16T18:59:30.816+0000] {processor.py:830} INFO - Processing file /opt/airflow/dags/extraction_dag.py for tasks to queue
[2026-09-16T18:59:30.819+0000] {logging_mixin.py:188} INFO - [2026-09-16T18:59:30.818+0000] {dagbag.py:545} INFO - Filling up the DagBag from /opt/airflow/dags/extraction_dag.py
[2026-09-16T18:59:30.894+0000] {processor.py:840} INFO - DAG(s) 'youtube_extraction' retrieved from /opt/airflow/dags/extraction_dag.py
[2026-09-16T18:59:30.940+0000] {logging_mixin.py:188} INFO - [2026-09-16T18:59:30.940+0000] {dag.py:3096} INFO - Sync 1 DAGs
[2026-09-16T18:59:30.954+0000] {logging_mixin.py:188} INFO - [2026-09-16T18:59:30.954+0000] {dag.py:3954} INFO - Setting next_dagrun for youtube_extraction to None, run_after=None
[2026-09-16T18:59:30.995+0000] {processor.py:183} INFO - Processing /opt/airflow/dags/extraction_dag.py took 0.188 seconds
[2026-09-16T19:00:01.263+0000] {processor.py:161} INFO - Started process (PID=1595) to work on /opt/airflow/dags/extraction_dag.py
[2026-09-16T19:00:01.266+0000] {processor.py:830} INFO - Processing file /opt/airflow/dags/extraction_dag.py for tasks to queue
[2026-09-16T19:00:01.268+0000] {logging_mixin.py:188} INFO - [2026-09-16T19:00:01.268+0000] {dagbag.py:545} INFO - Filling up the DagBag from /opt/airflow/dags/extraction_dag.py
[2026-09-16T19:00:01.388+0000] {processor.py:840} INFO - DAG(s) 'youtube_extraction' retrieved from /opt/airflow/dags/extraction_dag.py
[2026-09-16T19:00:01.435+0000] {logging_mixin.py:188} INFO - [2026-09-16T19:00:01.435+0000] {dag.py:3096} INFO - Sync 1 DAGs
[2026-09-16T19:00:01.456+0000] {logging_mixin.py:188} INFO - [2026-09-16T19:00:01.455+0000] {dag.py:3954} INFO - Setting next_dagrun for youtube_extraction to None, run_after=None
[2026-09-16T19:00:01.494+0000] {processor.py:183} INFO - Processing /opt/airflow/dags/extraction_dag.py took 0.242 seconds
[2026-09-16T19:00:31.796+0000] {processor.py:161} INFO - Started process (PID=1602) to work on /opt/airflow/dags/extraction_dag.py
[2026-09-16T19:00:31.799+0000] {processor.py:830} INFO - Processing file /opt/airflow/dags/extraction_dag.py for tasks to queue
[2026-09-16T19:00:31.802+0000] {logging_mixin.py:188} INFO - [2026-09-16T19:00:31.801+0000] {dagbag.py:545} INFO - Filling up the DagBag from /opt/airflow/dags/extraction_dag.py
[2026-09-16T19:00:31.911+0000] {processor.py:840} INFO - DAG(s) 'youtube_extraction' retrieved from /opt/airflow/dags/extraction_dag.py
[2026-09-16T19:00:31.953+0000] {logging_mixin.py:188} INFO - [2026-09-16T19:00:31.953+0000] {dag.py:3096} INFO - Sync 1 DAGs
[2026-09-16T19:00:31.971+0000] {logging_mixin.py:188} INFO - [2026-09-16T19:00:31.971+0000] {dag.py:3954} INFO - Setting next_dagrun for youtube_extraction to None, run_after=None
[2026-09-16T19:00:32.011+0000] {processor.py:183} INFO - Processing /opt/airflow/dags/extraction_dag.py took 0.225 seconds
[2026-09-16T19:01:02.350+0000] {processor.py:161} INFO - Started process (PID=1609) to work on /opt/airflow/dags/extraction_dag.py
[2026-09-16T19:01:02.353+0000] {processor.py:830} INFO - Processing file /opt/airflow/dags/extraction_dag.py for tasks to queue
[2026-09-16T19:01:02.356+0000] {logging_mixin.py:188} INFO - [2026-09-16T19:01:02.355+0000] {dagbag.py:545} INFO - Filling up the DagBag from /opt/airflow/dags/extraction_dag.py
[2026-09-16T19:01:02.462+0000] {processor.py:840} INFO - DAG(s) 'youtube_extraction' retrieved from /opt/airflow/dags/extraction_dag.py
[2026-09-16T19:01:02.511+0000] {logging_mixin.py:188} INFO - [2026-09-16T19:01:02.511+0000] {dag.py:3096} INFO - Sync 1 DAGs
[2026-09-16T19:01:02.531+0000] {logging_mixin.py:188} INFO - [2026-09-16T19:01:02.531+0000] {dag.py:3954} INFO - Setting next_dagrun for youtube_extraction to None, run_after=None
[2026-09-16T19:01:02.570+0000] {processor.py:183} INFO - Processing /opt/airflow/dags/extraction_dag.py took 0.230 seconds
[2026-09-16T19:01:32.884+0000] {processor.py:161} INFO - Started process (PID=1616) to work on /opt/airflow/dags/extraction_dag.py
[2026-09-16T19:01:32.887+0000] {processor.py:830} INFO - Processing file /opt/airflow/dags/extraction_dag.py for tasks to queue
[2026-09-16T19:01:32.890+0000] {logging_mixin.py:188} INFO - [2026-09-16T19:01:32.890+0000] {dagbag.py:545} INFO - Filling up the DagBag from /opt/airflow/dags/extraction_dag.py
[2026-09-16T19:01:33.003+0000] {processor.py:840} INFO - DAG(s) 'youtube_extraction' retrieved from /opt/airflow/dags/extraction_dag.py
[2026-09-16T19:01:33.050+0000] {logging_mixin.py:188} INFO - [2026-09-16T19:01:33.050+0000] {dag.py:3096} INFO - Sync 1 DAGs
[2026-09-16T19:01:33.070+0000] {logging_mixin.py:188} INFO - [2026-09-16T19:01:33.070+0000] {dag.py:3954} INFO - Setting next_dagrun for youtube_extraction to None, run_after=None
[2026-09-16T19:01:33.108+0000] {processor.py:183} INFO - Processing /opt/airflow/dags/extraction_dag.py took 0.234 seconds
[2026-09-16T19:02:14.348+0000] {processor.py:161} INFO - Started process (PID=1623) to work on /opt/airflow/dags/extraction_dag.py
[2026-09-16T19:02:14.360+0000] {processor.py:830} INFO - Processing file /opt/airflow/dags/extraction_dag.py for tasks to queue
[2026-09-16T19:02:14.369+0000] {logging_mixin.py:188} INFO - [2026-09-16T19:02:14.368+0000] {dagbag.py:545} INFO - Filling up the DagBag from /opt/airflow/dags/extraction_dag.py
[2026-09-16T19:02:15.266+0000] {processor.py:840} INFO - DAG(s) 'youtube_extraction' retrieved from /opt/airflow/dags/extraction_dag.py
[2026-09-16T19:02:15.433+0000] {logging_mixin.py:188} INFO - [2026-09-16T19:02:15.433+0000] {dag.py:3096} INFO - Sync 1 DAGs
[2026-09-16T19:02:15.527+0000] {logging_mixin.py:188} INFO - [2026-09-16T19:02:15.527+0000] {dag.py:3954} INFO - Setting next_dagrun for youtube_extraction to None, run_after=None
[2026-09-16T19:02:15.648+0000] {processor.py:183} INFO - Processing /opt/airflow/dags/extraction_dag.py took 1.321 seconds
[2026-09-16T19:02:45.979+0000] {processor.py:161} INFO - Started process (PID=1630) to work on /opt/airflow/dags/extraction_dag.py
[2026-09-16T19:02:45.986+0000] {processor.py:830} INFO - Processing file /opt/airflow/dags/extraction_dag.py for tasks to queue
[2026-09-16T19:02:45.989+0000] {logging_mixin.py:188} INFO - [2026-09-16T19:02:45.988+0000] {dagbag.py:545} INFO - Filling up the DagBag from /opt/airflow/dags/extraction_dag.py
[2026-09-16T19:02:46.091+0000] {processor.py:840} INFO - DAG(s) 'youtube_extraction' retrieved from /opt/airflow/dags/extraction_dag.py
[2026-09-16T19:02:46.124+0000] {logging_mixin.py:188} INFO - [2026-09-16T19:02:46.123+0000] {dag.py:3096} INFO - Sync 1 DAGs
[2026-09-16T19:02:46.138+0000] {logging_mixin.py:188} INFO - [2026-09-16T19:02:46.138+0000] {dag.py:3954} INFO - Setting next_dagrun for youtube_extraction to None, run_after=None
[2026-09-16T19:02:46.167+0000] {processor.py:183} INFO - Processing /opt/airflow/dags/extraction_dag.py took 0.197 seconds
[2026-09-16T19:03:16.414+0000] {processor.py:161} INFO - Started process (PID=1637) to work on /opt/airflow/dags/extraction_dag.py
[2026-09-16T19:03:16.417+0000] {processor.py:830} INFO - Processing file /opt/airflow/dags/extraction_dag.py for tasks to queue
[2026-09-16T19:03:16.420+0000] {logging_mixin.py:188} INFO - [2026-09-16T19:03:16.419+0000] {dagbag.py:545} INFO - Filling up the DagBag from /opt/airflow/dags/extraction_dag.py
[2026-09-16T19:03:16.532+0000] {processor.py:840} INFO - DAG(s) 'youtube_extraction' retrieved from /opt/airflow/dags/extraction_dag.py
[2026-09-16T19:03:16.614+0000] {logging_mixin.py:188} INFO - [2026-09-16T19:03:16.614+0000] {dag.py:3096} INFO - Sync 1 DAGs
[2026-09-16T19:03:16.641+0000] {logging_mixin.py:188} INFO - [2026-09-16T19:03:16.640+0000] {dag.py:3954} INFO - Setting next_dagrun for youtube_extraction to None, run_after=None
[2026-09-16T19:03:16.699+0000] {processor.py:183} INFO - Processing /opt/airflow/dags/extraction_dag.py took 0.297 seconds
[2026-09-16T19:03:47.031+0000] {processor.py:161} INFO - Started process (PID=1644) to work on /opt/airflow/dags/extraction_dag.py
[2026-09-16T19:03:47.034+0000] {processor.py:830} INFO - Processing file /opt/airflow/dags/extraction_dag.py for tasks to queue
[2026-09-16T19:03:47.037+0000] {logging_mixin.py:188} INFO - [2026-09-16T19:03:47.037+0000] {dagbag.py:545} INFO - Filling up the DagBag from /opt/airflow/dags/extraction_dag.py
[2026-09-16T19:03:47.129+0000] {processor.py:840} INFO - DAG(s) 'youtube_extraction' retrieved from /opt/airflow/dags/extraction_dag.py
[2026-09-16T19:03:47.172+0000] {logging_mixin.py:188} INFO - [2026-09-16T19:03:47.171+0000] {dag.py:3096} INFO - Sync 1 DAGs
[2026-09-16T19:03:47.186+0000] {logging_mixin.py:188} INFO - [2026-09-16T19:03:47.185+0000] {dag.py:3954} INFO - Setting next_dagrun for youtube_extraction to None, run_after=None
[2026-09-16T19:03:47.234+0000] {processor.py:183} INFO - Processing /opt/airflow/dags/extraction_dag.py took 0.210 seconds
[2026-09-16T19:04:17.538+0000] {processor.py:161} INFO - Started process (PID=1651) to work on /opt/airflow/dags/extraction_dag.py
[2026-09-16T19:04:17.541+0000] {processor.py:830} INFO - Processing file /opt/airflow/dags/extraction_dag.py for tasks to queue
[2026-09-16T19:04:17.543+0000] {logging_mixin.py:188} INFO - [2026-09-16T19:04:17.543+0000] {dagbag.py:545} INFO - Filling up the DagBag from /opt/airflow/dags/extraction_dag.py
[2026-09-16T19:04:17.632+0000] {processor.py:840} INFO - DAG(s) 'youtube_extraction' retrieved from /opt/airflow/dags/extraction_dag.py
[2026-09-16T19:04:17.665+0000] {logging_mixin.py:188} INFO - [2026-09-16T19:04:17.665+0000] {dag.py:3096} INFO - Sync 1 DAGs
[2026-09-16T19:04:17.683+0000] {logging_mixin.py:188} INFO - [2026-09-16T19:04:17.682+0000] {dag.py:3954} INFO - Setting next_dagrun for youtube_extraction to None, run_after=None
[2026-09-16T19:04:17.721+0000] {processor.py:183} INFO - Processing /opt/airflow/dags/extraction_dag.py took 0.191 seconds
[2026-09-16T19:04:47.832+0000] {processor.py:161} INFO - Started process (PID=1658) to work on /opt/airflow/dags/extraction_dag.py
[2026-09-16T19:04:47.834+0000] {processor.py:830} INFO - Processing file /opt/airflow/dags/extraction_dag.py for tasks to queue
[2026-09-16T19:04:47.837+0000] {logging_mixin.py:188} INFO - [2026-09-16T19:04:47.836+0000] {dagbag.py:545} INFO - Filling up the DagBag from /opt/airflow/dags/extraction_dag.py
[2026-09-16T19:04:47.943+0000] {processor.py:840} INFO - DAG(s) 'youtube_extraction' retrieved from /opt/airflow/dags/extraction_dag.py
[2026-09-16T19:04:47.979+0000] {logging_mixin.py:188} INFO - [2026-09-16T19:04:47.979+0000] {dag.py:3096} INFO - Sync 1 DAGs
[2026-09-16T19:04:47.995+0000] {logging_mixin.py:188} INFO - [2026-09-16T19:04:47.995+0000] {dag.py:3954} INFO - Setting next_dagrun for youtube_extraction to None, run_after=None
[2026-09-16T19:04:48.046+0000] {processor.py:183} INFO - Processing /opt/airflow/dags/extraction_dag.py took 0.226 seconds
[2026-09-16T19:05:18.143+0000] {processor.py:161} INFO - Started process (PID=1671) to work on /opt/airflow/dags/extraction_dag.py
[2026-09-16T19:05:18.146+0000] {processor.py:830} INFO - Processing file /opt/airflow/dags/extraction_dag.py for tasks to queue
[2026-09-16T19:05:18.148+0000] {logging_mixin.py:188} INFO - [2026-09-16T19:05:18.147+0000] {dagbag.py:545} INFO - Filling up the DagBag from /opt/airflow/dags/extraction_dag.py
[2026-09-16T19:05:18.255+0000] {processor.py:840} INFO - DAG(s) 'youtube_extraction' retrieved from /opt/airflow/dags/extraction_dag.py
[2026-09-16T19:05:18.291+0000] {logging_mixin.py:188} INFO - [2026-09-16T19:05:18.291+0000] {dag.py:3096} INFO - Sync 1 DAGs
[2026-09-16T19:05:18.306+0000] {logging_mixin.py:188} INFO - [2026-09-16T19:05:18.306+0000] {dag.py:3954} INFO - Setting next_dagrun for youtube_extraction to None, run_after=None
[2026-09-16T19:05:18.359+0000] {processor.py:183} INFO - Processing /opt/airflow/dags/extraction_dag.py took 0.225 seconds
[2026-09-16T19:05:48.668+0000] {processor.py:161} INFO - Started process (PID=1678) to work on /opt/airflow/dags/extraction_dag.py
[2026-09-16T19:05:48.670+0000] {processor.py:830} INFO - Processing file /opt/airflow/dags/extraction_dag.py for tasks to queue
[2026-09-16T19:05:48.674+0000] {logging_mixin.py:188} INFO - [2026-09-16T19:05:48.673+0000] {dagbag.py:545} INFO - Filling up the DagBag from /opt/airflow/dags/extraction_dag.py
[2026-09-16T19:05:48.808+0000] {processor.py:840} INFO - DAG(s) 'youtube_extraction' retrieved from /opt/airflow/dags/extraction_dag.py
[2026-09-16T19:05:48.858+0000] {logging_mixin.py:188} INFO - [2026-09-16T19:05:48.858+0000] {dag.py:3096} INFO - Sync 1 DAGs
[2026-09-16T19:05:48.884+0000] {logging_mixin.py:188} INFO - [2026-09-16T19:05:48.884+0000] {dag.py:3954} INFO - Setting next_dagrun for youtube_extraction to None, run_after=None
[2026-09-16T19:05:48.941+0000] {processor.py:183} INFO - Processing /opt/airflow/dags/extraction_dag.py took 0.282 seconds
[2026-09-16T19:06:19.259+0000] {processor.py:161} INFO - Started process (PID=1685) to work on /opt/airflow/dags/extraction_dag.py
[2026-09-16T19:06:19.261+0000] {processor.py:830} INFO - Processing file /opt/airflow/dags/extraction_dag.py for tasks to queue
[2026-09-16T19:06:19.263+0000] {logging_mixin.py:188} INFO - [2026-09-16T19:06:19.262+0000] {dagbag.py:545} INFO - Filling up the DagBag from /opt/airflow/dags/extraction_dag.py
[2026-09-16T19:06:19.371+0000] {processor.py:840} INFO - DAG(s) 'youtube_extraction' retrieved from /opt/airflow/dags/extraction_dag.py
[2026-09-16T19:06:19.401+0000] {logging_mixin.py:188} INFO - [2026-09-16T19:06:19.401+0000] {dag.py:3096} INFO - Sync 1 DAGs
[2026-09-16T19:06:19.417+0000] {logging_mixin.py:188} INFO - [2026-09-16T19:06:19.417+0000] {dag.py:3954} INFO - Setting next_dagrun for youtube_extraction to None, run_after=None
[2026-09-16T19:06:19.453+0000] {processor.py:183} INFO - Processing /opt/airflow/dags/extraction_dag.py took 0.201 seconds
[2026-09-16T19:06:49.609+0000] {processor.py:161} INFO - Started process (PID=1692) to work on /opt/airflow/dags/extraction_dag.py
[2026-09-16T19:06:49.613+0000] {processor.py:830} INFO - Processing file /opt/airflow/dags/extraction_dag.py for tasks to queue
[2026-09-16T19:06:49.616+0000] {logging_mixin.py:188} INFO - [2026-09-16T19:06:49.616+0000] {dagbag.py:545} INFO - Filling up the DagBag from /opt/airflow/dags/extraction_dag.py
[2026-09-16T19:06:49.810+0000] {processor.py:840} INFO - DAG(s) 'youtube_extraction' retrieved from /opt/airflow/dags/extraction_dag.py
[2026-09-16T19:06:49.879+0000] {logging_mixin.py:188} INFO - [2026-09-16T19:06:49.878+0000] {dag.py:3096} INFO - Sync 1 DAGs
[2026-09-16T19:06:49.903+0000] {logging_mixin.py:188} INFO - [2026-09-16T19:06:49.903+0000] {dag.py:3954} INFO - Setting next_dagrun for youtube_extraction to None, run_after=None
[2026-09-16T19:06:49.946+0000] {processor.py:183} INFO - Processing /opt/airflow/dags/extraction_dag.py took 0.355 seconds
[2026-09-16T19:07:20.094+0000] {processor.py:161} INFO - Started process (PID=1699) to work on /opt/airflow/dags/extraction_dag.py
[2026-09-16T19:07:20.097+0000] {processor.py:830} INFO - Processing file /opt/airflow/dags/extraction_dag.py for tasks to queue
[2026-09-16T19:07:20.100+0000] {logging_mixin.py:188} INFO - [2026-09-16T19:07:20.099+0000] {dagbag.py:545} INFO - Filling up the DagBag from /opt/airflow/dags/extraction_dag.py
[2026-09-16T19:07:20.231+0000] {processor.py:840} INFO - DAG(s) 'youtube_extraction' retrieved from /opt/airflow/dags/extraction_dag.py
[2026-09-16T19:07:20.282+0000] {logging_mixin.py:188} INFO - [2026-09-16T19:07:20.281+0000] {dag.py:3096} INFO - Sync 1 DAGs
[2026-09-16T19:07:20.305+0000] {logging_mixin.py:188} INFO - [2026-09-16T19:07:20.305+0000] {dag.py:3954} INFO - Setting next_dagrun for youtube_extraction to None, run_after=None
[2026-09-16T19:07:20.361+0000] {processor.py:183} INFO - Processing /opt/airflow/dags/extraction_dag.py took 0.280 seconds
[2026-09-16T19:07:50.565+0000] {processor.py:161} INFO - Started process (PID=1706) to work on /opt/airflow/dags/extraction_dag.py
[2026-09-16T19:07:50.567+0000] {processor.py:830} INFO - Processing file /opt/airflow/dags/extraction_dag.py for tasks to queue
[2026-09-16T19:07:50.570+0000] {logging_mixin.py:188} INFO - [2026-09-16T19:07:50.570+0000] {dagbag.py:545} INFO - Filling up the DagBag from /opt/airflow/dags/extraction_dag.py
[2026-09-16T19:07:50.647+0000] {processor.py:840} INFO - DAG(s) 'youtube_extraction' retrieved from /opt/airflow/dags/extraction_dag.py
[2026-09-16T19:07:50.679+0000] {logging_mixin.py:188} INFO - [2026-09-16T19:07:50.678+0000] {dag.py:3096} INFO - Sync 1 DAGs
[2026-09-16T19:07:50.692+0000] {logging_mixin.py:188} INFO - [2026-09-16T19:07:50.691+0000] {dag.py:3954} INFO - Setting next_dagrun for youtube_extraction to None, run_after=None
[2026-09-16T19:07:50.721+0000] {processor.py:183} INFO - Processing /opt/airflow/dags/extraction_dag.py took 0.165 seconds
[2026-09-16T19:08:20.853+0000] {processor.py:161} INFO - Started process (PID=1713) to work on /opt/airflow/dags/extraction_dag.py
[2026-09-16T19:08:20.855+0000] {processor.py:830} INFO - Processing file /opt/airflow/dags/extraction_dag.py for tasks to queue
[2026-09-16T19:08:20.857+0000] {logging_mixin.py:188} INFO - [2026-09-16T19:08:20.856+0000] {dagbag.py:545} INFO - Filling up the DagBag from /opt/airflow/dags/extraction_dag.py
[2026-09-16T19:08:20.912+0000] {processor.py:840} INFO - DAG(s) 'youtube_extraction' retrieved from /opt/airflow/dags/extraction_dag.py
[2026-09-16T19:08:20.940+0000] {logging_mixin.py:188} INFO - [2026-09-16T19:08:20.940+0000] {dag.py:3096} INFO - Sync 1 DAGs
[2026-09-16T19:08:20.952+0000] {logging_mixin.py:188} INFO - [2026-09-16T19:08:20.952+0000] {dag.py:3954} INFO - Setting next_dagrun for youtube_extraction to None, run_after=None
[2026-09-16T19:08:20.976+0000] {processor.py:183} INFO - Processing /opt/airflow/dags/extraction_dag.py took 0.129 seconds
[2026-09-16T19:08:51.222+0000] {processor.py:161} INFO - Started process (PID=1720) to work on /opt/airflow/dags/extraction_dag.py
[2026-09-16T19:08:51.224+0000] {processor.py:830} INFO - Processing file /opt/airflow/dags/extraction_dag.py for tasks to queue
[2026-09-16T19:08:51.226+0000] {logging_mixin.py:188} INFO - [2026-09-16T19:08:51.226+0000] {dagbag.py:545} INFO - Filling up the DagBag from /opt/airflow/dags/extraction_dag.py
[2026-09-16T19:08:51.309+0000] {processor.py:840} INFO - DAG(s) 'youtube_extraction' retrieved from /opt/airflow/dags/extraction_dag.py
[2026-09-16T19:08:51.344+0000] {logging_mixin.py:188} INFO - [2026-09-16T19:08:51.343+0000] {dag.py:3096} INFO - Sync 1 DAGs
[2026-09-16T19:08:51.360+0000] {logging_mixin.py:188} INFO - [2026-09-16T19:08:51.360+0000] {dag.py:3954} INFO - Setting next_dagrun for youtube_extraction to None, run_after=None
[2026-09-16T19:08:51.384+0000] {processor.py:183} INFO - Processing /opt/airflow/dags/extraction_dag.py took 0.172 seconds
[2026-09-16T19:09:21.490+0000] {processor.py:161} INFO - Started process (PID=1727) to work on /opt/airflow/dags/extraction_dag.py
[2026-09-16T19:09:21.492+0000] {processor.py:830} INFO - Processing file /opt/airflow/dags/extraction_dag.py for tasks to queue
[2026-09-16T19:09:21.493+0000] {logging_mixin.py:188} INFO - [2026-09-16T19:09:21.493+0000] {dagbag.py:545} INFO - Filling up the DagBag from /opt/airflow/dags/extraction_dag.py
[2026-09-16T19:09:21.572+0000] {processor.py:840} INFO - DAG(s) 'youtube_extraction' retrieved from /opt/airflow/dags/extraction_dag.py
[2026-09-16T19:09:21.608+0000] {logging_mixin.py:188} INFO - [2026-09-16T19:09:21.608+0000] {dag.py:3096} INFO - Sync 1 DAGs
[2026-09-16T19:09:21.624+0000] {logging_mixin.py:188} INFO - [2026-09-16T19:09:21.623+0000] {dag.py:3954} INFO - Setting next_dagrun for youtube_extraction to None, run_after=None
[2026-09-16T19:09:21.650+0000] {processor.py:183} INFO - Processing /opt/airflow/dags/extraction_dag.py took 0.166 seconds
[2026-09-16T19:09:52.003+0000] {processor.py:161} INFO - Started process (PID=1734) to work on /opt/airflow/dags/extraction_dag.py
[2026-09-16T19:09:52.005+0000] {processor.py:830} INFO - Processing file /opt/airflow/dags/extraction_dag.py for tasks to queue
[2026-09-16T19:09:52.008+0000] {logging_mixin.py:188} INFO - [2026-09-16T19:09:52.007+0000] {dagbag.py:545} INFO - Filling up the DagBag from /opt/airflow/dags/extraction_dag.py
[2026-09-16T19:09:52.125+0000] {processor.py:840} INFO - DAG(s) 'youtube_extraction' retrieved from /opt/airflow/dags/extraction_dag.py
[2026-09-16T19:09:52.171+0000] {logging_mixin.py:188} INFO - [2026-09-16T19:09:52.171+0000] {dag.py:3096} INFO - Sync 1 DAGs
[2026-09-16T19:09:52.193+0000] {logging_mixin.py:188} INFO - [2026-09-16T19:09:52.193+0000] {dag.py:3954} INFO - Setting next_dagrun for youtube_extraction to None, run_after=None
[2026-09-16T19:09:52.240+0000] {processor.py:183} INFO - Processing /opt/airflow/dags/extraction_dag.py took 0.245 seconds
[2026-09-16T19:10:22.533+0000] {processor.py:161} INFO - Started process (PID=1741) to work on /opt/airflow/dags/extraction_dag.py
[2026-09-16T19:10:22.535+0000] {processor.py:830} INFO - Processing file /opt/airflow/dags/extraction_dag.py for tasks to queue
[2026-09-16T19:10:22.537+0000] {logging_mixin.py:188} INFO - [2026-09-16T19:10:22.537+0000] {dagbag.py:545} INFO - Filling up the DagBag from /opt/airflow/dags/extraction_dag.py
[2026-09-16T19:10:22.637+0000] {processor.py:840} INFO - DAG(s) 'youtube_extraction' retrieved from /opt/airflow/dags/extraction_dag.py
[2026-09-16T19:10:22.698+0000] {logging_mixin.py:188} INFO - [2026-09-16T19:10:22.698+0000] {dag.py:3096} INFO - Sync 1 DAGs
[2026-09-16T19:10:22.716+0000] {logging_mixin.py:188} INFO - [2026-09-16T19:10:22.716+0000] {dag.py:3954} INFO - Setting next_dagrun for youtube_extraction to None, run_after=None
[2026-09-16T19:10:22.771+0000] {processor.py:183} INFO - Processing /opt/airflow/dags/extraction_dag.py took 0.245 seconds
[2026-09-16T19:10:53.046+0000] {processor.py:161} INFO - Started process (PID=1748) to work on /opt/airflow/dags/extraction_dag.py
[2026-09-16T19:10:53.048+0000] {processor.py:830} INFO - Processing file /opt/airflow/dags/extraction_dag.py for tasks to queue
[2026-09-16T19:10:53.050+0000] {logging_mixin.py:188} INFO - [2026-09-16T19:10:53.050+0000] {dagbag.py:545} INFO - Filling up the DagBag from /opt/airflow/dags/extraction_dag.py
[2026-09-16T19:10:53.170+0000] {processor.py:840} INFO - DAG(s) 'youtube_extraction' retrieved from /opt/airflow/dags/extraction_dag.py
[2026-09-16T19:10:53.212+0000] {logging_mixin.py:188} INFO - [2026-09-16T19:10:53.211+0000] {dag.py:3096} INFO - Sync 1 DAGs
[2026-09-16T19:10:53.228+0000] {logging_mixin.py:188} INFO - [2026-09-16T19:10:53.228+0000] {dag.py:3954} INFO - Setting next_dagrun for youtube_extraction to None, run_after=None
[2026-09-16T19:10:53.253+0000] {processor.py:183} INFO - Processing /opt/airflow/dags/extraction_dag.py took 0.214 seconds
[2026-09-16T19:11:23.501+0000] {processor.py:161} INFO - Started process (PID=1755) to work on /opt/airflow/dags/extraction_dag.py
[2026-09-16T19:11:23.503+0000] {processor.py:830} INFO - Processing file /opt/airflow/dags/extraction_dag.py for tasks to queue
[2026-09-16T19:11:23.504+0000] {logging_mixin.py:188} INFO - [2026-09-16T19:11:23.504+0000] {dagbag.py:545} INFO - Filling up the DagBag from /opt/airflow/dags/extraction_dag.py
[2026-09-16T19:11:23.582+0000] {processor.py:840} INFO - DAG(s) 'youtube_extraction' retrieved from /opt/airflow/dags/extraction_dag.py
[2026-09-16T19:11:23.621+0000] {logging_mixin.py:188} INFO - [2026-09-16T19:11:23.621+0000] {dag.py:3096} INFO - Sync 1 DAGs
[2026-09-16T19:11:23.635+0000] {logging_mixin.py:188} INFO - [2026-09-16T19:11:23.635+0000] {dag.py:3954} INFO - Setting next_dagrun for youtube_extraction to None, run_after=None
[2026-09-16T19:11:23.661+0000] {processor.py:183} INFO - Processing /opt/airflow/dags/extraction_dag.py took 0.168 seconds
[2026-09-16T19:11:53.754+0000] {processor.py:161} INFO - Started process (PID=1762) to work on /opt/airflow/dags/extraction_dag.py
[2026-09-16T19:11:53.757+0000] {processor.py:830} INFO - Processing file /opt/airflow/dags/extraction_dag.py for tasks to queue
[2026-09-16T19:11:53.759+0000] {logging_mixin.py:188} INFO - [2026-09-16T19:11:53.758+0000] {dagbag.py:545} INFO - Filling up the DagBag from /opt/airflow/dags/extraction_dag.py
[2026-09-16T19:11:53.823+0000] {processor.py:840} INFO - DAG(s) 'youtube_extraction' retrieved from /opt/airflow/dags/extraction_dag.py
[2026-09-16T19:11:53.853+0000] {logging_mixin.py:188} INFO - [2026-09-16T19:11:53.853+0000] {dag.py:3096} INFO - Sync 1 DAGs
[2026-09-16T19:11:53.866+0000] {logging_mixin.py:188} INFO - [2026-09-16T19:11:53.865+0000] {dag.py:3954} INFO - Setting next_dagrun for youtube_extraction to None, run_after=None
[2026-09-16T19:11:53.894+0000] {processor.py:183} INFO - Processing /opt/airflow/dags/extraction_dag.py took 0.146 seconds
[2026-09-16T19:12:24.178+0000] {processor.py:161} INFO - Started process (PID=1769) to work on /opt/airflow/dags/extraction_dag.py
[2026-09-16T19:12:24.180+0000] {processor.py:830} INFO - Processing file /opt/airflow/dags/extraction_dag.py for tasks to queue
[2026-09-16T19:12:24.181+0000] {logging_mixin.py:188} INFO - [2026-09-16T19:12:24.181+0000] {dagbag.py:545} INFO - Filling up the DagBag from /opt/airflow/dags/extraction_dag.py
[2026-09-16T19:12:24.258+0000] {processor.py:840} INFO - DAG(s) 'youtube_extraction' retrieved from /opt/airflow/dags/extraction_dag.py
[2026-09-16T19:12:24.287+0000] {logging_mixin.py:188} INFO - [2026-09-16T19:12:24.287+0000] {dag.py:3096} INFO - Sync 1 DAGs
[2026-09-16T19:12:24.301+0000] {logging_mixin.py:188} INFO - [2026-09-16T19:12:24.301+0000] {dag.py:3954} INFO - Setting next_dagrun for youtube_extraction to None, run_after=None
[2026-09-16T19:12:24.327+0000] {processor.py:183} INFO - Processing /opt/airflow/dags/extraction_dag.py took 0.155 seconds
[2026-09-16T19:12:54.524+0000] {processor.py:161} INFO - Started process (PID=1776) to work on /opt/airflow/dags/extraction_dag.py
[2026-09-16T19:12:54.527+0000] {processor.py:830} INFO - Processing file /opt/airflow/dags/extraction_dag.py for tasks to queue
[2026-09-16T19:12:54.530+0000] {logging_mixin.py:188} INFO - [2026-09-16T19:12:54.530+0000] {dagbag.py:545} INFO - Filling up the DagBag from /opt/airflow/dags/extraction_dag.py
[2026-09-16T19:12:54.673+0000] {processor.py:840} INFO - DAG(s) 'youtube_extraction' retrieved from /opt/airflow/dags/extraction_dag.py
[2026-09-16T19:12:54.725+0000] {logging_mixin.py:188} INFO - [2026-09-16T19:12:54.725+0000] {dag.py:3096} INFO - Sync 1 DAGs
[2026-09-16T19:12:54.745+0000] {logging_mixin.py:188} INFO - [2026-09-16T19:12:54.745+0000] {dag.py:3954} INFO - Setting next_dagrun for youtube_extraction to None, run_after=None
[2026-09-16T19:12:54.789+0000] {processor.py:183} INFO - Processing /opt/airflow/dags/extraction_dag.py took 0.277 seconds
[2026-09-16T19:13:25.130+0000] {processor.py:161} INFO - Started process (PID=1783) to work on /opt/airflow/dags/extraction_dag.py
[2026-09-16T19:13:25.138+0000] {processor.py:830} INFO - Processing file /opt/airflow/dags/extraction_dag.py for tasks to queue
[2026-09-16T19:13:25.148+0000] {logging_mixin.py:188} INFO - [2026-09-16T19:13:25.146+0000] {dagbag.py:545} INFO - Filling up the DagBag from /opt/airflow/dags/extraction_dag.py
[2026-09-16T19:13:25.410+0000] {processor.py:840} INFO - DAG(s) 'youtube_extraction' retrieved from /opt/airflow/dags/extraction_dag.py
[2026-09-16T19:13:25.630+0000] {logging_mixin.py:188} INFO - [2026-09-16T19:13:25.626+0000] {dag.py:3096} INFO - Sync 1 DAGs
[2026-09-16T19:13:25.781+0000] {logging_mixin.py:188} INFO - [2026-09-16T19:13:25.778+0000] {dag.py:3954} INFO - Setting next_dagrun for youtube_extraction to None, run_after=None
[2026-09-16T19:13:25.962+0000] {processor.py:183} INFO - Processing /opt/airflow/dags/extraction_dag.py took 0.861 seconds
[2026-09-16T19:13:56.563+0000] {processor.py:161} INFO - Started process (PID=1790) to work on /opt/airflow/dags/extraction_dag.py
[2026-09-16T19:13:56.570+0000] {processor.py:830} INFO - Processing file /opt/airflow/dags/extraction_dag.py for tasks to queue
[2026-09-16T19:13:56.575+0000] {logging_mixin.py:188} INFO - [2026-09-16T19:13:56.574+0000] {dagbag.py:545} INFO - Filling up the DagBag from /opt/airflow/dags/extraction_dag.py
[2026-09-16T19:13:56.795+0000] {processor.py:840} INFO - DAG(s) 'youtube_extraction' retrieved from /opt/airflow/dags/extraction_dag.py
[2026-09-16T19:13:56.890+0000] {logging_mixin.py:188} INFO - [2026-09-16T19:13:56.889+0000] {dag.py:3096} INFO - Sync 1 DAGs
[2026-09-16T19:13:56.924+0000] {logging_mixin.py:188} INFO - [2026-09-16T19:13:56.923+0000] {dag.py:3954} INFO - Setting next_dagrun for youtube_extraction to None, run_after=None
[2026-09-16T19:13:57.040+0000] {processor.py:183} INFO - Processing /opt/airflow/dags/extraction_dag.py took 0.485 seconds
[2026-09-16T19:14:27.596+0000] {processor.py:161} INFO - Started process (PID=1797) to work on /opt/airflow/dags/extraction_dag.py
[2026-09-16T19:14:27.599+0000] {processor.py:830} INFO - Processing file /opt/airflow/dags/extraction_dag.py for tasks to queue
[2026-09-16T19:14:27.606+0000] {logging_mixin.py:188} INFO - [2026-09-16T19:14:27.604+0000] {dagbag.py:545} INFO - Filling up the DagBag from /opt/airflow/dags/extraction_dag.py
[2026-09-16T19:14:27.833+0000] {processor.py:840} INFO - DAG(s) 'youtube_extraction' retrieved from /opt/airflow/dags/extraction_dag.py
[2026-09-16T19:14:27.922+0000] {logging_mixin.py:188} INFO - [2026-09-16T19:14:27.921+0000] {dag.py:3096} INFO - Sync 1 DAGs
[2026-09-16T19:14:27.949+0000] {logging_mixin.py:188} INFO - [2026-09-16T19:14:27.949+0000] {dag.py:3954} INFO - Setting next_dagrun for youtube_extraction to None, run_after=None
[2026-09-16T19:14:28.021+0000] {processor.py:183} INFO - Processing /opt/airflow/dags/extraction_dag.py took 0.446 seconds
[2026-09-16T19:14:58.750+0000] {processor.py:161} INFO - Started process (PID=1804) to work on /opt/airflow/dags/extraction_dag.py
[2026-09-16T19:14:58.756+0000] {processor.py:830} INFO - Processing file /opt/airflow/dags/extraction_dag.py for tasks to queue
[2026-09-16T19:14:58.766+0000] {logging_mixin.py:188} INFO - [2026-09-16T19:14:58.765+0000] {dagbag.py:545} INFO - Filling up the DagBag from /opt/airflow/dags/extraction_dag.py
[2026-09-16T19:14:59.078+0000] {processor.py:840} INFO - DAG(s) 'youtube_extraction' retrieved from /opt/airflow/dags/extraction_dag.py
[2026-09-16T19:14:59.195+0000] {logging_mixin.py:188} INFO - [2026-09-16T19:14:59.194+0000] {dag.py:3096} INFO - Sync 1 DAGs
[2026-09-16T19:14:59.243+0000] {logging_mixin.py:188} INFO - [2026-09-16T19:14:59.241+0000] {dag.py:3954} INFO - Setting next_dagrun for youtube_extraction to None, run_after=None
[2026-09-16T19:14:59.362+0000] {processor.py:183} INFO - Processing /opt/airflow/dags/extraction_dag.py took 0.636 seconds
[2026-09-16T19:15:30.099+0000] {processor.py:161} INFO - Started process (PID=1812) to work on /opt/airflow/dags/extraction_dag.py
[2026-09-16T19:15:30.108+0000] {processor.py:830} INFO - Processing file /opt/airflow/dags/extraction_dag.py for tasks to queue
[2026-09-16T19:15:30.114+0000] {logging_mixin.py:188} INFO - [2026-09-16T19:15:30.113+0000] {dagbag.py:545} INFO - Filling up the DagBag from /opt/airflow/dags/extraction_dag.py
[2026-09-16T19:15:30.352+0000] {processor.py:840} INFO - DAG(s) 'youtube_extraction' retrieved from /opt/airflow/dags/extraction_dag.py
[2026-09-16T19:15:30.578+0000] {logging_mixin.py:188} INFO - [2026-09-16T19:15:30.576+0000] {dag.py:3096} INFO - Sync 1 DAGs
[2026-09-16T19:15:30.661+0000] {logging_mixin.py:188} INFO - [2026-09-16T19:15:30.659+0000] {dag.py:3954} INFO - Setting next_dagrun for youtube_extraction to None, run_after=None
[2026-09-16T19:15:30.740+0000] {processor.py:183} INFO - Processing /opt/airflow/dags/extraction_dag.py took 0.674 seconds
[2026-09-16T19:16:01.064+0000] {processor.py:161} INFO - Started process (PID=1819) to work on /opt/airflow/dags/extraction_dag.py
[2026-09-16T19:16:01.066+0000] {processor.py:830} INFO - Processing file /opt/airflow/dags/extraction_dag.py for tasks to queue
[2026-09-16T19:16:01.068+0000] {logging_mixin.py:188} INFO - [2026-09-16T19:16:01.067+0000] {dagbag.py:545} INFO - Filling up the DagBag from /opt/airflow/dags/extraction_dag.py
[2026-09-16T19:16:01.147+0000] {processor.py:840} INFO - DAG(s) 'youtube_extraction' retrieved from /opt/airflow/dags/extraction_dag.py
[2026-09-16T19:16:01.186+0000] {logging_mixin.py:188} INFO - [2026-09-16T19:16:01.186+0000] {dag.py:3096} INFO - Sync 1 DAGs
[2026-09-16T19:16:01.200+0000] {logging_mixin.py:188} INFO - [2026-09-16T19:16:01.200+0000] {dag.py:3954} INFO - Setting next_dagrun for youtube_extraction to None, run_after=None
[2026-09-16T19:16:01.231+0000] {processor.py:183} INFO - Processing /opt/airflow/dags/extraction_dag.py took 0.173 seconds
[2026-09-16T19:16:31.358+0000] {processor.py:161} INFO - Started process (PID=1827) to work on /opt/airflow/dags/extraction_dag.py
[2026-09-16T19:16:31.361+0000] {processor.py:830} INFO - Processing file /opt/airflow/dags/extraction_dag.py for tasks to queue
[2026-09-16T19:16:31.366+0000] {logging_mixin.py:188} INFO - [2026-09-16T19:16:31.366+0000] {dagbag.py:545} INFO - Filling up the DagBag from /opt/airflow/dags/extraction_dag.py
[2026-09-16T19:16:31.449+0000] {processor.py:840} INFO - DAG(s) 'youtube_extraction' retrieved from /opt/airflow/dags/extraction_dag.py
[2026-09-16T19:16:31.490+0000] {logging_mixin.py:188} INFO - [2026-09-16T19:16:31.489+0000] {dag.py:3096} INFO - Sync 1 DAGs
[2026-09-16T19:16:31.509+0000] {logging_mixin.py:188} INFO - [2026-09-16T19:16:31.509+0000] {dag.py:3954} INFO - Setting next_dagrun for youtube_extraction to None, run_after=None
[2026-09-16T19:16:31.533+0000] {processor.py:183} INFO - Processing /opt/airflow/dags/extraction_dag.py took 0.183 seconds
[2026-09-16T19:17:01.848+0000] {processor.py:161} INFO - Started process (PID=1834) to work on /opt/airflow/dags/extraction_dag.py
[2026-09-16T19:17:01.850+0000] {processor.py:830} INFO - Processing file /opt/airflow/dags/extraction_dag.py for tasks to queue
[2026-09-16T19:17:01.852+0000] {logging_mixin.py:188} INFO - [2026-09-16T19:17:01.851+0000] {dagbag.py:545} INFO - Filling up the DagBag from /opt/airflow/dags/extraction_dag.py
[2026-09-16T19:17:01.949+0000] {processor.py:840} INFO - DAG(s) 'youtube_extraction' retrieved from /opt/airflow/dags/extraction_dag.py
[2026-09-16T19:17:01.983+0000] {logging_mixin.py:188} INFO - [2026-09-16T19:17:01.983+0000] {dag.py:3096} INFO - Sync 1 DAGs
[2026-09-16T19:17:01.998+0000] {logging_mixin.py:188} INFO - [2026-09-16T19:17:01.998+0000] {dag.py:3954} INFO - Setting next_dagrun for youtube_extraction to None, run_after=None
[2026-09-16T19:17:02.029+0000] {processor.py:183} INFO - Processing /opt/airflow/dags/extraction_dag.py took 0.194 seconds
[2026-09-16T19:17:32.145+0000] {processor.py:161} INFO - Started process (PID=1841) to work on /opt/airflow/dags/extraction_dag.py
[2026-09-16T19:17:32.146+0000] {processor.py:830} INFO - Processing file /opt/airflow/dags/extraction_dag.py for tasks to queue
[2026-09-16T19:17:32.149+0000] {logging_mixin.py:188} INFO - [2026-09-16T19:17:32.148+0000] {dagbag.py:545} INFO - Filling up the DagBag from /opt/airflow/dags/extraction_dag.py
[2026-09-16T19:17:32.223+0000] {processor.py:840} INFO - DAG(s) 'youtube_extraction' retrieved from /opt/airflow/dags/extraction_dag.py
[2026-09-16T19:17:32.254+0000] {logging_mixin.py:188} INFO - [2026-09-16T19:17:32.253+0000] {dag.py:3096} INFO - Sync 1 DAGs
[2026-09-16T19:17:32.267+0000] {logging_mixin.py:188} INFO - [2026-09-16T19:17:32.266+0000] {dag.py:3954} INFO - Setting next_dagrun for youtube_extraction to None, run_after=None
[2026-09-16T19:17:32.302+0000] {processor.py:183} INFO - Processing /opt/airflow/dags/extraction_dag.py took 0.163 seconds
[2026-09-16T19:18:02.626+0000] {processor.py:161} INFO - Started process (PID=1848) to work on /opt/airflow/dags/extraction_dag.py
[2026-09-16T19:18:02.628+0000] {processor.py:830} INFO - Processing file /opt/airflow/dags/extraction_dag.py for tasks to queue
[2026-09-16T19:18:02.630+0000] {logging_mixin.py:188} INFO - [2026-09-16T19:18:02.630+0000] {dagbag.py:545} INFO - Filling up the DagBag from /opt/airflow/dags/extraction_dag.py
[2026-09-16T19:18:02.718+0000] {processor.py:840} INFO - DAG(s) 'youtube_extraction' retrieved from /opt/airflow/dags/extraction_dag.py
[2026-09-16T19:18:02.750+0000] {logging_mixin.py:188} INFO - [2026-09-16T19:18:02.749+0000] {dag.py:3096} INFO - Sync 1 DAGs
[2026-09-16T19:18:02.765+0000] {logging_mixin.py:188} INFO - [2026-09-16T19:18:02.765+0000] {dag.py:3954} INFO - Setting next_dagrun for youtube_extraction to None, run_after=None
[2026-09-16T19:18:02.804+0000] {processor.py:183} INFO - Processing /opt/airflow/dags/extraction_dag.py took 0.185 seconds
[2026-09-16T19:18:33.000+0000] {processor.py:161} INFO - Started process (PID=1854) to work on /opt/airflow/dags/extraction_dag.py
[2026-09-16T19:18:33.003+0000] {processor.py:830} INFO - Processing file /opt/airflow/dags/extraction_dag.py for tasks to queue
[2026-09-16T19:18:33.009+0000] {logging_mixin.py:188} INFO - [2026-09-16T19:18:33.007+0000] {dagbag.py:545} INFO - Filling up the DagBag from /opt/airflow/dags/extraction_dag.py
[2026-09-16T19:18:33.116+0000] {processor.py:840} INFO - DAG(s) 'youtube_extraction' retrieved from /opt/airflow/dags/extraction_dag.py
[2026-09-16T19:18:33.146+0000] {logging_mixin.py:188} INFO - [2026-09-16T19:18:33.146+0000] {dag.py:3096} INFO - Sync 1 DAGs
[2026-09-16T19:18:33.159+0000] {logging_mixin.py:188} INFO - [2026-09-16T19:18:33.159+0000] {dag.py:3954} INFO - Setting next_dagrun for youtube_extraction to None, run_after=None
[2026-09-16T19:18:33.187+0000] {processor.py:183} INFO - Processing /opt/airflow/dags/extraction_dag.py took 0.200 seconds
[2026-09-16T19:19:03.420+0000] {processor.py:161} INFO - Started process (PID=1861) to work on /opt/airflow/dags/extraction_dag.py
[2026-09-16T19:19:03.422+0000] {processor.py:830} INFO - Processing file /opt/airflow/dags/extraction_dag.py for tasks to queue
[2026-09-16T19:19:03.424+0000] {logging_mixin.py:188} INFO - [2026-09-16T19:19:03.424+0000] {dagbag.py:545} INFO - Filling up the DagBag from /opt/airflow/dags/extraction_dag.py
[2026-09-16T19:19:03.554+0000] {processor.py:840} INFO - DAG(s) 'youtube_extraction' retrieved from /opt/airflow/dags/extraction_dag.py
[2026-09-16T19:19:03.605+0000] {logging_mixin.py:188} INFO - [2026-09-16T19:19:03.605+0000] {dag.py:3096} INFO - Sync 1 DAGs
[2026-09-16T19:19:03.618+0000] {logging_mixin.py:188} INFO - [2026-09-16T19:19:03.617+0000] {dag.py:3954} INFO - Setting next_dagrun for youtube_extraction to None, run_after=None
[2026-09-16T19:19:03.666+0000] {processor.py:183} INFO - Processing /opt/airflow/dags/extraction_dag.py took 0.252 seconds
[2026-09-16T19:19:47.793+0000] {processor.py:161} INFO - Started process (PID=1862) to work on /opt/airflow/dags/extraction_dag.py
[2026-09-16T19:19:47.798+0000] {processor.py:830} INFO - Processing file /opt/airflow/dags/extraction_dag.py for tasks to queue
[2026-09-16T19:19:47.802+0000] {logging_mixin.py:188} INFO - [2026-09-16T19:19:47.801+0000] {dagbag.py:545} INFO - Filling up the DagBag from /opt/airflow/dags/extraction_dag.py
[2026-09-16T19:19:47.942+0000] {processor.py:840} INFO - DAG(s) 'youtube_extraction' retrieved from /opt/airflow/dags/extraction_dag.py
[2026-09-16T19:19:48.112+0000] {logging_mixin.py:188} INFO - [2026-09-16T19:19:48.112+0000] {dag.py:3096} INFO - Sync 1 DAGs
[2026-09-16T19:19:48.167+0000] {logging_mixin.py:188} INFO - [2026-09-16T19:19:48.166+0000] {dag.py:3954} INFO - Setting next_dagrun for youtube_extraction to None, run_after=None
[2026-09-16T19:19:48.258+0000] {processor.py:183} INFO - Processing /opt/airflow/dags/extraction_dag.py took 0.486 seconds
[2026-09-16T19:20:18.623+0000] {processor.py:161} INFO - Started process (PID=1869) to work on /opt/airflow/dags/extraction_dag.py
[2026-09-16T19:20:18.627+0000] {processor.py:830} INFO - Processing file /opt/airflow/dags/extraction_dag.py for tasks to queue
[2026-09-16T19:20:18.631+0000] {logging_mixin.py:188} INFO - [2026-09-16T19:20:18.630+0000] {dagbag.py:545} INFO - Filling up the DagBag from /opt/airflow/dags/extraction_dag.py
[2026-09-16T19:20:18.778+0000] {processor.py:840} INFO - DAG(s) 'youtube_extraction' retrieved from /opt/airflow/dags/extraction_dag.py
[2026-09-16T19:20:18.831+0000] {logging_mixin.py:188} INFO - [2026-09-16T19:20:18.831+0000] {dag.py:3096} INFO - Sync 1 DAGs
[2026-09-16T19:20:18.888+0000] {logging_mixin.py:188} INFO - [2026-09-16T19:20:18.888+0000] {dag.py:3954} INFO - Setting next_dagrun for youtube_extraction to None, run_after=None
[2026-09-16T19:20:18.945+0000] {processor.py:183} INFO - Processing /opt/airflow/dags/extraction_dag.py took 0.360 seconds
[2026-09-16T19:20:49.259+0000] {processor.py:161} INFO - Started process (PID=1876) to work on /opt/airflow/dags/extraction_dag.py
[2026-09-16T19:20:49.262+0000] {processor.py:830} INFO - Processing file /opt/airflow/dags/extraction_dag.py for tasks to queue
[2026-09-16T19:20:49.265+0000] {logging_mixin.py:188} INFO - [2026-09-16T19:20:49.265+0000] {dagbag.py:545} INFO - Filling up the DagBag from /opt/airflow/dags/extraction_dag.py
[2026-09-16T19:20:49.362+0000] {processor.py:840} INFO - DAG(s) 'youtube_extraction' retrieved from /opt/airflow/dags/extraction_dag.py
[2026-09-16T19:20:49.388+0000] {logging_mixin.py:188} INFO - [2026-09-16T19:20:49.388+0000] {dag.py:3096} INFO - Sync 1 DAGs
[2026-09-16T19:20:49.398+0000] {logging_mixin.py:188} INFO - [2026-09-16T19:20:49.398+0000] {dag.py:3954} INFO - Setting next_dagrun for youtube_extraction to None, run_after=None
[2026-09-16T19:20:49.446+0000] {processor.py:183} INFO - Processing /opt/airflow/dags/extraction_dag.py took 0.195 seconds
[2026-09-16T19:21:19.549+0000] {processor.py:161} INFO - Started process (PID=1883) to work on /opt/airflow/dags/extraction_dag.py
[2026-09-16T19:21:19.556+0000] {processor.py:830} INFO - Processing file /opt/airflow/dags/extraction_dag.py for tasks to queue
[2026-09-16T19:21:19.559+0000] {logging_mixin.py:188} INFO - [2026-09-16T19:21:19.558+0000] {dagbag.py:545} INFO - Filling up the DagBag from /opt/airflow/dags/extraction_dag.py
[2026-09-16T19:21:19.657+0000] {processor.py:840} INFO - DAG(s) 'youtube_extraction' retrieved from /opt/airflow/dags/extraction_dag.py
[2026-09-16T19:21:19.710+0000] {logging_mixin.py:188} INFO - [2026-09-16T19:21:19.710+0000] {dag.py:3096} INFO - Sync 1 DAGs
[2026-09-16T19:21:19.726+0000] {logging_mixin.py:188} INFO - [2026-09-16T19:21:19.725+0000] {dag.py:3954} INFO - Setting next_dagrun for youtube_extraction to None, run_after=None
[2026-09-16T19:21:19.776+0000] {processor.py:183} INFO - Processing /opt/airflow/dags/extraction_dag.py took 0.238 seconds
[2026-09-16T19:21:50.007+0000] {processor.py:161} INFO - Started process (PID=1890) to work on /opt/airflow/dags/extraction_dag.py
[2026-09-16T19:21:50.009+0000] {processor.py:830} INFO - Processing file /opt/airflow/dags/extraction_dag.py for tasks to queue
[2026-09-16T19:21:50.011+0000] {logging_mixin.py:188} INFO - [2026-09-16T19:21:50.011+0000] {dagbag.py:545} INFO - Filling up the DagBag from /opt/airflow/dags/extraction_dag.py
[2026-09-16T19:21:50.125+0000] {processor.py:840} INFO - DAG(s) 'youtube_extraction' retrieved from /opt/airflow/dags/extraction_dag.py
[2026-09-16T19:21:50.227+0000] {logging_mixin.py:188} INFO - [2026-09-16T19:21:50.226+0000] {dag.py:3096} INFO - Sync 1 DAGs
[2026-09-16T19:21:50.245+0000] {logging_mixin.py:188} INFO - [2026-09-16T19:21:50.245+0000] {dag.py:3954} INFO - Setting next_dagrun for youtube_extraction to None, run_after=None
[2026-09-16T19:21:50.277+0000] {processor.py:183} INFO - Processing /opt/airflow/dags/extraction_dag.py took 0.278 seconds
[2026-09-16T19:22:20.639+0000] {processor.py:161} INFO - Started process (PID=1897) to work on /opt/airflow/dags/extraction_dag.py
[2026-09-16T19:22:20.644+0000] {processor.py:830} INFO - Processing file /opt/airflow/dags/extraction_dag.py for tasks to queue
[2026-09-16T19:22:20.648+0000] {logging_mixin.py:188} INFO - [2026-09-16T19:22:20.648+0000] {dagbag.py:545} INFO - Filling up the DagBag from /opt/airflow/dags/extraction_dag.py
[2026-09-16T19:22:20.794+0000] {processor.py:840} INFO - DAG(s) 'youtube_extraction' retrieved from /opt/airflow/dags/extraction_dag.py
[2026-09-16T19:22:20.857+0000] {logging_mixin.py:188} INFO - [2026-09-16T19:22:20.855+0000] {dag.py:3096} INFO - Sync 1 DAGs
[2026-09-16T19:22:20.891+0000] {logging_mixin.py:188} INFO - [2026-09-16T19:22:20.890+0000] {dag.py:3954} INFO - Setting next_dagrun for youtube_extraction to None, run_after=None
[2026-09-16T19:22:20.953+0000] {processor.py:183} INFO - Processing /opt/airflow/dags/extraction_dag.py took 0.342 seconds
[2026-09-16T19:22:51.267+0000] {processor.py:161} INFO - Started process (PID=1904) to work on /opt/airflow/dags/extraction_dag.py
[2026-09-16T19:22:51.270+0000] {processor.py:830} INFO - Processing file /opt/airflow/dags/extraction_dag.py for tasks to queue
[2026-09-16T19:22:51.273+0000] {logging_mixin.py:188} INFO - [2026-09-16T19:22:51.273+0000] {dagbag.py:545} INFO - Filling up the DagBag from /opt/airflow/dags/extraction_dag.py
[2026-09-16T19:22:51.366+0000] {processor.py:840} INFO - DAG(s) 'youtube_extraction' retrieved from /opt/airflow/dags/extraction_dag.py
[2026-09-16T19:22:51.400+0000] {logging_mixin.py:188} INFO - [2026-09-16T19:22:51.400+0000] {dag.py:3096} INFO - Sync 1 DAGs
[2026-09-16T19:22:51.417+0000] {logging_mixin.py:188} INFO - [2026-09-16T19:22:51.417+0000] {dag.py:3954} INFO - Setting next_dagrun for youtube_extraction to None, run_after=None
[2026-09-16T19:22:51.443+0000] {processor.py:183} INFO - Processing /opt/airflow/dags/extraction_dag.py took 0.183 seconds
[2026-09-16T19:23:21.584+0000] {processor.py:161} INFO - Started process (PID=1911) to work on /opt/airflow/dags/extraction_dag.py
[2026-09-16T19:23:21.586+0000] {processor.py:830} INFO - Processing file /opt/airflow/dags/extraction_dag.py for tasks to queue
[2026-09-16T19:23:21.589+0000] {logging_mixin.py:188} INFO - [2026-09-16T19:23:21.588+0000] {dagbag.py:545} INFO - Filling up the DagBag from /opt/airflow/dags/extraction_dag.py
[2026-09-16T19:23:21.676+0000] {processor.py:840} INFO - DAG(s) 'youtube_extraction' retrieved from /opt/airflow/dags/extraction_dag.py
[2026-09-16T19:23:21.719+0000] {logging_mixin.py:188} INFO - [2026-09-16T19:23:21.719+0000] {dag.py:3096} INFO - Sync 1 DAGs
[2026-09-16T19:23:21.737+0000] {logging_mixin.py:188} INFO - [2026-09-16T19:23:21.737+0000] {dag.py:3954} INFO - Setting next_dagrun for youtube_extraction to None, run_after=None
[2026-09-16T19:23:21.790+0000] {processor.py:183} INFO - Processing /opt/airflow/dags/extraction_dag.py took 0.222 seconds
[2026-09-16T19:23:51.999+0000] {processor.py:161} INFO - Started process (PID=1918) to work on /opt/airflow/dags/extraction_dag.py
[2026-09-16T19:23:52.001+0000] {processor.py:830} INFO - Processing file /opt/airflow/dags/extraction_dag.py for tasks to queue
[2026-09-16T19:23:52.002+0000] {logging_mixin.py:188} INFO - [2026-09-16T19:23:52.002+0000] {dagbag.py:545} INFO - Filling up the DagBag from /opt/airflow/dags/extraction_dag.py
[2026-09-16T19:23:52.133+0000] {processor.py:840} INFO - DAG(s) 'youtube_extraction' retrieved from /opt/airflow/dags/extraction_dag.py
[2026-09-16T19:23:52.167+0000] {logging_mixin.py:188} INFO - [2026-09-16T19:23:52.167+0000] {dag.py:3096} INFO - Sync 1 DAGs
[2026-09-16T19:23:52.203+0000] {logging_mixin.py:188} INFO - [2026-09-16T19:23:52.202+0000] {dag.py:3954} INFO - Setting next_dagrun for youtube_extraction to None, run_after=None
[2026-09-16T19:23:52.235+0000] {processor.py:183} INFO - Processing /opt/airflow/dags/extraction_dag.py took 0.242 seconds
[2026-09-16T19:24:22.402+0000] {processor.py:161} INFO - Started process (PID=1925) to work on /opt/airflow/dags/extraction_dag.py
[2026-09-16T19:24:22.404+0000] {processor.py:830} INFO - Processing file /opt/airflow/dags/extraction_dag.py for tasks to queue
[2026-09-16T19:24:22.407+0000] {logging_mixin.py:188} INFO - [2026-09-16T19:24:22.406+0000] {dagbag.py:545} INFO - Filling up the DagBag from /opt/airflow/dags/extraction_dag.py
[2026-09-16T19:24:22.489+0000] {processor.py:840} INFO - DAG(s) 'youtube_extraction' retrieved from /opt/airflow/dags/extraction_dag.py
[2026-09-16T19:24:22.530+0000] {logging_mixin.py:188} INFO - [2026-09-16T19:24:22.529+0000] {dag.py:3096} INFO - Sync 1 DAGs
[2026-09-16T19:24:22.546+0000] {logging_mixin.py:188} INFO - [2026-09-16T19:24:22.546+0000] {dag.py:3954} INFO - Setting next_dagrun for youtube_extraction to None, run_after=None
[2026-09-16T19:24:22.578+0000] {processor.py:183} INFO - Processing /opt/airflow/dags/extraction_dag.py took 0.183 seconds
[2026-09-16T19:24:52.976+0000] {processor.py:161} INFO - Started process (PID=1932) to work on /opt/airflow/dags/extraction_dag.py
[2026-09-16T19:24:52.980+0000] {processor.py:830} INFO - Processing file /opt/airflow/dags/extraction_dag.py for tasks to queue
[2026-09-16T19:24:52.983+0000] {logging_mixin.py:188} INFO - [2026-09-16T19:24:52.983+0000] {dagbag.py:545} INFO - Filling up the DagBag from /opt/airflow/dags/extraction_dag.py
[2026-09-16T19:24:53.125+0000] {processor.py:840} INFO - DAG(s) 'youtube_extraction' retrieved from /opt/airflow/dags/extraction_dag.py
[2026-09-16T19:24:53.172+0000] {logging_mixin.py:188} INFO - [2026-09-16T19:24:53.171+0000] {dag.py:3096} INFO - Sync 1 DAGs
[2026-09-16T19:24:53.197+0000] {logging_mixin.py:188} INFO - [2026-09-16T19:24:53.197+0000] {dag.py:3954} INFO - Setting next_dagrun for youtube_extraction to None, run_after=None
[2026-09-16T19:24:53.254+0000] {processor.py:183} INFO - Processing /opt/airflow/dags/extraction_dag.py took 0.287 seconds
[2026-09-16T19:25:23.613+0000] {processor.py:161} INFO - Started process (PID=1939) to work on /opt/airflow/dags/extraction_dag.py
[2026-09-16T19:25:23.617+0000] {processor.py:830} INFO - Processing file /opt/airflow/dags/extraction_dag.py for tasks to queue
[2026-09-16T19:25:23.618+0000] {logging_mixin.py:188} INFO - [2026-09-16T19:25:23.618+0000] {dagbag.py:545} INFO - Filling up the DagBag from /opt/airflow/dags/extraction_dag.py
[2026-09-16T19:25:23.719+0000] {processor.py:840} INFO - DAG(s) 'youtube_extraction' retrieved from /opt/airflow/dags/extraction_dag.py
[2026-09-16T19:25:23.798+0000] {logging_mixin.py:188} INFO - [2026-09-16T19:25:23.797+0000] {dag.py:3096} INFO - Sync 1 DAGs
[2026-09-16T19:25:23.827+0000] {logging_mixin.py:188} INFO - [2026-09-16T19:25:23.826+0000] {dag.py:3954} INFO - Setting next_dagrun for youtube_extraction to None, run_after=None
[2026-09-16T19:25:23.885+0000] {processor.py:183} INFO - Processing /opt/airflow/dags/extraction_dag.py took 0.284 seconds
[2026-09-16T19:25:54.027+0000] {processor.py:161} INFO - Started process (PID=1947) to work on /opt/airflow/dags/extraction_dag.py
[2026-09-16T19:25:54.031+0000] {processor.py:830} INFO - Processing file /opt/airflow/dags/extraction_dag.py for tasks to queue
[2026-09-16T19:25:54.035+0000] {logging_mixin.py:188} INFO - [2026-09-16T19:25:54.035+0000] {dagbag.py:545} INFO - Filling up the DagBag from /opt/airflow/dags/extraction_dag.py
[2026-09-16T19:25:54.183+0000] {processor.py:840} INFO - DAG(s) 'youtube_extraction' retrieved from /opt/airflow/dags/extraction_dag.py
[2026-09-16T19:25:54.252+0000] {logging_mixin.py:188} INFO - [2026-09-16T19:25:54.252+0000] {dag.py:3096} INFO - Sync 1 DAGs
[2026-09-16T19:25:54.279+0000] {logging_mixin.py:188} INFO - [2026-09-16T19:25:54.278+0000] {dag.py:3954} INFO - Setting next_dagrun for youtube_extraction to None, run_after=None
[2026-09-16T19:25:54.353+0000] {processor.py:183} INFO - Processing /opt/airflow/dags/extraction_dag.py took 0.337 seconds
[2026-09-16T19:26:24.738+0000] {processor.py:161} INFO - Started process (PID=1954) to work on /opt/airflow/dags/extraction_dag.py
[2026-09-16T19:26:24.746+0000] {processor.py:830} INFO - Processing file /opt/airflow/dags/extraction_dag.py for tasks to queue
[2026-09-16T19:26:24.754+0000] {logging_mixin.py:188} INFO - [2026-09-16T19:26:24.753+0000] {dagbag.py:545} INFO - Filling up the DagBag from /opt/airflow/dags/extraction_dag.py
[2026-09-16T19:26:25.029+0000] {processor.py:840} INFO - DAG(s) 'youtube_extraction' retrieved from /opt/airflow/dags/extraction_dag.py
[2026-09-16T19:26:25.268+0000] {logging_mixin.py:188} INFO - [2026-09-16T19:26:25.267+0000] {dag.py:3096} INFO - Sync 1 DAGs
[2026-09-16T19:26:25.387+0000] {logging_mixin.py:188} INFO - [2026-09-16T19:26:25.386+0000] {dag.py:3954} INFO - Setting next_dagrun for youtube_extraction to None, run_after=None
[2026-09-16T19:26:25.478+0000] {processor.py:183} INFO - Processing /opt/airflow/dags/extraction_dag.py took 0.759 seconds
[2026-09-16T19:26:55.896+0000] {processor.py:161} INFO - Started process (PID=1961) to work on /opt/airflow/dags/extraction_dag.py
[2026-09-16T19:26:55.901+0000] {processor.py:830} INFO - Processing file /opt/airflow/dags/extraction_dag.py for tasks to queue
[2026-09-16T19:26:55.905+0000] {logging_mixin.py:188} INFO - [2026-09-16T19:26:55.904+0000] {dagbag.py:545} INFO - Filling up the DagBag from /opt/airflow/dags/extraction_dag.py
[2026-09-16T19:26:56.150+0000] {processor.py:840} INFO - DAG(s) 'youtube_extraction' retrieved from /opt/airflow/dags/extraction_dag.py
[2026-09-16T19:26:56.261+0000] {logging_mixin.py:188} INFO - [2026-09-16T19:26:56.258+0000] {dag.py:3096} INFO - Sync 1 DAGs
[2026-09-16T19:26:56.295+0000] {logging_mixin.py:188} INFO - [2026-09-16T19:26:56.293+0000] {dag.py:3954} INFO - Setting next_dagrun for youtube_extraction to None, run_after=None
[2026-09-16T19:26:56.373+0000] {processor.py:183} INFO - Processing /opt/airflow/dags/extraction_dag.py took 0.488 seconds
[2026-09-16T19:27:26.572+0000] {processor.py:161} INFO - Started process (PID=1968) to work on /opt/airflow/dags/extraction_dag.py
[2026-09-16T19:27:26.575+0000] {processor.py:830} INFO - Processing file /opt/airflow/dags/extraction_dag.py for tasks to queue
[2026-09-16T19:27:26.582+0000] {logging_mixin.py:188} INFO - [2026-09-16T19:27:26.581+0000] {dagbag.py:545} INFO - Filling up the DagBag from /opt/airflow/dags/extraction_dag.py
[2026-09-16T19:27:26.710+0000] {processor.py:840} INFO - DAG(s) 'youtube_extraction' retrieved from /opt/airflow/dags/extraction_dag.py
[2026-09-16T19:27:26.786+0000] {logging_mixin.py:188} INFO - [2026-09-16T19:27:26.786+0000] {dag.py:3096} INFO - Sync 1 DAGs
[2026-09-16T19:27:26.807+0000] {logging_mixin.py:188} INFO - [2026-09-16T19:27:26.807+0000] {dag.py:3954} INFO - Setting next_dagrun for youtube_extraction to None, run_after=None
[2026-09-16T19:27:26.881+0000] {processor.py:183} INFO - Processing /opt/airflow/dags/extraction_dag.py took 0.317 seconds
[2026-09-16T19:27:57.212+0000] {processor.py:161} INFO - Started process (PID=1975) to work on /opt/airflow/dags/extraction_dag.py
[2026-09-16T19:27:57.214+0000] {processor.py:830} INFO - Processing file /opt/airflow/dags/extraction_dag.py for tasks to queue
[2026-09-16T19:27:57.216+0000] {logging_mixin.py:188} INFO - [2026-09-16T19:27:57.216+0000] {dagbag.py:545} INFO - Filling up the DagBag from /opt/airflow/dags/extraction_dag.py
[2026-09-16T19:27:57.280+0000] {processor.py:840} INFO - DAG(s) 'youtube_extraction' retrieved from /opt/airflow/dags/extraction_dag.py
[2026-09-16T19:27:57.313+0000] {logging_mixin.py:188} INFO - [2026-09-16T19:27:57.313+0000] {dag.py:3096} INFO - Sync 1 DAGs
[2026-09-16T19:27:57.324+0000] {logging_mixin.py:188} INFO - [2026-09-16T19:27:57.324+0000] {dag.py:3954} INFO - Setting next_dagrun for youtube_extraction to None, run_after=None
[2026-09-16T19:27:57.353+0000] {processor.py:183} INFO - Processing /opt/airflow/dags/extraction_dag.py took 0.147 seconds
[2026-09-16T19:28:27.451+0000] {processor.py:161} INFO - Started process (PID=1982) to work on /opt/airflow/dags/extraction_dag.py
[2026-09-16T19:28:27.453+0000] {processor.py:830} INFO - Processing file /opt/airflow/dags/extraction_dag.py for tasks to queue
[2026-09-16T19:28:27.454+0000] {logging_mixin.py:188} INFO - [2026-09-16T19:28:27.454+0000] {dagbag.py:545} INFO - Filling up the DagBag from /opt/airflow/dags/extraction_dag.py
[2026-09-16T19:28:27.529+0000] {processor.py:840} INFO - DAG(s) 'youtube_extraction' retrieved from /opt/airflow/dags/extraction_dag.py
[2026-09-16T19:28:27.606+0000] {logging_mixin.py:188} INFO - [2026-09-16T19:28:27.605+0000] {dag.py:3096} INFO - Sync 1 DAGs
[2026-09-16T19:28:27.639+0000] {logging_mixin.py:188} INFO - [2026-09-16T19:28:27.639+0000] {dag.py:3954} INFO - Setting next_dagrun for youtube_extraction to None, run_after=None
[2026-09-16T19:28:27.681+0000] {processor.py:183} INFO - Processing /opt/airflow/dags/extraction_dag.py took 0.236 seconds
[2026-09-16T19:28:57.850+0000] {processor.py:161} INFO - Started process (PID=1989) to work on /opt/airflow/dags/extraction_dag.py
[2026-09-16T19:28:57.853+0000] {processor.py:830} INFO - Processing file /opt/airflow/dags/extraction_dag.py for tasks to queue
[2026-09-16T19:28:57.854+0000] {logging_mixin.py:188} INFO - [2026-09-16T19:28:57.854+0000] {dagbag.py:545} INFO - Filling up the DagBag from /opt/airflow/dags/extraction_dag.py
[2026-09-16T19:28:57.937+0000] {processor.py:840} INFO - DAG(s) 'youtube_extraction' retrieved from /opt/airflow/dags/extraction_dag.py
[2026-09-16T19:28:57.975+0000] {logging_mixin.py:188} INFO - [2026-09-16T19:28:57.975+0000] {dag.py:3096} INFO - Sync 1 DAGs
[2026-09-16T19:28:57.997+0000] {logging_mixin.py:188} INFO - [2026-09-16T19:28:57.995+0000] {dag.py:3954} INFO - Setting next_dagrun for youtube_extraction to None, run_after=None
[2026-09-16T19:28:58.025+0000] {processor.py:183} INFO - Processing /opt/airflow/dags/extraction_dag.py took 0.182 seconds
[2026-09-16T19:29:28.181+0000] {processor.py:161} INFO - Started process (PID=1997) to work on /opt/airflow/dags/extraction_dag.py
[2026-09-16T19:29:28.185+0000] {processor.py:830} INFO - Processing file /opt/airflow/dags/extraction_dag.py for tasks to queue
[2026-09-16T19:29:28.188+0000] {logging_mixin.py:188} INFO - [2026-09-16T19:29:28.187+0000] {dagbag.py:545} INFO - Filling up the DagBag from /opt/airflow/dags/extraction_dag.py
[2026-09-16T19:29:28.283+0000] {processor.py:840} INFO - DAG(s) 'youtube_extraction' retrieved from /opt/airflow/dags/extraction_dag.py
[2026-09-16T19:29:28.332+0000] {logging_mixin.py:188} INFO - [2026-09-16T19:29:28.332+0000] {dag.py:3096} INFO - Sync 1 DAGs
[2026-09-16T19:29:28.351+0000] {logging_mixin.py:188} INFO - [2026-09-16T19:29:28.351+0000] {dag.py:3954} INFO - Setting next_dagrun for youtube_extraction to None, run_after=None
[2026-09-16T19:29:28.384+0000] {processor.py:183} INFO - Processing /opt/airflow/dags/extraction_dag.py took 0.212 seconds
[2026-09-16T19:29:58.620+0000] {processor.py:161} INFO - Started process (PID=2004) to work on /opt/airflow/dags/extraction_dag.py
[2026-09-16T19:29:58.625+0000] {processor.py:830} INFO - Processing file /opt/airflow/dags/extraction_dag.py for tasks to queue
[2026-09-16T19:29:58.627+0000] {logging_mixin.py:188} INFO - [2026-09-16T19:29:58.626+0000] {dagbag.py:545} INFO - Filling up the DagBag from /opt/airflow/dags/extraction_dag.py
[2026-09-16T19:29:58.715+0000] {processor.py:840} INFO - DAG(s) 'youtube_extraction' retrieved from /opt/airflow/dags/extraction_dag.py
[2026-09-16T19:29:58.769+0000] {logging_mixin.py:188} INFO - [2026-09-16T19:29:58.768+0000] {dag.py:3096} INFO - Sync 1 DAGs
[2026-09-16T19:29:58.790+0000] {logging_mixin.py:188} INFO - [2026-09-16T19:29:58.789+0000] {dag.py:3954} INFO - Setting next_dagrun for youtube_extraction to None, run_after=None
[2026-09-16T19:29:58.837+0000] {processor.py:183} INFO - Processing /opt/airflow/dags/extraction_dag.py took 0.229 seconds
[2026-09-16T19:30:28.927+0000] {processor.py:161} INFO - Started process (PID=2011) to work on /opt/airflow/dags/extraction_dag.py
[2026-09-16T19:30:28.929+0000] {processor.py:830} INFO - Processing file /opt/airflow/dags/extraction_dag.py for tasks to queue
[2026-09-16T19:30:28.932+0000] {logging_mixin.py:188} INFO - [2026-09-16T19:30:28.932+0000] {dagbag.py:545} INFO - Filling up the DagBag from /opt/airflow/dags/extraction_dag.py
[2026-09-16T19:30:29.009+0000] {processor.py:840} INFO - DAG(s) 'youtube_extraction' retrieved from /opt/airflow/dags/extraction_dag.py
[2026-09-16T19:30:29.074+0000] {logging_mixin.py:188} INFO - [2026-09-16T19:30:29.074+0000] {dag.py:3096} INFO - Sync 1 DAGs
[2026-09-16T19:30:29.094+0000] {logging_mixin.py:188} INFO - [2026-09-16T19:30:29.093+0000] {dag.py:3954} INFO - Setting next_dagrun for youtube_extraction to None, run_after=None
[2026-09-16T19:30:29.139+0000] {processor.py:183} INFO - Processing /opt/airflow/dags/extraction_dag.py took 0.220 seconds
[2026-09-16T19:30:59.379+0000] {processor.py:161} INFO - Started process (PID=2018) to work on /opt/airflow/dags/extraction_dag.py
[2026-09-16T19:30:59.382+0000] {processor.py:830} INFO - Processing file /opt/airflow/dags/extraction_dag.py for tasks to queue
[2026-09-16T19:30:59.385+0000] {logging_mixin.py:188} INFO - [2026-09-16T19:30:59.384+0000] {dagbag.py:545} INFO - Filling up the DagBag from /opt/airflow/dags/extraction_dag.py
[2026-09-16T19:30:59.505+0000] {processor.py:840} INFO - DAG(s) 'youtube_extraction' retrieved from /opt/airflow/dags/extraction_dag.py
[2026-09-16T19:30:59.553+0000] {logging_mixin.py:188} INFO - [2026-09-16T19:30:59.553+0000] {dag.py:3096} INFO - Sync 1 DAGs
[2026-09-16T19:30:59.573+0000] {logging_mixin.py:188} INFO - [2026-09-16T19:30:59.573+0000] {dag.py:3954} INFO - Setting next_dagrun for youtube_extraction to None, run_after=None
[2026-09-16T19:30:59.623+0000] {processor.py:183} INFO - Processing /opt/airflow/dags/extraction_dag.py took 0.250 seconds
[2026-09-16T19:31:29.740+0000] {processor.py:161} INFO - Started process (PID=2026) to work on /opt/airflow/dags/extraction_dag.py
[2026-09-16T19:31:29.742+0000] {processor.py:830} INFO - Processing file /opt/airflow/dags/extraction_dag.py for tasks to queue
[2026-09-16T19:31:29.744+0000] {logging_mixin.py:188} INFO - [2026-09-16T19:31:29.743+0000] {dagbag.py:545} INFO - Filling up the DagBag from /opt/airflow/dags/extraction_dag.py
[2026-09-16T19:31:29.867+0000] {processor.py:840} INFO - DAG(s) 'youtube_extraction' retrieved from /opt/airflow/dags/extraction_dag.py
[2026-09-16T19:31:29.902+0000] {logging_mixin.py:188} INFO - [2026-09-16T19:31:29.902+0000] {dag.py:3096} INFO - Sync 1 DAGs
[2026-09-16T19:31:29.917+0000] {logging_mixin.py:188} INFO - [2026-09-16T19:31:29.917+0000] {dag.py:3954} INFO - Setting next_dagrun for youtube_extraction to None, run_after=None
[2026-09-16T19:31:29.960+0000] {processor.py:183} INFO - Processing /opt/airflow/dags/extraction_dag.py took 0.230 seconds
[2026-09-16T19:32:00.189+0000] {processor.py:161} INFO - Started process (PID=2033) to work on /opt/airflow/dags/extraction_dag.py
[2026-09-16T19:32:00.191+0000] {processor.py:830} INFO - Processing file /opt/airflow/dags/extraction_dag.py for tasks to queue
[2026-09-16T19:32:00.193+0000] {logging_mixin.py:188} INFO - [2026-09-16T19:32:00.193+0000] {dagbag.py:545} INFO - Filling up the DagBag from /opt/airflow/dags/extraction_dag.py
[2026-09-16T19:32:00.304+0000] {processor.py:840} INFO - DAG(s) 'youtube_extraction' retrieved from /opt/airflow/dags/extraction_dag.py
[2026-09-16T19:32:00.336+0000] {logging_mixin.py:188} INFO - [2026-09-16T19:32:00.336+0000] {dag.py:3096} INFO - Sync 1 DAGs
[2026-09-16T19:32:00.350+0000] {logging_mixin.py:188} INFO - [2026-09-16T19:32:00.350+0000] {dag.py:3954} INFO - Setting next_dagrun for youtube_extraction to None, run_after=None
[2026-09-16T19:32:00.389+0000] {processor.py:183} INFO - Processing /opt/airflow/dags/extraction_dag.py took 0.208 seconds
[2026-09-16T19:32:30.495+0000] {processor.py:161} INFO - Started process (PID=2040) to work on /opt/airflow/dags/extraction_dag.py
[2026-09-16T19:32:30.497+0000] {processor.py:830} INFO - Processing file /opt/airflow/dags/extraction_dag.py for tasks to queue
[2026-09-16T19:32:30.499+0000] {logging_mixin.py:188} INFO - [2026-09-16T19:32:30.499+0000] {dagbag.py:545} INFO - Filling up the DagBag from /opt/airflow/dags/extraction_dag.py
[2026-09-16T19:32:30.578+0000] {processor.py:840} INFO - DAG(s) 'youtube_extraction' retrieved from /opt/airflow/dags/extraction_dag.py
[2026-09-16T19:32:30.605+0000] {logging_mixin.py:188} INFO - [2026-09-16T19:32:30.605+0000] {dag.py:3096} INFO - Sync 1 DAGs
[2026-09-16T19:32:30.618+0000] {logging_mixin.py:188} INFO - [2026-09-16T19:32:30.617+0000] {dag.py:3954} INFO - Setting next_dagrun for youtube_extraction to None, run_after=None
[2026-09-16T19:32:30.642+0000] {processor.py:183} INFO - Processing /opt/airflow/dags/extraction_dag.py took 0.154 seconds
[2026-09-16T19:33:00.945+0000] {processor.py:161} INFO - Started process (PID=2053) to work on /opt/airflow/dags/extraction_dag.py
[2026-09-16T19:33:00.953+0000] {processor.py:830} INFO - Processing file /opt/airflow/dags/extraction_dag.py for tasks to queue
[2026-09-16T19:33:00.958+0000] {logging_mixin.py:188} INFO - [2026-09-16T19:33:00.957+0000] {dagbag.py:545} INFO - Filling up the DagBag from /opt/airflow/dags/extraction_dag.py
[2026-09-16T19:33:01.153+0000] {processor.py:840} INFO - DAG(s) 'youtube_extraction' retrieved from /opt/airflow/dags/extraction_dag.py
[2026-09-16T19:33:01.216+0000] {logging_mixin.py:188} INFO - [2026-09-16T19:33:01.215+0000] {dag.py:3096} INFO - Sync 1 DAGs
[2026-09-16T19:33:01.239+0000] {logging_mixin.py:188} INFO - [2026-09-16T19:33:01.239+0000] {dag.py:3954} INFO - Setting next_dagrun for youtube_extraction to None, run_after=None
[2026-09-16T19:33:01.290+0000] {processor.py:183} INFO - Processing /opt/airflow/dags/extraction_dag.py took 0.379 seconds
[2026-09-16T19:33:31.748+0000] {processor.py:161} INFO - Started process (PID=2060) to work on /opt/airflow/dags/extraction_dag.py
[2026-09-16T19:33:31.754+0000] {processor.py:830} INFO - Processing file /opt/airflow/dags/extraction_dag.py for tasks to queue
[2026-09-16T19:33:31.758+0000] {logging_mixin.py:188} INFO - [2026-09-16T19:33:31.757+0000] {dagbag.py:545} INFO - Filling up the DagBag from /opt/airflow/dags/extraction_dag.py
[2026-09-16T19:33:31.880+0000] {processor.py:840} INFO - DAG(s) 'youtube_extraction' retrieved from /opt/airflow/dags/extraction_dag.py
[2026-09-16T19:33:31.974+0000] {logging_mixin.py:188} INFO - [2026-09-16T19:33:31.973+0000] {dag.py:3096} INFO - Sync 1 DAGs
[2026-09-16T19:33:31.993+0000] {logging_mixin.py:188} INFO - [2026-09-16T19:33:31.993+0000] {dag.py:3954} INFO - Setting next_dagrun for youtube_extraction to None, run_after=None
[2026-09-16T19:33:32.035+0000] {processor.py:183} INFO - Processing /opt/airflow/dags/extraction_dag.py took 0.296 seconds
[2026-09-16T19:34:02.374+0000] {processor.py:161} INFO - Started process (PID=2067) to work on /opt/airflow/dags/extraction_dag.py
[2026-09-16T19:34:02.377+0000] {processor.py:830} INFO - Processing file /opt/airflow/dags/extraction_dag.py for tasks to queue
[2026-09-16T19:34:02.379+0000] {logging_mixin.py:188} INFO - [2026-09-16T19:34:02.379+0000] {dagbag.py:545} INFO - Filling up the DagBag from /opt/airflow/dags/extraction_dag.py
[2026-09-16T19:34:02.470+0000] {processor.py:840} INFO - DAG(s) 'youtube_extraction' retrieved from /opt/airflow/dags/extraction_dag.py
[2026-09-16T19:34:02.513+0000] {logging_mixin.py:188} INFO - [2026-09-16T19:34:02.512+0000] {dag.py:3096} INFO - Sync 1 DAGs
[2026-09-16T19:34:02.535+0000] {logging_mixin.py:188} INFO - [2026-09-16T19:34:02.534+0000] {dag.py:3954} INFO - Setting next_dagrun for youtube_extraction to None, run_after=None
[2026-09-16T19:34:02.577+0000] {processor.py:183} INFO - Processing /opt/airflow/dags/extraction_dag.py took 0.213 seconds
[2026-09-16T19:34:32.866+0000] {processor.py:161} INFO - Started process (PID=2074) to work on /opt/airflow/dags/extraction_dag.py
[2026-09-16T19:34:32.868+0000] {processor.py:830} INFO - Processing file /opt/airflow/dags/extraction_dag.py for tasks to queue
[2026-09-16T19:34:32.870+0000] {logging_mixin.py:188} INFO - [2026-09-16T19:34:32.869+0000] {dagbag.py:545} INFO - Filling up the DagBag from /opt/airflow/dags/extraction_dag.py
[2026-09-16T19:34:32.947+0000] {processor.py:840} INFO - DAG(s) 'youtube_extraction' retrieved from /opt/airflow/dags/extraction_dag.py
[2026-09-16T19:34:33.021+0000] {logging_mixin.py:188} INFO - [2026-09-16T19:34:33.021+0000] {dag.py:3096} INFO - Sync 1 DAGs
[2026-09-16T19:34:33.101+0000] {logging_mixin.py:188} INFO - [2026-09-16T19:34:33.101+0000] {dag.py:3954} INFO - Setting next_dagrun for youtube_extraction to None, run_after=None
[2026-09-16T19:34:33.169+0000] {processor.py:183} INFO - Processing /opt/airflow/dags/extraction_dag.py took 0.310 seconds
[2026-09-16T19:35:03.527+0000] {processor.py:161} INFO - Started process (PID=2081) to work on /opt/airflow/dags/extraction_dag.py
[2026-09-16T19:35:03.548+0000] {processor.py:830} INFO - Processing file /opt/airflow/dags/extraction_dag.py for tasks to queue
[2026-09-16T19:35:03.551+0000] {logging_mixin.py:188} INFO - [2026-09-16T19:35:03.550+0000] {dagbag.py:545} INFO - Filling up the DagBag from /opt/airflow/dags/extraction_dag.py
[2026-09-16T19:35:03.689+0000] {processor.py:840} INFO - DAG(s) 'youtube_extraction' retrieved from /opt/airflow/dags/extraction_dag.py
[2026-09-16T19:35:03.743+0000] {logging_mixin.py:188} INFO - [2026-09-16T19:35:03.742+0000] {dag.py:3096} INFO - Sync 1 DAGs
[2026-09-16T19:35:03.762+0000] {logging_mixin.py:188} INFO - [2026-09-16T19:35:03.761+0000] {dag.py:3954} INFO - Setting next_dagrun for youtube_extraction to None, run_after=None
[2026-09-16T19:35:03.801+0000] {processor.py:183} INFO - Processing /opt/airflow/dags/extraction_dag.py took 0.289 seconds
[2026-09-16T19:35:34.101+0000] {processor.py:161} INFO - Started process (PID=2088) to work on /opt/airflow/dags/extraction_dag.py
[2026-09-16T19:35:34.103+0000] {processor.py:830} INFO - Processing file /opt/airflow/dags/extraction_dag.py for tasks to queue
[2026-09-16T19:35:34.105+0000] {logging_mixin.py:188} INFO - [2026-09-16T19:35:34.105+0000] {dagbag.py:545} INFO - Filling up the DagBag from /opt/airflow/dags/extraction_dag.py
[2026-09-16T19:35:34.203+0000] {processor.py:840} INFO - DAG(s) 'youtube_extraction' retrieved from /opt/airflow/dags/extraction_dag.py
[2026-09-16T19:35:34.266+0000] {logging_mixin.py:188} INFO - [2026-09-16T19:35:34.266+0000] {dag.py:3096} INFO - Sync 1 DAGs
[2026-09-16T19:35:34.280+0000] {logging_mixin.py:188} INFO - [2026-09-16T19:35:34.280+0000] {dag.py:3954} INFO - Setting next_dagrun for youtube_extraction to None, run_after=None
[2026-09-16T19:35:34.325+0000] {processor.py:183} INFO - Processing /opt/airflow/dags/extraction_dag.py took 0.231 seconds
[2026-09-16T19:36:04.617+0000] {processor.py:161} INFO - Started process (PID=2095) to work on /opt/airflow/dags/extraction_dag.py
[2026-09-16T19:36:04.619+0000] {processor.py:830} INFO - Processing file /opt/airflow/dags/extraction_dag.py for tasks to queue
[2026-09-16T19:36:04.626+0000] {logging_mixin.py:188} INFO - [2026-09-16T19:36:04.625+0000] {dagbag.py:545} INFO - Filling up the DagBag from /opt/airflow/dags/extraction_dag.py
[2026-09-16T19:36:04.774+0000] {processor.py:840} INFO - DAG(s) 'youtube_extraction' retrieved from /opt/airflow/dags/extraction_dag.py
[2026-09-16T19:36:04.834+0000] {logging_mixin.py:188} INFO - [2026-09-16T19:36:04.834+0000] {dag.py:3096} INFO - Sync 1 DAGs
[2026-09-16T19:36:04.848+0000] {logging_mixin.py:188} INFO - [2026-09-16T19:36:04.848+0000] {dag.py:3954} INFO - Setting next_dagrun for youtube_extraction to None, run_after=None
[2026-09-16T19:36:04.873+0000] {processor.py:183} INFO - Processing /opt/airflow/dags/extraction_dag.py took 0.269 seconds
[2026-09-16T19:36:35.189+0000] {processor.py:161} INFO - Started process (PID=2102) to work on /opt/airflow/dags/extraction_dag.py
[2026-09-16T19:36:35.191+0000] {processor.py:830} INFO - Processing file /opt/airflow/dags/extraction_dag.py for tasks to queue
[2026-09-16T19:36:35.194+0000] {logging_mixin.py:188} INFO - [2026-09-16T19:36:35.193+0000] {dagbag.py:545} INFO - Filling up the DagBag from /opt/airflow/dags/extraction_dag.py
[2026-09-16T19:36:35.334+0000] {processor.py:840} INFO - DAG(s) 'youtube_extraction' retrieved from /opt/airflow/dags/extraction_dag.py
[2026-09-16T19:36:35.441+0000] {logging_mixin.py:188} INFO - [2026-09-16T19:36:35.440+0000] {dag.py:3096} INFO - Sync 1 DAGs
[2026-09-16T19:36:35.466+0000] {logging_mixin.py:188} INFO - [2026-09-16T19:36:35.466+0000] {dag.py:3954} INFO - Setting next_dagrun for youtube_extraction to None, run_after=None
[2026-09-16T19:36:35.528+0000] {processor.py:183} INFO - Processing /opt/airflow/dags/extraction_dag.py took 0.348 seconds
[2026-09-16T19:37:05.837+0000] {processor.py:161} INFO - Started process (PID=2109) to work on /opt/airflow/dags/extraction_dag.py
[2026-09-16T19:37:05.839+0000] {processor.py:830} INFO - Processing file /opt/airflow/dags/extraction_dag.py for tasks to queue
[2026-09-16T19:37:05.841+0000] {logging_mixin.py:188} INFO - [2026-09-16T19:37:05.841+0000] {dagbag.py:545} INFO - Filling up the DagBag from /opt/airflow/dags/extraction_dag.py
[2026-09-16T19:37:05.935+0000] {processor.py:840} INFO - DAG(s) 'youtube_extraction' retrieved from /opt/airflow/dags/extraction_dag.py
[2026-09-16T19:37:05.964+0000] {logging_mixin.py:188} INFO - [2026-09-16T19:37:05.964+0000] {dag.py:3096} INFO - Sync 1 DAGs
[2026-09-16T19:37:05.979+0000] {logging_mixin.py:188} INFO - [2026-09-16T19:37:05.979+0000] {dag.py:3954} INFO - Setting next_dagrun for youtube_extraction to None, run_after=None
[2026-09-16T19:37:06.015+0000] {processor.py:183} INFO - Processing /opt/airflow/dags/extraction_dag.py took 0.184 seconds
[2026-09-16T19:37:36.121+0000] {processor.py:161} INFO - Started process (PID=2116) to work on /opt/airflow/dags/extraction_dag.py
[2026-09-16T19:37:36.124+0000] {processor.py:830} INFO - Processing file /opt/airflow/dags/extraction_dag.py for tasks to queue
[2026-09-16T19:37:36.126+0000] {logging_mixin.py:188} INFO - [2026-09-16T19:37:36.126+0000] {dagbag.py:545} INFO - Filling up the DagBag from /opt/airflow/dags/extraction_dag.py
[2026-09-16T19:37:36.216+0000] {processor.py:840} INFO - DAG(s) 'youtube_extraction' retrieved from /opt/airflow/dags/extraction_dag.py
[2026-09-16T19:37:36.265+0000] {logging_mixin.py:188} INFO - [2026-09-16T19:37:36.265+0000] {dag.py:3096} INFO - Sync 1 DAGs
[2026-09-16T19:37:36.289+0000] {logging_mixin.py:188} INFO - [2026-09-16T19:37:36.288+0000] {dag.py:3954} INFO - Setting next_dagrun for youtube_extraction to None, run_after=None
[2026-09-16T19:37:36.324+0000] {processor.py:183} INFO - Processing /opt/airflow/dags/extraction_dag.py took 0.212 seconds
[2026-09-16T19:38:06.619+0000] {processor.py:161} INFO - Started process (PID=2123) to work on /opt/airflow/dags/extraction_dag.py
[2026-09-16T19:38:06.622+0000] {processor.py:830} INFO - Processing file /opt/airflow/dags/extraction_dag.py for tasks to queue
[2026-09-16T19:38:06.626+0000] {logging_mixin.py:188} INFO - [2026-09-16T19:38:06.625+0000] {dagbag.py:545} INFO - Filling up the DagBag from /opt/airflow/dags/extraction_dag.py
[2026-09-16T19:38:06.735+0000] {processor.py:840} INFO - DAG(s) 'youtube_extraction' retrieved from /opt/airflow/dags/extraction_dag.py
[2026-09-16T19:38:06.785+0000] {logging_mixin.py:188} INFO - [2026-09-16T19:38:06.785+0000] {dag.py:3096} INFO - Sync 1 DAGs
[2026-09-16T19:38:06.802+0000] {logging_mixin.py:188} INFO - [2026-09-16T19:38:06.802+0000] {dag.py:3954} INFO - Setting next_dagrun for youtube_extraction to None, run_after=None
[2026-09-16T19:38:06.839+0000] {processor.py:183} INFO - Processing /opt/airflow/dags/extraction_dag.py took 0.228 seconds
[2026-09-16T19:38:37.155+0000] {processor.py:161} INFO - Started process (PID=2130) to work on /opt/airflow/dags/extraction_dag.py
[2026-09-16T19:38:37.157+0000] {processor.py:830} INFO - Processing file /opt/airflow/dags/extraction_dag.py for tasks to queue
[2026-09-16T19:38:37.162+0000] {logging_mixin.py:188} INFO - [2026-09-16T19:38:37.161+0000] {dagbag.py:545} INFO - Filling up the DagBag from /opt/airflow/dags/extraction_dag.py
[2026-09-16T19:38:37.279+0000] {processor.py:840} INFO - DAG(s) 'youtube_extraction' retrieved from /opt/airflow/dags/extraction_dag.py
[2026-09-16T19:38:37.322+0000] {logging_mixin.py:188} INFO - [2026-09-16T19:38:37.322+0000] {dag.py:3096} INFO - Sync 1 DAGs
[2026-09-16T19:38:37.339+0000] {logging_mixin.py:188} INFO - [2026-09-16T19:38:37.339+0000] {dag.py:3954} INFO - Setting next_dagrun for youtube_extraction to None, run_after=None
[2026-09-16T19:38:37.380+0000] {processor.py:183} INFO - Processing /opt/airflow/dags/extraction_dag.py took 0.232 seconds
[2026-09-16T19:39:07.690+0000] {processor.py:161} INFO - Started process (PID=2137) to work on /opt/airflow/dags/extraction_dag.py
[2026-09-16T19:39:07.692+0000] {processor.py:830} INFO - Processing file /opt/airflow/dags/extraction_dag.py for tasks to queue
[2026-09-16T19:39:07.695+0000] {logging_mixin.py:188} INFO - [2026-09-16T19:39:07.695+0000] {dagbag.py:545} INFO - Filling up the DagBag from /opt/airflow/dags/extraction_dag.py
[2026-09-16T19:39:07.784+0000] {processor.py:840} INFO - DAG(s) 'youtube_extraction' retrieved from /opt/airflow/dags/extraction_dag.py
[2026-09-16T19:39:07.819+0000] {logging_mixin.py:188} INFO - [2026-09-16T19:39:07.819+0000] {dag.py:3096} INFO - Sync 1 DAGs
[2026-09-16T19:39:07.831+0000] {logging_mixin.py:188} INFO - [2026-09-16T19:39:07.831+0000] {dag.py:3954} INFO - Setting next_dagrun for youtube_extraction to None, run_after=None
[2026-09-16T19:39:07.857+0000] {processor.py:183} INFO - Processing /opt/airflow/dags/extraction_dag.py took 0.174 seconds
[2026-09-16T19:39:37.947+0000] {processor.py:161} INFO - Started process (PID=2144) to work on /opt/airflow/dags/extraction_dag.py
[2026-09-16T19:39:37.949+0000] {processor.py:830} INFO - Processing file /opt/airflow/dags/extraction_dag.py for tasks to queue
[2026-09-16T19:39:37.951+0000] {logging_mixin.py:188} INFO - [2026-09-16T19:39:37.951+0000] {dagbag.py:545} INFO - Filling up the DagBag from /opt/airflow/dags/extraction_dag.py
[2026-09-16T19:39:38.037+0000] {processor.py:840} INFO - DAG(s) 'youtube_extraction' retrieved from /opt/airflow/dags/extraction_dag.py
[2026-09-16T19:39:38.079+0000] {logging_mixin.py:188} INFO - [2026-09-16T19:39:38.079+0000] {dag.py:3096} INFO - Sync 1 DAGs
[2026-09-16T19:39:38.095+0000] {logging_mixin.py:188} INFO - [2026-09-16T19:39:38.095+0000] {dag.py:3954} INFO - Setting next_dagrun for youtube_extraction to None, run_after=None
[2026-09-16T19:39:38.124+0000] {processor.py:183} INFO - Processing /opt/airflow/dags/extraction_dag.py took 0.184 seconds
[2026-09-16T19:40:08.590+0000] {processor.py:161} INFO - Started process (PID=2151) to work on /opt/airflow/dags/extraction_dag.py
[2026-09-16T19:40:08.594+0000] {processor.py:830} INFO - Processing file /opt/airflow/dags/extraction_dag.py for tasks to queue
[2026-09-16T19:40:08.599+0000] {logging_mixin.py:188} INFO - [2026-09-16T19:40:08.598+0000] {dagbag.py:545} INFO - Filling up the DagBag from /opt/airflow/dags/extraction_dag.py
[2026-09-16T19:40:08.762+0000] {processor.py:840} INFO - DAG(s) 'youtube_extraction' retrieved from /opt/airflow/dags/extraction_dag.py
[2026-09-16T19:40:08.807+0000] {logging_mixin.py:188} INFO - [2026-09-16T19:40:08.807+0000] {dag.py:3096} INFO - Sync 1 DAGs
[2026-09-16T19:40:08.836+0000] {logging_mixin.py:188} INFO - [2026-09-16T19:40:08.835+0000] {dag.py:3954} INFO - Setting next_dagrun for youtube_extraction to None, run_after=None
[2026-09-16T19:40:08.873+0000] {processor.py:183} INFO - Processing /opt/airflow/dags/extraction_dag.py took 0.290 seconds
[2026-09-16T19:40:39.187+0000] {processor.py:161} INFO - Started process (PID=2158) to work on /opt/airflow/dags/extraction_dag.py
[2026-09-16T19:40:39.190+0000] {processor.py:830} INFO - Processing file /opt/airflow/dags/extraction_dag.py for tasks to queue
[2026-09-16T19:40:39.192+0000] {logging_mixin.py:188} INFO - [2026-09-16T19:40:39.191+0000] {dagbag.py:545} INFO - Filling up the DagBag from /opt/airflow/dags/extraction_dag.py
[2026-09-16T19:40:39.316+0000] {processor.py:840} INFO - DAG(s) 'youtube_extraction' retrieved from /opt/airflow/dags/extraction_dag.py
[2026-09-16T19:40:39.371+0000] {logging_mixin.py:188} INFO - [2026-09-16T19:40:39.371+0000] {dag.py:3096} INFO - Sync 1 DAGs
[2026-09-16T19:40:39.393+0000] {logging_mixin.py:188} INFO - [2026-09-16T19:40:39.393+0000] {dag.py:3954} INFO - Setting next_dagrun for youtube_extraction to None, run_after=None
[2026-09-16T19:40:39.440+0000] {processor.py:183} INFO - Processing /opt/airflow/dags/extraction_dag.py took 0.264 seconds
[2026-09-16T19:41:09.892+0000] {processor.py:161} INFO - Started process (PID=2166) to work on /opt/airflow/dags/extraction_dag.py
[2026-09-16T19:41:09.897+0000] {processor.py:830} INFO - Processing file /opt/airflow/dags/extraction_dag.py for tasks to queue
[2026-09-16T19:41:09.902+0000] {logging_mixin.py:188} INFO - [2026-09-16T19:41:09.901+0000] {dagbag.py:545} INFO - Filling up the DagBag from /opt/airflow/dags/extraction_dag.py
[2026-09-16T19:41:10.034+0000] {processor.py:840} INFO - DAG(s) 'youtube_extraction' retrieved from /opt/airflow/dags/extraction_dag.py
[2026-09-16T19:41:10.075+0000] {logging_mixin.py:188} INFO - [2026-09-16T19:41:10.075+0000] {dag.py:3096} INFO - Sync 1 DAGs
[2026-09-16T19:41:10.099+0000] {logging_mixin.py:188} INFO - [2026-09-16T19:41:10.098+0000] {dag.py:3954} INFO - Setting next_dagrun for youtube_extraction to None, run_after=None
[2026-09-16T19:41:10.153+0000] {processor.py:183} INFO - Processing /opt/airflow/dags/extraction_dag.py took 0.272 seconds
[2026-09-16T19:41:40.452+0000] {processor.py:161} INFO - Started process (PID=2173) to work on /opt/airflow/dags/extraction_dag.py
[2026-09-16T19:41:40.454+0000] {processor.py:830} INFO - Processing file /opt/airflow/dags/extraction_dag.py for tasks to queue
[2026-09-16T19:41:40.456+0000] {logging_mixin.py:188} INFO - [2026-09-16T19:41:40.456+0000] {dagbag.py:545} INFO - Filling up the DagBag from /opt/airflow/dags/extraction_dag.py
[2026-09-16T19:41:40.551+0000] {processor.py:840} INFO - DAG(s) 'youtube_extraction' retrieved from /opt/airflow/dags/extraction_dag.py
[2026-09-16T19:41:40.587+0000] {logging_mixin.py:188} INFO - [2026-09-16T19:41:40.587+0000] {dag.py:3096} INFO - Sync 1 DAGs
[2026-09-16T19:41:40.617+0000] {logging_mixin.py:188} INFO - [2026-09-16T19:41:40.616+0000] {dag.py:3954} INFO - Setting next_dagrun for youtube_extraction to None, run_after=None
[2026-09-16T19:41:40.664+0000] {processor.py:183} INFO - Processing /opt/airflow/dags/extraction_dag.py took 0.222 seconds
[2026-09-16T19:42:10.906+0000] {processor.py:161} INFO - Started process (PID=2179) to work on /opt/airflow/dags/extraction_dag.py
[2026-09-16T19:42:10.908+0000] {processor.py:830} INFO - Processing file /opt/airflow/dags/extraction_dag.py for tasks to queue
[2026-09-16T19:42:10.911+0000] {logging_mixin.py:188} INFO - [2026-09-16T19:42:10.910+0000] {dagbag.py:545} INFO - Filling up the DagBag from /opt/airflow/dags/extraction_dag.py
[2026-09-16T19:42:10.985+0000] {processor.py:840} INFO - DAG(s) 'youtube_extraction' retrieved from /opt/airflow/dags/extraction_dag.py
[2026-09-16T19:42:11.031+0000] {logging_mixin.py:188} INFO - [2026-09-16T19:42:11.030+0000] {dag.py:3096} INFO - Sync 1 DAGs
[2026-09-16T19:42:11.048+0000] {logging_mixin.py:188} INFO - [2026-09-16T19:42:11.047+0000] {dag.py:3954} INFO - Setting next_dagrun for youtube_extraction to None, run_after=None
[2026-09-16T19:42:11.084+0000] {processor.py:183} INFO - Processing /opt/airflow/dags/extraction_dag.py took 0.186 seconds
[2026-09-16T19:42:41.170+0000] {processor.py:161} INFO - Started process (PID=2186) to work on /opt/airflow/dags/extraction_dag.py
[2026-09-16T19:42:41.172+0000] {processor.py:830} INFO - Processing file /opt/airflow/dags/extraction_dag.py for tasks to queue
[2026-09-16T19:42:41.174+0000] {logging_mixin.py:188} INFO - [2026-09-16T19:42:41.174+0000] {dagbag.py:545} INFO - Filling up the DagBag from /opt/airflow/dags/extraction_dag.py
[2026-09-16T19:42:41.256+0000] {processor.py:840} INFO - DAG(s) 'youtube_extraction' retrieved from /opt/airflow/dags/extraction_dag.py
[2026-09-16T19:42:41.293+0000] {logging_mixin.py:188} INFO - [2026-09-16T19:42:41.292+0000] {dag.py:3096} INFO - Sync 1 DAGs
[2026-09-16T19:42:41.314+0000] {logging_mixin.py:188} INFO - [2026-09-16T19:42:41.313+0000] {dag.py:3954} INFO - Setting next_dagrun for youtube_extraction to None, run_after=None
[2026-09-16T19:42:41.391+0000] {processor.py:183} INFO - Processing /opt/airflow/dags/extraction_dag.py took 0.228 seconds
[2026-09-16T19:43:11.660+0000] {processor.py:161} INFO - Started process (PID=2193) to work on /opt/airflow/dags/extraction_dag.py
[2026-09-16T19:43:11.662+0000] {processor.py:830} INFO - Processing file /opt/airflow/dags/extraction_dag.py for tasks to queue
[2026-09-16T19:43:11.666+0000] {logging_mixin.py:188} INFO - [2026-09-16T19:43:11.665+0000] {dagbag.py:545} INFO - Filling up the DagBag from /opt/airflow/dags/extraction_dag.py
[2026-09-16T19:43:11.757+0000] {processor.py:840} INFO - DAG(s) 'youtube_extraction' retrieved from /opt/airflow/dags/extraction_dag.py
[2026-09-16T19:43:11.789+0000] {logging_mixin.py:188} INFO - [2026-09-16T19:43:11.789+0000] {dag.py:3096} INFO - Sync 1 DAGs
[2026-09-16T19:43:11.804+0000] {logging_mixin.py:188} INFO - [2026-09-16T19:43:11.804+0000] {dag.py:3954} INFO - Setting next_dagrun for youtube_extraction to None, run_after=None
[2026-09-16T19:43:11.838+0000] {processor.py:183} INFO - Processing /opt/airflow/dags/extraction_dag.py took 0.184 seconds
[2026-09-16T19:43:41.946+0000] {processor.py:161} INFO - Started process (PID=2201) to work on /opt/airflow/dags/extraction_dag.py
[2026-09-16T19:43:41.949+0000] {processor.py:830} INFO - Processing file /opt/airflow/dags/extraction_dag.py for tasks to queue
[2026-09-16T19:43:41.951+0000] {logging_mixin.py:188} INFO - [2026-09-16T19:43:41.951+0000] {dagbag.py:545} INFO - Filling up the DagBag from /opt/airflow/dags/extraction_dag.py
[2026-09-16T19:43:42.028+0000] {processor.py:840} INFO - DAG(s) 'youtube_extraction' retrieved from /opt/airflow/dags/extraction_dag.py
[2026-09-16T19:43:42.060+0000] {logging_mixin.py:188} INFO - [2026-09-16T19:43:42.059+0000] {dag.py:3096} INFO - Sync 1 DAGs
[2026-09-16T19:43:42.074+0000] {logging_mixin.py:188} INFO - [2026-09-16T19:43:42.074+0000] {dag.py:3954} INFO - Setting next_dagrun for youtube_extraction to None, run_after=None
[2026-09-16T19:43:42.105+0000] {processor.py:183} INFO - Processing /opt/airflow/dags/extraction_dag.py took 0.164 seconds
[2026-09-16T19:44:12.318+0000] {processor.py:161} INFO - Started process (PID=2208) to work on /opt/airflow/dags/extraction_dag.py
[2026-09-16T19:44:12.336+0000] {processor.py:830} INFO - Processing file /opt/airflow/dags/extraction_dag.py for tasks to queue
[2026-09-16T19:44:12.339+0000] {logging_mixin.py:188} INFO - [2026-09-16T19:44:12.338+0000] {dagbag.py:545} INFO - Filling up the DagBag from /opt/airflow/dags/extraction_dag.py
[2026-09-16T19:44:12.475+0000] {processor.py:840} INFO - DAG(s) 'youtube_extraction' retrieved from /opt/airflow/dags/extraction_dag.py
[2026-09-16T19:44:12.508+0000] {logging_mixin.py:188} INFO - [2026-09-16T19:44:12.508+0000] {dag.py:3096} INFO - Sync 1 DAGs
[2026-09-16T19:44:12.543+0000] {logging_mixin.py:188} INFO - [2026-09-16T19:44:12.543+0000] {dag.py:3954} INFO - Setting next_dagrun for youtube_extraction to None, run_after=None
[2026-09-16T19:44:12.591+0000] {processor.py:183} INFO - Processing /opt/airflow/dags/extraction_dag.py took 0.280 seconds
[2026-09-16T19:44:42.925+0000] {processor.py:161} INFO - Started process (PID=2214) to work on /opt/airflow/dags/extraction_dag.py
[2026-09-16T19:44:42.927+0000] {processor.py:830} INFO - Processing file /opt/airflow/dags/extraction_dag.py for tasks to queue
[2026-09-16T19:44:42.929+0000] {logging_mixin.py:188} INFO - [2026-09-16T19:44:42.928+0000] {dagbag.py:545} INFO - Filling up the DagBag from /opt/airflow/dags/extraction_dag.py
[2026-09-16T19:44:43.109+0000] {processor.py:840} INFO - DAG(s) 'youtube_extraction' retrieved from /opt/airflow/dags/extraction_dag.py
[2026-09-16T19:44:43.165+0000] {logging_mixin.py:188} INFO - [2026-09-16T19:44:43.164+0000] {dag.py:3096} INFO - Sync 1 DAGs
[2026-09-16T19:44:43.182+0000] {logging_mixin.py:188} INFO - [2026-09-16T19:44:43.182+0000] {dag.py:3954} INFO - Setting next_dagrun for youtube_extraction to None, run_after=None
[2026-09-16T19:44:43.218+0000] {processor.py:183} INFO - Processing /opt/airflow/dags/extraction_dag.py took 0.303 seconds
[2026-09-16T19:45:13.669+0000] {processor.py:161} INFO - Started process (PID=2221) to work on /opt/airflow/dags/extraction_dag.py
[2026-09-16T19:45:13.672+0000] {processor.py:830} INFO - Processing file /opt/airflow/dags/extraction_dag.py for tasks to queue
[2026-09-16T19:45:13.676+0000] {logging_mixin.py:188} INFO - [2026-09-16T19:45:13.675+0000] {dagbag.py:545} INFO - Filling up the DagBag from /opt/airflow/dags/extraction_dag.py
[2026-09-16T19:45:13.834+0000] {processor.py:840} INFO - DAG(s) 'youtube_extraction' retrieved from /opt/airflow/dags/extraction_dag.py
[2026-09-16T19:45:13.894+0000] {logging_mixin.py:188} INFO - [2026-09-16T19:45:13.893+0000] {dag.py:3096} INFO - Sync 1 DAGs
[2026-09-16T19:45:13.912+0000] {logging_mixin.py:188} INFO - [2026-09-16T19:45:13.912+0000] {dag.py:3954} INFO - Setting next_dagrun for youtube_extraction to None, run_after=None
[2026-09-16T19:45:13.979+0000] {processor.py:183} INFO - Processing /opt/airflow/dags/extraction_dag.py took 0.324 seconds
[2026-09-16T19:45:44.342+0000] {processor.py:161} INFO - Started process (PID=2228) to work on /opt/airflow/dags/extraction_dag.py
[2026-09-16T19:45:44.345+0000] {processor.py:830} INFO - Processing file /opt/airflow/dags/extraction_dag.py for tasks to queue
[2026-09-16T19:45:44.349+0000] {logging_mixin.py:188} INFO - [2026-09-16T19:45:44.348+0000] {dagbag.py:545} INFO - Filling up the DagBag from /opt/airflow/dags/extraction_dag.py
[2026-09-16T19:45:44.546+0000] {processor.py:840} INFO - DAG(s) 'youtube_extraction' retrieved from /opt/airflow/dags/extraction_dag.py
[2026-09-16T19:45:44.624+0000] {logging_mixin.py:188} INFO - [2026-09-16T19:45:44.624+0000] {dag.py:3096} INFO - Sync 1 DAGs
[2026-09-16T19:45:44.646+0000] {logging_mixin.py:188} INFO - [2026-09-16T19:45:44.646+0000] {dag.py:3954} INFO - Setting next_dagrun for youtube_extraction to None, run_after=None
[2026-09-16T19:45:44.707+0000] {processor.py:183} INFO - Processing /opt/airflow/dags/extraction_dag.py took 0.374 seconds
[2026-09-16T19:46:15.062+0000] {processor.py:161} INFO - Started process (PID=2235) to work on /opt/airflow/dags/extraction_dag.py
[2026-09-16T19:46:15.071+0000] {processor.py:830} INFO - Processing file /opt/airflow/dags/extraction_dag.py for tasks to queue
[2026-09-16T19:46:15.078+0000] {logging_mixin.py:188} INFO - [2026-09-16T19:46:15.077+0000] {dagbag.py:545} INFO - Filling up the DagBag from /opt/airflow/dags/extraction_dag.py
[2026-09-16T19:46:15.269+0000] {processor.py:840} INFO - DAG(s) 'youtube_extraction' retrieved from /opt/airflow/dags/extraction_dag.py
[2026-09-16T19:46:15.335+0000] {logging_mixin.py:188} INFO - [2026-09-16T19:46:15.335+0000] {dag.py:3096} INFO - Sync 1 DAGs
[2026-09-16T19:46:15.352+0000] {logging_mixin.py:188} INFO - [2026-09-16T19:46:15.352+0000] {dag.py:3954} INFO - Setting next_dagrun for youtube_extraction to None, run_after=None
[2026-09-16T19:46:15.415+0000] {processor.py:183} INFO - Processing /opt/airflow/dags/extraction_dag.py took 0.368 seconds
[2026-09-16T19:46:45.713+0000] {processor.py:161} INFO - Started process (PID=2242) to work on /opt/airflow/dags/extraction_dag.py
[2026-09-16T19:46:45.719+0000] {processor.py:830} INFO - Processing file /opt/airflow/dags/extraction_dag.py for tasks to queue
[2026-09-16T19:46:45.735+0000] {logging_mixin.py:188} INFO - [2026-09-16T19:46:45.735+0000] {dagbag.py:545} INFO - Filling up the DagBag from /opt/airflow/dags/extraction_dag.py
[2026-09-16T19:46:45.873+0000] {processor.py:840} INFO - DAG(s) 'youtube_extraction' retrieved from /opt/airflow/dags/extraction_dag.py
[2026-09-16T19:46:45.929+0000] {logging_mixin.py:188} INFO - [2026-09-16T19:46:45.929+0000] {dag.py:3096} INFO - Sync 1 DAGs
[2026-09-16T19:46:45.945+0000] {logging_mixin.py:188} INFO - [2026-09-16T19:46:45.945+0000] {dag.py:3954} INFO - Setting next_dagrun for youtube_extraction to None, run_after=None
[2026-09-16T19:46:46.007+0000] {processor.py:183} INFO - Processing /opt/airflow/dags/extraction_dag.py took 0.305 seconds
[2026-09-16T19:47:16.375+0000] {processor.py:161} INFO - Started process (PID=2249) to work on /opt/airflow/dags/extraction_dag.py
[2026-09-16T19:47:16.377+0000] {processor.py:830} INFO - Processing file /opt/airflow/dags/extraction_dag.py for tasks to queue
[2026-09-16T19:47:16.379+0000] {logging_mixin.py:188} INFO - [2026-09-16T19:47:16.379+0000] {dagbag.py:545} INFO - Filling up the DagBag from /opt/airflow/dags/extraction_dag.py
[2026-09-16T19:47:16.478+0000] {processor.py:840} INFO - DAG(s) 'youtube_extraction' retrieved from /opt/airflow/dags/extraction_dag.py
[2026-09-16T19:47:16.523+0000] {logging_mixin.py:188} INFO - [2026-09-16T19:47:16.523+0000] {dag.py:3096} INFO - Sync 1 DAGs
[2026-09-16T19:47:16.543+0000] {logging_mixin.py:188} INFO - [2026-09-16T19:47:16.542+0000] {dag.py:3954} INFO - Setting next_dagrun for youtube_extraction to None, run_after=None
[2026-09-16T19:47:16.580+0000] {processor.py:183} INFO - Processing /opt/airflow/dags/extraction_dag.py took 0.216 seconds
[2026-09-16T19:47:46.691+0000] {processor.py:161} INFO - Started process (PID=2256) to work on /opt/airflow/dags/extraction_dag.py
[2026-09-16T19:47:46.695+0000] {processor.py:830} INFO - Processing file /opt/airflow/dags/extraction_dag.py for tasks to queue
[2026-09-16T19:47:46.709+0000] {logging_mixin.py:188} INFO - [2026-09-16T19:47:46.708+0000] {dagbag.py:545} INFO - Filling up the DagBag from /opt/airflow/dags/extraction_dag.py
[2026-09-16T19:47:46.783+0000] {processor.py:840} INFO - DAG(s) 'youtube_extraction' retrieved from /opt/airflow/dags/extraction_dag.py
[2026-09-16T19:47:46.819+0000] {logging_mixin.py:188} INFO - [2026-09-16T19:47:46.819+0000] {dag.py:3096} INFO - Sync 1 DAGs
[2026-09-16T19:47:46.835+0000] {logging_mixin.py:188} INFO - [2026-09-16T19:47:46.835+0000] {dag.py:3954} INFO - Setting next_dagrun for youtube_extraction to None, run_after=None
[2026-09-16T19:47:46.880+0000] {processor.py:183} INFO - Processing /opt/airflow/dags/extraction_dag.py took 0.198 seconds
[2026-09-16T19:48:17.258+0000] {processor.py:161} INFO - Started process (PID=2263) to work on /opt/airflow/dags/extraction_dag.py
[2026-09-16T19:48:17.261+0000] {processor.py:830} INFO - Processing file /opt/airflow/dags/extraction_dag.py for tasks to queue
[2026-09-16T19:48:17.263+0000] {logging_mixin.py:188} INFO - [2026-09-16T19:48:17.262+0000] {dagbag.py:545} INFO - Filling up the DagBag from /opt/airflow/dags/extraction_dag.py
[2026-09-16T19:48:17.364+0000] {processor.py:840} INFO - DAG(s) 'youtube_extraction' retrieved from /opt/airflow/dags/extraction_dag.py
[2026-09-16T19:48:17.395+0000] {logging_mixin.py:188} INFO - [2026-09-16T19:48:17.395+0000] {dag.py:3096} INFO - Sync 1 DAGs
[2026-09-16T19:48:17.409+0000] {logging_mixin.py:188} INFO - [2026-09-16T19:48:17.409+0000] {dag.py:3954} INFO - Setting next_dagrun for youtube_extraction to None, run_after=None
[2026-09-16T19:48:17.458+0000] {processor.py:183} INFO - Processing /opt/airflow/dags/extraction_dag.py took 0.207 seconds
[2026-09-16T19:48:47.568+0000] {processor.py:161} INFO - Started process (PID=2270) to work on /opt/airflow/dags/extraction_dag.py
[2026-09-16T19:48:47.570+0000] {processor.py:830} INFO - Processing file /opt/airflow/dags/extraction_dag.py for tasks to queue
[2026-09-16T19:48:47.574+0000] {logging_mixin.py:188} INFO - [2026-09-16T19:48:47.573+0000] {dagbag.py:545} INFO - Filling up the DagBag from /opt/airflow/dags/extraction_dag.py
[2026-09-16T19:48:47.697+0000] {processor.py:840} INFO - DAG(s) 'youtube_extraction' retrieved from /opt/airflow/dags/extraction_dag.py
[2026-09-16T19:48:47.743+0000] {logging_mixin.py:188} INFO - [2026-09-16T19:48:47.742+0000] {dag.py:3096} INFO - Sync 1 DAGs
[2026-09-16T19:48:47.764+0000] {logging_mixin.py:188} INFO - [2026-09-16T19:48:47.764+0000] {dag.py:3954} INFO - Setting next_dagrun for youtube_extraction to None, run_after=None
[2026-09-16T19:48:47.831+0000] {processor.py:183} INFO - Processing /opt/airflow/dags/extraction_dag.py took 0.271 seconds
[2026-09-16T19:49:18.081+0000] {processor.py:161} INFO - Started process (PID=2277) to work on /opt/airflow/dags/extraction_dag.py
[2026-09-16T19:49:18.083+0000] {processor.py:830} INFO - Processing file /opt/airflow/dags/extraction_dag.py for tasks to queue
[2026-09-16T19:49:18.085+0000] {logging_mixin.py:188} INFO - [2026-09-16T19:49:18.085+0000] {dagbag.py:545} INFO - Filling up the DagBag from /opt/airflow/dags/extraction_dag.py
[2026-09-16T19:49:18.172+0000] {processor.py:840} INFO - DAG(s) 'youtube_extraction' retrieved from /opt/airflow/dags/extraction_dag.py
[2026-09-16T19:49:18.203+0000] {logging_mixin.py:188} INFO - [2026-09-16T19:49:18.202+0000] {dag.py:3096} INFO - Sync 1 DAGs
[2026-09-16T19:49:18.216+0000] {logging_mixin.py:188} INFO - [2026-09-16T19:49:18.216+0000] {dag.py:3954} INFO - Setting next_dagrun for youtube_extraction to None, run_after=None
[2026-09-16T19:49:18.259+0000] {processor.py:183} INFO - Processing /opt/airflow/dags/extraction_dag.py took 0.186 seconds
[2026-09-16T19:49:48.451+0000] {processor.py:161} INFO - Started process (PID=2284) to work on /opt/airflow/dags/extraction_dag.py
[2026-09-16T19:49:48.453+0000] {processor.py:830} INFO - Processing file /opt/airflow/dags/extraction_dag.py for tasks to queue
[2026-09-16T19:49:48.456+0000] {logging_mixin.py:188} INFO - [2026-09-16T19:49:48.455+0000] {dagbag.py:545} INFO - Filling up the DagBag from /opt/airflow/dags/extraction_dag.py
[2026-09-16T19:49:48.601+0000] {processor.py:840} INFO - DAG(s) 'youtube_extraction' retrieved from /opt/airflow/dags/extraction_dag.py
[2026-09-16T19:49:48.646+0000] {logging_mixin.py:188} INFO - [2026-09-16T19:49:48.645+0000] {dag.py:3096} INFO - Sync 1 DAGs
[2026-09-16T19:49:48.685+0000] {logging_mixin.py:188} INFO - [2026-09-16T19:49:48.684+0000] {dag.py:3954} INFO - Setting next_dagrun for youtube_extraction to None, run_after=None
[2026-09-16T19:49:48.740+0000] {processor.py:183} INFO - Processing /opt/airflow/dags/extraction_dag.py took 0.301 seconds
[2026-09-16T19:50:18.985+0000] {processor.py:161} INFO - Started process (PID=2291) to work on /opt/airflow/dags/extraction_dag.py
[2026-09-16T19:50:18.987+0000] {processor.py:830} INFO - Processing file /opt/airflow/dags/extraction_dag.py for tasks to queue
[2026-09-16T19:50:18.990+0000] {logging_mixin.py:188} INFO - [2026-09-16T19:50:18.989+0000] {dagbag.py:545} INFO - Filling up the DagBag from /opt/airflow/dags/extraction_dag.py
[2026-09-16T19:50:19.089+0000] {processor.py:840} INFO - DAG(s) 'youtube_extraction' retrieved from /opt/airflow/dags/extraction_dag.py
[2026-09-16T19:50:19.189+0000] {logging_mixin.py:188} INFO - [2026-09-16T19:50:19.189+0000] {dag.py:3096} INFO - Sync 1 DAGs
[2026-09-16T19:50:19.213+0000] {logging_mixin.py:188} INFO - [2026-09-16T19:50:19.213+0000] {dag.py:3954} INFO - Setting next_dagrun for youtube_extraction to None, run_after=None
[2026-09-16T19:50:19.262+0000] {processor.py:183} INFO - Processing /opt/airflow/dags/extraction_dag.py took 0.286 seconds
[2026-09-16T19:50:49.613+0000] {processor.py:161} INFO - Started process (PID=2298) to work on /opt/airflow/dags/extraction_dag.py
[2026-09-16T19:50:49.615+0000] {processor.py:830} INFO - Processing file /opt/airflow/dags/extraction_dag.py for tasks to queue
[2026-09-16T19:50:49.618+0000] {logging_mixin.py:188} INFO - [2026-09-16T19:50:49.617+0000] {dagbag.py:545} INFO - Filling up the DagBag from /opt/airflow/dags/extraction_dag.py
[2026-09-16T19:50:49.694+0000] {processor.py:840} INFO - DAG(s) 'youtube_extraction' retrieved from /opt/airflow/dags/extraction_dag.py
[2026-09-16T19:50:49.732+0000] {logging_mixin.py:188} INFO - [2026-09-16T19:50:49.731+0000] {dag.py:3096} INFO - Sync 1 DAGs
[2026-09-16T19:50:49.748+0000] {logging_mixin.py:188} INFO - [2026-09-16T19:50:49.748+0000] {dag.py:3954} INFO - Setting next_dagrun for youtube_extraction to None, run_after=None
[2026-09-16T19:50:49.780+0000] {processor.py:183} INFO - Processing /opt/airflow/dags/extraction_dag.py took 0.178 seconds
[2026-09-16T19:51:19.877+0000] {processor.py:161} INFO - Started process (PID=2305) to work on /opt/airflow/dags/extraction_dag.py
[2026-09-16T19:51:19.880+0000] {processor.py:830} INFO - Processing file /opt/airflow/dags/extraction_dag.py for tasks to queue
[2026-09-16T19:51:19.884+0000] {logging_mixin.py:188} INFO - [2026-09-16T19:51:19.883+0000] {dagbag.py:545} INFO - Filling up the DagBag from /opt/airflow/dags/extraction_dag.py
[2026-09-16T19:51:19.981+0000] {processor.py:840} INFO - DAG(s) 'youtube_extraction' retrieved from /opt/airflow/dags/extraction_dag.py
[2026-09-16T19:51:20.021+0000] {logging_mixin.py:188} INFO - [2026-09-16T19:51:20.021+0000] {dag.py:3096} INFO - Sync 1 DAGs
[2026-09-16T19:51:20.045+0000] {logging_mixin.py:188} INFO - [2026-09-16T19:51:20.044+0000] {dag.py:3954} INFO - Setting next_dagrun for youtube_extraction to None, run_after=None
[2026-09-16T19:51:20.072+0000] {processor.py:183} INFO - Processing /opt/airflow/dags/extraction_dag.py took 0.202 seconds
[2026-09-16T19:51:50.366+0000] {processor.py:161} INFO - Started process (PID=2312) to work on /opt/airflow/dags/extraction_dag.py
[2026-09-16T19:51:50.369+0000] {processor.py:830} INFO - Processing file /opt/airflow/dags/extraction_dag.py for tasks to queue
[2026-09-16T19:51:50.371+0000] {logging_mixin.py:188} INFO - [2026-09-16T19:51:50.370+0000] {dagbag.py:545} INFO - Filling up the DagBag from /opt/airflow/dags/extraction_dag.py
[2026-09-16T19:51:50.488+0000] {processor.py:840} INFO - DAG(s) 'youtube_extraction' retrieved from /opt/airflow/dags/extraction_dag.py
[2026-09-16T19:51:50.536+0000] {logging_mixin.py:188} INFO - [2026-09-16T19:51:50.535+0000] {dag.py:3096} INFO - Sync 1 DAGs
[2026-09-16T19:51:50.550+0000] {logging_mixin.py:188} INFO - [2026-09-16T19:51:50.550+0000] {dag.py:3954} INFO - Setting next_dagrun for youtube_extraction to None, run_after=None
[2026-09-16T19:51:50.586+0000] {processor.py:183} INFO - Processing /opt/airflow/dags/extraction_dag.py took 0.228 seconds
[2026-09-16T19:52:20.669+0000] {processor.py:161} INFO - Started process (PID=2319) to work on /opt/airflow/dags/extraction_dag.py
[2026-09-16T19:52:20.671+0000] {processor.py:830} INFO - Processing file /opt/airflow/dags/extraction_dag.py for tasks to queue
[2026-09-16T19:52:20.673+0000] {logging_mixin.py:188} INFO - [2026-09-16T19:52:20.673+0000] {dagbag.py:545} INFO - Filling up the DagBag from /opt/airflow/dags/extraction_dag.py
[2026-09-16T19:52:20.791+0000] {processor.py:840} INFO - DAG(s) 'youtube_extraction' retrieved from /opt/airflow/dags/extraction_dag.py
[2026-09-16T19:52:20.847+0000] {logging_mixin.py:188} INFO - [2026-09-16T19:52:20.847+0000] {dag.py:3096} INFO - Sync 1 DAGs
[2026-09-16T19:52:20.862+0000] {logging_mixin.py:188} INFO - [2026-09-16T19:52:20.861+0000] {dag.py:3954} INFO - Setting next_dagrun for youtube_extraction to None, run_after=None
[2026-09-16T19:52:20.891+0000] {processor.py:183} INFO - Processing /opt/airflow/dags/extraction_dag.py took 0.230 seconds
[2026-09-16T19:52:51.153+0000] {processor.py:161} INFO - Started process (PID=2326) to work on /opt/airflow/dags/extraction_dag.py
[2026-09-16T19:52:51.156+0000] {processor.py:830} INFO - Processing file /opt/airflow/dags/extraction_dag.py for tasks to queue
[2026-09-16T19:52:51.160+0000] {logging_mixin.py:188} INFO - [2026-09-16T19:52:51.159+0000] {dagbag.py:545} INFO - Filling up the DagBag from /opt/airflow/dags/extraction_dag.py
[2026-09-16T19:52:51.271+0000] {processor.py:840} INFO - DAG(s) 'youtube_extraction' retrieved from /opt/airflow/dags/extraction_dag.py
[2026-09-16T19:52:51.305+0000] {logging_mixin.py:188} INFO - [2026-09-16T19:52:51.305+0000] {dag.py:3096} INFO - Sync 1 DAGs
[2026-09-16T19:52:51.332+0000] {logging_mixin.py:188} INFO - [2026-09-16T19:52:51.332+0000] {dag.py:3954} INFO - Setting next_dagrun for youtube_extraction to None, run_after=None
[2026-09-16T19:52:51.365+0000] {processor.py:183} INFO - Processing /opt/airflow/dags/extraction_dag.py took 0.223 seconds
[2026-09-16T19:53:21.461+0000] {processor.py:161} INFO - Started process (PID=2333) to work on /opt/airflow/dags/extraction_dag.py
[2026-09-16T19:53:21.464+0000] {processor.py:830} INFO - Processing file /opt/airflow/dags/extraction_dag.py for tasks to queue
[2026-09-16T19:53:21.466+0000] {logging_mixin.py:188} INFO - [2026-09-16T19:53:21.466+0000] {dagbag.py:545} INFO - Filling up the DagBag from /opt/airflow/dags/extraction_dag.py
[2026-09-16T19:53:21.556+0000] {processor.py:840} INFO - DAG(s) 'youtube_extraction' retrieved from /opt/airflow/dags/extraction_dag.py
[2026-09-16T19:53:21.615+0000] {logging_mixin.py:188} INFO - [2026-09-16T19:53:21.614+0000] {dag.py:3096} INFO - Sync 1 DAGs
[2026-09-16T19:53:21.645+0000] {logging_mixin.py:188} INFO - [2026-09-16T19:53:21.645+0000] {dag.py:3954} INFO - Setting next_dagrun for youtube_extraction to None, run_after=None
[2026-09-16T19:53:21.708+0000] {processor.py:183} INFO - Processing /opt/airflow/dags/extraction_dag.py took 0.255 seconds
[2026-09-16T19:53:51.913+0000] {processor.py:161} INFO - Started process (PID=2340) to work on /opt/airflow/dags/extraction_dag.py
[2026-09-16T19:53:51.914+0000] {processor.py:830} INFO - Processing file /opt/airflow/dags/extraction_dag.py for tasks to queue
[2026-09-16T19:53:51.916+0000] {logging_mixin.py:188} INFO - [2026-09-16T19:53:51.916+0000] {dagbag.py:545} INFO - Filling up the DagBag from /opt/airflow/dags/extraction_dag.py
[2026-09-16T19:53:52.055+0000] {processor.py:840} INFO - DAG(s) 'youtube_extraction' retrieved from /opt/airflow/dags/extraction_dag.py
[2026-09-16T19:53:52.091+0000] {logging_mixin.py:188} INFO - [2026-09-16T19:53:52.091+0000] {dag.py:3096} INFO - Sync 1 DAGs
[2026-09-16T19:53:52.104+0000] {logging_mixin.py:188} INFO - [2026-09-16T19:53:52.104+0000] {dag.py:3954} INFO - Setting next_dagrun for youtube_extraction to None, run_after=None
[2026-09-16T19:53:52.164+0000] {processor.py:183} INFO - Processing /opt/airflow/dags/extraction_dag.py took 0.257 seconds
[2026-09-16T19:54:22.304+0000] {processor.py:161} INFO - Started process (PID=2347) to work on /opt/airflow/dags/extraction_dag.py
[2026-09-16T19:54:22.306+0000] {processor.py:830} INFO - Processing file /opt/airflow/dags/extraction_dag.py for tasks to queue
[2026-09-16T19:54:22.308+0000] {logging_mixin.py:188} INFO - [2026-09-16T19:54:22.308+0000] {dagbag.py:545} INFO - Filling up the DagBag from /opt/airflow/dags/extraction_dag.py
[2026-09-16T19:54:22.470+0000] {processor.py:840} INFO - DAG(s) 'youtube_extraction' retrieved from /opt/airflow/dags/extraction_dag.py
[2026-09-16T19:54:22.569+0000] {logging_mixin.py:188} INFO - [2026-09-16T19:54:22.568+0000] {dag.py:3096} INFO - Sync 1 DAGs
[2026-09-16T19:54:22.590+0000] {logging_mixin.py:188} INFO - [2026-09-16T19:54:22.589+0000] {dag.py:3954} INFO - Setting next_dagrun for youtube_extraction to None, run_after=None
[2026-09-16T19:54:22.656+0000] {processor.py:183} INFO - Processing /opt/airflow/dags/extraction_dag.py took 0.360 seconds
[2026-09-16T19:54:52.858+0000] {processor.py:161} INFO - Started process (PID=2354) to work on /opt/airflow/dags/extraction_dag.py
[2026-09-16T19:54:52.860+0000] {processor.py:830} INFO - Processing file /opt/airflow/dags/extraction_dag.py for tasks to queue
[2026-09-16T19:54:52.864+0000] {logging_mixin.py:188} INFO - [2026-09-16T19:54:52.863+0000] {dagbag.py:545} INFO - Filling up the DagBag from /opt/airflow/dags/extraction_dag.py
[2026-09-16T19:54:53.026+0000] {processor.py:840} INFO - DAG(s) 'youtube_extraction' retrieved from /opt/airflow/dags/extraction_dag.py
[2026-09-16T19:54:53.090+0000] {logging_mixin.py:188} INFO - [2026-09-16T19:54:53.090+0000] {dag.py:3096} INFO - Sync 1 DAGs
[2026-09-16T19:54:53.109+0000] {logging_mixin.py:188} INFO - [2026-09-16T19:54:53.109+0000] {dag.py:3954} INFO - Setting next_dagrun for youtube_extraction to None, run_after=None
[2026-09-16T19:54:53.173+0000] {processor.py:183} INFO - Processing /opt/airflow/dags/extraction_dag.py took 0.329 seconds
[2026-09-16T19:55:23.285+0000] {processor.py:161} INFO - Started process (PID=2361) to work on /opt/airflow/dags/extraction_dag.py
[2026-09-16T19:55:23.288+0000] {processor.py:830} INFO - Processing file /opt/airflow/dags/extraction_dag.py for tasks to queue
[2026-09-16T19:55:23.290+0000] {logging_mixin.py:188} INFO - [2026-09-16T19:55:23.289+0000] {dagbag.py:545} INFO - Filling up the DagBag from /opt/airflow/dags/extraction_dag.py
[2026-09-16T19:55:23.410+0000] {processor.py:840} INFO - DAG(s) 'youtube_extraction' retrieved from /opt/airflow/dags/extraction_dag.py
[2026-09-16T19:55:23.476+0000] {logging_mixin.py:188} INFO - [2026-09-16T19:55:23.475+0000] {dag.py:3096} INFO - Sync 1 DAGs
[2026-09-16T19:55:23.541+0000] {logging_mixin.py:188} INFO - [2026-09-16T19:55:23.539+0000] {dag.py:3954} INFO - Setting next_dagrun for youtube_extraction to None, run_after=None
[2026-09-16T19:55:23.621+0000] {processor.py:183} INFO - Processing /opt/airflow/dags/extraction_dag.py took 0.347 seconds
[2026-09-16T19:55:53.820+0000] {processor.py:161} INFO - Started process (PID=2368) to work on /opt/airflow/dags/extraction_dag.py
[2026-09-16T19:55:53.827+0000] {processor.py:830} INFO - Processing file /opt/airflow/dags/extraction_dag.py for tasks to queue
[2026-09-16T19:55:53.831+0000] {logging_mixin.py:188} INFO - [2026-09-16T19:55:53.830+0000] {dagbag.py:545} INFO - Filling up the DagBag from /opt/airflow/dags/extraction_dag.py
[2026-09-16T19:55:53.949+0000] {processor.py:840} INFO - DAG(s) 'youtube_extraction' retrieved from /opt/airflow/dags/extraction_dag.py
[2026-09-16T19:55:53.974+0000] {logging_mixin.py:188} INFO - [2026-09-16T19:55:53.974+0000] {dag.py:3096} INFO - Sync 1 DAGs
[2026-09-16T19:55:53.986+0000] {logging_mixin.py:188} INFO - [2026-09-16T19:55:53.986+0000] {dag.py:3954} INFO - Setting next_dagrun for youtube_extraction to None, run_after=None
[2026-09-16T19:55:54.030+0000] {processor.py:183} INFO - Processing /opt/airflow/dags/extraction_dag.py took 0.235 seconds
[2026-09-16T19:56:24.176+0000] {processor.py:161} INFO - Started process (PID=2375) to work on /opt/airflow/dags/extraction_dag.py
[2026-09-16T19:56:24.178+0000] {processor.py:830} INFO - Processing file /opt/airflow/dags/extraction_dag.py for tasks to queue
[2026-09-16T19:56:24.182+0000] {logging_mixin.py:188} INFO - [2026-09-16T19:56:24.182+0000] {dagbag.py:545} INFO - Filling up the DagBag from /opt/airflow/dags/extraction_dag.py
[2026-09-16T19:56:24.277+0000] {processor.py:840} INFO - DAG(s) 'youtube_extraction' retrieved from /opt/airflow/dags/extraction_dag.py
[2026-09-16T19:56:24.326+0000] {logging_mixin.py:188} INFO - [2026-09-16T19:56:24.326+0000] {dag.py:3096} INFO - Sync 1 DAGs
[2026-09-16T19:56:24.343+0000] {logging_mixin.py:188} INFO - [2026-09-16T19:56:24.342+0000] {dag.py:3954} INFO - Setting next_dagrun for youtube_extraction to None, run_after=None
[2026-09-16T19:56:24.395+0000] {processor.py:183} INFO - Processing /opt/airflow/dags/extraction_dag.py took 0.226 seconds
[2026-09-16T19:56:54.630+0000] {processor.py:161} INFO - Started process (PID=2382) to work on /opt/airflow/dags/extraction_dag.py
[2026-09-16T19:56:54.632+0000] {processor.py:830} INFO - Processing file /opt/airflow/dags/extraction_dag.py for tasks to queue
[2026-09-16T19:56:54.634+0000] {logging_mixin.py:188} INFO - [2026-09-16T19:56:54.633+0000] {dagbag.py:545} INFO - Filling up the DagBag from /opt/airflow/dags/extraction_dag.py
[2026-09-16T19:56:54.717+0000] {processor.py:840} INFO - DAG(s) 'youtube_extraction' retrieved from /opt/airflow/dags/extraction_dag.py
[2026-09-16T19:56:54.750+0000] {logging_mixin.py:188} INFO - [2026-09-16T19:56:54.750+0000] {dag.py:3096} INFO - Sync 1 DAGs
[2026-09-16T19:56:54.762+0000] {logging_mixin.py:188} INFO - [2026-09-16T19:56:54.762+0000] {dag.py:3954} INFO - Setting next_dagrun for youtube_extraction to None, run_after=None
[2026-09-16T19:56:54.802+0000] {processor.py:183} INFO - Processing /opt/airflow/dags/extraction_dag.py took 0.178 seconds
[2026-09-16T19:57:24.969+0000] {processor.py:161} INFO - Started process (PID=2389) to work on /opt/airflow/dags/extraction_dag.py
[2026-09-16T19:57:24.971+0000] {processor.py:830} INFO - Processing file /opt/airflow/dags/extraction_dag.py for tasks to queue
[2026-09-16T19:57:24.973+0000] {logging_mixin.py:188} INFO - [2026-09-16T19:57:24.973+0000] {dagbag.py:545} INFO - Filling up the DagBag from /opt/airflow/dags/extraction_dag.py
[2026-09-16T19:57:25.062+0000] {processor.py:840} INFO - DAG(s) 'youtube_extraction' retrieved from /opt/airflow/dags/extraction_dag.py
[2026-09-16T19:57:25.105+0000] {logging_mixin.py:188} INFO - [2026-09-16T19:57:25.104+0000] {dag.py:3096} INFO - Sync 1 DAGs
[2026-09-16T19:57:25.121+0000] {logging_mixin.py:188} INFO - [2026-09-16T19:57:25.120+0000] {dag.py:3954} INFO - Setting next_dagrun for youtube_extraction to None, run_after=None
[2026-09-16T19:57:25.160+0000] {processor.py:183} INFO - Processing /opt/airflow/dags/extraction_dag.py took 0.197 seconds
[2026-09-16T19:57:55.330+0000] {processor.py:161} INFO - Started process (PID=2396) to work on /opt/airflow/dags/extraction_dag.py
[2026-09-16T19:57:55.333+0000] {processor.py:830} INFO - Processing file /opt/airflow/dags/extraction_dag.py for tasks to queue
[2026-09-16T19:57:55.337+0000] {logging_mixin.py:188} INFO - [2026-09-16T19:57:55.336+0000] {dagbag.py:545} INFO - Filling up the DagBag from /opt/airflow/dags/extraction_dag.py
[2026-09-16T19:57:55.424+0000] {processor.py:840} INFO - DAG(s) 'youtube_extraction' retrieved from /opt/airflow/dags/extraction_dag.py
[2026-09-16T19:57:55.455+0000] {logging_mixin.py:188} INFO - [2026-09-16T19:57:55.455+0000] {dag.py:3096} INFO - Sync 1 DAGs
[2026-09-16T19:57:55.467+0000] {logging_mixin.py:188} INFO - [2026-09-16T19:57:55.466+0000] {dag.py:3954} INFO - Setting next_dagrun for youtube_extraction to None, run_after=None
[2026-09-16T19:57:55.493+0000] {processor.py:183} INFO - Processing /opt/airflow/dags/extraction_dag.py took 0.173 seconds
[2026-09-16T19:58:25.721+0000] {processor.py:161} INFO - Started process (PID=2403) to work on /opt/airflow/dags/extraction_dag.py
[2026-09-16T19:58:25.723+0000] {processor.py:830} INFO - Processing file /opt/airflow/dags/extraction_dag.py for tasks to queue
[2026-09-16T19:58:25.725+0000] {logging_mixin.py:188} INFO - [2026-09-16T19:58:25.725+0000] {dagbag.py:545} INFO - Filling up the DagBag from /opt/airflow/dags/extraction_dag.py
[2026-09-16T19:58:25.808+0000] {processor.py:840} INFO - DAG(s) 'youtube_extraction' retrieved from /opt/airflow/dags/extraction_dag.py
[2026-09-16T19:58:25.839+0000] {logging_mixin.py:188} INFO - [2026-09-16T19:58:25.839+0000] {dag.py:3096} INFO - Sync 1 DAGs
[2026-09-16T19:58:25.854+0000] {logging_mixin.py:188} INFO - [2026-09-16T19:58:25.854+0000] {dag.py:3954} INFO - Setting next_dagrun for youtube_extraction to None, run_after=None
[2026-09-16T19:58:25.887+0000] {processor.py:183} INFO - Processing /opt/airflow/dags/extraction_dag.py took 0.175 seconds
[2026-09-16T19:58:56.058+0000] {processor.py:161} INFO - Started process (PID=2410) to work on /opt/airflow/dags/extraction_dag.py
[2026-09-16T19:58:56.060+0000] {processor.py:830} INFO - Processing file /opt/airflow/dags/extraction_dag.py for tasks to queue
[2026-09-16T19:58:56.062+0000] {logging_mixin.py:188} INFO - [2026-09-16T19:58:56.062+0000] {dagbag.py:545} INFO - Filling up the DagBag from /opt/airflow/dags/extraction_dag.py
[2026-09-16T19:58:56.153+0000] {processor.py:840} INFO - DAG(s) 'youtube_extraction' retrieved from /opt/airflow/dags/extraction_dag.py
[2026-09-16T19:58:56.198+0000] {logging_mixin.py:188} INFO - [2026-09-16T19:58:56.197+0000] {dag.py:3096} INFO - Sync 1 DAGs
[2026-09-16T19:58:56.214+0000] {logging_mixin.py:188} INFO - [2026-09-16T19:58:56.214+0000] {dag.py:3954} INFO - Setting next_dagrun for youtube_extraction to None, run_after=None
[2026-09-16T19:58:56.253+0000] {processor.py:183} INFO - Processing /opt/airflow/dags/extraction_dag.py took 0.205 seconds
[2026-09-16T19:59:26.456+0000] {processor.py:161} INFO - Started process (PID=2418) to work on /opt/airflow/dags/extraction_dag.py
[2026-09-16T19:59:26.459+0000] {processor.py:830} INFO - Processing file /opt/airflow/dags/extraction_dag.py for tasks to queue
[2026-09-16T19:59:26.462+0000] {logging_mixin.py:188} INFO - [2026-09-16T19:59:26.461+0000] {dagbag.py:545} INFO - Filling up the DagBag from /opt/airflow/dags/extraction_dag.py
[2026-09-16T19:59:26.603+0000] {processor.py:840} INFO - DAG(s) 'youtube_extraction' retrieved from /opt/airflow/dags/extraction_dag.py
[2026-09-16T19:59:26.688+0000] {logging_mixin.py:188} INFO - [2026-09-16T19:59:26.686+0000] {dag.py:3096} INFO - Sync 1 DAGs
[2026-09-16T19:59:26.744+0000] {logging_mixin.py:188} INFO - [2026-09-16T19:59:26.742+0000] {dag.py:3954} INFO - Setting next_dagrun for youtube_extraction to None, run_after=None
[2026-09-16T19:59:26.885+0000] {processor.py:183} INFO - Processing /opt/airflow/dags/extraction_dag.py took 0.437 seconds
[2026-09-16T19:59:57.165+0000] {processor.py:161} INFO - Started process (PID=2425) to work on /opt/airflow/dags/extraction_dag.py
[2026-09-16T19:59:57.167+0000] {processor.py:830} INFO - Processing file /opt/airflow/dags/extraction_dag.py for tasks to queue
[2026-09-16T19:59:57.169+0000] {logging_mixin.py:188} INFO - [2026-09-16T19:59:57.169+0000] {dagbag.py:545} INFO - Filling up the DagBag from /opt/airflow/dags/extraction_dag.py
[2026-09-16T19:59:57.232+0000] {processor.py:840} INFO - DAG(s) 'youtube_extraction' retrieved from /opt/airflow/dags/extraction_dag.py
[2026-09-16T19:59:57.269+0000] {logging_mixin.py:188} INFO - [2026-09-16T19:59:57.269+0000] {dag.py:3096} INFO - Sync 1 DAGs
[2026-09-16T19:59:57.281+0000] {logging_mixin.py:188} INFO - [2026-09-16T19:59:57.281+0000] {dag.py:3954} INFO - Setting next_dagrun for youtube_extraction to None, run_after=None
[2026-09-16T19:59:57.309+0000] {processor.py:183} INFO - Processing /opt/airflow/dags/extraction_dag.py took 0.150 seconds
[2026-09-16T20:00:27.545+0000] {processor.py:161} INFO - Started process (PID=2432) to work on /opt/airflow/dags/extraction_dag.py
[2026-09-16T20:00:27.548+0000] {processor.py:830} INFO - Processing file /opt/airflow/dags/extraction_dag.py for tasks to queue
[2026-09-16T20:00:27.550+0000] {logging_mixin.py:188} INFO - [2026-09-16T20:00:27.550+0000] {dagbag.py:545} INFO - Filling up the DagBag from /opt/airflow/dags/extraction_dag.py
[2026-09-16T20:00:27.762+0000] {processor.py:840} INFO - DAG(s) 'youtube_extraction' retrieved from /opt/airflow/dags/extraction_dag.py
[2026-09-16T20:00:27.867+0000] {logging_mixin.py:188} INFO - [2026-09-16T20:00:27.867+0000] {dag.py:3096} INFO - Sync 1 DAGs
[2026-09-16T20:00:27.916+0000] {logging_mixin.py:188} INFO - [2026-09-16T20:00:27.915+0000] {dag.py:3954} INFO - Setting next_dagrun for youtube_extraction to None, run_after=None
[2026-09-16T20:00:27.999+0000] {processor.py:183} INFO - Processing /opt/airflow/dags/extraction_dag.py took 0.471 seconds
[2026-09-16T20:00:58.315+0000] {processor.py:161} INFO - Started process (PID=2439) to work on /opt/airflow/dags/extraction_dag.py
[2026-09-16T20:00:58.317+0000] {processor.py:830} INFO - Processing file /opt/airflow/dags/extraction_dag.py for tasks to queue
[2026-09-16T20:00:58.322+0000] {logging_mixin.py:188} INFO - [2026-09-16T20:00:58.321+0000] {dagbag.py:545} INFO - Filling up the DagBag from /opt/airflow/dags/extraction_dag.py
[2026-09-16T20:00:58.468+0000] {processor.py:840} INFO - DAG(s) 'youtube_extraction' retrieved from /opt/airflow/dags/extraction_dag.py
[2026-09-16T20:00:58.529+0000] {logging_mixin.py:188} INFO - [2026-09-16T20:00:58.529+0000] {dag.py:3096} INFO - Sync 1 DAGs
[2026-09-16T20:00:58.550+0000] {logging_mixin.py:188} INFO - [2026-09-16T20:00:58.550+0000] {dag.py:3954} INFO - Setting next_dagrun for youtube_extraction to None, run_after=None
[2026-09-16T20:00:58.596+0000] {processor.py:183} INFO - Processing /opt/airflow/dags/extraction_dag.py took 0.293 seconds
[2026-09-16T20:01:28.904+0000] {processor.py:161} INFO - Started process (PID=2446) to work on /opt/airflow/dags/extraction_dag.py
[2026-09-16T20:01:28.906+0000] {processor.py:830} INFO - Processing file /opt/airflow/dags/extraction_dag.py for tasks to queue
[2026-09-16T20:01:28.908+0000] {logging_mixin.py:188} INFO - [2026-09-16T20:01:28.908+0000] {dagbag.py:545} INFO - Filling up the DagBag from /opt/airflow/dags/extraction_dag.py
[2026-09-16T20:01:28.976+0000] {processor.py:840} INFO - DAG(s) 'youtube_extraction' retrieved from /opt/airflow/dags/extraction_dag.py
[2026-09-16T20:01:29.039+0000] {logging_mixin.py:188} INFO - [2026-09-16T20:01:29.038+0000] {dag.py:3096} INFO - Sync 1 DAGs
[2026-09-16T20:01:29.066+0000] {logging_mixin.py:188} INFO - [2026-09-16T20:01:29.066+0000] {dag.py:3954} INFO - Setting next_dagrun for youtube_extraction to None, run_after=None
[2026-09-16T20:01:29.103+0000] {processor.py:183} INFO - Processing /opt/airflow/dags/extraction_dag.py took 0.206 seconds
[2026-09-16T20:01:59.165+0000] {processor.py:161} INFO - Started process (PID=2453) to work on /opt/airflow/dags/extraction_dag.py
[2026-09-16T20:01:59.167+0000] {processor.py:830} INFO - Processing file /opt/airflow/dags/extraction_dag.py for tasks to queue
[2026-09-16T20:01:59.170+0000] {logging_mixin.py:188} INFO - [2026-09-16T20:01:59.169+0000] {dagbag.py:545} INFO - Filling up the DagBag from /opt/airflow/dags/extraction_dag.py
[2026-09-16T20:01:59.269+0000] {processor.py:840} INFO - DAG(s) 'youtube_extraction' retrieved from /opt/airflow/dags/extraction_dag.py
[2026-09-16T20:01:59.309+0000] {logging_mixin.py:188} INFO - [2026-09-16T20:01:59.308+0000] {dag.py:3096} INFO - Sync 1 DAGs
[2026-09-16T20:01:59.334+0000] {logging_mixin.py:188} INFO - [2026-09-16T20:01:59.333+0000] {dag.py:3954} INFO - Setting next_dagrun for youtube_extraction to None, run_after=None
[2026-09-16T20:01:59.360+0000] {processor.py:183} INFO - Processing /opt/airflow/dags/extraction_dag.py took 0.203 seconds
[2026-09-16T20:02:29.639+0000] {processor.py:161} INFO - Started process (PID=2460) to work on /opt/airflow/dags/extraction_dag.py
[2026-09-16T20:02:29.643+0000] {processor.py:830} INFO - Processing file /opt/airflow/dags/extraction_dag.py for tasks to queue
[2026-09-16T20:02:29.646+0000] {logging_mixin.py:188} INFO - [2026-09-16T20:02:29.646+0000] {dagbag.py:545} INFO - Filling up the DagBag from /opt/airflow/dags/extraction_dag.py
[2026-09-16T20:02:29.757+0000] {processor.py:840} INFO - DAG(s) 'youtube_extraction' retrieved from /opt/airflow/dags/extraction_dag.py
[2026-09-16T20:02:29.823+0000] {logging_mixin.py:188} INFO - [2026-09-16T20:02:29.822+0000] {dag.py:3096} INFO - Sync 1 DAGs
[2026-09-16T20:02:29.865+0000] {logging_mixin.py:188} INFO - [2026-09-16T20:02:29.864+0000] {dag.py:3954} INFO - Setting next_dagrun for youtube_extraction to None, run_after=None
[2026-09-16T20:02:29.935+0000] {processor.py:183} INFO - Processing /opt/airflow/dags/extraction_dag.py took 0.306 seconds
[2026-09-16T20:03:00.227+0000] {processor.py:161} INFO - Started process (PID=2467) to work on /opt/airflow/dags/extraction_dag.py
[2026-09-16T20:03:00.231+0000] {processor.py:830} INFO - Processing file /opt/airflow/dags/extraction_dag.py for tasks to queue
[2026-09-16T20:03:00.235+0000] {logging_mixin.py:188} INFO - [2026-09-16T20:03:00.234+0000] {dagbag.py:545} INFO - Filling up the DagBag from /opt/airflow/dags/extraction_dag.py
[2026-09-16T20:03:00.350+0000] {processor.py:840} INFO - DAG(s) 'youtube_extraction' retrieved from /opt/airflow/dags/extraction_dag.py
[2026-09-16T20:03:00.392+0000] {logging_mixin.py:188} INFO - [2026-09-16T20:03:00.392+0000] {dag.py:3096} INFO - Sync 1 DAGs
[2026-09-16T20:03:00.415+0000] {logging_mixin.py:188} INFO - [2026-09-16T20:03:00.415+0000] {dag.py:3954} INFO - Setting next_dagrun for youtube_extraction to None, run_after=None
[2026-09-16T20:03:00.455+0000] {processor.py:183} INFO - Processing /opt/airflow/dags/extraction_dag.py took 0.238 seconds
[2026-09-16T20:03:30.817+0000] {processor.py:161} INFO - Started process (PID=2475) to work on /opt/airflow/dags/extraction_dag.py
[2026-09-16T20:03:30.822+0000] {processor.py:830} INFO - Processing file /opt/airflow/dags/extraction_dag.py for tasks to queue
[2026-09-16T20:03:30.828+0000] {logging_mixin.py:188} INFO - [2026-09-16T20:03:30.826+0000] {dagbag.py:545} INFO - Filling up the DagBag from /opt/airflow/dags/extraction_dag.py
[2026-09-16T20:03:30.931+0000] {processor.py:840} INFO - DAG(s) 'youtube_extraction' retrieved from /opt/airflow/dags/extraction_dag.py
[2026-09-16T20:03:30.984+0000] {logging_mixin.py:188} INFO - [2026-09-16T20:03:30.983+0000] {dag.py:3096} INFO - Sync 1 DAGs
[2026-09-16T20:03:31.008+0000] {logging_mixin.py:188} INFO - [2026-09-16T20:03:31.007+0000] {dag.py:3954} INFO - Setting next_dagrun for youtube_extraction to None, run_after=None
[2026-09-16T20:03:31.051+0000] {processor.py:183} INFO - Processing /opt/airflow/dags/extraction_dag.py took 0.248 seconds
[2026-09-16T20:04:01.381+0000] {processor.py:161} INFO - Started process (PID=2482) to work on /opt/airflow/dags/extraction_dag.py
[2026-09-16T20:04:01.387+0000] {processor.py:830} INFO - Processing file /opt/airflow/dags/extraction_dag.py for tasks to queue
[2026-09-16T20:04:01.391+0000] {logging_mixin.py:188} INFO - [2026-09-16T20:04:01.390+0000] {dagbag.py:545} INFO - Filling up the DagBag from /opt/airflow/dags/extraction_dag.py
[2026-09-16T20:04:01.473+0000] {processor.py:840} INFO - DAG(s) 'youtube_extraction' retrieved from /opt/airflow/dags/extraction_dag.py
[2026-09-16T20:04:01.517+0000] {logging_mixin.py:188} INFO - [2026-09-16T20:04:01.516+0000] {dag.py:3096} INFO - Sync 1 DAGs
[2026-09-16T20:04:01.534+0000] {logging_mixin.py:188} INFO - [2026-09-16T20:04:01.533+0000] {dag.py:3954} INFO - Setting next_dagrun for youtube_extraction to None, run_after=None
[2026-09-16T20:04:01.564+0000] {processor.py:183} INFO - Processing /opt/airflow/dags/extraction_dag.py took 0.194 seconds
[2026-09-16T20:04:31.670+0000] {processor.py:161} INFO - Started process (PID=2490) to work on /opt/airflow/dags/extraction_dag.py
[2026-09-16T20:04:31.694+0000] {processor.py:830} INFO - Processing file /opt/airflow/dags/extraction_dag.py for tasks to queue
[2026-09-16T20:04:31.698+0000] {logging_mixin.py:188} INFO - [2026-09-16T20:04:31.697+0000] {dagbag.py:545} INFO - Filling up the DagBag from /opt/airflow/dags/extraction_dag.py
[2026-09-16T20:04:31.858+0000] {processor.py:840} INFO - DAG(s) 'youtube_extraction' retrieved from /opt/airflow/dags/extraction_dag.py
[2026-09-16T20:04:31.928+0000] {logging_mixin.py:188} INFO - [2026-09-16T20:04:31.927+0000] {dag.py:3096} INFO - Sync 1 DAGs
[2026-09-16T20:04:31.948+0000] {logging_mixin.py:188} INFO - [2026-09-16T20:04:31.947+0000] {dag.py:3954} INFO - Setting next_dagrun for youtube_extraction to None, run_after=None
[2026-09-16T20:04:31.997+0000] {processor.py:183} INFO - Processing /opt/airflow/dags/extraction_dag.py took 0.337 seconds
[2026-09-16T20:05:02.302+0000] {processor.py:161} INFO - Started process (PID=2497) to work on /opt/airflow/dags/extraction_dag.py
[2026-09-16T20:05:02.304+0000] {processor.py:830} INFO - Processing file /opt/airflow/dags/extraction_dag.py for tasks to queue
[2026-09-16T20:05:02.306+0000] {logging_mixin.py:188} INFO - [2026-09-16T20:05:02.305+0000] {dagbag.py:545} INFO - Filling up the DagBag from /opt/airflow/dags/extraction_dag.py
[2026-09-16T20:05:02.433+0000] {processor.py:840} INFO - DAG(s) 'youtube_extraction' retrieved from /opt/airflow/dags/extraction_dag.py
[2026-09-16T20:05:02.485+0000] {logging_mixin.py:188} INFO - [2026-09-16T20:05:02.485+0000] {dag.py:3096} INFO - Sync 1 DAGs
[2026-09-16T20:05:02.532+0000] {logging_mixin.py:188} INFO - [2026-09-16T20:05:02.531+0000] {dag.py:3954} INFO - Setting next_dagrun for youtube_extraction to None, run_after=None
[2026-09-16T20:05:02.581+0000] {processor.py:183} INFO - Processing /opt/airflow/dags/extraction_dag.py took 0.287 seconds
[2026-09-16T20:05:32.988+0000] {processor.py:161} INFO - Started process (PID=2504) to work on /opt/airflow/dags/extraction_dag.py
[2026-09-16T20:05:32.990+0000] {processor.py:830} INFO - Processing file /opt/airflow/dags/extraction_dag.py for tasks to queue
[2026-09-16T20:05:32.992+0000] {logging_mixin.py:188} INFO - [2026-09-16T20:05:32.991+0000] {dagbag.py:545} INFO - Filling up the DagBag from /opt/airflow/dags/extraction_dag.py
[2026-09-16T20:05:33.117+0000] {processor.py:840} INFO - DAG(s) 'youtube_extraction' retrieved from /opt/airflow/dags/extraction_dag.py
[2026-09-16T20:05:33.151+0000] {logging_mixin.py:188} INFO - [2026-09-16T20:05:33.151+0000] {dag.py:3096} INFO - Sync 1 DAGs
[2026-09-16T20:05:33.168+0000] {logging_mixin.py:188} INFO - [2026-09-16T20:05:33.168+0000] {dag.py:3954} INFO - Setting next_dagrun for youtube_extraction to None, run_after=None
[2026-09-16T20:05:33.234+0000] {processor.py:183} INFO - Processing /opt/airflow/dags/extraction_dag.py took 0.251 seconds
[2026-09-16T20:06:03.323+0000] {processor.py:161} INFO - Started process (PID=2511) to work on /opt/airflow/dags/extraction_dag.py
[2026-09-16T20:06:03.326+0000] {processor.py:830} INFO - Processing file /opt/airflow/dags/extraction_dag.py for tasks to queue
[2026-09-16T20:06:03.331+0000] {logging_mixin.py:188} INFO - [2026-09-16T20:06:03.330+0000] {dagbag.py:545} INFO - Filling up the DagBag from /opt/airflow/dags/extraction_dag.py
[2026-09-16T20:06:03.424+0000] {processor.py:840} INFO - DAG(s) 'youtube_extraction' retrieved from /opt/airflow/dags/extraction_dag.py
[2026-09-16T20:06:03.479+0000] {logging_mixin.py:188} INFO - [2026-09-16T20:06:03.477+0000] {dag.py:3096} INFO - Sync 1 DAGs
[2026-09-16T20:06:03.508+0000] {logging_mixin.py:188} INFO - [2026-09-16T20:06:03.508+0000] {dag.py:3954} INFO - Setting next_dagrun for youtube_extraction to None, run_after=None
[2026-09-16T20:06:03.586+0000] {processor.py:183} INFO - Processing /opt/airflow/dags/extraction_dag.py took 0.275 seconds
[2026-09-16T20:06:33.824+0000] {processor.py:161} INFO - Started process (PID=2518) to work on /opt/airflow/dags/extraction_dag.py
[2026-09-16T20:06:33.828+0000] {processor.py:830} INFO - Processing file /opt/airflow/dags/extraction_dag.py for tasks to queue
[2026-09-16T20:06:33.835+0000] {logging_mixin.py:188} INFO - [2026-09-16T20:06:33.833+0000] {dagbag.py:545} INFO - Filling up the DagBag from /opt/airflow/dags/extraction_dag.py
[2026-09-16T20:06:34.003+0000] {processor.py:840} INFO - DAG(s) 'youtube_extraction' retrieved from /opt/airflow/dags/extraction_dag.py
[2026-09-16T20:06:34.050+0000] {logging_mixin.py:188} INFO - [2026-09-16T20:06:34.049+0000] {dag.py:3096} INFO - Sync 1 DAGs
[2026-09-16T20:06:34.078+0000] {logging_mixin.py:188} INFO - [2026-09-16T20:06:34.077+0000] {dag.py:3954} INFO - Setting next_dagrun for youtube_extraction to None, run_after=None
[2026-09-16T20:06:34.137+0000] {processor.py:183} INFO - Processing /opt/airflow/dags/extraction_dag.py took 0.322 seconds
[2026-09-16T20:07:04.472+0000] {processor.py:161} INFO - Started process (PID=2525) to work on /opt/airflow/dags/extraction_dag.py
[2026-09-16T20:07:04.475+0000] {processor.py:830} INFO - Processing file /opt/airflow/dags/extraction_dag.py for tasks to queue
[2026-09-16T20:07:04.479+0000] {logging_mixin.py:188} INFO - [2026-09-16T20:07:04.477+0000] {dagbag.py:545} INFO - Filling up the DagBag from /opt/airflow/dags/extraction_dag.py
[2026-09-16T20:07:04.620+0000] {processor.py:840} INFO - DAG(s) 'youtube_extraction' retrieved from /opt/airflow/dags/extraction_dag.py
[2026-09-16T20:07:04.665+0000] {logging_mixin.py:188} INFO - [2026-09-16T20:07:04.664+0000] {dag.py:3096} INFO - Sync 1 DAGs
[2026-09-16T20:07:04.684+0000] {logging_mixin.py:188} INFO - [2026-09-16T20:07:04.684+0000] {dag.py:3954} INFO - Setting next_dagrun for youtube_extraction to None, run_after=None
[2026-09-16T20:07:04.736+0000] {processor.py:183} INFO - Processing /opt/airflow/dags/extraction_dag.py took 0.276 seconds
[2026-09-16T20:07:35.024+0000] {processor.py:161} INFO - Started process (PID=2532) to work on /opt/airflow/dags/extraction_dag.py
[2026-09-16T20:07:35.026+0000] {processor.py:830} INFO - Processing file /opt/airflow/dags/extraction_dag.py for tasks to queue
[2026-09-16T20:07:35.028+0000] {logging_mixin.py:188} INFO - [2026-09-16T20:07:35.027+0000] {dagbag.py:545} INFO - Filling up the DagBag from /opt/airflow/dags/extraction_dag.py
[2026-09-16T20:07:35.116+0000] {processor.py:840} INFO - DAG(s) 'youtube_extraction' retrieved from /opt/airflow/dags/extraction_dag.py
[2026-09-16T20:07:35.149+0000] {logging_mixin.py:188} INFO - [2026-09-16T20:07:35.148+0000] {dag.py:3096} INFO - Sync 1 DAGs
[2026-09-16T20:07:35.161+0000] {logging_mixin.py:188} INFO - [2026-09-16T20:07:35.161+0000] {dag.py:3954} INFO - Setting next_dagrun for youtube_extraction to None, run_after=None
[2026-09-16T20:07:35.192+0000] {processor.py:183} INFO - Processing /opt/airflow/dags/extraction_dag.py took 0.175 seconds
[2026-09-16T20:08:05.281+0000] {processor.py:161} INFO - Started process (PID=2539) to work on /opt/airflow/dags/extraction_dag.py
[2026-09-16T20:08:05.284+0000] {processor.py:830} INFO - Processing file /opt/airflow/dags/extraction_dag.py for tasks to queue
[2026-09-16T20:08:05.286+0000] {logging_mixin.py:188} INFO - [2026-09-16T20:08:05.285+0000] {dagbag.py:545} INFO - Filling up the DagBag from /opt/airflow/dags/extraction_dag.py
[2026-09-16T20:08:05.380+0000] {processor.py:840} INFO - DAG(s) 'youtube_extraction' retrieved from /opt/airflow/dags/extraction_dag.py
[2026-09-16T20:08:05.425+0000] {logging_mixin.py:188} INFO - [2026-09-16T20:08:05.424+0000] {dag.py:3096} INFO - Sync 1 DAGs
[2026-09-16T20:08:05.442+0000] {logging_mixin.py:188} INFO - [2026-09-16T20:08:05.441+0000] {dag.py:3954} INFO - Setting next_dagrun for youtube_extraction to None, run_after=None
[2026-09-16T20:08:05.473+0000] {processor.py:183} INFO - Processing /opt/airflow/dags/extraction_dag.py took 0.199 seconds
[2026-09-16T20:08:35.709+0000] {processor.py:161} INFO - Started process (PID=2546) to work on /opt/airflow/dags/extraction_dag.py
[2026-09-16T20:08:35.711+0000] {processor.py:830} INFO - Processing file /opt/airflow/dags/extraction_dag.py for tasks to queue
[2026-09-16T20:08:35.713+0000] {logging_mixin.py:188} INFO - [2026-09-16T20:08:35.712+0000] {dagbag.py:545} INFO - Filling up the DagBag from /opt/airflow/dags/extraction_dag.py
[2026-09-16T20:08:35.802+0000] {processor.py:840} INFO - DAG(s) 'youtube_extraction' retrieved from /opt/airflow/dags/extraction_dag.py
[2026-09-16T20:08:35.833+0000] {logging_mixin.py:188} INFO - [2026-09-16T20:08:35.832+0000] {dag.py:3096} INFO - Sync 1 DAGs
[2026-09-16T20:08:35.845+0000] {logging_mixin.py:188} INFO - [2026-09-16T20:08:35.845+0000] {dag.py:3954} INFO - Setting next_dagrun for youtube_extraction to None, run_after=None
[2026-09-16T20:08:35.874+0000] {processor.py:183} INFO - Processing /opt/airflow/dags/extraction_dag.py took 0.172 seconds
[2026-09-16T20:09:05.989+0000] {processor.py:161} INFO - Started process (PID=2553) to work on /opt/airflow/dags/extraction_dag.py
[2026-09-16T20:09:05.991+0000] {processor.py:830} INFO - Processing file /opt/airflow/dags/extraction_dag.py for tasks to queue
[2026-09-16T20:09:05.993+0000] {logging_mixin.py:188} INFO - [2026-09-16T20:09:05.993+0000] {dagbag.py:545} INFO - Filling up the DagBag from /opt/airflow/dags/extraction_dag.py
[2026-09-16T20:09:06.063+0000] {processor.py:840} INFO - DAG(s) 'youtube_extraction' retrieved from /opt/airflow/dags/extraction_dag.py
[2026-09-16T20:09:06.106+0000] {logging_mixin.py:188} INFO - [2026-09-16T20:09:06.105+0000] {dag.py:3096} INFO - Sync 1 DAGs
[2026-09-16T20:09:06.121+0000] {logging_mixin.py:188} INFO - [2026-09-16T20:09:06.121+0000] {dag.py:3954} INFO - Setting next_dagrun for youtube_extraction to None, run_after=None
[2026-09-16T20:09:06.146+0000] {processor.py:183} INFO - Processing /opt/airflow/dags/extraction_dag.py took 0.166 seconds
[2026-09-16T20:09:36.345+0000] {processor.py:161} INFO - Started process (PID=2560) to work on /opt/airflow/dags/extraction_dag.py
[2026-09-16T20:09:36.347+0000] {processor.py:830} INFO - Processing file /opt/airflow/dags/extraction_dag.py for tasks to queue
[2026-09-16T20:09:36.350+0000] {logging_mixin.py:188} INFO - [2026-09-16T20:09:36.350+0000] {dagbag.py:545} INFO - Filling up the DagBag from /opt/airflow/dags/extraction_dag.py
[2026-09-16T20:09:36.434+0000] {processor.py:840} INFO - DAG(s) 'youtube_extraction' retrieved from /opt/airflow/dags/extraction_dag.py
[2026-09-16T20:09:36.476+0000] {logging_mixin.py:188} INFO - [2026-09-16T20:09:36.476+0000] {dag.py:3096} INFO - Sync 1 DAGs
[2026-09-16T20:09:36.495+0000] {logging_mixin.py:188} INFO - [2026-09-16T20:09:36.494+0000] {dag.py:3954} INFO - Setting next_dagrun for youtube_extraction to None, run_after=None
[2026-09-16T20:09:36.546+0000] {processor.py:183} INFO - Processing /opt/airflow/dags/extraction_dag.py took 0.208 seconds
[2026-09-16T20:10:06.781+0000] {processor.py:161} INFO - Started process (PID=2566) to work on /opt/airflow/dags/extraction_dag.py
[2026-09-16T20:10:06.793+0000] {processor.py:830} INFO - Processing file /opt/airflow/dags/extraction_dag.py for tasks to queue
[2026-09-16T20:10:06.799+0000] {logging_mixin.py:188} INFO - [2026-09-16T20:10:06.798+0000] {dagbag.py:545} INFO - Filling up the DagBag from /opt/airflow/dags/extraction_dag.py
[2026-09-16T20:10:06.908+0000] {processor.py:840} INFO - DAG(s) 'youtube_extraction' retrieved from /opt/airflow/dags/extraction_dag.py
[2026-09-16T20:10:06.955+0000] {logging_mixin.py:188} INFO - [2026-09-16T20:10:06.955+0000] {dag.py:3096} INFO - Sync 1 DAGs
[2026-09-16T20:10:06.977+0000] {logging_mixin.py:188} INFO - [2026-09-16T20:10:06.977+0000] {dag.py:3954} INFO - Setting next_dagrun for youtube_extraction to None, run_after=None
[2026-09-16T20:10:07.026+0000] {processor.py:183} INFO - Processing /opt/airflow/dags/extraction_dag.py took 0.258 seconds
[2026-09-16T20:10:37.124+0000] {processor.py:161} INFO - Started process (PID=2573) to work on /opt/airflow/dags/extraction_dag.py
[2026-09-16T20:10:37.126+0000] {processor.py:830} INFO - Processing file /opt/airflow/dags/extraction_dag.py for tasks to queue
[2026-09-16T20:10:37.128+0000] {logging_mixin.py:188} INFO - [2026-09-16T20:10:37.127+0000] {dagbag.py:545} INFO - Filling up the DagBag from /opt/airflow/dags/extraction_dag.py
[2026-09-16T20:10:37.203+0000] {processor.py:840} INFO - DAG(s) 'youtube_extraction' retrieved from /opt/airflow/dags/extraction_dag.py
[2026-09-16T20:10:37.238+0000] {logging_mixin.py:188} INFO - [2026-09-16T20:10:37.237+0000] {dag.py:3096} INFO - Sync 1 DAGs
[2026-09-16T20:10:37.252+0000] {logging_mixin.py:188} INFO - [2026-09-16T20:10:37.252+0000] {dag.py:3954} INFO - Setting next_dagrun for youtube_extraction to None, run_after=None
[2026-09-16T20:10:37.302+0000] {processor.py:183} INFO - Processing /opt/airflow/dags/extraction_dag.py took 0.186 seconds
[2026-09-16T20:11:07.608+0000] {processor.py:161} INFO - Started process (PID=2580) to work on /opt/airflow/dags/extraction_dag.py
[2026-09-16T20:11:07.610+0000] {processor.py:830} INFO - Processing file /opt/airflow/dags/extraction_dag.py for tasks to queue
[2026-09-16T20:11:07.612+0000] {logging_mixin.py:188} INFO - [2026-09-16T20:11:07.612+0000] {dagbag.py:545} INFO - Filling up the DagBag from /opt/airflow/dags/extraction_dag.py
[2026-09-16T20:11:07.684+0000] {processor.py:840} INFO - DAG(s) 'youtube_extraction' retrieved from /opt/airflow/dags/extraction_dag.py
[2026-09-16T20:11:07.712+0000] {logging_mixin.py:188} INFO - [2026-09-16T20:11:07.712+0000] {dag.py:3096} INFO - Sync 1 DAGs
[2026-09-16T20:11:07.725+0000] {logging_mixin.py:188} INFO - [2026-09-16T20:11:07.724+0000] {dag.py:3954} INFO - Setting next_dagrun for youtube_extraction to None, run_after=None
[2026-09-16T20:11:07.784+0000] {processor.py:183} INFO - Processing /opt/airflow/dags/extraction_dag.py took 0.181 seconds
[2026-09-16T20:11:37.902+0000] {processor.py:161} INFO - Started process (PID=2587) to work on /opt/airflow/dags/extraction_dag.py
[2026-09-16T20:11:37.905+0000] {processor.py:830} INFO - Processing file /opt/airflow/dags/extraction_dag.py for tasks to queue
[2026-09-16T20:11:37.907+0000] {logging_mixin.py:188} INFO - [2026-09-16T20:11:37.906+0000] {dagbag.py:545} INFO - Filling up the DagBag from /opt/airflow/dags/extraction_dag.py
[2026-09-16T20:11:37.996+0000] {processor.py:840} INFO - DAG(s) 'youtube_extraction' retrieved from /opt/airflow/dags/extraction_dag.py
[2026-09-16T20:11:38.051+0000] {logging_mixin.py:188} INFO - [2026-09-16T20:11:38.050+0000] {dag.py:3096} INFO - Sync 1 DAGs
[2026-09-16T20:11:38.074+0000] {logging_mixin.py:188} INFO - [2026-09-16T20:11:38.074+0000] {dag.py:3954} INFO - Setting next_dagrun for youtube_extraction to None, run_after=None
[2026-09-16T20:11:38.125+0000] {processor.py:183} INFO - Processing /opt/airflow/dags/extraction_dag.py took 0.230 seconds
[2026-09-16T20:12:08.377+0000] {processor.py:161} INFO - Started process (PID=2594) to work on /opt/airflow/dags/extraction_dag.py
[2026-09-16T20:12:08.379+0000] {processor.py:830} INFO - Processing file /opt/airflow/dags/extraction_dag.py for tasks to queue
[2026-09-16T20:12:08.381+0000] {logging_mixin.py:188} INFO - [2026-09-16T20:12:08.381+0000] {dagbag.py:545} INFO - Filling up the DagBag from /opt/airflow/dags/extraction_dag.py
[2026-09-16T20:12:08.470+0000] {processor.py:840} INFO - DAG(s) 'youtube_extraction' retrieved from /opt/airflow/dags/extraction_dag.py
[2026-09-16T20:12:08.506+0000] {logging_mixin.py:188} INFO - [2026-09-16T20:12:08.506+0000] {dag.py:3096} INFO - Sync 1 DAGs
[2026-09-16T20:12:08.530+0000] {logging_mixin.py:188} INFO - [2026-09-16T20:12:08.530+0000] {dag.py:3954} INFO - Setting next_dagrun for youtube_extraction to None, run_after=None
[2026-09-16T20:12:08.582+0000] {processor.py:183} INFO - Processing /opt/airflow/dags/extraction_dag.py took 0.215 seconds
[2026-09-16T20:12:38.682+0000] {processor.py:161} INFO - Started process (PID=2607) to work on /opt/airflow/dags/extraction_dag.py
[2026-09-16T20:12:38.684+0000] {processor.py:830} INFO - Processing file /opt/airflow/dags/extraction_dag.py for tasks to queue
[2026-09-16T20:12:38.688+0000] {logging_mixin.py:188} INFO - [2026-09-16T20:12:38.688+0000] {dagbag.py:545} INFO - Filling up the DagBag from /opt/airflow/dags/extraction_dag.py
[2026-09-16T20:12:38.784+0000] {processor.py:840} INFO - DAG(s) 'youtube_extraction' retrieved from /opt/airflow/dags/extraction_dag.py
[2026-09-16T20:12:38.834+0000] {logging_mixin.py:188} INFO - [2026-09-16T20:12:38.834+0000] {dag.py:3096} INFO - Sync 1 DAGs
[2026-09-16T20:12:38.858+0000] {logging_mixin.py:188} INFO - [2026-09-16T20:12:38.857+0000] {dag.py:3954} INFO - Setting next_dagrun for youtube_extraction to None, run_after=None
[2026-09-16T20:12:38.918+0000] {processor.py:183} INFO - Processing /opt/airflow/dags/extraction_dag.py took 0.243 seconds
[2026-09-16T20:13:09.146+0000] {processor.py:161} INFO - Started process (PID=2614) to work on /opt/airflow/dags/extraction_dag.py
[2026-09-16T20:13:09.149+0000] {processor.py:830} INFO - Processing file /opt/airflow/dags/extraction_dag.py for tasks to queue
[2026-09-16T20:13:09.152+0000] {logging_mixin.py:188} INFO - [2026-09-16T20:13:09.152+0000] {dagbag.py:545} INFO - Filling up the DagBag from /opt/airflow/dags/extraction_dag.py
[2026-09-16T20:13:09.299+0000] {processor.py:840} INFO - DAG(s) 'youtube_extraction' retrieved from /opt/airflow/dags/extraction_dag.py
[2026-09-16T20:13:09.334+0000] {logging_mixin.py:188} INFO - [2026-09-16T20:13:09.334+0000] {dag.py:3096} INFO - Sync 1 DAGs
[2026-09-16T20:13:09.350+0000] {logging_mixin.py:188} INFO - [2026-09-16T20:13:09.350+0000] {dag.py:3954} INFO - Setting next_dagrun for youtube_extraction to None, run_after=None
[2026-09-16T20:13:09.387+0000] {processor.py:183} INFO - Processing /opt/airflow/dags/extraction_dag.py took 0.251 seconds
[2026-09-16T20:13:39.456+0000] {processor.py:161} INFO - Started process (PID=2621) to work on /opt/airflow/dags/extraction_dag.py
[2026-09-16T20:13:39.457+0000] {processor.py:830} INFO - Processing file /opt/airflow/dags/extraction_dag.py for tasks to queue
[2026-09-16T20:13:39.459+0000] {logging_mixin.py:188} INFO - [2026-09-16T20:13:39.459+0000] {dagbag.py:545} INFO - Filling up the DagBag from /opt/airflow/dags/extraction_dag.py
[2026-09-16T20:13:39.537+0000] {processor.py:840} INFO - DAG(s) 'youtube_extraction' retrieved from /opt/airflow/dags/extraction_dag.py
[2026-09-16T20:13:39.577+0000] {logging_mixin.py:188} INFO - [2026-09-16T20:13:39.576+0000] {dag.py:3096} INFO - Sync 1 DAGs
[2026-09-16T20:13:39.588+0000] {logging_mixin.py:188} INFO - [2026-09-16T20:13:39.588+0000] {dag.py:3954} INFO - Setting next_dagrun for youtube_extraction to None, run_after=None
[2026-09-16T20:13:39.627+0000] {processor.py:183} INFO - Processing /opt/airflow/dags/extraction_dag.py took 0.177 seconds
[2026-09-16T20:14:09.734+0000] {processor.py:161} INFO - Started process (PID=2628) to work on /opt/airflow/dags/extraction_dag.py
[2026-09-16T20:14:09.737+0000] {processor.py:830} INFO - Processing file /opt/airflow/dags/extraction_dag.py for tasks to queue
[2026-09-16T20:14:09.740+0000] {logging_mixin.py:188} INFO - [2026-09-16T20:14:09.740+0000] {dagbag.py:545} INFO - Filling up the DagBag from /opt/airflow/dags/extraction_dag.py
[2026-09-16T20:14:09.848+0000] {processor.py:840} INFO - DAG(s) 'youtube_extraction' retrieved from /opt/airflow/dags/extraction_dag.py
[2026-09-16T20:14:09.885+0000] {logging_mixin.py:188} INFO - [2026-09-16T20:14:09.885+0000] {dag.py:3096} INFO - Sync 1 DAGs
[2026-09-16T20:14:09.905+0000] {logging_mixin.py:188} INFO - [2026-09-16T20:14:09.904+0000] {dag.py:3954} INFO - Setting next_dagrun for youtube_extraction to None, run_after=None
[2026-09-16T20:14:09.944+0000] {processor.py:183} INFO - Processing /opt/airflow/dags/extraction_dag.py took 0.218 seconds
[2026-09-16T20:14:40.200+0000] {processor.py:161} INFO - Started process (PID=2635) to work on /opt/airflow/dags/extraction_dag.py
[2026-09-16T20:14:40.202+0000] {processor.py:830} INFO - Processing file /opt/airflow/dags/extraction_dag.py for tasks to queue
[2026-09-16T20:14:40.204+0000] {logging_mixin.py:188} INFO - [2026-09-16T20:14:40.203+0000] {dagbag.py:545} INFO - Filling up the DagBag from /opt/airflow/dags/extraction_dag.py
[2026-09-16T20:14:40.304+0000] {processor.py:840} INFO - DAG(s) 'youtube_extraction' retrieved from /opt/airflow/dags/extraction_dag.py
[2026-09-16T20:14:40.349+0000] {logging_mixin.py:188} INFO - [2026-09-16T20:14:40.349+0000] {dag.py:3096} INFO - Sync 1 DAGs
[2026-09-16T20:14:40.368+0000] {logging_mixin.py:188} INFO - [2026-09-16T20:14:40.368+0000] {dag.py:3954} INFO - Setting next_dagrun for youtube_extraction to None, run_after=None
[2026-09-16T20:14:40.412+0000] {processor.py:183} INFO - Processing /opt/airflow/dags/extraction_dag.py took 0.220 seconds
[2026-09-16T20:15:10.529+0000] {processor.py:161} INFO - Started process (PID=2642) to work on /opt/airflow/dags/extraction_dag.py
[2026-09-16T20:15:10.532+0000] {processor.py:830} INFO - Processing file /opt/airflow/dags/extraction_dag.py for tasks to queue
[2026-09-16T20:15:10.534+0000] {logging_mixin.py:188} INFO - [2026-09-16T20:15:10.533+0000] {dagbag.py:545} INFO - Filling up the DagBag from /opt/airflow/dags/extraction_dag.py
[2026-09-16T20:15:10.609+0000] {processor.py:840} INFO - DAG(s) 'youtube_extraction' retrieved from /opt/airflow/dags/extraction_dag.py
[2026-09-16T20:15:10.644+0000] {logging_mixin.py:188} INFO - [2026-09-16T20:15:10.643+0000] {dag.py:3096} INFO - Sync 1 DAGs
[2026-09-16T20:15:10.656+0000] {logging_mixin.py:188} INFO - [2026-09-16T20:15:10.655+0000] {dag.py:3954} INFO - Setting next_dagrun for youtube_extraction to None, run_after=None
[2026-09-16T20:15:10.681+0000] {processor.py:183} INFO - Processing /opt/airflow/dags/extraction_dag.py took 0.159 seconds
[2026-09-16T20:15:40.976+0000] {processor.py:161} INFO - Started process (PID=2649) to work on /opt/airflow/dags/extraction_dag.py
[2026-09-16T20:15:40.978+0000] {processor.py:830} INFO - Processing file /opt/airflow/dags/extraction_dag.py for tasks to queue
[2026-09-16T20:15:40.980+0000] {logging_mixin.py:188} INFO - [2026-09-16T20:15:40.980+0000] {dagbag.py:545} INFO - Filling up the DagBag from /opt/airflow/dags/extraction_dag.py
[2026-09-16T20:15:41.055+0000] {processor.py:840} INFO - DAG(s) 'youtube_extraction' retrieved from /opt/airflow/dags/extraction_dag.py
[2026-09-16T20:15:41.086+0000] {logging_mixin.py:188} INFO - [2026-09-16T20:15:41.086+0000] {dag.py:3096} INFO - Sync 1 DAGs
[2026-09-16T20:15:41.102+0000] {logging_mixin.py:188} INFO - [2026-09-16T20:15:41.101+0000] {dag.py:3954} INFO - Setting next_dagrun for youtube_extraction to None, run_after=None
[2026-09-16T20:15:41.133+0000] {processor.py:183} INFO - Processing /opt/airflow/dags/extraction_dag.py took 0.164 seconds
[2026-09-16T20:16:11.286+0000] {processor.py:161} INFO - Started process (PID=2656) to work on /opt/airflow/dags/extraction_dag.py
[2026-09-16T20:16:11.288+0000] {processor.py:830} INFO - Processing file /opt/airflow/dags/extraction_dag.py for tasks to queue
[2026-09-16T20:16:11.290+0000] {logging_mixin.py:188} INFO - [2026-09-16T20:16:11.290+0000] {dagbag.py:545} INFO - Filling up the DagBag from /opt/airflow/dags/extraction_dag.py
[2026-09-16T20:16:11.382+0000] {processor.py:840} INFO - DAG(s) 'youtube_extraction' retrieved from /opt/airflow/dags/extraction_dag.py
[2026-09-16T20:16:11.422+0000] {logging_mixin.py:188} INFO - [2026-09-16T20:16:11.422+0000] {dag.py:3096} INFO - Sync 1 DAGs
[2026-09-16T20:16:11.438+0000] {logging_mixin.py:188} INFO - [2026-09-16T20:16:11.438+0000] {dag.py:3954} INFO - Setting next_dagrun for youtube_extraction to None, run_after=None
[2026-09-16T20:16:11.471+0000] {processor.py:183} INFO - Processing /opt/airflow/dags/extraction_dag.py took 0.192 seconds
[2026-09-16T20:16:41.719+0000] {processor.py:161} INFO - Started process (PID=2664) to work on /opt/airflow/dags/extraction_dag.py
[2026-09-16T20:16:41.720+0000] {processor.py:830} INFO - Processing file /opt/airflow/dags/extraction_dag.py for tasks to queue
[2026-09-16T20:16:41.723+0000] {logging_mixin.py:188} INFO - [2026-09-16T20:16:41.722+0000] {dagbag.py:545} INFO - Filling up the DagBag from /opt/airflow/dags/extraction_dag.py
[2026-09-16T20:16:41.828+0000] {processor.py:840} INFO - DAG(s) 'youtube_extraction' retrieved from /opt/airflow/dags/extraction_dag.py
[2026-09-16T20:16:41.868+0000] {logging_mixin.py:188} INFO - [2026-09-16T20:16:41.868+0000] {dag.py:3096} INFO - Sync 1 DAGs
[2026-09-16T20:16:41.887+0000] {logging_mixin.py:188} INFO - [2026-09-16T20:16:41.887+0000] {dag.py:3954} INFO - Setting next_dagrun for youtube_extraction to None, run_after=None
[2026-09-16T20:16:41.923+0000] {processor.py:183} INFO - Processing /opt/airflow/dags/extraction_dag.py took 0.211 seconds
[2026-09-16T20:17:12.005+0000] {processor.py:161} INFO - Started process (PID=2671) to work on /opt/airflow/dags/extraction_dag.py
[2026-09-16T20:17:12.007+0000] {processor.py:830} INFO - Processing file /opt/airflow/dags/extraction_dag.py for tasks to queue
[2026-09-16T20:17:12.010+0000] {logging_mixin.py:188} INFO - [2026-09-16T20:17:12.009+0000] {dagbag.py:545} INFO - Filling up the DagBag from /opt/airflow/dags/extraction_dag.py
[2026-09-16T20:17:12.114+0000] {processor.py:840} INFO - DAG(s) 'youtube_extraction' retrieved from /opt/airflow/dags/extraction_dag.py
[2026-09-16T20:17:12.155+0000] {logging_mixin.py:188} INFO - [2026-09-16T20:17:12.155+0000] {dag.py:3096} INFO - Sync 1 DAGs
[2026-09-16T20:17:12.171+0000] {logging_mixin.py:188} INFO - [2026-09-16T20:17:12.171+0000] {dag.py:3954} INFO - Setting next_dagrun for youtube_extraction to None, run_after=None
[2026-09-16T20:17:12.205+0000] {processor.py:183} INFO - Processing /opt/airflow/dags/extraction_dag.py took 0.205 seconds
[2026-09-16T20:17:42.517+0000] {processor.py:161} INFO - Started process (PID=2678) to work on /opt/airflow/dags/extraction_dag.py
[2026-09-16T20:17:42.519+0000] {processor.py:830} INFO - Processing file /opt/airflow/dags/extraction_dag.py for tasks to queue
[2026-09-16T20:17:42.521+0000] {logging_mixin.py:188} INFO - [2026-09-16T20:17:42.520+0000] {dagbag.py:545} INFO - Filling up the DagBag from /opt/airflow/dags/extraction_dag.py
[2026-09-16T20:17:42.650+0000] {processor.py:840} INFO - DAG(s) 'youtube_extraction' retrieved from /opt/airflow/dags/extraction_dag.py
[2026-09-16T20:17:42.686+0000] {logging_mixin.py:188} INFO - [2026-09-16T20:17:42.686+0000] {dag.py:3096} INFO - Sync 1 DAGs
[2026-09-16T20:17:42.701+0000] {logging_mixin.py:188} INFO - [2026-09-16T20:17:42.701+0000] {dag.py:3954} INFO - Setting next_dagrun for youtube_extraction to None, run_after=None
[2026-09-16T20:17:42.740+0000] {processor.py:183} INFO - Processing /opt/airflow/dags/extraction_dag.py took 0.233 seconds
[2026-09-16T20:18:13.096+0000] {processor.py:161} INFO - Started process (PID=2685) to work on /opt/airflow/dags/extraction_dag.py
[2026-09-16T20:18:13.099+0000] {processor.py:830} INFO - Processing file /opt/airflow/dags/extraction_dag.py for tasks to queue
[2026-09-16T20:18:13.102+0000] {logging_mixin.py:188} INFO - [2026-09-16T20:18:13.101+0000] {dagbag.py:545} INFO - Filling up the DagBag from /opt/airflow/dags/extraction_dag.py
[2026-09-16T20:18:13.178+0000] {processor.py:840} INFO - DAG(s) 'youtube_extraction' retrieved from /opt/airflow/dags/extraction_dag.py
[2026-09-16T20:18:13.218+0000] {logging_mixin.py:188} INFO - [2026-09-16T20:18:13.217+0000] {dag.py:3096} INFO - Sync 1 DAGs
[2026-09-16T20:18:13.235+0000] {logging_mixin.py:188} INFO - [2026-09-16T20:18:13.234+0000] {dag.py:3954} INFO - Setting next_dagrun for youtube_extraction to None, run_after=None
[2026-09-16T20:18:13.268+0000] {processor.py:183} INFO - Processing /opt/airflow/dags/extraction_dag.py took 0.180 seconds
[2026-09-16T20:18:43.367+0000] {processor.py:161} INFO - Started process (PID=2692) to work on /opt/airflow/dags/extraction_dag.py
[2026-09-16T20:18:43.369+0000] {processor.py:830} INFO - Processing file /opt/airflow/dags/extraction_dag.py for tasks to queue
[2026-09-16T20:18:43.372+0000] {logging_mixin.py:188} INFO - [2026-09-16T20:18:43.371+0000] {dagbag.py:545} INFO - Filling up the DagBag from /opt/airflow/dags/extraction_dag.py
[2026-09-16T20:18:43.466+0000] {processor.py:840} INFO - DAG(s) 'youtube_extraction' retrieved from /opt/airflow/dags/extraction_dag.py
[2026-09-16T20:18:43.499+0000] {logging_mixin.py:188} INFO - [2026-09-16T20:18:43.498+0000] {dag.py:3096} INFO - Sync 1 DAGs
[2026-09-16T20:18:43.514+0000] {logging_mixin.py:188} INFO - [2026-09-16T20:18:43.514+0000] {dag.py:3954} INFO - Setting next_dagrun for youtube_extraction to None, run_after=None
[2026-09-16T20:18:43.545+0000] {processor.py:183} INFO - Processing /opt/airflow/dags/extraction_dag.py took 0.187 seconds
[2026-09-16T20:19:13.896+0000] {processor.py:161} INFO - Started process (PID=2699) to work on /opt/airflow/dags/extraction_dag.py
[2026-09-16T20:19:13.899+0000] {processor.py:830} INFO - Processing file /opt/airflow/dags/extraction_dag.py for tasks to queue
[2026-09-16T20:19:13.901+0000] {logging_mixin.py:188} INFO - [2026-09-16T20:19:13.901+0000] {dagbag.py:545} INFO - Filling up the DagBag from /opt/airflow/dags/extraction_dag.py
[2026-09-16T20:19:14.020+0000] {processor.py:840} INFO - DAG(s) 'youtube_extraction' retrieved from /opt/airflow/dags/extraction_dag.py
[2026-09-16T20:19:14.073+0000] {logging_mixin.py:188} INFO - [2026-09-16T20:19:14.072+0000] {dag.py:3096} INFO - Sync 1 DAGs
[2026-09-16T20:19:14.094+0000] {logging_mixin.py:188} INFO - [2026-09-16T20:19:14.093+0000] {dag.py:3954} INFO - Setting next_dagrun for youtube_extraction to None, run_after=None
[2026-09-16T20:19:14.137+0000] {processor.py:183} INFO - Processing /opt/airflow/dags/extraction_dag.py took 0.249 seconds
[2026-09-16T20:19:44.436+0000] {processor.py:161} INFO - Started process (PID=2706) to work on /opt/airflow/dags/extraction_dag.py
[2026-09-16T20:19:44.438+0000] {processor.py:830} INFO - Processing file /opt/airflow/dags/extraction_dag.py for tasks to queue
[2026-09-16T20:19:44.441+0000] {logging_mixin.py:188} INFO - [2026-09-16T20:19:44.440+0000] {dagbag.py:545} INFO - Filling up the DagBag from /opt/airflow/dags/extraction_dag.py
[2026-09-16T20:19:44.552+0000] {processor.py:840} INFO - DAG(s) 'youtube_extraction' retrieved from /opt/airflow/dags/extraction_dag.py
[2026-09-16T20:19:44.610+0000] {logging_mixin.py:188} INFO - [2026-09-16T20:19:44.610+0000] {dag.py:3096} INFO - Sync 1 DAGs
[2026-09-16T20:19:44.634+0000] {logging_mixin.py:188} INFO - [2026-09-16T20:19:44.633+0000] {dag.py:3954} INFO - Setting next_dagrun for youtube_extraction to None, run_after=None
[2026-09-16T20:19:44.679+0000] {processor.py:183} INFO - Processing /opt/airflow/dags/extraction_dag.py took 0.253 seconds
[2026-09-16T20:20:15.185+0000] {processor.py:161} INFO - Started process (PID=2713) to work on /opt/airflow/dags/extraction_dag.py
[2026-09-16T20:20:15.188+0000] {processor.py:830} INFO - Processing file /opt/airflow/dags/extraction_dag.py for tasks to queue
[2026-09-16T20:20:15.191+0000] {logging_mixin.py:188} INFO - [2026-09-16T20:20:15.190+0000] {dagbag.py:545} INFO - Filling up the DagBag from /opt/airflow/dags/extraction_dag.py
[2026-09-16T20:20:15.290+0000] {processor.py:840} INFO - DAG(s) 'youtube_extraction' retrieved from /opt/airflow/dags/extraction_dag.py
[2026-09-16T20:20:15.351+0000] {logging_mixin.py:188} INFO - [2026-09-16T20:20:15.351+0000] {dag.py:3096} INFO - Sync 1 DAGs
[2026-09-16T20:20:15.375+0000] {logging_mixin.py:188} INFO - [2026-09-16T20:20:15.374+0000] {dag.py:3954} INFO - Setting next_dagrun for youtube_extraction to None, run_after=None
[2026-09-16T20:20:15.411+0000] {processor.py:183} INFO - Processing /opt/airflow/dags/extraction_dag.py took 0.236 seconds
[2026-09-16T20:20:45.709+0000] {processor.py:161} INFO - Started process (PID=2721) to work on /opt/airflow/dags/extraction_dag.py
[2026-09-16T20:20:45.711+0000] {processor.py:830} INFO - Processing file /opt/airflow/dags/extraction_dag.py for tasks to queue
[2026-09-16T20:20:45.713+0000] {logging_mixin.py:188} INFO - [2026-09-16T20:20:45.712+0000] {dagbag.py:545} INFO - Filling up the DagBag from /opt/airflow/dags/extraction_dag.py
[2026-09-16T20:20:45.832+0000] {processor.py:840} INFO - DAG(s) 'youtube_extraction' retrieved from /opt/airflow/dags/extraction_dag.py
[2026-09-16T20:20:45.887+0000] {logging_mixin.py:188} INFO - [2026-09-16T20:20:45.886+0000] {dag.py:3096} INFO - Sync 1 DAGs
[2026-09-16T20:20:45.907+0000] {logging_mixin.py:188} INFO - [2026-09-16T20:20:45.907+0000] {dag.py:3954} INFO - Setting next_dagrun for youtube_extraction to None, run_after=None
[2026-09-16T20:20:45.954+0000] {processor.py:183} INFO - Processing /opt/airflow/dags/extraction_dag.py took 0.252 seconds
[2026-09-16T20:21:16.335+0000] {processor.py:161} INFO - Started process (PID=2728) to work on /opt/airflow/dags/extraction_dag.py
[2026-09-16T20:21:16.339+0000] {processor.py:830} INFO - Processing file /opt/airflow/dags/extraction_dag.py for tasks to queue
[2026-09-16T20:21:16.343+0000] {logging_mixin.py:188} INFO - [2026-09-16T20:21:16.342+0000] {dagbag.py:545} INFO - Filling up the DagBag from /opt/airflow/dags/extraction_dag.py
[2026-09-16T20:21:16.461+0000] {processor.py:840} INFO - DAG(s) 'youtube_extraction' retrieved from /opt/airflow/dags/extraction_dag.py
[2026-09-16T20:21:16.502+0000] {logging_mixin.py:188} INFO - [2026-09-16T20:21:16.502+0000] {dag.py:3096} INFO - Sync 1 DAGs
[2026-09-16T20:21:16.517+0000] {logging_mixin.py:188} INFO - [2026-09-16T20:21:16.517+0000] {dag.py:3954} INFO - Setting next_dagrun for youtube_extraction to None, run_after=None
[2026-09-16T20:21:16.567+0000] {processor.py:183} INFO - Processing /opt/airflow/dags/extraction_dag.py took 0.245 seconds
[2026-09-16T20:21:46.895+0000] {processor.py:161} INFO - Started process (PID=2735) to work on /opt/airflow/dags/extraction_dag.py
[2026-09-16T20:21:46.899+0000] {processor.py:830} INFO - Processing file /opt/airflow/dags/extraction_dag.py for tasks to queue
[2026-09-16T20:21:46.902+0000] {logging_mixin.py:188} INFO - [2026-09-16T20:21:46.901+0000] {dagbag.py:545} INFO - Filling up the DagBag from /opt/airflow/dags/extraction_dag.py
[2026-09-16T20:21:47.015+0000] {processor.py:840} INFO - DAG(s) 'youtube_extraction' retrieved from /opt/airflow/dags/extraction_dag.py
[2026-09-16T20:21:47.095+0000] {logging_mixin.py:188} INFO - [2026-09-16T20:21:47.095+0000] {dag.py:3096} INFO - Sync 1 DAGs
[2026-09-16T20:21:47.126+0000] {logging_mixin.py:188} INFO - [2026-09-16T20:21:47.125+0000] {dag.py:3954} INFO - Setting next_dagrun for youtube_extraction to None, run_after=None
[2026-09-16T20:21:47.179+0000] {processor.py:183} INFO - Processing /opt/airflow/dags/extraction_dag.py took 0.292 seconds
[2026-09-16T20:22:17.607+0000] {processor.py:161} INFO - Started process (PID=2742) to work on /opt/airflow/dags/extraction_dag.py
[2026-09-16T20:22:17.613+0000] {processor.py:830} INFO - Processing file /opt/airflow/dags/extraction_dag.py for tasks to queue
[2026-09-16T20:22:17.618+0000] {logging_mixin.py:188} INFO - [2026-09-16T20:22:17.616+0000] {dagbag.py:545} INFO - Filling up the DagBag from /opt/airflow/dags/extraction_dag.py
[2026-09-16T20:22:17.756+0000] {processor.py:840} INFO - DAG(s) 'youtube_extraction' retrieved from /opt/airflow/dags/extraction_dag.py
[2026-09-16T20:22:17.812+0000] {logging_mixin.py:188} INFO - [2026-09-16T20:22:17.812+0000] {dag.py:3096} INFO - Sync 1 DAGs
[2026-09-16T20:22:17.839+0000] {logging_mixin.py:188} INFO - [2026-09-16T20:22:17.838+0000] {dag.py:3954} INFO - Setting next_dagrun for youtube_extraction to None, run_after=None
[2026-09-16T20:22:17.914+0000] {processor.py:183} INFO - Processing /opt/airflow/dags/extraction_dag.py took 0.361 seconds
[2026-09-16T20:22:48.309+0000] {processor.py:161} INFO - Started process (PID=2749) to work on /opt/airflow/dags/extraction_dag.py
[2026-09-16T20:22:48.311+0000] {processor.py:830} INFO - Processing file /opt/airflow/dags/extraction_dag.py for tasks to queue
[2026-09-16T20:22:48.317+0000] {logging_mixin.py:188} INFO - [2026-09-16T20:22:48.313+0000] {dagbag.py:545} INFO - Filling up the DagBag from /opt/airflow/dags/extraction_dag.py
[2026-09-16T20:22:48.454+0000] {processor.py:840} INFO - DAG(s) 'youtube_extraction' retrieved from /opt/airflow/dags/extraction_dag.py
[2026-09-16T20:22:48.504+0000] {logging_mixin.py:188} INFO - [2026-09-16T20:22:48.503+0000] {dag.py:3096} INFO - Sync 1 DAGs
[2026-09-16T20:22:48.523+0000] {logging_mixin.py:188} INFO - [2026-09-16T20:22:48.523+0000] {dag.py:3954} INFO - Setting next_dagrun for youtube_extraction to None, run_after=None
[2026-09-16T20:22:48.571+0000] {processor.py:183} INFO - Processing /opt/airflow/dags/extraction_dag.py took 0.277 seconds
[2026-09-16T20:23:18.666+0000] {processor.py:161} INFO - Started process (PID=2756) to work on /opt/airflow/dags/extraction_dag.py
[2026-09-16T20:23:18.670+0000] {processor.py:830} INFO - Processing file /opt/airflow/dags/extraction_dag.py for tasks to queue
[2026-09-16T20:23:18.673+0000] {logging_mixin.py:188} INFO - [2026-09-16T20:23:18.673+0000] {dagbag.py:545} INFO - Filling up the DagBag from /opt/airflow/dags/extraction_dag.py
[2026-09-16T20:23:18.788+0000] {processor.py:840} INFO - DAG(s) 'youtube_extraction' retrieved from /opt/airflow/dags/extraction_dag.py
[2026-09-16T20:23:18.832+0000] {logging_mixin.py:188} INFO - [2026-09-16T20:23:18.832+0000] {dag.py:3096} INFO - Sync 1 DAGs
[2026-09-16T20:23:18.852+0000] {logging_mixin.py:188} INFO - [2026-09-16T20:23:18.851+0000] {dag.py:3954} INFO - Setting next_dagrun for youtube_extraction to None, run_after=None
[2026-09-16T20:23:18.900+0000] {processor.py:183} INFO - Processing /opt/airflow/dags/extraction_dag.py took 0.242 seconds
[2026-09-16T20:23:49.313+0000] {processor.py:161} INFO - Started process (PID=2763) to work on /opt/airflow/dags/extraction_dag.py
[2026-09-16T20:23:49.325+0000] {processor.py:830} INFO - Processing file /opt/airflow/dags/extraction_dag.py for tasks to queue
[2026-09-16T20:23:49.329+0000] {logging_mixin.py:188} INFO - [2026-09-16T20:23:49.328+0000] {dagbag.py:545} INFO - Filling up the DagBag from /opt/airflow/dags/extraction_dag.py
[2026-09-16T20:23:49.454+0000] {processor.py:840} INFO - DAG(s) 'youtube_extraction' retrieved from /opt/airflow/dags/extraction_dag.py
[2026-09-16T20:23:49.511+0000] {logging_mixin.py:188} INFO - [2026-09-16T20:23:49.511+0000] {dag.py:3096} INFO - Sync 1 DAGs
[2026-09-16T20:23:49.531+0000] {logging_mixin.py:188} INFO - [2026-09-16T20:23:49.530+0000] {dag.py:3954} INFO - Setting next_dagrun for youtube_extraction to None, run_after=None
[2026-09-16T20:23:49.587+0000] {processor.py:183} INFO - Processing /opt/airflow/dags/extraction_dag.py took 0.282 seconds
[2026-09-16T20:24:19.903+0000] {processor.py:161} INFO - Started process (PID=2770) to work on /opt/airflow/dags/extraction_dag.py
[2026-09-16T20:24:19.906+0000] {processor.py:830} INFO - Processing file /opt/airflow/dags/extraction_dag.py for tasks to queue
[2026-09-16T20:24:19.909+0000] {logging_mixin.py:188} INFO - [2026-09-16T20:24:19.909+0000] {dagbag.py:545} INFO - Filling up the DagBag from /opt/airflow/dags/extraction_dag.py
[2026-09-16T20:24:20.016+0000] {processor.py:840} INFO - DAG(s) 'youtube_extraction' retrieved from /opt/airflow/dags/extraction_dag.py
[2026-09-16T20:24:20.087+0000] {logging_mixin.py:188} INFO - [2026-09-16T20:24:20.086+0000] {dag.py:3096} INFO - Sync 1 DAGs
[2026-09-16T20:24:20.107+0000] {logging_mixin.py:188} INFO - [2026-09-16T20:24:20.106+0000] {dag.py:3954} INFO - Setting next_dagrun for youtube_extraction to None, run_after=None
[2026-09-16T20:24:20.147+0000] {processor.py:183} INFO - Processing /opt/airflow/dags/extraction_dag.py took 0.252 seconds
[2026-09-16T20:24:50.508+0000] {processor.py:161} INFO - Started process (PID=2777) to work on /opt/airflow/dags/extraction_dag.py
[2026-09-16T20:24:50.511+0000] {processor.py:830} INFO - Processing file /opt/airflow/dags/extraction_dag.py for tasks to queue
[2026-09-16T20:24:50.513+0000] {logging_mixin.py:188} INFO - [2026-09-16T20:24:50.513+0000] {dagbag.py:545} INFO - Filling up the DagBag from /opt/airflow/dags/extraction_dag.py
[2026-09-16T20:24:50.652+0000] {processor.py:840} INFO - DAG(s) 'youtube_extraction' retrieved from /opt/airflow/dags/extraction_dag.py
[2026-09-16T20:24:50.710+0000] {logging_mixin.py:188} INFO - [2026-09-16T20:24:50.710+0000] {dag.py:3096} INFO - Sync 1 DAGs
[2026-09-16T20:24:50.728+0000] {logging_mixin.py:188} INFO - [2026-09-16T20:24:50.728+0000] {dag.py:3954} INFO - Setting next_dagrun for youtube_extraction to None, run_after=None
[2026-09-16T20:24:50.765+0000] {processor.py:183} INFO - Processing /opt/airflow/dags/extraction_dag.py took 0.265 seconds
[2026-09-16T20:25:21.207+0000] {processor.py:161} INFO - Started process (PID=2785) to work on /opt/airflow/dags/extraction_dag.py
[2026-09-16T20:25:21.210+0000] {processor.py:830} INFO - Processing file /opt/airflow/dags/extraction_dag.py for tasks to queue
[2026-09-16T20:25:21.211+0000] {logging_mixin.py:188} INFO - [2026-09-16T20:25:21.211+0000] {dagbag.py:545} INFO - Filling up the DagBag from /opt/airflow/dags/extraction_dag.py
[2026-09-16T20:25:21.307+0000] {processor.py:840} INFO - DAG(s) 'youtube_extraction' retrieved from /opt/airflow/dags/extraction_dag.py
[2026-09-16T20:25:21.350+0000] {logging_mixin.py:188} INFO - [2026-09-16T20:25:21.349+0000] {dag.py:3096} INFO - Sync 1 DAGs
[2026-09-16T20:25:21.368+0000] {logging_mixin.py:188} INFO - [2026-09-16T20:25:21.368+0000] {dag.py:3954} INFO - Setting next_dagrun for youtube_extraction to None, run_after=None
[2026-09-16T20:25:21.405+0000] {processor.py:183} INFO - Processing /opt/airflow/dags/extraction_dag.py took 0.209 seconds
[2026-09-16T20:25:51.512+0000] {processor.py:161} INFO - Started process (PID=2792) to work on /opt/airflow/dags/extraction_dag.py
[2026-09-16T20:25:51.514+0000] {processor.py:830} INFO - Processing file /opt/airflow/dags/extraction_dag.py for tasks to queue
[2026-09-16T20:25:51.516+0000] {logging_mixin.py:188} INFO - [2026-09-16T20:25:51.516+0000] {dagbag.py:545} INFO - Filling up the DagBag from /opt/airflow/dags/extraction_dag.py
[2026-09-16T20:25:51.617+0000] {processor.py:840} INFO - DAG(s) 'youtube_extraction' retrieved from /opt/airflow/dags/extraction_dag.py
[2026-09-16T20:25:51.654+0000] {logging_mixin.py:188} INFO - [2026-09-16T20:25:51.654+0000] {dag.py:3096} INFO - Sync 1 DAGs
[2026-09-16T20:25:51.670+0000] {logging_mixin.py:188} INFO - [2026-09-16T20:25:51.669+0000] {dag.py:3954} INFO - Setting next_dagrun for youtube_extraction to None, run_after=None
[2026-09-16T20:25:51.701+0000] {processor.py:183} INFO - Processing /opt/airflow/dags/extraction_dag.py took 0.198 seconds
[2026-09-16T20:26:22.028+0000] {processor.py:161} INFO - Started process (PID=2799) to work on /opt/airflow/dags/extraction_dag.py
[2026-09-16T20:26:22.030+0000] {processor.py:830} INFO - Processing file /opt/airflow/dags/extraction_dag.py for tasks to queue
[2026-09-16T20:26:22.032+0000] {logging_mixin.py:188} INFO - [2026-09-16T20:26:22.032+0000] {dagbag.py:545} INFO - Filling up the DagBag from /opt/airflow/dags/extraction_dag.py
[2026-09-16T20:26:22.135+0000] {processor.py:840} INFO - DAG(s) 'youtube_extraction' retrieved from /opt/airflow/dags/extraction_dag.py
[2026-09-16T20:26:22.174+0000] {logging_mixin.py:188} INFO - [2026-09-16T20:26:22.173+0000] {dag.py:3096} INFO - Sync 1 DAGs
[2026-09-16T20:26:22.201+0000] {logging_mixin.py:188} INFO - [2026-09-16T20:26:22.201+0000] {dag.py:3954} INFO - Setting next_dagrun for youtube_extraction to None, run_after=None
[2026-09-16T20:26:22.235+0000] {processor.py:183} INFO - Processing /opt/airflow/dags/extraction_dag.py took 0.214 seconds
[2026-09-16T20:26:52.341+0000] {processor.py:161} INFO - Started process (PID=2806) to work on /opt/airflow/dags/extraction_dag.py
[2026-09-16T20:26:52.343+0000] {processor.py:830} INFO - Processing file /opt/airflow/dags/extraction_dag.py for tasks to queue
[2026-09-16T20:26:52.348+0000] {logging_mixin.py:188} INFO - [2026-09-16T20:26:52.347+0000] {dagbag.py:545} INFO - Filling up the DagBag from /opt/airflow/dags/extraction_dag.py
[2026-09-16T20:26:52.435+0000] {processor.py:840} INFO - DAG(s) 'youtube_extraction' retrieved from /opt/airflow/dags/extraction_dag.py
[2026-09-16T20:26:52.480+0000] {logging_mixin.py:188} INFO - [2026-09-16T20:26:52.480+0000] {dag.py:3096} INFO - Sync 1 DAGs
[2026-09-16T20:26:52.501+0000] {logging_mixin.py:188} INFO - [2026-09-16T20:26:52.501+0000] {dag.py:3954} INFO - Setting next_dagrun for youtube_extraction to None, run_after=None
[2026-09-16T20:26:52.538+0000] {processor.py:183} INFO - Processing /opt/airflow/dags/extraction_dag.py took 0.206 seconds
[2026-09-16T20:27:22.885+0000] {processor.py:161} INFO - Started process (PID=2813) to work on /opt/airflow/dags/extraction_dag.py
[2026-09-16T20:27:22.889+0000] {processor.py:830} INFO - Processing file /opt/airflow/dags/extraction_dag.py for tasks to queue
[2026-09-16T20:27:22.892+0000] {logging_mixin.py:188} INFO - [2026-09-16T20:27:22.891+0000] {dagbag.py:545} INFO - Filling up the DagBag from /opt/airflow/dags/extraction_dag.py
[2026-09-16T20:27:23.012+0000] {processor.py:840} INFO - DAG(s) 'youtube_extraction' retrieved from /opt/airflow/dags/extraction_dag.py
[2026-09-16T20:27:23.055+0000] {logging_mixin.py:188} INFO - [2026-09-16T20:27:23.054+0000] {dag.py:3096} INFO - Sync 1 DAGs
[2026-09-16T20:27:23.089+0000] {logging_mixin.py:188} INFO - [2026-09-16T20:27:23.088+0000] {dag.py:3954} INFO - Setting next_dagrun for youtube_extraction to None, run_after=None
[2026-09-16T20:27:23.133+0000] {processor.py:183} INFO - Processing /opt/airflow/dags/extraction_dag.py took 0.259 seconds
[2026-09-16T20:27:53.275+0000] {processor.py:161} INFO - Started process (PID=2820) to work on /opt/airflow/dags/extraction_dag.py
[2026-09-16T20:27:53.278+0000] {processor.py:830} INFO - Processing file /opt/airflow/dags/extraction_dag.py for tasks to queue
[2026-09-16T20:27:53.280+0000] {logging_mixin.py:188} INFO - [2026-09-16T20:27:53.280+0000] {dagbag.py:545} INFO - Filling up the DagBag from /opt/airflow/dags/extraction_dag.py
[2026-09-16T20:27:53.416+0000] {processor.py:840} INFO - DAG(s) 'youtube_extraction' retrieved from /opt/airflow/dags/extraction_dag.py
[2026-09-16T20:27:53.458+0000] {logging_mixin.py:188} INFO - [2026-09-16T20:27:53.458+0000] {dag.py:3096} INFO - Sync 1 DAGs
[2026-09-16T20:27:53.475+0000] {logging_mixin.py:188} INFO - [2026-09-16T20:27:53.475+0000] {dag.py:3954} INFO - Setting next_dagrun for youtube_extraction to None, run_after=None
[2026-09-16T20:27:53.531+0000] {processor.py:183} INFO - Processing /opt/airflow/dags/extraction_dag.py took 0.273 seconds
[2026-09-16T20:28:23.772+0000] {processor.py:161} INFO - Started process (PID=2827) to work on /opt/airflow/dags/extraction_dag.py
[2026-09-16T20:28:23.775+0000] {processor.py:830} INFO - Processing file /opt/airflow/dags/extraction_dag.py for tasks to queue
[2026-09-16T20:28:23.777+0000] {logging_mixin.py:188} INFO - [2026-09-16T20:28:23.777+0000] {dagbag.py:545} INFO - Filling up the DagBag from /opt/airflow/dags/extraction_dag.py
[2026-09-16T20:28:23.870+0000] {processor.py:840} INFO - DAG(s) 'youtube_extraction' retrieved from /opt/airflow/dags/extraction_dag.py
[2026-09-16T20:28:23.904+0000] {logging_mixin.py:188} INFO - [2026-09-16T20:28:23.904+0000] {dag.py:3096} INFO - Sync 1 DAGs
[2026-09-16T20:28:23.920+0000] {logging_mixin.py:188} INFO - [2026-09-16T20:28:23.919+0000] {dag.py:3954} INFO - Setting next_dagrun for youtube_extraction to None, run_after=None
[2026-09-16T20:28:23.951+0000] {processor.py:183} INFO - Processing /opt/airflow/dags/extraction_dag.py took 0.187 seconds
[2026-09-16T20:28:54.136+0000] {processor.py:161} INFO - Started process (PID=2834) to work on /opt/airflow/dags/extraction_dag.py
[2026-09-16T20:28:54.138+0000] {processor.py:830} INFO - Processing file /opt/airflow/dags/extraction_dag.py for tasks to queue
[2026-09-16T20:28:54.141+0000] {logging_mixin.py:188} INFO - [2026-09-16T20:28:54.140+0000] {dagbag.py:545} INFO - Filling up the DagBag from /opt/airflow/dags/extraction_dag.py
[2026-09-16T20:28:54.219+0000] {processor.py:840} INFO - DAG(s) 'youtube_extraction' retrieved from /opt/airflow/dags/extraction_dag.py
[2026-09-16T20:28:54.255+0000] {logging_mixin.py:188} INFO - [2026-09-16T20:28:54.255+0000] {dag.py:3096} INFO - Sync 1 DAGs
[2026-09-16T20:28:54.272+0000] {logging_mixin.py:188} INFO - [2026-09-16T20:28:54.272+0000] {dag.py:3954} INFO - Setting next_dagrun for youtube_extraction to None, run_after=None
[2026-09-16T20:28:54.302+0000] {processor.py:183} INFO - Processing /opt/airflow/dags/extraction_dag.py took 0.174 seconds
[2026-09-16T20:29:24.553+0000] {processor.py:161} INFO - Started process (PID=2841) to work on /opt/airflow/dags/extraction_dag.py
[2026-09-16T20:29:24.556+0000] {processor.py:830} INFO - Processing file /opt/airflow/dags/extraction_dag.py for tasks to queue
[2026-09-16T20:29:24.560+0000] {logging_mixin.py:188} INFO - [2026-09-16T20:29:24.559+0000] {dagbag.py:545} INFO - Filling up the DagBag from /opt/airflow/dags/extraction_dag.py
[2026-09-16T20:29:24.650+0000] {processor.py:840} INFO - DAG(s) 'youtube_extraction' retrieved from /opt/airflow/dags/extraction_dag.py
[2026-09-16T20:29:24.688+0000] {logging_mixin.py:188} INFO - [2026-09-16T20:29:24.688+0000] {dag.py:3096} INFO - Sync 1 DAGs
[2026-09-16T20:29:24.709+0000] {logging_mixin.py:188} INFO - [2026-09-16T20:29:24.709+0000] {dag.py:3954} INFO - Setting next_dagrun for youtube_extraction to None, run_after=None
[2026-09-16T20:29:24.746+0000] {processor.py:183} INFO - Processing /opt/airflow/dags/extraction_dag.py took 0.202 seconds
[2026-09-16T20:29:55.036+0000] {processor.py:161} INFO - Started process (PID=2848) to work on /opt/airflow/dags/extraction_dag.py
[2026-09-16T20:29:55.051+0000] {processor.py:830} INFO - Processing file /opt/airflow/dags/extraction_dag.py for tasks to queue
[2026-09-16T20:29:55.054+0000] {logging_mixin.py:188} INFO - [2026-09-16T20:29:55.053+0000] {dagbag.py:545} INFO - Filling up the DagBag from /opt/airflow/dags/extraction_dag.py
[2026-09-16T20:29:55.162+0000] {processor.py:840} INFO - DAG(s) 'youtube_extraction' retrieved from /opt/airflow/dags/extraction_dag.py
[2026-09-16T20:29:55.229+0000] {logging_mixin.py:188} INFO - [2026-09-16T20:29:55.229+0000] {dag.py:3096} INFO - Sync 1 DAGs
[2026-09-16T20:29:55.247+0000] {logging_mixin.py:188} INFO - [2026-09-16T20:29:55.246+0000] {dag.py:3954} INFO - Setting next_dagrun for youtube_extraction to None, run_after=None
[2026-09-16T20:29:55.303+0000] {processor.py:183} INFO - Processing /opt/airflow/dags/extraction_dag.py took 0.276 seconds
[2026-09-16T20:30:25.632+0000] {processor.py:161} INFO - Started process (PID=2855) to work on /opt/airflow/dags/extraction_dag.py
[2026-09-16T20:30:25.635+0000] {processor.py:830} INFO - Processing file /opt/airflow/dags/extraction_dag.py for tasks to queue
[2026-09-16T20:30:25.637+0000] {logging_mixin.py:188} INFO - [2026-09-16T20:30:25.637+0000] {dagbag.py:545} INFO - Filling up the DagBag from /opt/airflow/dags/extraction_dag.py
[2026-09-16T20:30:25.762+0000] {processor.py:840} INFO - DAG(s) 'youtube_extraction' retrieved from /opt/airflow/dags/extraction_dag.py
[2026-09-16T20:30:25.802+0000] {logging_mixin.py:188} INFO - [2026-09-16T20:30:25.801+0000] {dag.py:3096} INFO - Sync 1 DAGs
[2026-09-16T20:30:25.819+0000] {logging_mixin.py:188} INFO - [2026-09-16T20:30:25.818+0000] {dag.py:3954} INFO - Setting next_dagrun for youtube_extraction to None, run_after=None
[2026-09-16T20:30:25.886+0000] {processor.py:183} INFO - Processing /opt/airflow/dags/extraction_dag.py took 0.266 seconds
[2026-09-16T20:30:56.184+0000] {processor.py:161} INFO - Started process (PID=2862) to work on /opt/airflow/dags/extraction_dag.py
[2026-09-16T20:30:56.187+0000] {processor.py:830} INFO - Processing file /opt/airflow/dags/extraction_dag.py for tasks to queue
[2026-09-16T20:30:56.191+0000] {logging_mixin.py:188} INFO - [2026-09-16T20:30:56.191+0000] {dagbag.py:545} INFO - Filling up the DagBag from /opt/airflow/dags/extraction_dag.py
[2026-09-16T20:30:56.341+0000] {processor.py:840} INFO - DAG(s) 'youtube_extraction' retrieved from /opt/airflow/dags/extraction_dag.py
[2026-09-16T20:30:56.415+0000] {logging_mixin.py:188} INFO - [2026-09-16T20:30:56.414+0000] {dag.py:3096} INFO - Sync 1 DAGs
[2026-09-16T20:30:56.461+0000] {logging_mixin.py:188} INFO - [2026-09-16T20:30:56.460+0000] {dag.py:3954} INFO - Setting next_dagrun for youtube_extraction to None, run_after=None
[2026-09-16T20:30:56.523+0000] {processor.py:183} INFO - Processing /opt/airflow/dags/extraction_dag.py took 0.350 seconds
[2026-09-16T20:31:26.937+0000] {processor.py:161} INFO - Started process (PID=2869) to work on /opt/airflow/dags/extraction_dag.py
[2026-09-16T20:31:26.939+0000] {processor.py:830} INFO - Processing file /opt/airflow/dags/extraction_dag.py for tasks to queue
[2026-09-16T20:31:26.941+0000] {logging_mixin.py:188} INFO - [2026-09-16T20:31:26.941+0000] {dagbag.py:545} INFO - Filling up the DagBag from /opt/airflow/dags/extraction_dag.py
[2026-09-16T20:31:27.200+0000] {processor.py:840} INFO - DAG(s) 'youtube_extraction' retrieved from /opt/airflow/dags/extraction_dag.py
[2026-09-16T20:31:27.253+0000] {logging_mixin.py:188} INFO - [2026-09-16T20:31:27.252+0000] {dag.py:3096} INFO - Sync 1 DAGs
[2026-09-16T20:31:27.276+0000] {logging_mixin.py:188} INFO - [2026-09-16T20:31:27.275+0000] {dag.py:3954} INFO - Setting next_dagrun for youtube_extraction to None, run_after=None
[2026-09-16T20:31:27.318+0000] {processor.py:183} INFO - Processing /opt/airflow/dags/extraction_dag.py took 0.390 seconds
[2026-09-16T20:31:57.697+0000] {processor.py:161} INFO - Started process (PID=2876) to work on /opt/airflow/dags/extraction_dag.py
[2026-09-16T20:31:57.700+0000] {processor.py:830} INFO - Processing file /opt/airflow/dags/extraction_dag.py for tasks to queue
[2026-09-16T20:31:57.703+0000] {logging_mixin.py:188} INFO - [2026-09-16T20:31:57.702+0000] {dagbag.py:545} INFO - Filling up the DagBag from /opt/airflow/dags/extraction_dag.py
[2026-09-16T20:31:57.819+0000] {processor.py:840} INFO - DAG(s) 'youtube_extraction' retrieved from /opt/airflow/dags/extraction_dag.py
[2026-09-16T20:31:57.861+0000] {logging_mixin.py:188} INFO - [2026-09-16T20:31:57.861+0000] {dag.py:3096} INFO - Sync 1 DAGs
[2026-09-16T20:31:57.879+0000] {logging_mixin.py:188} INFO - [2026-09-16T20:31:57.878+0000] {dag.py:3954} INFO - Setting next_dagrun for youtube_extraction to None, run_after=None
[2026-09-16T20:31:57.910+0000] {processor.py:183} INFO - Processing /opt/airflow/dags/extraction_dag.py took 0.226 seconds
[2026-09-16T20:32:28.824+0000] {processor.py:161} INFO - Started process (PID=2883) to work on /opt/airflow/dags/extraction_dag.py
[2026-09-16T20:32:28.879+0000] {processor.py:830} INFO - Processing file /opt/airflow/dags/extraction_dag.py for tasks to queue
[2026-09-16T20:32:28.907+0000] {logging_mixin.py:188} INFO - [2026-09-16T20:32:28.900+0000] {dagbag.py:545} INFO - Filling up the DagBag from /opt/airflow/dags/extraction_dag.py
[2026-09-16T20:32:29.304+0000] {processor.py:840} INFO - DAG(s) 'youtube_extraction' retrieved from /opt/airflow/dags/extraction_dag.py
[2026-09-16T20:32:29.614+0000] {logging_mixin.py:188} INFO - [2026-09-16T20:32:29.614+0000] {dag.py:3096} INFO - Sync 1 DAGs
[2026-09-16T20:32:29.867+0000] {logging_mixin.py:188} INFO - [2026-09-16T20:32:29.866+0000] {dag.py:3954} INFO - Setting next_dagrun for youtube_extraction to None, run_after=None
[2026-09-16T20:32:30.059+0000] {processor.py:183} INFO - Processing /opt/airflow/dags/extraction_dag.py took 1.500 seconds
[2026-09-16T20:33:00.496+0000] {processor.py:161} INFO - Started process (PID=2890) to work on /opt/airflow/dags/extraction_dag.py
[2026-09-16T20:33:00.508+0000] {processor.py:830} INFO - Processing file /opt/airflow/dags/extraction_dag.py for tasks to queue
[2026-09-16T20:33:00.510+0000] {logging_mixin.py:188} INFO - [2026-09-16T20:33:00.510+0000] {dagbag.py:545} INFO - Filling up the DagBag from /opt/airflow/dags/extraction_dag.py
[2026-09-16T20:33:00.675+0000] {processor.py:840} INFO - DAG(s) 'youtube_extraction' retrieved from /opt/airflow/dags/extraction_dag.py
[2026-09-16T20:33:01.275+0000] {logging_mixin.py:188} INFO - [2026-09-16T20:33:01.273+0000] {dag.py:3096} INFO - Sync 1 DAGs
[2026-09-16T20:33:01.635+0000] {logging_mixin.py:188} INFO - [2026-09-16T20:33:01.634+0000] {dag.py:3954} INFO - Setting next_dagrun for youtube_extraction to None, run_after=None
[2026-09-16T20:33:01.797+0000] {processor.py:183} INFO - Processing /opt/airflow/dags/extraction_dag.py took 1.312 seconds
[2026-09-16T20:33:32.296+0000] {processor.py:161} INFO - Started process (PID=2897) to work on /opt/airflow/dags/extraction_dag.py
[2026-09-16T20:33:32.299+0000] {processor.py:830} INFO - Processing file /opt/airflow/dags/extraction_dag.py for tasks to queue
[2026-09-16T20:33:32.302+0000] {logging_mixin.py:188} INFO - [2026-09-16T20:33:32.302+0000] {dagbag.py:545} INFO - Filling up the DagBag from /opt/airflow/dags/extraction_dag.py
[2026-09-16T20:33:32.415+0000] {processor.py:840} INFO - DAG(s) 'youtube_extraction' retrieved from /opt/airflow/dags/extraction_dag.py
[2026-09-16T20:33:32.910+0000] {logging_mixin.py:188} INFO - [2026-09-16T20:33:32.909+0000] {dag.py:3096} INFO - Sync 1 DAGs
[2026-09-16T20:33:33.156+0000] {logging_mixin.py:188} INFO - [2026-09-16T20:33:33.155+0000] {dag.py:3954} INFO - Setting next_dagrun for youtube_extraction to None, run_after=None
[2026-09-16T20:33:33.432+0000] {processor.py:183} INFO - Processing /opt/airflow/dags/extraction_dag.py took 1.143 seconds
[2026-09-16T20:34:03.731+0000] {processor.py:161} INFO - Started process (PID=2904) to work on /opt/airflow/dags/extraction_dag.py
[2026-09-16T20:34:03.733+0000] {processor.py:830} INFO - Processing file /opt/airflow/dags/extraction_dag.py for tasks to queue
[2026-09-16T20:34:03.747+0000] {logging_mixin.py:188} INFO - [2026-09-16T20:34:03.746+0000] {dagbag.py:545} INFO - Filling up the DagBag from /opt/airflow/dags/extraction_dag.py
[2026-09-16T20:34:03.964+0000] {processor.py:840} INFO - DAG(s) 'youtube_extraction' retrieved from /opt/airflow/dags/extraction_dag.py
[2026-09-16T20:34:04.017+0000] {logging_mixin.py:188} INFO - [2026-09-16T20:34:04.016+0000] {dag.py:3096} INFO - Sync 1 DAGs
[2026-09-16T20:34:04.039+0000] {logging_mixin.py:188} INFO - [2026-09-16T20:34:04.038+0000] {dag.py:3954} INFO - Setting next_dagrun for youtube_extraction to None, run_after=None
[2026-09-16T20:34:04.098+0000] {processor.py:183} INFO - Processing /opt/airflow/dags/extraction_dag.py took 0.375 seconds
[2026-09-16T20:34:34.394+0000] {processor.py:161} INFO - Started process (PID=2911) to work on /opt/airflow/dags/extraction_dag.py
[2026-09-16T20:34:34.397+0000] {processor.py:830} INFO - Processing file /opt/airflow/dags/extraction_dag.py for tasks to queue
[2026-09-16T20:34:34.400+0000] {logging_mixin.py:188} INFO - [2026-09-16T20:34:34.399+0000] {dagbag.py:545} INFO - Filling up the DagBag from /opt/airflow/dags/extraction_dag.py
[2026-09-16T20:34:34.564+0000] {processor.py:840} INFO - DAG(s) 'youtube_extraction' retrieved from /opt/airflow/dags/extraction_dag.py
[2026-09-16T20:34:34.637+0000] {logging_mixin.py:188} INFO - [2026-09-16T20:34:34.637+0000] {dag.py:3096} INFO - Sync 1 DAGs
[2026-09-16T20:34:34.667+0000] {logging_mixin.py:188} INFO - [2026-09-16T20:34:34.667+0000] {dag.py:3954} INFO - Setting next_dagrun for youtube_extraction to None, run_after=None
[2026-09-16T20:34:34.735+0000] {processor.py:183} INFO - Processing /opt/airflow/dags/extraction_dag.py took 0.354 seconds
[2026-09-16T20:35:04.883+0000] {processor.py:161} INFO - Started process (PID=2918) to work on /opt/airflow/dags/extraction_dag.py
[2026-09-16T20:35:04.886+0000] {processor.py:830} INFO - Processing file /opt/airflow/dags/extraction_dag.py for tasks to queue
[2026-09-16T20:35:04.889+0000] {logging_mixin.py:188} INFO - [2026-09-16T20:35:04.889+0000] {dagbag.py:545} INFO - Filling up the DagBag from /opt/airflow/dags/extraction_dag.py
[2026-09-16T20:35:05.031+0000] {processor.py:840} INFO - DAG(s) 'youtube_extraction' retrieved from /opt/airflow/dags/extraction_dag.py
[2026-09-16T20:35:05.268+0000] {logging_mixin.py:188} INFO - [2026-09-16T20:35:05.268+0000] {dag.py:3096} INFO - Sync 1 DAGs
[2026-09-16T20:35:05.291+0000] {logging_mixin.py:188} INFO - [2026-09-16T20:35:05.290+0000] {dag.py:3954} INFO - Setting next_dagrun for youtube_extraction to None, run_after=None
[2026-09-16T20:35:05.355+0000] {processor.py:183} INFO - Processing /opt/airflow/dags/extraction_dag.py took 0.483 seconds
[2026-09-16T20:35:35.628+0000] {processor.py:161} INFO - Started process (PID=2925) to work on /opt/airflow/dags/extraction_dag.py
[2026-09-16T20:35:35.633+0000] {processor.py:830} INFO - Processing file /opt/airflow/dags/extraction_dag.py for tasks to queue
[2026-09-16T20:35:35.639+0000] {logging_mixin.py:188} INFO - [2026-09-16T20:35:35.638+0000] {dagbag.py:545} INFO - Filling up the DagBag from /opt/airflow/dags/extraction_dag.py
[2026-09-16T20:35:35.848+0000] {processor.py:840} INFO - DAG(s) 'youtube_extraction' retrieved from /opt/airflow/dags/extraction_dag.py
[2026-09-16T20:35:35.948+0000] {logging_mixin.py:188} INFO - [2026-09-16T20:35:35.947+0000] {dag.py:3096} INFO - Sync 1 DAGs
[2026-09-16T20:35:36.014+0000] {logging_mixin.py:188} INFO - [2026-09-16T20:35:36.013+0000] {dag.py:3954} INFO - Setting next_dagrun for youtube_extraction to None, run_after=None
[2026-09-16T20:35:36.117+0000] {processor.py:183} INFO - Processing /opt/airflow/dags/extraction_dag.py took 0.504 seconds
[2026-09-16T20:36:06.569+0000] {processor.py:161} INFO - Started process (PID=2932) to work on /opt/airflow/dags/extraction_dag.py
[2026-09-16T20:36:06.571+0000] {processor.py:830} INFO - Processing file /opt/airflow/dags/extraction_dag.py for tasks to queue
[2026-09-16T20:36:06.574+0000] {logging_mixin.py:188} INFO - [2026-09-16T20:36:06.573+0000] {dagbag.py:545} INFO - Filling up the DagBag from /opt/airflow/dags/extraction_dag.py
[2026-09-16T20:36:06.689+0000] {processor.py:840} INFO - DAG(s) 'youtube_extraction' retrieved from /opt/airflow/dags/extraction_dag.py
[2026-09-16T20:36:06.734+0000] {logging_mixin.py:188} INFO - [2026-09-16T20:36:06.734+0000] {dag.py:3096} INFO - Sync 1 DAGs
[2026-09-16T20:36:06.758+0000] {logging_mixin.py:188} INFO - [2026-09-16T20:36:06.757+0000] {dag.py:3954} INFO - Setting next_dagrun for youtube_extraction to None, run_after=None
[2026-09-16T20:36:06.809+0000] {processor.py:183} INFO - Processing /opt/airflow/dags/extraction_dag.py took 0.248 seconds
[2026-09-16T20:36:37.000+0000] {processor.py:161} INFO - Started process (PID=2939) to work on /opt/airflow/dags/extraction_dag.py
[2026-09-16T20:36:37.016+0000] {processor.py:830} INFO - Processing file /opt/airflow/dags/extraction_dag.py for tasks to queue
[2026-09-16T20:36:37.019+0000] {logging_mixin.py:188} INFO - [2026-09-16T20:36:37.018+0000] {dagbag.py:545} INFO - Filling up the DagBag from /opt/airflow/dags/extraction_dag.py
[2026-09-16T20:36:37.196+0000] {processor.py:840} INFO - DAG(s) 'youtube_extraction' retrieved from /opt/airflow/dags/extraction_dag.py
[2026-09-16T20:36:37.256+0000] {logging_mixin.py:188} INFO - [2026-09-16T20:36:37.256+0000] {dag.py:3096} INFO - Sync 1 DAGs
[2026-09-16T20:36:37.280+0000] {logging_mixin.py:188} INFO - [2026-09-16T20:36:37.279+0000] {dag.py:3954} INFO - Setting next_dagrun for youtube_extraction to None, run_after=None
[2026-09-16T20:36:37.348+0000] {processor.py:183} INFO - Processing /opt/airflow/dags/extraction_dag.py took 0.363 seconds
[2026-09-16T20:37:07.584+0000] {processor.py:161} INFO - Started process (PID=2946) to work on /opt/airflow/dags/extraction_dag.py
[2026-09-16T20:37:07.586+0000] {processor.py:830} INFO - Processing file /opt/airflow/dags/extraction_dag.py for tasks to queue
[2026-09-16T20:37:07.589+0000] {logging_mixin.py:188} INFO - [2026-09-16T20:37:07.588+0000] {dagbag.py:545} INFO - Filling up the DagBag from /opt/airflow/dags/extraction_dag.py
[2026-09-16T20:37:07.752+0000] {processor.py:840} INFO - DAG(s) 'youtube_extraction' retrieved from /opt/airflow/dags/extraction_dag.py
[2026-09-16T20:37:07.822+0000] {logging_mixin.py:188} INFO - [2026-09-16T20:37:07.822+0000] {dag.py:3096} INFO - Sync 1 DAGs
[2026-09-16T20:37:07.870+0000] {logging_mixin.py:188} INFO - [2026-09-16T20:37:07.869+0000] {dag.py:3954} INFO - Setting next_dagrun for youtube_extraction to None, run_after=None
[2026-09-16T20:37:07.950+0000] {processor.py:183} INFO - Processing /opt/airflow/dags/extraction_dag.py took 0.383 seconds
[2026-09-16T20:37:38.279+0000] {processor.py:161} INFO - Started process (PID=2953) to work on /opt/airflow/dags/extraction_dag.py
[2026-09-16T20:37:38.281+0000] {processor.py:830} INFO - Processing file /opt/airflow/dags/extraction_dag.py for tasks to queue
[2026-09-16T20:37:38.284+0000] {logging_mixin.py:188} INFO - [2026-09-16T20:37:38.283+0000] {dagbag.py:545} INFO - Filling up the DagBag from /opt/airflow/dags/extraction_dag.py
[2026-09-16T20:37:38.482+0000] {processor.py:840} INFO - DAG(s) 'youtube_extraction' retrieved from /opt/airflow/dags/extraction_dag.py
[2026-09-16T20:37:38.557+0000] {logging_mixin.py:188} INFO - [2026-09-16T20:37:38.556+0000] {dag.py:3096} INFO - Sync 1 DAGs
[2026-09-16T20:37:38.578+0000] {logging_mixin.py:188} INFO - [2026-09-16T20:37:38.578+0000] {dag.py:3954} INFO - Setting next_dagrun for youtube_extraction to None, run_after=None
[2026-09-16T20:37:38.635+0000] {processor.py:183} INFO - Processing /opt/airflow/dags/extraction_dag.py took 0.365 seconds
[2026-09-16T20:38:09.030+0000] {processor.py:161} INFO - Started process (PID=2960) to work on /opt/airflow/dags/extraction_dag.py
[2026-09-16T20:38:09.048+0000] {processor.py:830} INFO - Processing file /opt/airflow/dags/extraction_dag.py for tasks to queue
[2026-09-16T20:38:09.052+0000] {logging_mixin.py:188} INFO - [2026-09-16T20:38:09.051+0000] {dagbag.py:545} INFO - Filling up the DagBag from /opt/airflow/dags/extraction_dag.py
[2026-09-16T20:38:09.264+0000] {processor.py:840} INFO - DAG(s) 'youtube_extraction' retrieved from /opt/airflow/dags/extraction_dag.py
[2026-09-16T20:38:09.322+0000] {logging_mixin.py:188} INFO - [2026-09-16T20:38:09.322+0000] {dag.py:3096} INFO - Sync 1 DAGs
[2026-09-16T20:38:09.361+0000] {logging_mixin.py:188} INFO - [2026-09-16T20:38:09.360+0000] {dag.py:3954} INFO - Setting next_dagrun for youtube_extraction to None, run_after=None
[2026-09-16T20:38:09.418+0000] {processor.py:183} INFO - Processing /opt/airflow/dags/extraction_dag.py took 0.400 seconds
[2026-09-16T20:38:39.797+0000] {processor.py:161} INFO - Started process (PID=2967) to work on /opt/airflow/dags/extraction_dag.py
[2026-09-16T20:38:39.800+0000] {processor.py:830} INFO - Processing file /opt/airflow/dags/extraction_dag.py for tasks to queue
[2026-09-16T20:38:39.802+0000] {logging_mixin.py:188} INFO - [2026-09-16T20:38:39.801+0000] {dagbag.py:545} INFO - Filling up the DagBag from /opt/airflow/dags/extraction_dag.py
[2026-09-16T20:38:39.961+0000] {processor.py:840} INFO - DAG(s) 'youtube_extraction' retrieved from /opt/airflow/dags/extraction_dag.py
[2026-09-16T20:38:40.064+0000] {logging_mixin.py:188} INFO - [2026-09-16T20:38:40.064+0000] {dag.py:3096} INFO - Sync 1 DAGs
[2026-09-16T20:38:40.097+0000] {logging_mixin.py:188} INFO - [2026-09-16T20:38:40.097+0000] {dag.py:3954} INFO - Setting next_dagrun for youtube_extraction to None, run_after=None
[2026-09-16T20:38:40.162+0000] {processor.py:183} INFO - Processing /opt/airflow/dags/extraction_dag.py took 0.373 seconds
[2026-09-16T20:39:10.538+0000] {processor.py:161} INFO - Started process (PID=2974) to work on /opt/airflow/dags/extraction_dag.py
[2026-09-16T20:39:10.541+0000] {processor.py:830} INFO - Processing file /opt/airflow/dags/extraction_dag.py for tasks to queue
[2026-09-16T20:39:10.544+0000] {logging_mixin.py:188} INFO - [2026-09-16T20:39:10.543+0000] {dagbag.py:545} INFO - Filling up the DagBag from /opt/airflow/dags/extraction_dag.py
[2026-09-16T20:39:10.700+0000] {processor.py:840} INFO - DAG(s) 'youtube_extraction' retrieved from /opt/airflow/dags/extraction_dag.py
[2026-09-16T20:39:10.855+0000] {logging_mixin.py:188} INFO - [2026-09-16T20:39:10.855+0000] {dag.py:3096} INFO - Sync 1 DAGs
[2026-09-16T20:39:10.903+0000] {logging_mixin.py:188} INFO - [2026-09-16T20:39:10.902+0000] {dag.py:3954} INFO - Setting next_dagrun for youtube_extraction to None, run_after=None
[2026-09-16T20:39:10.956+0000] {processor.py:183} INFO - Processing /opt/airflow/dags/extraction_dag.py took 0.430 seconds
[2026-09-16T20:39:41.353+0000] {processor.py:161} INFO - Started process (PID=2981) to work on /opt/airflow/dags/extraction_dag.py
[2026-09-16T20:39:41.357+0000] {processor.py:830} INFO - Processing file /opt/airflow/dags/extraction_dag.py for tasks to queue
[2026-09-16T20:39:41.360+0000] {logging_mixin.py:188} INFO - [2026-09-16T20:39:41.359+0000] {dagbag.py:545} INFO - Filling up the DagBag from /opt/airflow/dags/extraction_dag.py
[2026-09-16T20:39:41.492+0000] {processor.py:840} INFO - DAG(s) 'youtube_extraction' retrieved from /opt/airflow/dags/extraction_dag.py
[2026-09-16T20:39:41.612+0000] {logging_mixin.py:188} INFO - [2026-09-16T20:39:41.611+0000] {dag.py:3096} INFO - Sync 1 DAGs
[2026-09-16T20:39:41.658+0000] {logging_mixin.py:188} INFO - [2026-09-16T20:39:41.658+0000] {dag.py:3954} INFO - Setting next_dagrun for youtube_extraction to None, run_after=None
[2026-09-16T20:39:41.738+0000] {processor.py:183} INFO - Processing /opt/airflow/dags/extraction_dag.py took 0.397 seconds
[2026-09-16T20:40:12.056+0000] {processor.py:161} INFO - Started process (PID=2988) to work on /opt/airflow/dags/extraction_dag.py
[2026-09-16T20:40:12.058+0000] {processor.py:830} INFO - Processing file /opt/airflow/dags/extraction_dag.py for tasks to queue
[2026-09-16T20:40:12.061+0000] {logging_mixin.py:188} INFO - [2026-09-16T20:40:12.060+0000] {dagbag.py:545} INFO - Filling up the DagBag from /opt/airflow/dags/extraction_dag.py
[2026-09-16T20:40:12.276+0000] {processor.py:840} INFO - DAG(s) 'youtube_extraction' retrieved from /opt/airflow/dags/extraction_dag.py
[2026-09-16T20:40:12.333+0000] {logging_mixin.py:188} INFO - [2026-09-16T20:40:12.333+0000] {dag.py:3096} INFO - Sync 1 DAGs
[2026-09-16T20:40:12.354+0000] {logging_mixin.py:188} INFO - [2026-09-16T20:40:12.353+0000] {dag.py:3954} INFO - Setting next_dagrun for youtube_extraction to None, run_after=None
[2026-09-16T20:40:12.412+0000] {processor.py:183} INFO - Processing /opt/airflow/dags/extraction_dag.py took 0.365 seconds
[2026-09-16T20:40:42.771+0000] {processor.py:161} INFO - Started process (PID=2995) to work on /opt/airflow/dags/extraction_dag.py
[2026-09-16T20:40:42.773+0000] {processor.py:830} INFO - Processing file /opt/airflow/dags/extraction_dag.py for tasks to queue
[2026-09-16T20:40:42.776+0000] {logging_mixin.py:188} INFO - [2026-09-16T20:40:42.776+0000] {dagbag.py:545} INFO - Filling up the DagBag from /opt/airflow/dags/extraction_dag.py
[2026-09-16T20:40:42.925+0000] {processor.py:840} INFO - DAG(s) 'youtube_extraction' retrieved from /opt/airflow/dags/extraction_dag.py
[2026-09-16T20:40:42.966+0000] {logging_mixin.py:188} INFO - [2026-09-16T20:40:42.966+0000] {dag.py:3096} INFO - Sync 1 DAGs
[2026-09-16T20:40:42.984+0000] {logging_mixin.py:188} INFO - [2026-09-16T20:40:42.984+0000] {dag.py:3954} INFO - Setting next_dagrun for youtube_extraction to None, run_after=None
[2026-09-16T20:40:43.044+0000] {processor.py:183} INFO - Processing /opt/airflow/dags/extraction_dag.py took 0.284 seconds
[2026-09-16T20:41:13.389+0000] {processor.py:161} INFO - Started process (PID=3002) to work on /opt/airflow/dags/extraction_dag.py
[2026-09-16T20:41:13.391+0000] {processor.py:830} INFO - Processing file /opt/airflow/dags/extraction_dag.py for tasks to queue
[2026-09-16T20:41:13.395+0000] {logging_mixin.py:188} INFO - [2026-09-16T20:41:13.394+0000] {dagbag.py:545} INFO - Filling up the DagBag from /opt/airflow/dags/extraction_dag.py
[2026-09-16T20:41:13.487+0000] {processor.py:840} INFO - DAG(s) 'youtube_extraction' retrieved from /opt/airflow/dags/extraction_dag.py
[2026-09-16T20:41:13.527+0000] {logging_mixin.py:188} INFO - [2026-09-16T20:41:13.527+0000] {dag.py:3096} INFO - Sync 1 DAGs
[2026-09-16T20:41:13.544+0000] {logging_mixin.py:188} INFO - [2026-09-16T20:41:13.543+0000] {dag.py:3954} INFO - Setting next_dagrun for youtube_extraction to None, run_after=None
[2026-09-16T20:41:13.595+0000] {processor.py:183} INFO - Processing /opt/airflow/dags/extraction_dag.py took 0.214 seconds
[2026-09-16T20:41:43.700+0000] {processor.py:161} INFO - Started process (PID=3009) to work on /opt/airflow/dags/extraction_dag.py
[2026-09-16T20:41:43.703+0000] {processor.py:830} INFO - Processing file /opt/airflow/dags/extraction_dag.py for tasks to queue
[2026-09-16T20:41:43.706+0000] {logging_mixin.py:188} INFO - [2026-09-16T20:41:43.705+0000] {dagbag.py:545} INFO - Filling up the DagBag from /opt/airflow/dags/extraction_dag.py
[2026-09-16T20:41:43.802+0000] {processor.py:840} INFO - DAG(s) 'youtube_extraction' retrieved from /opt/airflow/dags/extraction_dag.py
[2026-09-16T20:41:43.842+0000] {logging_mixin.py:188} INFO - [2026-09-16T20:41:43.841+0000] {dag.py:3096} INFO - Sync 1 DAGs
[2026-09-16T20:41:43.858+0000] {logging_mixin.py:188} INFO - [2026-09-16T20:41:43.857+0000] {dag.py:3954} INFO - Setting next_dagrun for youtube_extraction to None, run_after=None
[2026-09-16T20:41:43.910+0000] {processor.py:183} INFO - Processing /opt/airflow/dags/extraction_dag.py took 0.220 seconds
[2026-09-16T20:42:14.170+0000] {processor.py:161} INFO - Started process (PID=3016) to work on /opt/airflow/dags/extraction_dag.py
[2026-09-16T20:42:14.172+0000] {processor.py:830} INFO - Processing file /opt/airflow/dags/extraction_dag.py for tasks to queue
[2026-09-16T20:42:14.175+0000] {logging_mixin.py:188} INFO - [2026-09-16T20:42:14.174+0000] {dagbag.py:545} INFO - Filling up the DagBag from /opt/airflow/dags/extraction_dag.py
[2026-09-16T20:42:14.278+0000] {processor.py:840} INFO - DAG(s) 'youtube_extraction' retrieved from /opt/airflow/dags/extraction_dag.py
[2026-09-16T20:42:14.319+0000] {logging_mixin.py:188} INFO - [2026-09-16T20:42:14.318+0000] {dag.py:3096} INFO - Sync 1 DAGs
[2026-09-16T20:42:14.335+0000] {logging_mixin.py:188} INFO - [2026-09-16T20:42:14.335+0000] {dag.py:3954} INFO - Setting next_dagrun for youtube_extraction to None, run_after=None
[2026-09-16T20:42:14.384+0000] {processor.py:183} INFO - Processing /opt/airflow/dags/extraction_dag.py took 0.222 seconds
[2026-09-16T20:42:44.497+0000] {processor.py:161} INFO - Started process (PID=3023) to work on /opt/airflow/dags/extraction_dag.py
[2026-09-16T20:42:44.499+0000] {processor.py:830} INFO - Processing file /opt/airflow/dags/extraction_dag.py for tasks to queue
[2026-09-16T20:42:44.523+0000] {logging_mixin.py:188} INFO - [2026-09-16T20:42:44.522+0000] {dagbag.py:545} INFO - Filling up the DagBag from /opt/airflow/dags/extraction_dag.py
[2026-09-16T20:42:44.669+0000] {processor.py:840} INFO - DAG(s) 'youtube_extraction' retrieved from /opt/airflow/dags/extraction_dag.py
[2026-09-16T20:42:44.710+0000] {logging_mixin.py:188} INFO - [2026-09-16T20:42:44.709+0000] {dag.py:3096} INFO - Sync 1 DAGs
[2026-09-16T20:42:44.728+0000] {logging_mixin.py:188} INFO - [2026-09-16T20:42:44.727+0000] {dag.py:3954} INFO - Setting next_dagrun for youtube_extraction to None, run_after=None
[2026-09-16T20:42:44.780+0000] {processor.py:183} INFO - Processing /opt/airflow/dags/extraction_dag.py took 0.291 seconds
[2026-09-16T20:43:14.978+0000] {processor.py:161} INFO - Started process (PID=3030) to work on /opt/airflow/dags/extraction_dag.py
[2026-09-16T20:43:14.980+0000] {processor.py:830} INFO - Processing file /opt/airflow/dags/extraction_dag.py for tasks to queue
[2026-09-16T20:43:14.983+0000] {logging_mixin.py:188} INFO - [2026-09-16T20:43:14.982+0000] {dagbag.py:545} INFO - Filling up the DagBag from /opt/airflow/dags/extraction_dag.py
[2026-09-16T20:43:15.055+0000] {processor.py:840} INFO - DAG(s) 'youtube_extraction' retrieved from /opt/airflow/dags/extraction_dag.py
[2026-09-16T20:43:15.089+0000] {logging_mixin.py:188} INFO - [2026-09-16T20:43:15.089+0000] {dag.py:3096} INFO - Sync 1 DAGs
[2026-09-16T20:43:15.104+0000] {logging_mixin.py:188} INFO - [2026-09-16T20:43:15.103+0000] {dag.py:3954} INFO - Setting next_dagrun for youtube_extraction to None, run_after=None
[2026-09-16T20:43:15.159+0000] {processor.py:183} INFO - Processing /opt/airflow/dags/extraction_dag.py took 0.190 seconds
[2026-09-16T20:43:45.397+0000] {processor.py:161} INFO - Started process (PID=3037) to work on /opt/airflow/dags/extraction_dag.py
[2026-09-16T20:43:45.400+0000] {processor.py:830} INFO - Processing file /opt/airflow/dags/extraction_dag.py for tasks to queue
[2026-09-16T20:43:45.402+0000] {logging_mixin.py:188} INFO - [2026-09-16T20:43:45.402+0000] {dagbag.py:545} INFO - Filling up the DagBag from /opt/airflow/dags/extraction_dag.py
[2026-09-16T20:43:45.502+0000] {processor.py:840} INFO - DAG(s) 'youtube_extraction' retrieved from /opt/airflow/dags/extraction_dag.py
[2026-09-16T20:43:45.564+0000] {logging_mixin.py:188} INFO - [2026-09-16T20:43:45.564+0000] {dag.py:3096} INFO - Sync 1 DAGs
[2026-09-16T20:43:45.583+0000] {logging_mixin.py:188} INFO - [2026-09-16T20:43:45.583+0000] {dag.py:3954} INFO - Setting next_dagrun for youtube_extraction to None, run_after=None
[2026-09-16T20:43:45.665+0000] {processor.py:183} INFO - Processing /opt/airflow/dags/extraction_dag.py took 0.280 seconds
[2026-09-16T20:44:15.792+0000] {processor.py:161} INFO - Started process (PID=3051) to work on /opt/airflow/dags/extraction_dag.py
[2026-09-16T20:44:15.794+0000] {processor.py:830} INFO - Processing file /opt/airflow/dags/extraction_dag.py for tasks to queue
[2026-09-16T20:44:15.797+0000] {logging_mixin.py:188} INFO - [2026-09-16T20:44:15.797+0000] {dagbag.py:545} INFO - Filling up the DagBag from /opt/airflow/dags/extraction_dag.py
[2026-09-16T20:44:15.912+0000] {processor.py:840} INFO - DAG(s) 'youtube_extraction' retrieved from /opt/airflow/dags/extraction_dag.py
[2026-09-16T20:44:15.955+0000] {logging_mixin.py:188} INFO - [2026-09-16T20:44:15.955+0000] {dag.py:3096} INFO - Sync 1 DAGs
[2026-09-16T20:44:15.997+0000] {logging_mixin.py:188} INFO - [2026-09-16T20:44:15.996+0000] {dag.py:3954} INFO - Setting next_dagrun for youtube_extraction to None, run_after=None
[2026-09-16T20:44:16.052+0000] {processor.py:183} INFO - Processing /opt/airflow/dags/extraction_dag.py took 0.269 seconds
[2026-09-16T20:44:46.287+0000] {processor.py:161} INFO - Started process (PID=3058) to work on /opt/airflow/dags/extraction_dag.py
[2026-09-16T20:44:46.290+0000] {processor.py:830} INFO - Processing file /opt/airflow/dags/extraction_dag.py for tasks to queue
[2026-09-16T20:44:46.315+0000] {logging_mixin.py:188} INFO - [2026-09-16T20:44:46.313+0000] {dagbag.py:545} INFO - Filling up the DagBag from /opt/airflow/dags/extraction_dag.py
[2026-09-16T20:44:46.426+0000] {processor.py:840} INFO - DAG(s) 'youtube_extraction' retrieved from /opt/airflow/dags/extraction_dag.py
[2026-09-16T20:44:46.464+0000] {logging_mixin.py:188} INFO - [2026-09-16T20:44:46.463+0000] {dag.py:3096} INFO - Sync 1 DAGs
[2026-09-16T20:44:46.480+0000] {logging_mixin.py:188} INFO - [2026-09-16T20:44:46.480+0000] {dag.py:3954} INFO - Setting next_dagrun for youtube_extraction to None, run_after=None
[2026-09-16T20:44:46.545+0000] {processor.py:183} INFO - Processing /opt/airflow/dags/extraction_dag.py took 0.272 seconds
[2026-09-16T20:45:16.671+0000] {processor.py:161} INFO - Started process (PID=3065) to work on /opt/airflow/dags/extraction_dag.py
[2026-09-16T20:45:16.674+0000] {processor.py:830} INFO - Processing file /opt/airflow/dags/extraction_dag.py for tasks to queue
[2026-09-16T20:45:16.677+0000] {logging_mixin.py:188} INFO - [2026-09-16T20:45:16.676+0000] {dagbag.py:545} INFO - Filling up the DagBag from /opt/airflow/dags/extraction_dag.py
[2026-09-16T20:45:16.801+0000] {processor.py:840} INFO - DAG(s) 'youtube_extraction' retrieved from /opt/airflow/dags/extraction_dag.py
[2026-09-16T20:45:16.842+0000] {logging_mixin.py:188} INFO - [2026-09-16T20:45:16.842+0000] {dag.py:3096} INFO - Sync 1 DAGs
[2026-09-16T20:45:16.860+0000] {logging_mixin.py:188} INFO - [2026-09-16T20:45:16.860+0000] {dag.py:3954} INFO - Setting next_dagrun for youtube_extraction to None, run_after=None
[2026-09-16T20:45:16.910+0000] {processor.py:183} INFO - Processing /opt/airflow/dags/extraction_dag.py took 0.249 seconds
[2026-09-16T20:45:47.182+0000] {processor.py:161} INFO - Started process (PID=3072) to work on /opt/airflow/dags/extraction_dag.py
[2026-09-16T20:45:47.184+0000] {processor.py:830} INFO - Processing file /opt/airflow/dags/extraction_dag.py for tasks to queue
[2026-09-16T20:45:47.186+0000] {logging_mixin.py:188} INFO - [2026-09-16T20:45:47.185+0000] {dagbag.py:545} INFO - Filling up the DagBag from /opt/airflow/dags/extraction_dag.py
[2026-09-16T20:45:47.270+0000] {processor.py:840} INFO - DAG(s) 'youtube_extraction' retrieved from /opt/airflow/dags/extraction_dag.py
[2026-09-16T20:45:47.311+0000] {logging_mixin.py:188} INFO - [2026-09-16T20:45:47.311+0000] {dag.py:3096} INFO - Sync 1 DAGs
[2026-09-16T20:45:47.349+0000] {logging_mixin.py:188} INFO - [2026-09-16T20:45:47.349+0000] {dag.py:3954} INFO - Setting next_dagrun for youtube_extraction to None, run_after=None
[2026-09-16T20:45:47.405+0000] {processor.py:183} INFO - Processing /opt/airflow/dags/extraction_dag.py took 0.229 seconds
[2026-09-16T20:46:17.485+0000] {processor.py:161} INFO - Started process (PID=3079) to work on /opt/airflow/dags/extraction_dag.py
[2026-09-16T20:46:17.488+0000] {processor.py:830} INFO - Processing file /opt/airflow/dags/extraction_dag.py for tasks to queue
[2026-09-16T20:46:17.490+0000] {logging_mixin.py:188} INFO - [2026-09-16T20:46:17.489+0000] {dagbag.py:545} INFO - Filling up the DagBag from /opt/airflow/dags/extraction_dag.py
[2026-09-16T20:46:17.611+0000] {processor.py:840} INFO - DAG(s) 'youtube_extraction' retrieved from /opt/airflow/dags/extraction_dag.py
[2026-09-16T20:46:17.649+0000] {logging_mixin.py:188} INFO - [2026-09-16T20:46:17.649+0000] {dag.py:3096} INFO - Sync 1 DAGs
[2026-09-16T20:46:17.670+0000] {logging_mixin.py:188} INFO - [2026-09-16T20:46:17.670+0000] {dag.py:3954} INFO - Setting next_dagrun for youtube_extraction to None, run_after=None
[2026-09-16T20:46:17.731+0000] {processor.py:183} INFO - Processing /opt/airflow/dags/extraction_dag.py took 0.255 seconds
[2026-09-16T20:46:48.034+0000] {processor.py:161} INFO - Started process (PID=3086) to work on /opt/airflow/dags/extraction_dag.py
[2026-09-16T20:46:48.037+0000] {processor.py:830} INFO - Processing file /opt/airflow/dags/extraction_dag.py for tasks to queue
[2026-09-16T20:46:48.039+0000] {logging_mixin.py:188} INFO - [2026-09-16T20:46:48.039+0000] {dagbag.py:545} INFO - Filling up the DagBag from /opt/airflow/dags/extraction_dag.py
[2026-09-16T20:46:48.159+0000] {processor.py:840} INFO - DAG(s) 'youtube_extraction' retrieved from /opt/airflow/dags/extraction_dag.py
[2026-09-16T20:46:48.211+0000] {logging_mixin.py:188} INFO - [2026-09-16T20:46:48.211+0000] {dag.py:3096} INFO - Sync 1 DAGs
[2026-09-16T20:46:48.258+0000] {logging_mixin.py:188} INFO - [2026-09-16T20:46:48.257+0000] {dag.py:3954} INFO - Setting next_dagrun for youtube_extraction to None, run_after=None
[2026-09-16T20:46:48.312+0000] {processor.py:183} INFO - Processing /opt/airflow/dags/extraction_dag.py took 0.288 seconds
[2026-09-16T20:47:18.650+0000] {processor.py:161} INFO - Started process (PID=3093) to work on /opt/airflow/dags/extraction_dag.py
[2026-09-16T20:47:18.652+0000] {processor.py:830} INFO - Processing file /opt/airflow/dags/extraction_dag.py for tasks to queue
[2026-09-16T20:47:18.655+0000] {logging_mixin.py:188} INFO - [2026-09-16T20:47:18.654+0000] {dagbag.py:545} INFO - Filling up the DagBag from /opt/airflow/dags/extraction_dag.py
[2026-09-16T20:47:18.748+0000] {processor.py:840} INFO - DAG(s) 'youtube_extraction' retrieved from /opt/airflow/dags/extraction_dag.py
[2026-09-16T20:47:18.783+0000] {logging_mixin.py:188} INFO - [2026-09-16T20:47:18.782+0000] {dag.py:3096} INFO - Sync 1 DAGs
[2026-09-16T20:47:18.798+0000] {logging_mixin.py:188} INFO - [2026-09-16T20:47:18.798+0000] {dag.py:3954} INFO - Setting next_dagrun for youtube_extraction to None, run_after=None
[2026-09-16T20:47:18.838+0000] {processor.py:183} INFO - Processing /opt/airflow/dags/extraction_dag.py took 0.199 seconds
[2026-09-16T20:47:48.955+0000] {processor.py:161} INFO - Started process (PID=3100) to work on /opt/airflow/dags/extraction_dag.py
[2026-09-16T20:47:48.959+0000] {processor.py:830} INFO - Processing file /opt/airflow/dags/extraction_dag.py for tasks to queue
[2026-09-16T20:47:48.962+0000] {logging_mixin.py:188} INFO - [2026-09-16T20:47:48.961+0000] {dagbag.py:545} INFO - Filling up the DagBag from /opt/airflow/dags/extraction_dag.py
[2026-09-16T20:47:49.104+0000] {processor.py:840} INFO - DAG(s) 'youtube_extraction' retrieved from /opt/airflow/dags/extraction_dag.py
[2026-09-16T20:47:49.163+0000] {logging_mixin.py:188} INFO - [2026-09-16T20:47:49.162+0000] {dag.py:3096} INFO - Sync 1 DAGs
[2026-09-16T20:47:49.179+0000] {logging_mixin.py:188} INFO - [2026-09-16T20:47:49.178+0000] {dag.py:3954} INFO - Setting next_dagrun for youtube_extraction to None, run_after=None
[2026-09-16T20:47:49.223+0000] {processor.py:183} INFO - Processing /opt/airflow/dags/extraction_dag.py took 0.280 seconds
[2026-09-16T20:48:19.435+0000] {processor.py:161} INFO - Started process (PID=3107) to work on /opt/airflow/dags/extraction_dag.py
[2026-09-16T20:48:19.437+0000] {processor.py:830} INFO - Processing file /opt/airflow/dags/extraction_dag.py for tasks to queue
[2026-09-16T20:48:19.439+0000] {logging_mixin.py:188} INFO - [2026-09-16T20:48:19.439+0000] {dagbag.py:545} INFO - Filling up the DagBag from /opt/airflow/dags/extraction_dag.py
[2026-09-16T20:48:19.540+0000] {processor.py:840} INFO - DAG(s) 'youtube_extraction' retrieved from /opt/airflow/dags/extraction_dag.py
[2026-09-16T20:48:19.580+0000] {logging_mixin.py:188} INFO - [2026-09-16T20:48:19.580+0000] {dag.py:3096} INFO - Sync 1 DAGs
[2026-09-16T20:48:19.600+0000] {logging_mixin.py:188} INFO - [2026-09-16T20:48:19.599+0000] {dag.py:3954} INFO - Setting next_dagrun for youtube_extraction to None, run_after=None
[2026-09-16T20:48:19.629+0000] {processor.py:183} INFO - Processing /opt/airflow/dags/extraction_dag.py took 0.202 seconds
[2026-09-16T20:48:49.785+0000] {processor.py:161} INFO - Started process (PID=3114) to work on /opt/airflow/dags/extraction_dag.py
[2026-09-16T20:48:49.788+0000] {processor.py:830} INFO - Processing file /opt/airflow/dags/extraction_dag.py for tasks to queue
[2026-09-16T20:48:49.791+0000] {logging_mixin.py:188} INFO - [2026-09-16T20:48:49.791+0000] {dagbag.py:545} INFO - Filling up the DagBag from /opt/airflow/dags/extraction_dag.py
[2026-09-16T20:48:49.878+0000] {processor.py:840} INFO - DAG(s) 'youtube_extraction' retrieved from /opt/airflow/dags/extraction_dag.py
[2026-09-16T20:48:49.916+0000] {logging_mixin.py:188} INFO - [2026-09-16T20:48:49.915+0000] {dag.py:3096} INFO - Sync 1 DAGs
[2026-09-16T20:48:49.932+0000] {logging_mixin.py:188} INFO - [2026-09-16T20:48:49.932+0000] {dag.py:3954} INFO - Setting next_dagrun for youtube_extraction to None, run_after=None
[2026-09-16T20:48:49.971+0000] {processor.py:183} INFO - Processing /opt/airflow/dags/extraction_dag.py took 0.195 seconds
[2026-09-16T20:49:20.184+0000] {processor.py:161} INFO - Started process (PID=3121) to work on /opt/airflow/dags/extraction_dag.py
[2026-09-16T20:49:20.186+0000] {processor.py:830} INFO - Processing file /opt/airflow/dags/extraction_dag.py for tasks to queue
[2026-09-16T20:49:20.189+0000] {logging_mixin.py:188} INFO - [2026-09-16T20:49:20.189+0000] {dagbag.py:545} INFO - Filling up the DagBag from /opt/airflow/dags/extraction_dag.py
[2026-09-16T20:49:20.267+0000] {processor.py:840} INFO - DAG(s) 'youtube_extraction' retrieved from /opt/airflow/dags/extraction_dag.py
[2026-09-16T20:49:20.303+0000] {logging_mixin.py:188} INFO - [2026-09-16T20:49:20.303+0000] {dag.py:3096} INFO - Sync 1 DAGs
[2026-09-16T20:49:20.320+0000] {logging_mixin.py:188} INFO - [2026-09-16T20:49:20.320+0000] {dag.py:3954} INFO - Setting next_dagrun for youtube_extraction to None, run_after=None
[2026-09-16T20:49:20.352+0000] {processor.py:183} INFO - Processing /opt/airflow/dags/extraction_dag.py took 0.176 seconds
[2026-09-16T20:49:50.535+0000] {processor.py:161} INFO - Started process (PID=3128) to work on /opt/airflow/dags/extraction_dag.py
[2026-09-16T20:49:50.537+0000] {processor.py:830} INFO - Processing file /opt/airflow/dags/extraction_dag.py for tasks to queue
[2026-09-16T20:49:50.539+0000] {logging_mixin.py:188} INFO - [2026-09-16T20:49:50.539+0000] {dagbag.py:545} INFO - Filling up the DagBag from /opt/airflow/dags/extraction_dag.py
[2026-09-16T20:49:50.608+0000] {processor.py:840} INFO - DAG(s) 'youtube_extraction' retrieved from /opt/airflow/dags/extraction_dag.py
[2026-09-16T20:49:50.644+0000] {logging_mixin.py:188} INFO - [2026-09-16T20:49:50.644+0000] {dag.py:3096} INFO - Sync 1 DAGs
[2026-09-16T20:49:50.659+0000] {logging_mixin.py:188} INFO - [2026-09-16T20:49:50.658+0000] {dag.py:3954} INFO - Setting next_dagrun for youtube_extraction to None, run_after=None
[2026-09-16T20:49:50.685+0000] {processor.py:183} INFO - Processing /opt/airflow/dags/extraction_dag.py took 0.159 seconds
[2026-09-16T20:50:21.002+0000] {processor.py:161} INFO - Started process (PID=3135) to work on /opt/airflow/dags/extraction_dag.py
[2026-09-16T20:50:21.004+0000] {processor.py:830} INFO - Processing file /opt/airflow/dags/extraction_dag.py for tasks to queue
[2026-09-16T20:50:21.006+0000] {logging_mixin.py:188} INFO - [2026-09-16T20:50:21.006+0000] {dagbag.py:545} INFO - Filling up the DagBag from /opt/airflow/dags/extraction_dag.py
[2026-09-16T20:50:21.101+0000] {processor.py:840} INFO - DAG(s) 'youtube_extraction' retrieved from /opt/airflow/dags/extraction_dag.py
[2026-09-16T20:50:21.138+0000] {logging_mixin.py:188} INFO - [2026-09-16T20:50:21.138+0000] {dag.py:3096} INFO - Sync 1 DAGs
[2026-09-16T20:50:21.153+0000] {logging_mixin.py:188} INFO - [2026-09-16T20:50:21.153+0000] {dag.py:3954} INFO - Setting next_dagrun for youtube_extraction to None, run_after=None
[2026-09-16T20:50:21.183+0000] {processor.py:183} INFO - Processing /opt/airflow/dags/extraction_dag.py took 0.188 seconds
[2026-09-16T20:50:51.299+0000] {processor.py:161} INFO - Started process (PID=3142) to work on /opt/airflow/dags/extraction_dag.py
[2026-09-16T20:50:51.301+0000] {processor.py:830} INFO - Processing file /opt/airflow/dags/extraction_dag.py for tasks to queue
[2026-09-16T20:50:51.304+0000] {logging_mixin.py:188} INFO - [2026-09-16T20:50:51.304+0000] {dagbag.py:545} INFO - Filling up the DagBag from /opt/airflow/dags/extraction_dag.py
[2026-09-16T20:50:51.395+0000] {processor.py:840} INFO - DAG(s) 'youtube_extraction' retrieved from /opt/airflow/dags/extraction_dag.py
[2026-09-16T20:50:51.437+0000] {logging_mixin.py:188} INFO - [2026-09-16T20:50:51.436+0000] {dag.py:3096} INFO - Sync 1 DAGs
[2026-09-16T20:50:51.454+0000] {logging_mixin.py:188} INFO - [2026-09-16T20:50:51.454+0000] {dag.py:3954} INFO - Setting next_dagrun for youtube_extraction to None, run_after=None
[2026-09-16T20:50:51.485+0000] {processor.py:183} INFO - Processing /opt/airflow/dags/extraction_dag.py took 0.196 seconds
[2026-09-16T20:51:21.753+0000] {processor.py:161} INFO - Started process (PID=3149) to work on /opt/airflow/dags/extraction_dag.py
[2026-09-16T20:51:21.755+0000] {processor.py:830} INFO - Processing file /opt/airflow/dags/extraction_dag.py for tasks to queue
[2026-09-16T20:51:21.757+0000] {logging_mixin.py:188} INFO - [2026-09-16T20:51:21.757+0000] {dagbag.py:545} INFO - Filling up the DagBag from /opt/airflow/dags/extraction_dag.py
[2026-09-16T20:51:21.840+0000] {processor.py:840} INFO - DAG(s) 'youtube_extraction' retrieved from /opt/airflow/dags/extraction_dag.py
[2026-09-16T20:51:21.878+0000] {logging_mixin.py:188} INFO - [2026-09-16T20:51:21.878+0000] {dag.py:3096} INFO - Sync 1 DAGs
[2026-09-16T20:51:21.895+0000] {logging_mixin.py:188} INFO - [2026-09-16T20:51:21.894+0000] {dag.py:3954} INFO - Setting next_dagrun for youtube_extraction to None, run_after=None
[2026-09-16T20:51:21.944+0000] {processor.py:183} INFO - Processing /opt/airflow/dags/extraction_dag.py took 0.199 seconds
[2026-09-16T20:51:52.120+0000] {processor.py:161} INFO - Started process (PID=3156) to work on /opt/airflow/dags/extraction_dag.py
[2026-09-16T20:51:52.123+0000] {processor.py:830} INFO - Processing file /opt/airflow/dags/extraction_dag.py for tasks to queue
[2026-09-16T20:51:52.126+0000] {logging_mixin.py:188} INFO - [2026-09-16T20:51:52.125+0000] {dagbag.py:545} INFO - Filling up the DagBag from /opt/airflow/dags/extraction_dag.py
[2026-09-16T20:51:52.222+0000] {processor.py:840} INFO - DAG(s) 'youtube_extraction' retrieved from /opt/airflow/dags/extraction_dag.py
[2026-09-16T20:51:52.259+0000] {logging_mixin.py:188} INFO - [2026-09-16T20:51:52.258+0000] {dag.py:3096} INFO - Sync 1 DAGs
[2026-09-16T20:51:52.276+0000] {logging_mixin.py:188} INFO - [2026-09-16T20:51:52.275+0000] {dag.py:3954} INFO - Setting next_dagrun for youtube_extraction to None, run_after=None
[2026-09-16T20:51:52.328+0000] {processor.py:183} INFO - Processing /opt/airflow/dags/extraction_dag.py took 0.220 seconds
[2026-09-16T20:52:22.515+0000] {processor.py:161} INFO - Started process (PID=3163) to work on /opt/airflow/dags/extraction_dag.py
[2026-09-16T20:52:22.517+0000] {processor.py:830} INFO - Processing file /opt/airflow/dags/extraction_dag.py for tasks to queue
[2026-09-16T20:52:22.519+0000] {logging_mixin.py:188} INFO - [2026-09-16T20:52:22.519+0000] {dagbag.py:545} INFO - Filling up the DagBag from /opt/airflow/dags/extraction_dag.py
[2026-09-16T20:52:22.639+0000] {processor.py:840} INFO - DAG(s) 'youtube_extraction' retrieved from /opt/airflow/dags/extraction_dag.py
[2026-09-16T20:52:22.681+0000] {logging_mixin.py:188} INFO - [2026-09-16T20:52:22.681+0000] {dag.py:3096} INFO - Sync 1 DAGs
[2026-09-16T20:52:22.701+0000] {logging_mixin.py:188} INFO - [2026-09-16T20:52:22.700+0000] {dag.py:3954} INFO - Setting next_dagrun for youtube_extraction to None, run_after=None
[2026-09-16T20:52:22.754+0000] {processor.py:183} INFO - Processing /opt/airflow/dags/extraction_dag.py took 0.247 seconds
[2026-09-16T20:52:52.928+0000] {processor.py:161} INFO - Started process (PID=3170) to work on /opt/airflow/dags/extraction_dag.py
[2026-09-16T20:52:52.931+0000] {processor.py:830} INFO - Processing file /opt/airflow/dags/extraction_dag.py for tasks to queue
[2026-09-16T20:52:52.934+0000] {logging_mixin.py:188} INFO - [2026-09-16T20:52:52.934+0000] {dagbag.py:545} INFO - Filling up the DagBag from /opt/airflow/dags/extraction_dag.py
[2026-09-16T20:52:53.038+0000] {processor.py:840} INFO - DAG(s) 'youtube_extraction' retrieved from /opt/airflow/dags/extraction_dag.py
[2026-09-16T20:52:53.164+0000] {logging_mixin.py:188} INFO - [2026-09-16T20:52:53.164+0000] {dag.py:3096} INFO - Sync 1 DAGs
[2026-09-16T20:52:53.181+0000] {logging_mixin.py:188} INFO - [2026-09-16T20:52:53.181+0000] {dag.py:3954} INFO - Setting next_dagrun for youtube_extraction to None, run_after=None
[2026-09-16T20:52:53.227+0000] {processor.py:183} INFO - Processing /opt/airflow/dags/extraction_dag.py took 0.307 seconds
[2026-09-16T20:53:23.323+0000] {processor.py:161} INFO - Started process (PID=3177) to work on /opt/airflow/dags/extraction_dag.py
[2026-09-16T20:53:23.325+0000] {processor.py:830} INFO - Processing file /opt/airflow/dags/extraction_dag.py for tasks to queue
[2026-09-16T20:53:23.328+0000] {logging_mixin.py:188} INFO - [2026-09-16T20:53:23.327+0000] {dagbag.py:545} INFO - Filling up the DagBag from /opt/airflow/dags/extraction_dag.py
[2026-09-16T20:53:23.435+0000] {processor.py:840} INFO - DAG(s) 'youtube_extraction' retrieved from /opt/airflow/dags/extraction_dag.py
[2026-09-16T20:53:23.476+0000] {logging_mixin.py:188} INFO - [2026-09-16T20:53:23.475+0000] {dag.py:3096} INFO - Sync 1 DAGs
[2026-09-16T20:53:23.493+0000] {logging_mixin.py:188} INFO - [2026-09-16T20:53:23.493+0000] {dag.py:3954} INFO - Setting next_dagrun for youtube_extraction to None, run_after=None
[2026-09-16T20:53:23.523+0000] {processor.py:183} INFO - Processing /opt/airflow/dags/extraction_dag.py took 0.209 seconds
[2026-09-16T20:53:53.787+0000] {processor.py:161} INFO - Started process (PID=3184) to work on /opt/airflow/dags/extraction_dag.py
[2026-09-16T20:53:53.789+0000] {processor.py:830} INFO - Processing file /opt/airflow/dags/extraction_dag.py for tasks to queue
[2026-09-16T20:53:53.793+0000] {logging_mixin.py:188} INFO - [2026-09-16T20:53:53.792+0000] {dagbag.py:545} INFO - Filling up the DagBag from /opt/airflow/dags/extraction_dag.py
[2026-09-16T20:53:53.855+0000] {processor.py:840} INFO - DAG(s) 'youtube_extraction' retrieved from /opt/airflow/dags/extraction_dag.py
[2026-09-16T20:53:53.895+0000] {logging_mixin.py:188} INFO - [2026-09-16T20:53:53.895+0000] {dag.py:3096} INFO - Sync 1 DAGs
[2026-09-16T20:53:53.913+0000] {logging_mixin.py:188} INFO - [2026-09-16T20:53:53.913+0000] {dag.py:3954} INFO - Setting next_dagrun for youtube_extraction to None, run_after=None
[2026-09-16T20:53:53.943+0000] {processor.py:183} INFO - Processing /opt/airflow/dags/extraction_dag.py took 0.163 seconds
[2026-09-16T20:54:24.095+0000] {processor.py:161} INFO - Started process (PID=3191) to work on /opt/airflow/dags/extraction_dag.py
[2026-09-16T20:54:24.097+0000] {processor.py:830} INFO - Processing file /opt/airflow/dags/extraction_dag.py for tasks to queue
[2026-09-16T20:54:24.100+0000] {logging_mixin.py:188} INFO - [2026-09-16T20:54:24.099+0000] {dagbag.py:545} INFO - Filling up the DagBag from /opt/airflow/dags/extraction_dag.py
[2026-09-16T20:54:24.189+0000] {processor.py:840} INFO - DAG(s) 'youtube_extraction' retrieved from /opt/airflow/dags/extraction_dag.py
[2026-09-16T20:54:24.229+0000] {logging_mixin.py:188} INFO - [2026-09-16T20:54:24.229+0000] {dag.py:3096} INFO - Sync 1 DAGs
[2026-09-16T20:54:24.245+0000] {logging_mixin.py:188} INFO - [2026-09-16T20:54:24.245+0000] {dag.py:3954} INFO - Setting next_dagrun for youtube_extraction to None, run_after=None
[2026-09-16T20:54:24.281+0000] {processor.py:183} INFO - Processing /opt/airflow/dags/extraction_dag.py took 0.197 seconds
[2026-09-16T20:54:54.593+0000] {processor.py:161} INFO - Started process (PID=3198) to work on /opt/airflow/dags/extraction_dag.py
[2026-09-16T20:54:54.595+0000] {processor.py:830} INFO - Processing file /opt/airflow/dags/extraction_dag.py for tasks to queue
[2026-09-16T20:54:54.597+0000] {logging_mixin.py:188} INFO - [2026-09-16T20:54:54.597+0000] {dagbag.py:545} INFO - Filling up the DagBag from /opt/airflow/dags/extraction_dag.py
[2026-09-16T20:54:54.682+0000] {processor.py:840} INFO - DAG(s) 'youtube_extraction' retrieved from /opt/airflow/dags/extraction_dag.py
[2026-09-16T20:54:54.725+0000] {logging_mixin.py:188} INFO - [2026-09-16T20:54:54.725+0000] {dag.py:3096} INFO - Sync 1 DAGs
[2026-09-16T20:54:54.742+0000] {logging_mixin.py:188} INFO - [2026-09-16T20:54:54.741+0000] {dag.py:3954} INFO - Setting next_dagrun for youtube_extraction to None, run_after=None
[2026-09-16T20:54:54.774+0000] {processor.py:183} INFO - Processing /opt/airflow/dags/extraction_dag.py took 0.188 seconds
[2026-09-16T20:55:24.893+0000] {processor.py:161} INFO - Started process (PID=3205) to work on /opt/airflow/dags/extraction_dag.py
[2026-09-16T20:55:24.895+0000] {processor.py:830} INFO - Processing file /opt/airflow/dags/extraction_dag.py for tasks to queue
[2026-09-16T20:55:24.898+0000] {logging_mixin.py:188} INFO - [2026-09-16T20:55:24.897+0000] {dagbag.py:545} INFO - Filling up the DagBag from /opt/airflow/dags/extraction_dag.py
[2026-09-16T20:55:24.993+0000] {processor.py:840} INFO - DAG(s) 'youtube_extraction' retrieved from /opt/airflow/dags/extraction_dag.py
[2026-09-16T20:55:25.039+0000] {logging_mixin.py:188} INFO - [2026-09-16T20:55:25.039+0000] {dag.py:3096} INFO - Sync 1 DAGs
[2026-09-16T20:55:25.056+0000] {logging_mixin.py:188} INFO - [2026-09-16T20:55:25.056+0000] {dag.py:3954} INFO - Setting next_dagrun for youtube_extraction to None, run_after=None
[2026-09-16T20:55:25.089+0000] {processor.py:183} INFO - Processing /opt/airflow/dags/extraction_dag.py took 0.207 seconds
[2026-09-16T20:55:55.362+0000] {processor.py:161} INFO - Started process (PID=3212) to work on /opt/airflow/dags/extraction_dag.py
[2026-09-16T20:55:55.364+0000] {processor.py:830} INFO - Processing file /opt/airflow/dags/extraction_dag.py for tasks to queue
[2026-09-16T20:55:55.366+0000] {logging_mixin.py:188} INFO - [2026-09-16T20:55:55.365+0000] {dagbag.py:545} INFO - Filling up the DagBag from /opt/airflow/dags/extraction_dag.py
[2026-09-16T20:55:55.445+0000] {processor.py:840} INFO - DAG(s) 'youtube_extraction' retrieved from /opt/airflow/dags/extraction_dag.py
[2026-09-16T20:55:55.488+0000] {logging_mixin.py:188} INFO - [2026-09-16T20:55:55.488+0000] {dag.py:3096} INFO - Sync 1 DAGs
[2026-09-16T20:55:55.508+0000] {logging_mixin.py:188} INFO - [2026-09-16T20:55:55.507+0000] {dag.py:3954} INFO - Setting next_dagrun for youtube_extraction to None, run_after=None
[2026-09-16T20:55:55.545+0000] {processor.py:183} INFO - Processing /opt/airflow/dags/extraction_dag.py took 0.191 seconds
[2026-09-16T20:56:25.660+0000] {processor.py:161} INFO - Started process (PID=3220) to work on /opt/airflow/dags/extraction_dag.py
[2026-09-16T20:56:25.662+0000] {processor.py:830} INFO - Processing file /opt/airflow/dags/extraction_dag.py for tasks to queue
[2026-09-16T20:56:25.664+0000] {logging_mixin.py:188} INFO - [2026-09-16T20:56:25.664+0000] {dagbag.py:545} INFO - Filling up the DagBag from /opt/airflow/dags/extraction_dag.py
[2026-09-16T20:56:25.760+0000] {processor.py:840} INFO - DAG(s) 'youtube_extraction' retrieved from /opt/airflow/dags/extraction_dag.py
[2026-09-16T20:56:25.854+0000] {logging_mixin.py:188} INFO - [2026-09-16T20:56:25.854+0000] {dag.py:3096} INFO - Sync 1 DAGs
[2026-09-16T20:56:25.922+0000] {logging_mixin.py:188} INFO - [2026-09-16T20:56:25.922+0000] {dag.py:3954} INFO - Setting next_dagrun for youtube_extraction to None, run_after=None
[2026-09-16T20:56:25.983+0000] {processor.py:183} INFO - Processing /opt/airflow/dags/extraction_dag.py took 0.330 seconds
[2026-09-16T20:56:56.086+0000] {processor.py:161} INFO - Started process (PID=3227) to work on /opt/airflow/dags/extraction_dag.py
[2026-09-16T20:56:56.088+0000] {processor.py:830} INFO - Processing file /opt/airflow/dags/extraction_dag.py for tasks to queue
[2026-09-16T20:56:56.090+0000] {logging_mixin.py:188} INFO - [2026-09-16T20:56:56.090+0000] {dagbag.py:545} INFO - Filling up the DagBag from /opt/airflow/dags/extraction_dag.py
[2026-09-16T20:56:56.175+0000] {processor.py:840} INFO - DAG(s) 'youtube_extraction' retrieved from /opt/airflow/dags/extraction_dag.py
[2026-09-16T20:56:56.217+0000] {logging_mixin.py:188} INFO - [2026-09-16T20:56:56.217+0000] {dag.py:3096} INFO - Sync 1 DAGs
[2026-09-16T20:56:56.236+0000] {logging_mixin.py:188} INFO - [2026-09-16T20:56:56.235+0000] {dag.py:3954} INFO - Setting next_dagrun for youtube_extraction to None, run_after=None
[2026-09-16T20:56:56.265+0000] {processor.py:183} INFO - Processing /opt/airflow/dags/extraction_dag.py took 0.187 seconds
[2026-09-16T20:57:26.554+0000] {processor.py:161} INFO - Started process (PID=3234) to work on /opt/airflow/dags/extraction_dag.py
[2026-09-16T20:57:26.556+0000] {processor.py:830} INFO - Processing file /opt/airflow/dags/extraction_dag.py for tasks to queue
[2026-09-16T20:57:26.558+0000] {logging_mixin.py:188} INFO - [2026-09-16T20:57:26.558+0000] {dagbag.py:545} INFO - Filling up the DagBag from /opt/airflow/dags/extraction_dag.py
[2026-09-16T20:57:26.641+0000] {processor.py:840} INFO - DAG(s) 'youtube_extraction' retrieved from /opt/airflow/dags/extraction_dag.py
[2026-09-16T20:57:26.682+0000] {logging_mixin.py:188} INFO - [2026-09-16T20:57:26.681+0000] {dag.py:3096} INFO - Sync 1 DAGs
[2026-09-16T20:57:26.699+0000] {logging_mixin.py:188} INFO - [2026-09-16T20:57:26.698+0000] {dag.py:3954} INFO - Setting next_dagrun for youtube_extraction to None, run_after=None
[2026-09-16T20:57:26.735+0000] {processor.py:183} INFO - Processing /opt/airflow/dags/extraction_dag.py took 0.187 seconds
[2026-09-16T20:57:56.916+0000] {processor.py:161} INFO - Started process (PID=3241) to work on /opt/airflow/dags/extraction_dag.py
[2026-09-16T20:57:56.919+0000] {processor.py:830} INFO - Processing file /opt/airflow/dags/extraction_dag.py for tasks to queue
[2026-09-16T20:57:56.922+0000] {logging_mixin.py:188} INFO - [2026-09-16T20:57:56.921+0000] {dagbag.py:545} INFO - Filling up the DagBag from /opt/airflow/dags/extraction_dag.py
[2026-09-16T20:57:57.025+0000] {processor.py:840} INFO - DAG(s) 'youtube_extraction' retrieved from /opt/airflow/dags/extraction_dag.py
[2026-09-16T20:57:57.066+0000] {logging_mixin.py:188} INFO - [2026-09-16T20:57:57.065+0000] {dag.py:3096} INFO - Sync 1 DAGs
[2026-09-16T20:57:57.082+0000] {logging_mixin.py:188} INFO - [2026-09-16T20:57:57.082+0000] {dag.py:3954} INFO - Setting next_dagrun for youtube_extraction to None, run_after=None
[2026-09-16T20:57:57.114+0000] {processor.py:183} INFO - Processing /opt/airflow/dags/extraction_dag.py took 0.206 seconds
[2026-09-16T20:58:27.314+0000] {processor.py:161} INFO - Started process (PID=3248) to work on /opt/airflow/dags/extraction_dag.py
[2026-09-16T20:58:27.317+0000] {processor.py:830} INFO - Processing file /opt/airflow/dags/extraction_dag.py for tasks to queue
[2026-09-16T20:58:27.319+0000] {logging_mixin.py:188} INFO - [2026-09-16T20:58:27.318+0000] {dagbag.py:545} INFO - Filling up the DagBag from /opt/airflow/dags/extraction_dag.py
[2026-09-16T20:58:27.417+0000] {processor.py:840} INFO - DAG(s) 'youtube_extraction' retrieved from /opt/airflow/dags/extraction_dag.py
[2026-09-16T20:58:27.472+0000] {logging_mixin.py:188} INFO - [2026-09-16T20:58:27.471+0000] {dag.py:3096} INFO - Sync 1 DAGs
[2026-09-16T20:58:27.491+0000] {logging_mixin.py:188} INFO - [2026-09-16T20:58:27.491+0000] {dag.py:3954} INFO - Setting next_dagrun for youtube_extraction to None, run_after=None
[2026-09-16T20:58:27.540+0000] {processor.py:183} INFO - Processing /opt/airflow/dags/extraction_dag.py took 0.234 seconds
[2026-09-16T20:58:57.702+0000] {processor.py:161} INFO - Started process (PID=3255) to work on /opt/airflow/dags/extraction_dag.py
[2026-09-16T20:58:57.705+0000] {processor.py:830} INFO - Processing file /opt/airflow/dags/extraction_dag.py for tasks to queue
[2026-09-16T20:58:57.707+0000] {logging_mixin.py:188} INFO - [2026-09-16T20:58:57.707+0000] {dagbag.py:545} INFO - Filling up the DagBag from /opt/airflow/dags/extraction_dag.py
[2026-09-16T20:58:57.802+0000] {processor.py:840} INFO - DAG(s) 'youtube_extraction' retrieved from /opt/airflow/dags/extraction_dag.py
[2026-09-16T20:58:57.845+0000] {logging_mixin.py:188} INFO - [2026-09-16T20:58:57.844+0000] {dag.py:3096} INFO - Sync 1 DAGs
[2026-09-16T20:58:57.861+0000] {logging_mixin.py:188} INFO - [2026-09-16T20:58:57.861+0000] {dag.py:3954} INFO - Setting next_dagrun for youtube_extraction to None, run_after=None
[2026-09-16T20:58:57.900+0000] {processor.py:183} INFO - Processing /opt/airflow/dags/extraction_dag.py took 0.209 seconds
[2026-09-16T20:59:28.095+0000] {processor.py:161} INFO - Started process (PID=3262) to work on /opt/airflow/dags/extraction_dag.py
[2026-09-16T20:59:28.097+0000] {processor.py:830} INFO - Processing file /opt/airflow/dags/extraction_dag.py for tasks to queue
[2026-09-16T20:59:28.101+0000] {logging_mixin.py:188} INFO - [2026-09-16T20:59:28.101+0000] {dagbag.py:545} INFO - Filling up the DagBag from /opt/airflow/dags/extraction_dag.py
[2026-09-16T20:59:28.179+0000] {processor.py:840} INFO - DAG(s) 'youtube_extraction' retrieved from /opt/airflow/dags/extraction_dag.py
[2026-09-16T20:59:28.219+0000] {logging_mixin.py:188} INFO - [2026-09-16T20:59:28.218+0000] {dag.py:3096} INFO - Sync 1 DAGs
[2026-09-16T20:59:28.237+0000] {logging_mixin.py:188} INFO - [2026-09-16T20:59:28.237+0000] {dag.py:3954} INFO - Setting next_dagrun for youtube_extraction to None, run_after=None
[2026-09-16T20:59:28.263+0000] {processor.py:183} INFO - Processing /opt/airflow/dags/extraction_dag.py took 0.178 seconds
[2026-09-16T20:59:58.485+0000] {processor.py:161} INFO - Started process (PID=3269) to work on /opt/airflow/dags/extraction_dag.py
[2026-09-16T20:59:58.488+0000] {processor.py:830} INFO - Processing file /opt/airflow/dags/extraction_dag.py for tasks to queue
[2026-09-16T20:59:58.490+0000] {logging_mixin.py:188} INFO - [2026-09-16T20:59:58.490+0000] {dagbag.py:545} INFO - Filling up the DagBag from /opt/airflow/dags/extraction_dag.py
[2026-09-16T20:59:58.626+0000] {processor.py:840} INFO - DAG(s) 'youtube_extraction' retrieved from /opt/airflow/dags/extraction_dag.py
[2026-09-16T20:59:58.672+0000] {logging_mixin.py:188} INFO - [2026-09-16T20:59:58.671+0000] {dag.py:3096} INFO - Sync 1 DAGs
[2026-09-16T20:59:58.710+0000] {logging_mixin.py:188} INFO - [2026-09-16T20:59:58.710+0000] {dag.py:3954} INFO - Setting next_dagrun for youtube_extraction to None, run_after=None
[2026-09-16T20:59:58.767+0000] {processor.py:183} INFO - Processing /opt/airflow/dags/extraction_dag.py took 0.291 seconds
[2026-09-16T21:00:28.918+0000] {processor.py:161} INFO - Started process (PID=3276) to work on /opt/airflow/dags/extraction_dag.py
[2026-09-16T21:00:28.921+0000] {processor.py:830} INFO - Processing file /opt/airflow/dags/extraction_dag.py for tasks to queue
[2026-09-16T21:00:28.923+0000] {logging_mixin.py:188} INFO - [2026-09-16T21:00:28.923+0000] {dagbag.py:545} INFO - Filling up the DagBag from /opt/airflow/dags/extraction_dag.py
[2026-09-16T21:00:29.016+0000] {processor.py:840} INFO - DAG(s) 'youtube_extraction' retrieved from /opt/airflow/dags/extraction_dag.py
[2026-09-16T21:00:29.057+0000] {logging_mixin.py:188} INFO - [2026-09-16T21:00:29.057+0000] {dag.py:3096} INFO - Sync 1 DAGs
[2026-09-16T21:00:29.075+0000] {logging_mixin.py:188} INFO - [2026-09-16T21:00:29.075+0000] {dag.py:3954} INFO - Setting next_dagrun for youtube_extraction to None, run_after=None
[2026-09-16T21:00:29.122+0000] {processor.py:183} INFO - Processing /opt/airflow/dags/extraction_dag.py took 0.214 seconds
[2026-09-16T21:00:59.325+0000] {processor.py:161} INFO - Started process (PID=3283) to work on /opt/airflow/dags/extraction_dag.py
[2026-09-16T21:00:59.328+0000] {processor.py:830} INFO - Processing file /opt/airflow/dags/extraction_dag.py for tasks to queue
[2026-09-16T21:00:59.331+0000] {logging_mixin.py:188} INFO - [2026-09-16T21:00:59.330+0000] {dagbag.py:545} INFO - Filling up the DagBag from /opt/airflow/dags/extraction_dag.py
[2026-09-16T21:00:59.429+0000] {processor.py:840} INFO - DAG(s) 'youtube_extraction' retrieved from /opt/airflow/dags/extraction_dag.py
[2026-09-16T21:00:59.472+0000] {logging_mixin.py:188} INFO - [2026-09-16T21:00:59.472+0000] {dag.py:3096} INFO - Sync 1 DAGs
[2026-09-16T21:00:59.490+0000] {logging_mixin.py:188} INFO - [2026-09-16T21:00:59.490+0000] {dag.py:3954} INFO - Setting next_dagrun for youtube_extraction to None, run_after=None
[2026-09-16T21:00:59.526+0000] {processor.py:183} INFO - Processing /opt/airflow/dags/extraction_dag.py took 0.211 seconds
[2026-09-16T21:01:29.730+0000] {processor.py:161} INFO - Started process (PID=3290) to work on /opt/airflow/dags/extraction_dag.py
[2026-09-16T21:01:29.733+0000] {processor.py:830} INFO - Processing file /opt/airflow/dags/extraction_dag.py for tasks to queue
[2026-09-16T21:01:29.735+0000] {logging_mixin.py:188} INFO - [2026-09-16T21:01:29.735+0000] {dagbag.py:545} INFO - Filling up the DagBag from /opt/airflow/dags/extraction_dag.py
[2026-09-16T21:01:29.930+0000] {processor.py:840} INFO - DAG(s) 'youtube_extraction' retrieved from /opt/airflow/dags/extraction_dag.py
[2026-09-16T21:01:30.108+0000] {logging_mixin.py:188} INFO - [2026-09-16T21:01:30.107+0000] {dag.py:3096} INFO - Sync 1 DAGs
[2026-09-16T21:01:30.158+0000] {logging_mixin.py:188} INFO - [2026-09-16T21:01:30.158+0000] {dag.py:3954} INFO - Setting next_dagrun for youtube_extraction to None, run_after=None
[2026-09-16T21:01:30.227+0000] {processor.py:183} INFO - Processing /opt/airflow/dags/extraction_dag.py took 0.517 seconds
[2026-09-16T21:02:00.544+0000] {processor.py:161} INFO - Started process (PID=3297) to work on /opt/airflow/dags/extraction_dag.py
[2026-09-16T21:02:00.546+0000] {processor.py:830} INFO - Processing file /opt/airflow/dags/extraction_dag.py for tasks to queue
[2026-09-16T21:02:00.549+0000] {logging_mixin.py:188} INFO - [2026-09-16T21:02:00.549+0000] {dagbag.py:545} INFO - Filling up the DagBag from /opt/airflow/dags/extraction_dag.py
[2026-09-16T21:02:00.644+0000] {processor.py:840} INFO - DAG(s) 'youtube_extraction' retrieved from /opt/airflow/dags/extraction_dag.py
[2026-09-16T21:02:00.678+0000] {logging_mixin.py:188} INFO - [2026-09-16T21:02:00.678+0000] {dag.py:3096} INFO - Sync 1 DAGs
[2026-09-16T21:02:00.694+0000] {logging_mixin.py:188} INFO - [2026-09-16T21:02:00.694+0000] {dag.py:3954} INFO - Setting next_dagrun for youtube_extraction to None, run_after=None
[2026-09-16T21:02:00.731+0000] {processor.py:183} INFO - Processing /opt/airflow/dags/extraction_dag.py took 0.199 seconds
[2026-09-16T21:02:30.815+0000] {processor.py:161} INFO - Started process (PID=3304) to work on /opt/airflow/dags/extraction_dag.py
[2026-09-16T21:02:30.818+0000] {processor.py:830} INFO - Processing file /opt/airflow/dags/extraction_dag.py for tasks to queue
[2026-09-16T21:02:30.820+0000] {logging_mixin.py:188} INFO - [2026-09-16T21:02:30.820+0000] {dagbag.py:545} INFO - Filling up the DagBag from /opt/airflow/dags/extraction_dag.py
[2026-09-16T21:02:30.912+0000] {processor.py:840} INFO - DAG(s) 'youtube_extraction' retrieved from /opt/airflow/dags/extraction_dag.py
[2026-09-16T21:02:30.952+0000] {logging_mixin.py:188} INFO - [2026-09-16T21:02:30.952+0000] {dag.py:3096} INFO - Sync 1 DAGs
[2026-09-16T21:02:30.969+0000] {logging_mixin.py:188} INFO - [2026-09-16T21:02:30.969+0000] {dag.py:3954} INFO - Setting next_dagrun for youtube_extraction to None, run_after=None
[2026-09-16T21:02:31.000+0000] {processor.py:183} INFO - Processing /opt/airflow/dags/extraction_dag.py took 0.194 seconds
[2026-09-16T21:03:01.328+0000] {processor.py:161} INFO - Started process (PID=3311) to work on /opt/airflow/dags/extraction_dag.py
[2026-09-16T21:03:01.334+0000] {processor.py:830} INFO - Processing file /opt/airflow/dags/extraction_dag.py for tasks to queue
[2026-09-16T21:03:01.336+0000] {logging_mixin.py:188} INFO - [2026-09-16T21:03:01.336+0000] {dagbag.py:545} INFO - Filling up the DagBag from /opt/airflow/dags/extraction_dag.py
[2026-09-16T21:03:01.413+0000] {processor.py:840} INFO - DAG(s) 'youtube_extraction' retrieved from /opt/airflow/dags/extraction_dag.py
[2026-09-16T21:03:01.449+0000] {logging_mixin.py:188} INFO - [2026-09-16T21:03:01.449+0000] {dag.py:3096} INFO - Sync 1 DAGs
[2026-09-16T21:03:01.467+0000] {logging_mixin.py:188} INFO - [2026-09-16T21:03:01.467+0000] {dag.py:3954} INFO - Setting next_dagrun for youtube_extraction to None, run_after=None
[2026-09-16T21:03:01.502+0000] {processor.py:183} INFO - Processing /opt/airflow/dags/extraction_dag.py took 0.182 seconds
[2026-09-16T21:03:31.636+0000] {processor.py:161} INFO - Started process (PID=3318) to work on /opt/airflow/dags/extraction_dag.py
[2026-09-16T21:03:31.639+0000] {processor.py:830} INFO - Processing file /opt/airflow/dags/extraction_dag.py for tasks to queue
[2026-09-16T21:03:31.641+0000] {logging_mixin.py:188} INFO - [2026-09-16T21:03:31.641+0000] {dagbag.py:545} INFO - Filling up the DagBag from /opt/airflow/dags/extraction_dag.py
[2026-09-16T21:03:31.762+0000] {processor.py:840} INFO - DAG(s) 'youtube_extraction' retrieved from /opt/airflow/dags/extraction_dag.py
[2026-09-16T21:03:31.824+0000] {logging_mixin.py:188} INFO - [2026-09-16T21:03:31.823+0000] {dag.py:3096} INFO - Sync 1 DAGs
[2026-09-16T21:03:31.842+0000] {logging_mixin.py:188} INFO - [2026-09-16T21:03:31.841+0000] {dag.py:3954} INFO - Setting next_dagrun for youtube_extraction to None, run_after=None
[2026-09-16T21:03:31.877+0000] {processor.py:183} INFO - Processing /opt/airflow/dags/extraction_dag.py took 0.252 seconds
[2026-09-16T21:04:02.081+0000] {processor.py:161} INFO - Started process (PID=3325) to work on /opt/airflow/dags/extraction_dag.py
[2026-09-16T21:04:02.085+0000] {processor.py:830} INFO - Processing file /opt/airflow/dags/extraction_dag.py for tasks to queue
[2026-09-16T21:04:02.088+0000] {logging_mixin.py:188} INFO - [2026-09-16T21:04:02.088+0000] {dagbag.py:545} INFO - Filling up the DagBag from /opt/airflow/dags/extraction_dag.py
[2026-09-16T21:04:02.176+0000] {processor.py:840} INFO - DAG(s) 'youtube_extraction' retrieved from /opt/airflow/dags/extraction_dag.py
[2026-09-16T21:04:02.222+0000] {logging_mixin.py:188} INFO - [2026-09-16T21:04:02.221+0000] {dag.py:3096} INFO - Sync 1 DAGs
[2026-09-16T21:04:02.244+0000] {logging_mixin.py:188} INFO - [2026-09-16T21:04:02.243+0000] {dag.py:3954} INFO - Setting next_dagrun for youtube_extraction to None, run_after=None
[2026-09-16T21:04:02.286+0000] {processor.py:183} INFO - Processing /opt/airflow/dags/extraction_dag.py took 0.223 seconds
[2026-09-16T21:04:32.445+0000] {processor.py:161} INFO - Started process (PID=3332) to work on /opt/airflow/dags/extraction_dag.py
[2026-09-16T21:04:32.448+0000] {processor.py:830} INFO - Processing file /opt/airflow/dags/extraction_dag.py for tasks to queue
[2026-09-16T21:04:32.450+0000] {logging_mixin.py:188} INFO - [2026-09-16T21:04:32.450+0000] {dagbag.py:545} INFO - Filling up the DagBag from /opt/airflow/dags/extraction_dag.py
[2026-09-16T21:04:32.560+0000] {processor.py:840} INFO - DAG(s) 'youtube_extraction' retrieved from /opt/airflow/dags/extraction_dag.py
[2026-09-16T21:04:32.596+0000] {logging_mixin.py:188} INFO - [2026-09-16T21:04:32.596+0000] {dag.py:3096} INFO - Sync 1 DAGs
[2026-09-16T21:04:32.613+0000] {logging_mixin.py:188} INFO - [2026-09-16T21:04:32.613+0000] {dag.py:3954} INFO - Setting next_dagrun for youtube_extraction to None, run_after=None
[2026-09-16T21:04:32.646+0000] {processor.py:183} INFO - Processing /opt/airflow/dags/extraction_dag.py took 0.211 seconds
[2026-09-16T21:05:02.944+0000] {processor.py:161} INFO - Started process (PID=3339) to work on /opt/airflow/dags/extraction_dag.py
[2026-09-16T21:05:02.947+0000] {processor.py:830} INFO - Processing file /opt/airflow/dags/extraction_dag.py for tasks to queue
[2026-09-16T21:05:02.949+0000] {logging_mixin.py:188} INFO - [2026-09-16T21:05:02.948+0000] {dagbag.py:545} INFO - Filling up the DagBag from /opt/airflow/dags/extraction_dag.py
[2026-09-16T21:05:03.048+0000] {processor.py:840} INFO - DAG(s) 'youtube_extraction' retrieved from /opt/airflow/dags/extraction_dag.py
[2026-09-16T21:05:03.088+0000] {logging_mixin.py:188} INFO - [2026-09-16T21:05:03.088+0000] {dag.py:3096} INFO - Sync 1 DAGs
[2026-09-16T21:05:03.105+0000] {logging_mixin.py:188} INFO - [2026-09-16T21:05:03.105+0000] {dag.py:3954} INFO - Setting next_dagrun for youtube_extraction to None, run_after=None
[2026-09-16T21:05:03.139+0000] {processor.py:183} INFO - Processing /opt/airflow/dags/extraction_dag.py took 0.202 seconds
[2026-09-16T21:05:33.241+0000] {processor.py:161} INFO - Started process (PID=3346) to work on /opt/airflow/dags/extraction_dag.py
[2026-09-16T21:05:33.243+0000] {processor.py:830} INFO - Processing file /opt/airflow/dags/extraction_dag.py for tasks to queue
[2026-09-16T21:05:33.247+0000] {logging_mixin.py:188} INFO - [2026-09-16T21:05:33.247+0000] {dagbag.py:545} INFO - Filling up the DagBag from /opt/airflow/dags/extraction_dag.py
[2026-09-16T21:05:33.346+0000] {processor.py:840} INFO - DAG(s) 'youtube_extraction' retrieved from /opt/airflow/dags/extraction_dag.py
[2026-09-16T21:05:33.381+0000] {logging_mixin.py:188} INFO - [2026-09-16T21:05:33.381+0000] {dag.py:3096} INFO - Sync 1 DAGs
[2026-09-16T21:05:33.399+0000] {logging_mixin.py:188} INFO - [2026-09-16T21:05:33.398+0000] {dag.py:3954} INFO - Setting next_dagrun for youtube_extraction to None, run_after=None
[2026-09-16T21:05:33.436+0000] {processor.py:183} INFO - Processing /opt/airflow/dags/extraction_dag.py took 0.205 seconds
[2026-09-16T21:06:03.730+0000] {processor.py:161} INFO - Started process (PID=3353) to work on /opt/airflow/dags/extraction_dag.py
[2026-09-16T21:06:03.733+0000] {processor.py:830} INFO - Processing file /opt/airflow/dags/extraction_dag.py for tasks to queue
[2026-09-16T21:06:03.735+0000] {logging_mixin.py:188} INFO - [2026-09-16T21:06:03.734+0000] {dagbag.py:545} INFO - Filling up the DagBag from /opt/airflow/dags/extraction_dag.py
[2026-09-16T21:06:03.825+0000] {processor.py:840} INFO - DAG(s) 'youtube_extraction' retrieved from /opt/airflow/dags/extraction_dag.py
[2026-09-16T21:06:03.865+0000] {logging_mixin.py:188} INFO - [2026-09-16T21:06:03.865+0000] {dag.py:3096} INFO - Sync 1 DAGs
[2026-09-16T21:06:03.882+0000] {logging_mixin.py:188} INFO - [2026-09-16T21:06:03.881+0000] {dag.py:3954} INFO - Setting next_dagrun for youtube_extraction to None, run_after=None
[2026-09-16T21:06:03.920+0000] {processor.py:183} INFO - Processing /opt/airflow/dags/extraction_dag.py took 0.197 seconds
[2026-09-16T21:06:34.011+0000] {processor.py:161} INFO - Started process (PID=3360) to work on /opt/airflow/dags/extraction_dag.py
[2026-09-16T21:06:34.013+0000] {processor.py:830} INFO - Processing file /opt/airflow/dags/extraction_dag.py for tasks to queue
[2026-09-16T21:06:34.016+0000] {logging_mixin.py:188} INFO - [2026-09-16T21:06:34.016+0000] {dagbag.py:545} INFO - Filling up the DagBag from /opt/airflow/dags/extraction_dag.py
[2026-09-16T21:06:34.094+0000] {processor.py:840} INFO - DAG(s) 'youtube_extraction' retrieved from /opt/airflow/dags/extraction_dag.py
[2026-09-16T21:06:34.127+0000] {logging_mixin.py:188} INFO - [2026-09-16T21:06:34.126+0000] {dag.py:3096} INFO - Sync 1 DAGs
[2026-09-16T21:06:34.145+0000] {logging_mixin.py:188} INFO - [2026-09-16T21:06:34.145+0000] {dag.py:3954} INFO - Setting next_dagrun for youtube_extraction to None, run_after=None
[2026-09-16T21:06:34.177+0000] {processor.py:183} INFO - Processing /opt/airflow/dags/extraction_dag.py took 0.175 seconds
[2026-09-16T21:07:04.489+0000] {processor.py:161} INFO - Started process (PID=3367) to work on /opt/airflow/dags/extraction_dag.py
[2026-09-16T21:07:04.491+0000] {processor.py:830} INFO - Processing file /opt/airflow/dags/extraction_dag.py for tasks to queue
[2026-09-16T21:07:04.493+0000] {logging_mixin.py:188} INFO - [2026-09-16T21:07:04.493+0000] {dagbag.py:545} INFO - Filling up the DagBag from /opt/airflow/dags/extraction_dag.py
[2026-09-16T21:07:04.592+0000] {processor.py:840} INFO - DAG(s) 'youtube_extraction' retrieved from /opt/airflow/dags/extraction_dag.py
[2026-09-16T21:07:04.632+0000] {logging_mixin.py:188} INFO - [2026-09-16T21:07:04.631+0000] {dag.py:3096} INFO - Sync 1 DAGs
[2026-09-16T21:07:04.649+0000] {logging_mixin.py:188} INFO - [2026-09-16T21:07:04.648+0000] {dag.py:3954} INFO - Setting next_dagrun for youtube_extraction to None, run_after=None
[2026-09-16T21:07:04.680+0000] {processor.py:183} INFO - Processing /opt/airflow/dags/extraction_dag.py took 0.200 seconds
[2026-09-16T21:07:34.783+0000] {processor.py:161} INFO - Started process (PID=3374) to work on /opt/airflow/dags/extraction_dag.py
[2026-09-16T21:07:34.785+0000] {processor.py:830} INFO - Processing file /opt/airflow/dags/extraction_dag.py for tasks to queue
[2026-09-16T21:07:34.789+0000] {logging_mixin.py:188} INFO - [2026-09-16T21:07:34.789+0000] {dagbag.py:545} INFO - Filling up the DagBag from /opt/airflow/dags/extraction_dag.py
[2026-09-16T21:07:34.890+0000] {processor.py:840} INFO - DAG(s) 'youtube_extraction' retrieved from /opt/airflow/dags/extraction_dag.py
[2026-09-16T21:07:34.934+0000] {logging_mixin.py:188} INFO - [2026-09-16T21:07:34.934+0000] {dag.py:3096} INFO - Sync 1 DAGs
[2026-09-16T21:07:34.951+0000] {logging_mixin.py:188} INFO - [2026-09-16T21:07:34.951+0000] {dag.py:3954} INFO - Setting next_dagrun for youtube_extraction to None, run_after=None
[2026-09-16T21:07:34.984+0000] {processor.py:183} INFO - Processing /opt/airflow/dags/extraction_dag.py took 0.211 seconds
[2026-09-16T21:08:05.308+0000] {processor.py:161} INFO - Started process (PID=3381) to work on /opt/airflow/dags/extraction_dag.py
[2026-09-16T21:08:05.314+0000] {processor.py:830} INFO - Processing file /opt/airflow/dags/extraction_dag.py for tasks to queue
[2026-09-16T21:08:05.318+0000] {logging_mixin.py:188} INFO - [2026-09-16T21:08:05.317+0000] {dagbag.py:545} INFO - Filling up the DagBag from /opt/airflow/dags/extraction_dag.py
[2026-09-16T21:08:05.477+0000] {processor.py:840} INFO - DAG(s) 'youtube_extraction' retrieved from /opt/airflow/dags/extraction_dag.py
[2026-09-16T21:08:05.527+0000] {logging_mixin.py:188} INFO - [2026-09-16T21:08:05.526+0000] {dag.py:3096} INFO - Sync 1 DAGs
[2026-09-16T21:08:05.543+0000] {logging_mixin.py:188} INFO - [2026-09-16T21:08:05.543+0000] {dag.py:3954} INFO - Setting next_dagrun for youtube_extraction to None, run_after=None
[2026-09-16T21:08:05.571+0000] {processor.py:183} INFO - Processing /opt/airflow/dags/extraction_dag.py took 0.282 seconds
[2026-09-16T21:08:35.856+0000] {processor.py:161} INFO - Started process (PID=3388) to work on /opt/airflow/dags/extraction_dag.py
[2026-09-16T21:08:35.858+0000] {processor.py:830} INFO - Processing file /opt/airflow/dags/extraction_dag.py for tasks to queue
[2026-09-16T21:08:35.860+0000] {logging_mixin.py:188} INFO - [2026-09-16T21:08:35.860+0000] {dagbag.py:545} INFO - Filling up the DagBag from /opt/airflow/dags/extraction_dag.py
[2026-09-16T21:08:35.929+0000] {processor.py:840} INFO - DAG(s) 'youtube_extraction' retrieved from /opt/airflow/dags/extraction_dag.py
[2026-09-16T21:08:35.967+0000] {logging_mixin.py:188} INFO - [2026-09-16T21:08:35.967+0000] {dag.py:3096} INFO - Sync 1 DAGs
[2026-09-16T21:08:35.985+0000] {logging_mixin.py:188} INFO - [2026-09-16T21:08:35.985+0000] {dag.py:3954} INFO - Setting next_dagrun for youtube_extraction to None, run_after=None
[2026-09-16T21:08:36.016+0000] {processor.py:183} INFO - Processing /opt/airflow/dags/extraction_dag.py took 0.168 seconds
[2026-09-16T21:09:06.147+0000] {processor.py:161} INFO - Started process (PID=3395) to work on /opt/airflow/dags/extraction_dag.py
[2026-09-16T21:09:06.149+0000] {processor.py:830} INFO - Processing file /opt/airflow/dags/extraction_dag.py for tasks to queue
[2026-09-16T21:09:06.151+0000] {logging_mixin.py:188} INFO - [2026-09-16T21:09:06.151+0000] {dagbag.py:545} INFO - Filling up the DagBag from /opt/airflow/dags/extraction_dag.py
[2026-09-16T21:09:06.245+0000] {processor.py:840} INFO - DAG(s) 'youtube_extraction' retrieved from /opt/airflow/dags/extraction_dag.py
[2026-09-16T21:09:06.288+0000] {logging_mixin.py:188} INFO - [2026-09-16T21:09:06.288+0000] {dag.py:3096} INFO - Sync 1 DAGs
[2026-09-16T21:09:06.304+0000] {logging_mixin.py:188} INFO - [2026-09-16T21:09:06.304+0000] {dag.py:3954} INFO - Setting next_dagrun for youtube_extraction to None, run_after=None
[2026-09-16T21:09:06.341+0000] {processor.py:183} INFO - Processing /opt/airflow/dags/extraction_dag.py took 0.203 seconds
[2026-09-16T21:09:36.608+0000] {processor.py:161} INFO - Started process (PID=3402) to work on /opt/airflow/dags/extraction_dag.py
[2026-09-16T21:09:36.610+0000] {processor.py:830} INFO - Processing file /opt/airflow/dags/extraction_dag.py for tasks to queue
[2026-09-16T21:09:36.613+0000] {logging_mixin.py:188} INFO - [2026-09-16T21:09:36.612+0000] {dagbag.py:545} INFO - Filling up the DagBag from /opt/airflow/dags/extraction_dag.py
[2026-09-16T21:09:36.703+0000] {processor.py:840} INFO - DAG(s) 'youtube_extraction' retrieved from /opt/airflow/dags/extraction_dag.py
[2026-09-16T21:09:36.736+0000] {logging_mixin.py:188} INFO - [2026-09-16T21:09:36.736+0000] {dag.py:3096} INFO - Sync 1 DAGs
[2026-09-16T21:09:36.754+0000] {logging_mixin.py:188} INFO - [2026-09-16T21:09:36.754+0000] {dag.py:3954} INFO - Setting next_dagrun for youtube_extraction to None, run_after=None
[2026-09-16T21:09:36.785+0000] {processor.py:183} INFO - Processing /opt/airflow/dags/extraction_dag.py took 0.186 seconds
[2026-09-16T21:10:07.026+0000] {processor.py:161} INFO - Started process (PID=3409) to work on /opt/airflow/dags/extraction_dag.py
[2026-09-16T21:10:07.029+0000] {processor.py:830} INFO - Processing file /opt/airflow/dags/extraction_dag.py for tasks to queue
[2026-09-16T21:10:07.031+0000] {logging_mixin.py:188} INFO - [2026-09-16T21:10:07.030+0000] {dagbag.py:545} INFO - Filling up the DagBag from /opt/airflow/dags/extraction_dag.py
[2026-09-16T21:10:07.121+0000] {processor.py:840} INFO - DAG(s) 'youtube_extraction' retrieved from /opt/airflow/dags/extraction_dag.py
[2026-09-16T21:10:07.154+0000] {logging_mixin.py:188} INFO - [2026-09-16T21:10:07.153+0000] {dag.py:3096} INFO - Sync 1 DAGs
[2026-09-16T21:10:07.169+0000] {logging_mixin.py:188} INFO - [2026-09-16T21:10:07.168+0000] {dag.py:3954} INFO - Setting next_dagrun for youtube_extraction to None, run_after=None
[2026-09-16T21:10:07.211+0000] {processor.py:183} INFO - Processing /opt/airflow/dags/extraction_dag.py took 0.197 seconds
[2026-09-16T21:10:37.354+0000] {processor.py:161} INFO - Started process (PID=3416) to work on /opt/airflow/dags/extraction_dag.py
[2026-09-16T21:10:37.356+0000] {processor.py:830} INFO - Processing file /opt/airflow/dags/extraction_dag.py for tasks to queue
[2026-09-16T21:10:37.359+0000] {logging_mixin.py:188} INFO - [2026-09-16T21:10:37.358+0000] {dagbag.py:545} INFO - Filling up the DagBag from /opt/airflow/dags/extraction_dag.py
[2026-09-16T21:10:37.442+0000] {processor.py:840} INFO - DAG(s) 'youtube_extraction' retrieved from /opt/airflow/dags/extraction_dag.py
[2026-09-16T21:10:37.484+0000] {logging_mixin.py:188} INFO - [2026-09-16T21:10:37.483+0000] {dag.py:3096} INFO - Sync 1 DAGs
[2026-09-16T21:10:37.500+0000] {logging_mixin.py:188} INFO - [2026-09-16T21:10:37.500+0000] {dag.py:3954} INFO - Setting next_dagrun for youtube_extraction to None, run_after=None
[2026-09-16T21:10:37.531+0000] {processor.py:183} INFO - Processing /opt/airflow/dags/extraction_dag.py took 0.190 seconds
[2026-09-16T21:11:07.758+0000] {processor.py:161} INFO - Started process (PID=3423) to work on /opt/airflow/dags/extraction_dag.py
[2026-09-16T21:11:07.761+0000] {processor.py:830} INFO - Processing file /opt/airflow/dags/extraction_dag.py for tasks to queue
[2026-09-16T21:11:07.763+0000] {logging_mixin.py:188} INFO - [2026-09-16T21:11:07.763+0000] {dagbag.py:545} INFO - Filling up the DagBag from /opt/airflow/dags/extraction_dag.py
[2026-09-16T21:11:07.857+0000] {processor.py:840} INFO - DAG(s) 'youtube_extraction' retrieved from /opt/airflow/dags/extraction_dag.py
[2026-09-16T21:11:07.897+0000] {logging_mixin.py:188} INFO - [2026-09-16T21:11:07.897+0000] {dag.py:3096} INFO - Sync 1 DAGs
[2026-09-16T21:11:07.912+0000] {logging_mixin.py:188} INFO - [2026-09-16T21:11:07.912+0000] {dag.py:3954} INFO - Setting next_dagrun for youtube_extraction to None, run_after=None
[2026-09-16T21:11:07.942+0000] {processor.py:183} INFO - Processing /opt/airflow/dags/extraction_dag.py took 0.193 seconds
[2026-09-16T21:11:38.099+0000] {processor.py:161} INFO - Started process (PID=3430) to work on /opt/airflow/dags/extraction_dag.py
[2026-09-16T21:11:38.102+0000] {processor.py:830} INFO - Processing file /opt/airflow/dags/extraction_dag.py for tasks to queue
[2026-09-16T21:11:38.105+0000] {logging_mixin.py:188} INFO - [2026-09-16T21:11:38.105+0000] {dagbag.py:545} INFO - Filling up the DagBag from /opt/airflow/dags/extraction_dag.py
[2026-09-16T21:11:38.197+0000] {processor.py:840} INFO - DAG(s) 'youtube_extraction' retrieved from /opt/airflow/dags/extraction_dag.py
[2026-09-16T21:11:38.233+0000] {logging_mixin.py:188} INFO - [2026-09-16T21:11:38.233+0000] {dag.py:3096} INFO - Sync 1 DAGs
[2026-09-16T21:11:38.255+0000] {logging_mixin.py:188} INFO - [2026-09-16T21:11:38.255+0000] {dag.py:3954} INFO - Setting next_dagrun for youtube_extraction to None, run_after=None
[2026-09-16T21:11:38.283+0000] {processor.py:183} INFO - Processing /opt/airflow/dags/extraction_dag.py took 0.194 seconds
[2026-09-16T21:12:08.525+0000] {processor.py:161} INFO - Started process (PID=3437) to work on /opt/airflow/dags/extraction_dag.py
[2026-09-16T21:12:08.528+0000] {processor.py:830} INFO - Processing file /opt/airflow/dags/extraction_dag.py for tasks to queue
[2026-09-16T21:12:08.531+0000] {logging_mixin.py:188} INFO - [2026-09-16T21:12:08.530+0000] {dagbag.py:545} INFO - Filling up the DagBag from /opt/airflow/dags/extraction_dag.py
[2026-09-16T21:12:08.611+0000] {processor.py:840} INFO - DAG(s) 'youtube_extraction' retrieved from /opt/airflow/dags/extraction_dag.py
[2026-09-16T21:12:08.646+0000] {logging_mixin.py:188} INFO - [2026-09-16T21:12:08.646+0000] {dag.py:3096} INFO - Sync 1 DAGs
[2026-09-16T21:12:08.661+0000] {logging_mixin.py:188} INFO - [2026-09-16T21:12:08.661+0000] {dag.py:3954} INFO - Setting next_dagrun for youtube_extraction to None, run_after=None
[2026-09-16T21:12:08.694+0000] {processor.py:183} INFO - Processing /opt/airflow/dags/extraction_dag.py took 0.177 seconds
[2026-09-16T21:12:38.841+0000] {processor.py:161} INFO - Started process (PID=3444) to work on /opt/airflow/dags/extraction_dag.py
[2026-09-16T21:12:38.844+0000] {processor.py:830} INFO - Processing file /opt/airflow/dags/extraction_dag.py for tasks to queue
[2026-09-16T21:12:38.846+0000] {logging_mixin.py:188} INFO - [2026-09-16T21:12:38.846+0000] {dagbag.py:545} INFO - Filling up the DagBag from /opt/airflow/dags/extraction_dag.py
[2026-09-16T21:12:38.925+0000] {processor.py:840} INFO - DAG(s) 'youtube_extraction' retrieved from /opt/airflow/dags/extraction_dag.py
[2026-09-16T21:12:38.959+0000] {logging_mixin.py:188} INFO - [2026-09-16T21:12:38.959+0000] {dag.py:3096} INFO - Sync 1 DAGs
[2026-09-16T21:12:38.975+0000] {logging_mixin.py:188} INFO - [2026-09-16T21:12:38.975+0000] {dag.py:3954} INFO - Setting next_dagrun for youtube_extraction to None, run_after=None
[2026-09-16T21:12:39.010+0000] {processor.py:183} INFO - Processing /opt/airflow/dags/extraction_dag.py took 0.178 seconds
[2026-09-16T21:13:09.259+0000] {processor.py:161} INFO - Started process (PID=3451) to work on /opt/airflow/dags/extraction_dag.py
[2026-09-16T21:13:09.261+0000] {processor.py:830} INFO - Processing file /opt/airflow/dags/extraction_dag.py for tasks to queue
[2026-09-16T21:13:09.264+0000] {logging_mixin.py:188} INFO - [2026-09-16T21:13:09.264+0000] {dagbag.py:545} INFO - Filling up the DagBag from /opt/airflow/dags/extraction_dag.py
[2026-09-16T21:13:09.362+0000] {processor.py:840} INFO - DAG(s) 'youtube_extraction' retrieved from /opt/airflow/dags/extraction_dag.py
[2026-09-16T21:13:09.406+0000] {logging_mixin.py:188} INFO - [2026-09-16T21:13:09.406+0000] {dag.py:3096} INFO - Sync 1 DAGs
[2026-09-16T21:13:09.424+0000] {logging_mixin.py:188} INFO - [2026-09-16T21:13:09.424+0000] {dag.py:3954} INFO - Setting next_dagrun for youtube_extraction to None, run_after=None
[2026-09-16T21:13:09.455+0000] {processor.py:183} INFO - Processing /opt/airflow/dags/extraction_dag.py took 0.204 seconds
[2026-09-16T21:13:39.603+0000] {processor.py:161} INFO - Started process (PID=3458) to work on /opt/airflow/dags/extraction_dag.py
[2026-09-16T21:13:39.606+0000] {processor.py:830} INFO - Processing file /opt/airflow/dags/extraction_dag.py for tasks to queue
[2026-09-16T21:13:39.609+0000] {logging_mixin.py:188} INFO - [2026-09-16T21:13:39.608+0000] {dagbag.py:545} INFO - Filling up the DagBag from /opt/airflow/dags/extraction_dag.py
[2026-09-16T21:13:39.706+0000] {processor.py:840} INFO - DAG(s) 'youtube_extraction' retrieved from /opt/airflow/dags/extraction_dag.py
[2026-09-16T21:13:39.743+0000] {logging_mixin.py:188} INFO - [2026-09-16T21:13:39.743+0000] {dag.py:3096} INFO - Sync 1 DAGs
[2026-09-16T21:13:39.759+0000] {logging_mixin.py:188} INFO - [2026-09-16T21:13:39.759+0000] {dag.py:3954} INFO - Setting next_dagrun for youtube_extraction to None, run_after=None
[2026-09-16T21:13:39.791+0000] {processor.py:183} INFO - Processing /opt/airflow/dags/extraction_dag.py took 0.195 seconds
[2026-09-16T21:14:10.024+0000] {processor.py:161} INFO - Started process (PID=3465) to work on /opt/airflow/dags/extraction_dag.py
[2026-09-16T21:14:10.027+0000] {processor.py:830} INFO - Processing file /opt/airflow/dags/extraction_dag.py for tasks to queue
[2026-09-16T21:14:10.030+0000] {logging_mixin.py:188} INFO - [2026-09-16T21:14:10.029+0000] {dagbag.py:545} INFO - Filling up the DagBag from /opt/airflow/dags/extraction_dag.py
[2026-09-16T21:14:10.123+0000] {processor.py:840} INFO - DAG(s) 'youtube_extraction' retrieved from /opt/airflow/dags/extraction_dag.py
[2026-09-16T21:14:10.161+0000] {logging_mixin.py:188} INFO - [2026-09-16T21:14:10.160+0000] {dag.py:3096} INFO - Sync 1 DAGs
[2026-09-16T21:14:10.177+0000] {logging_mixin.py:188} INFO - [2026-09-16T21:14:10.177+0000] {dag.py:3954} INFO - Setting next_dagrun for youtube_extraction to None, run_after=None
[2026-09-16T21:14:10.209+0000] {processor.py:183} INFO - Processing /opt/airflow/dags/extraction_dag.py took 0.194 seconds
[2026-09-16T21:14:40.329+0000] {processor.py:161} INFO - Started process (PID=3472) to work on /opt/airflow/dags/extraction_dag.py
[2026-09-16T21:14:40.331+0000] {processor.py:830} INFO - Processing file /opt/airflow/dags/extraction_dag.py for tasks to queue
[2026-09-16T21:14:40.333+0000] {logging_mixin.py:188} INFO - [2026-09-16T21:14:40.333+0000] {dagbag.py:545} INFO - Filling up the DagBag from /opt/airflow/dags/extraction_dag.py
[2026-09-16T21:14:40.432+0000] {processor.py:840} INFO - DAG(s) 'youtube_extraction' retrieved from /opt/airflow/dags/extraction_dag.py
[2026-09-16T21:14:40.471+0000] {logging_mixin.py:188} INFO - [2026-09-16T21:14:40.471+0000] {dag.py:3096} INFO - Sync 1 DAGs
[2026-09-16T21:14:40.487+0000] {logging_mixin.py:188} INFO - [2026-09-16T21:14:40.487+0000] {dag.py:3954} INFO - Setting next_dagrun for youtube_extraction to None, run_after=None
[2026-09-16T21:14:40.514+0000] {processor.py:183} INFO - Processing /opt/airflow/dags/extraction_dag.py took 0.193 seconds
[2026-09-16T21:15:10.832+0000] {processor.py:161} INFO - Started process (PID=3479) to work on /opt/airflow/dags/extraction_dag.py
[2026-09-16T21:15:10.835+0000] {processor.py:830} INFO - Processing file /opt/airflow/dags/extraction_dag.py for tasks to queue
[2026-09-16T21:15:10.837+0000] {logging_mixin.py:188} INFO - [2026-09-16T21:15:10.837+0000] {dagbag.py:545} INFO - Filling up the DagBag from /opt/airflow/dags/extraction_dag.py
[2026-09-16T21:15:10.935+0000] {processor.py:840} INFO - DAG(s) 'youtube_extraction' retrieved from /opt/airflow/dags/extraction_dag.py
[2026-09-16T21:15:10.972+0000] {logging_mixin.py:188} INFO - [2026-09-16T21:15:10.972+0000] {dag.py:3096} INFO - Sync 1 DAGs
[2026-09-16T21:15:10.992+0000] {logging_mixin.py:188} INFO - [2026-09-16T21:15:10.991+0000] {dag.py:3954} INFO - Setting next_dagrun for youtube_extraction to None, run_after=None
[2026-09-16T21:15:11.030+0000] {processor.py:183} INFO - Processing /opt/airflow/dags/extraction_dag.py took 0.205 seconds
[2026-09-16T21:15:41.124+0000] {processor.py:161} INFO - Started process (PID=3486) to work on /opt/airflow/dags/extraction_dag.py
[2026-09-16T21:15:41.128+0000] {processor.py:830} INFO - Processing file /opt/airflow/dags/extraction_dag.py for tasks to queue
[2026-09-16T21:15:41.131+0000] {logging_mixin.py:188} INFO - [2026-09-16T21:15:41.130+0000] {dagbag.py:545} INFO - Filling up the DagBag from /opt/airflow/dags/extraction_dag.py
[2026-09-16T21:15:41.228+0000] {processor.py:840} INFO - DAG(s) 'youtube_extraction' retrieved from /opt/airflow/dags/extraction_dag.py
[2026-09-16T21:15:41.269+0000] {logging_mixin.py:188} INFO - [2026-09-16T21:15:41.269+0000] {dag.py:3096} INFO - Sync 1 DAGs
[2026-09-16T21:15:41.290+0000] {logging_mixin.py:188} INFO - [2026-09-16T21:15:41.289+0000] {dag.py:3954} INFO - Setting next_dagrun for youtube_extraction to None, run_after=None
[2026-09-16T21:15:41.325+0000] {processor.py:183} INFO - Processing /opt/airflow/dags/extraction_dag.py took 0.214 seconds
[2026-09-16T21:16:11.596+0000] {processor.py:161} INFO - Started process (PID=3493) to work on /opt/airflow/dags/extraction_dag.py
[2026-09-16T21:16:11.599+0000] {processor.py:830} INFO - Processing file /opt/airflow/dags/extraction_dag.py for tasks to queue
[2026-09-16T21:16:11.602+0000] {logging_mixin.py:188} INFO - [2026-09-16T21:16:11.601+0000] {dagbag.py:545} INFO - Filling up the DagBag from /opt/airflow/dags/extraction_dag.py
[2026-09-16T21:16:11.696+0000] {processor.py:840} INFO - DAG(s) 'youtube_extraction' retrieved from /opt/airflow/dags/extraction_dag.py
[2026-09-16T21:16:11.740+0000] {logging_mixin.py:188} INFO - [2026-09-16T21:16:11.740+0000] {dag.py:3096} INFO - Sync 1 DAGs
[2026-09-16T21:16:11.756+0000] {logging_mixin.py:188} INFO - [2026-09-16T21:16:11.755+0000] {dag.py:3954} INFO - Setting next_dagrun for youtube_extraction to None, run_after=None
[2026-09-16T21:16:11.787+0000] {processor.py:183} INFO - Processing /opt/airflow/dags/extraction_dag.py took 0.197 seconds
[2026-09-16T21:16:41.899+0000] {processor.py:161} INFO - Started process (PID=3500) to work on /opt/airflow/dags/extraction_dag.py
[2026-09-16T21:16:41.901+0000] {processor.py:830} INFO - Processing file /opt/airflow/dags/extraction_dag.py for tasks to queue
[2026-09-16T21:16:41.905+0000] {logging_mixin.py:188} INFO - [2026-09-16T21:16:41.905+0000] {dagbag.py:545} INFO - Filling up the DagBag from /opt/airflow/dags/extraction_dag.py
[2026-09-16T21:16:42.001+0000] {processor.py:840} INFO - DAG(s) 'youtube_extraction' retrieved from /opt/airflow/dags/extraction_dag.py
[2026-09-16T21:16:42.043+0000] {logging_mixin.py:188} INFO - [2026-09-16T21:16:42.042+0000] {dag.py:3096} INFO - Sync 1 DAGs
[2026-09-16T21:16:42.062+0000] {logging_mixin.py:188} INFO - [2026-09-16T21:16:42.062+0000] {dag.py:3954} INFO - Setting next_dagrun for youtube_extraction to None, run_after=None
[2026-09-16T21:16:42.090+0000] {processor.py:183} INFO - Processing /opt/airflow/dags/extraction_dag.py took 0.201 seconds
[2026-09-16T21:17:12.352+0000] {processor.py:161} INFO - Started process (PID=3508) to work on /opt/airflow/dags/extraction_dag.py
[2026-09-16T21:17:12.354+0000] {processor.py:830} INFO - Processing file /opt/airflow/dags/extraction_dag.py for tasks to queue
[2026-09-16T21:17:12.357+0000] {logging_mixin.py:188} INFO - [2026-09-16T21:17:12.356+0000] {dagbag.py:545} INFO - Filling up the DagBag from /opt/airflow/dags/extraction_dag.py
[2026-09-16T21:17:12.446+0000] {processor.py:840} INFO - DAG(s) 'youtube_extraction' retrieved from /opt/airflow/dags/extraction_dag.py
[2026-09-16T21:17:12.482+0000] {logging_mixin.py:188} INFO - [2026-09-16T21:17:12.482+0000] {dag.py:3096} INFO - Sync 1 DAGs
[2026-09-16T21:17:12.499+0000] {logging_mixin.py:188} INFO - [2026-09-16T21:17:12.499+0000] {dag.py:3954} INFO - Setting next_dagrun for youtube_extraction to None, run_after=None
[2026-09-16T21:17:12.533+0000] {processor.py:183} INFO - Processing /opt/airflow/dags/extraction_dag.py took 0.188 seconds
[2026-09-16T21:17:42.696+0000] {processor.py:161} INFO - Started process (PID=3515) to work on /opt/airflow/dags/extraction_dag.py
[2026-09-16T21:17:42.698+0000] {processor.py:830} INFO - Processing file /opt/airflow/dags/extraction_dag.py for tasks to queue
[2026-09-16T21:17:42.700+0000] {logging_mixin.py:188} INFO - [2026-09-16T21:17:42.700+0000] {dagbag.py:545} INFO - Filling up the DagBag from /opt/airflow/dags/extraction_dag.py
[2026-09-16T21:17:42.790+0000] {processor.py:840} INFO - DAG(s) 'youtube_extraction' retrieved from /opt/airflow/dags/extraction_dag.py
[2026-09-16T21:17:42.829+0000] {logging_mixin.py:188} INFO - [2026-09-16T21:17:42.828+0000] {dag.py:3096} INFO - Sync 1 DAGs
[2026-09-16T21:17:42.846+0000] {logging_mixin.py:188} INFO - [2026-09-16T21:17:42.846+0000] {dag.py:3954} INFO - Setting next_dagrun for youtube_extraction to None, run_after=None
[2026-09-16T21:17:42.881+0000] {processor.py:183} INFO - Processing /opt/airflow/dags/extraction_dag.py took 0.195 seconds
[2026-09-16T21:18:13.134+0000] {processor.py:161} INFO - Started process (PID=3522) to work on /opt/airflow/dags/extraction_dag.py
[2026-09-16T21:18:13.136+0000] {processor.py:830} INFO - Processing file /opt/airflow/dags/extraction_dag.py for tasks to queue
[2026-09-16T21:18:13.138+0000] {logging_mixin.py:188} INFO - [2026-09-16T21:18:13.138+0000] {dagbag.py:545} INFO - Filling up the DagBag from /opt/airflow/dags/extraction_dag.py
[2026-09-16T21:18:13.219+0000] {processor.py:840} INFO - DAG(s) 'youtube_extraction' retrieved from /opt/airflow/dags/extraction_dag.py
[2026-09-16T21:18:13.258+0000] {logging_mixin.py:188} INFO - [2026-09-16T21:18:13.257+0000] {dag.py:3096} INFO - Sync 1 DAGs
[2026-09-16T21:18:13.275+0000] {logging_mixin.py:188} INFO - [2026-09-16T21:18:13.274+0000] {dag.py:3954} INFO - Setting next_dagrun for youtube_extraction to None, run_after=None
[2026-09-16T21:18:13.312+0000] {processor.py:183} INFO - Processing /opt/airflow/dags/extraction_dag.py took 0.187 seconds
[2026-09-16T21:18:43.463+0000] {processor.py:161} INFO - Started process (PID=3529) to work on /opt/airflow/dags/extraction_dag.py
[2026-09-16T21:18:43.466+0000] {processor.py:830} INFO - Processing file /opt/airflow/dags/extraction_dag.py for tasks to queue
[2026-09-16T21:18:43.469+0000] {logging_mixin.py:188} INFO - [2026-09-16T21:18:43.468+0000] {dagbag.py:545} INFO - Filling up the DagBag from /opt/airflow/dags/extraction_dag.py
[2026-09-16T21:18:43.569+0000] {processor.py:840} INFO - DAG(s) 'youtube_extraction' retrieved from /opt/airflow/dags/extraction_dag.py
[2026-09-16T21:18:43.606+0000] {logging_mixin.py:188} INFO - [2026-09-16T21:18:43.606+0000] {dag.py:3096} INFO - Sync 1 DAGs
[2026-09-16T21:18:43.622+0000] {logging_mixin.py:188} INFO - [2026-09-16T21:18:43.622+0000] {dag.py:3954} INFO - Setting next_dagrun for youtube_extraction to None, run_after=None
[2026-09-16T21:18:43.659+0000] {processor.py:183} INFO - Processing /opt/airflow/dags/extraction_dag.py took 0.205 seconds
[2026-09-16T21:19:13.881+0000] {processor.py:161} INFO - Started process (PID=3536) to work on /opt/airflow/dags/extraction_dag.py
[2026-09-16T21:19:13.883+0000] {processor.py:830} INFO - Processing file /opt/airflow/dags/extraction_dag.py for tasks to queue
[2026-09-16T21:19:13.886+0000] {logging_mixin.py:188} INFO - [2026-09-16T21:19:13.885+0000] {dagbag.py:545} INFO - Filling up the DagBag from /opt/airflow/dags/extraction_dag.py
[2026-09-16T21:19:13.970+0000] {processor.py:840} INFO - DAG(s) 'youtube_extraction' retrieved from /opt/airflow/dags/extraction_dag.py
[2026-09-16T21:19:14.002+0000] {logging_mixin.py:188} INFO - [2026-09-16T21:19:14.002+0000] {dag.py:3096} INFO - Sync 1 DAGs
[2026-09-16T21:19:14.018+0000] {logging_mixin.py:188} INFO - [2026-09-16T21:19:14.018+0000] {dag.py:3954} INFO - Setting next_dagrun for youtube_extraction to None, run_after=None
[2026-09-16T21:19:14.052+0000] {processor.py:183} INFO - Processing /opt/airflow/dags/extraction_dag.py took 0.180 seconds
[2026-09-16T21:19:44.239+0000] {processor.py:161} INFO - Started process (PID=3543) to work on /opt/airflow/dags/extraction_dag.py
[2026-09-16T21:19:44.242+0000] {processor.py:830} INFO - Processing file /opt/airflow/dags/extraction_dag.py for tasks to queue
[2026-09-16T21:19:44.245+0000] {logging_mixin.py:188} INFO - [2026-09-16T21:19:44.244+0000] {dagbag.py:545} INFO - Filling up the DagBag from /opt/airflow/dags/extraction_dag.py
[2026-09-16T21:19:44.336+0000] {processor.py:840} INFO - DAG(s) 'youtube_extraction' retrieved from /opt/airflow/dags/extraction_dag.py
[2026-09-16T21:19:44.379+0000] {logging_mixin.py:188} INFO - [2026-09-16T21:19:44.379+0000] {dag.py:3096} INFO - Sync 1 DAGs
[2026-09-16T21:19:44.397+0000] {logging_mixin.py:188} INFO - [2026-09-16T21:19:44.396+0000] {dag.py:3954} INFO - Setting next_dagrun for youtube_extraction to None, run_after=None
[2026-09-16T21:19:44.430+0000] {processor.py:183} INFO - Processing /opt/airflow/dags/extraction_dag.py took 0.200 seconds
[2026-09-16T21:20:14.739+0000] {processor.py:161} INFO - Started process (PID=3550) to work on /opt/airflow/dags/extraction_dag.py
[2026-09-16T21:20:14.741+0000] {processor.py:830} INFO - Processing file /opt/airflow/dags/extraction_dag.py for tasks to queue
[2026-09-16T21:20:14.747+0000] {logging_mixin.py:188} INFO - [2026-09-16T21:20:14.747+0000] {dagbag.py:545} INFO - Filling up the DagBag from /opt/airflow/dags/extraction_dag.py
[2026-09-16T21:20:14.854+0000] {processor.py:840} INFO - DAG(s) 'youtube_extraction' retrieved from /opt/airflow/dags/extraction_dag.py
[2026-09-16T21:20:14.896+0000] {logging_mixin.py:188} INFO - [2026-09-16T21:20:14.895+0000] {dag.py:3096} INFO - Sync 1 DAGs
[2026-09-16T21:20:14.911+0000] {logging_mixin.py:188} INFO - [2026-09-16T21:20:14.911+0000] {dag.py:3954} INFO - Setting next_dagrun for youtube_extraction to None, run_after=None
[2026-09-16T21:20:14.942+0000] {processor.py:183} INFO - Processing /opt/airflow/dags/extraction_dag.py took 0.210 seconds
[2026-09-16T21:20:45.044+0000] {processor.py:161} INFO - Started process (PID=3557) to work on /opt/airflow/dags/extraction_dag.py
[2026-09-16T21:20:45.046+0000] {processor.py:830} INFO - Processing file /opt/airflow/dags/extraction_dag.py for tasks to queue
[2026-09-16T21:20:45.048+0000] {logging_mixin.py:188} INFO - [2026-09-16T21:20:45.048+0000] {dagbag.py:545} INFO - Filling up the DagBag from /opt/airflow/dags/extraction_dag.py
[2026-09-16T21:20:45.140+0000] {processor.py:840} INFO - DAG(s) 'youtube_extraction' retrieved from /opt/airflow/dags/extraction_dag.py
[2026-09-16T21:20:45.181+0000] {logging_mixin.py:188} INFO - [2026-09-16T21:20:45.181+0000] {dag.py:3096} INFO - Sync 1 DAGs
[2026-09-16T21:20:45.198+0000] {logging_mixin.py:188} INFO - [2026-09-16T21:20:45.197+0000] {dag.py:3954} INFO - Setting next_dagrun for youtube_extraction to None, run_after=None
[2026-09-16T21:20:45.241+0000] {processor.py:183} INFO - Processing /opt/airflow/dags/extraction_dag.py took 0.205 seconds
[2026-09-16T21:21:15.503+0000] {processor.py:161} INFO - Started process (PID=3564) to work on /opt/airflow/dags/extraction_dag.py
[2026-09-16T21:21:15.505+0000] {processor.py:830} INFO - Processing file /opt/airflow/dags/extraction_dag.py for tasks to queue
[2026-09-16T21:21:15.507+0000] {logging_mixin.py:188} INFO - [2026-09-16T21:21:15.507+0000] {dagbag.py:545} INFO - Filling up the DagBag from /opt/airflow/dags/extraction_dag.py
[2026-09-16T21:21:15.580+0000] {processor.py:840} INFO - DAG(s) 'youtube_extraction' retrieved from /opt/airflow/dags/extraction_dag.py
[2026-09-16T21:21:15.618+0000] {logging_mixin.py:188} INFO - [2026-09-16T21:21:15.617+0000] {dag.py:3096} INFO - Sync 1 DAGs
[2026-09-16T21:21:15.637+0000] {logging_mixin.py:188} INFO - [2026-09-16T21:21:15.637+0000] {dag.py:3954} INFO - Setting next_dagrun for youtube_extraction to None, run_after=None
[2026-09-16T21:21:15.673+0000] {processor.py:183} INFO - Processing /opt/airflow/dags/extraction_dag.py took 0.182 seconds
[2026-09-16T21:21:45.838+0000] {processor.py:161} INFO - Started process (PID=3571) to work on /opt/airflow/dags/extraction_dag.py
[2026-09-16T21:21:45.840+0000] {processor.py:830} INFO - Processing file /opt/airflow/dags/extraction_dag.py for tasks to queue
[2026-09-16T21:21:45.842+0000] {logging_mixin.py:188} INFO - [2026-09-16T21:21:45.841+0000] {dagbag.py:545} INFO - Filling up the DagBag from /opt/airflow/dags/extraction_dag.py
[2026-09-16T21:21:45.927+0000] {processor.py:840} INFO - DAG(s) 'youtube_extraction' retrieved from /opt/airflow/dags/extraction_dag.py
[2026-09-16T21:21:45.968+0000] {logging_mixin.py:188} INFO - [2026-09-16T21:21:45.968+0000] {dag.py:3096} INFO - Sync 1 DAGs
[2026-09-16T21:21:45.984+0000] {logging_mixin.py:188} INFO - [2026-09-16T21:21:45.983+0000] {dag.py:3954} INFO - Setting next_dagrun for youtube_extraction to None, run_after=None
[2026-09-16T21:21:46.015+0000] {processor.py:183} INFO - Processing /opt/airflow/dags/extraction_dag.py took 0.186 seconds
[2026-09-16T21:22:16.257+0000] {processor.py:161} INFO - Started process (PID=3577) to work on /opt/airflow/dags/extraction_dag.py
[2026-09-16T21:22:16.259+0000] {processor.py:830} INFO - Processing file /opt/airflow/dags/extraction_dag.py for tasks to queue
[2026-09-16T21:22:16.261+0000] {logging_mixin.py:188} INFO - [2026-09-16T21:22:16.260+0000] {dagbag.py:545} INFO - Filling up the DagBag from /opt/airflow/dags/extraction_dag.py
[2026-09-16T21:22:16.374+0000] {processor.py:840} INFO - DAG(s) 'youtube_extraction' retrieved from /opt/airflow/dags/extraction_dag.py
[2026-09-16T21:22:16.415+0000] {logging_mixin.py:188} INFO - [2026-09-16T21:22:16.415+0000] {dag.py:3096} INFO - Sync 1 DAGs
[2026-09-16T21:22:16.432+0000] {logging_mixin.py:188} INFO - [2026-09-16T21:22:16.431+0000] {dag.py:3954} INFO - Setting next_dagrun for youtube_extraction to None, run_after=None
[2026-09-16T21:22:16.474+0000] {processor.py:183} INFO - Processing /opt/airflow/dags/extraction_dag.py took 0.228 seconds
