[2026-09-16T14:11:03.519+0000] {processor.py:161} INFO - Started process (PID=365) to work on /opt/airflow/dags/warehouse_dag.py
[2026-09-16T14:11:03.531+0000] {processor.py:830} INFO - Processing file /opt/airflow/dags/warehouse_dag.py for tasks to queue
[2026-09-16T14:11:03.593+0000] {logging_mixin.py:188} INFO - [2026-09-16T14:11:03.587+0000] {dagbag.py:545} INFO - Filling up the DagBag from /opt/airflow/dags/warehouse_dag.py
[2026-09-16T14:11:03.726+0000] {logging_mixin.py:188} INFO - [2026-09-16T14:11:03.709+0000] {dagbag.py:355} ERROR - Failed to import: /opt/airflow/dags/warehouse_dag.py
Traceback (most recent call last):
  File "/home/airflow/.local/lib/python3.10/site-packages/airflow/models/dagbag.py", line 351, in parse
    loader.exec_module(new_module)
  File "<frozen importlib._bootstrap_external>", line 883, in exec_module
  File "<frozen importlib._bootstrap>", line 241, in _call_with_frames_removed
  File "/opt/airflow/dags/warehouse_dag.py", line 1, in <module>
    from extraction.extraction import extraction
ModuleNotFoundError: No module named 'extraction'
[2026-09-16T14:11:03.731+0000] {processor.py:842} WARNING - No viable dags retrieved from /opt/airflow/dags/warehouse_dag.py
[2026-09-16T14:11:03.939+0000] {processor.py:183} INFO - Processing /opt/airflow/dags/warehouse_dag.py took 0.530 seconds
[2026-09-16T14:11:10.471+0000] {processor.py:161} INFO - Started process (PID=373) to work on /opt/airflow/dags/warehouse_dag.py
[2026-09-16T14:11:10.477+0000] {processor.py:830} INFO - Processing file /opt/airflow/dags/warehouse_dag.py for tasks to queue
[2026-09-16T14:11:10.486+0000] {logging_mixin.py:188} INFO - [2026-09-16T14:11:10.484+0000] {dagbag.py:545} INFO - Filling up the DagBag from /opt/airflow/dags/warehouse_dag.py
[2026-09-16T14:11:10.580+0000] {logging_mixin.py:188} INFO - [2026-09-16T14:11:10.572+0000] {dagbag.py:355} ERROR - Failed to import: /opt/airflow/dags/warehouse_dag.py
Traceback (most recent call last):
  File "/home/airflow/.local/lib/python3.10/site-packages/airflow/models/dagbag.py", line 351, in parse
    loader.exec_module(new_module)
  File "<frozen importlib._bootstrap_external>", line 883, in exec_module
  File "<frozen importlib._bootstrap>", line 241, in _call_with_frames_removed
  File "/opt/airflow/dags/warehouse_dag.py", line 1, in <module>
    from extraction.extraction import extraction
ModuleNotFoundError: No module named 'extraction'
[2026-09-16T14:11:10.584+0000] {processor.py:842} WARNING - No viable dags retrieved from /opt/airflow/dags/warehouse_dag.py
[2026-09-16T14:11:10.673+0000] {processor.py:183} INFO - Processing /opt/airflow/dags/warehouse_dag.py took 0.225 seconds
[2026-09-16T14:11:12.599+0000] {processor.py:161} INFO - Started process (PID=374) to work on /opt/airflow/dags/warehouse_dag.py
[2026-09-16T14:11:12.607+0000] {processor.py:830} INFO - Processing file /opt/airflow/dags/warehouse_dag.py for tasks to queue
[2026-09-16T14:11:12.618+0000] {logging_mixin.py:188} INFO - [2026-09-16T14:11:12.617+0000] {dagbag.py:545} INFO - Filling up the DagBag from /opt/airflow/dags/warehouse_dag.py
[2026-09-16T14:11:12.784+0000] {logging_mixin.py:188} INFO - [2026-09-16T14:11:12.749+0000] {dagbag.py:355} ERROR - Failed to import: /opt/airflow/dags/warehouse_dag.py
Traceback (most recent call last):
  File "/home/airflow/.local/lib/python3.10/site-packages/airflow/models/dagbag.py", line 351, in parse
    loader.exec_module(new_module)
  File "<frozen importlib._bootstrap_external>", line 883, in exec_module
  File "<frozen importlib._bootstrap>", line 241, in _call_with_frames_removed
  File "/opt/airflow/dags/warehouse_dag.py", line 1, in <module>
    from extraction.extraction import extraction
ModuleNotFoundError: No module named 'extraction'
[2026-09-16T14:11:12.792+0000] {processor.py:842} WARNING - No viable dags retrieved from /opt/airflow/dags/warehouse_dag.py
[2026-09-16T14:11:12.908+0000] {processor.py:183} INFO - Processing /opt/airflow/dags/warehouse_dag.py took 0.342 seconds
[2026-09-16T14:11:17.037+0000] {processor.py:161} INFO - Started process (PID=375) to work on /opt/airflow/dags/warehouse_dag.py
[2026-09-16T14:11:17.062+0000] {processor.py:830} INFO - Processing file /opt/airflow/dags/warehouse_dag.py for tasks to queue
[2026-09-16T14:11:17.069+0000] {logging_mixin.py:188} INFO - [2026-09-16T14:11:17.068+0000] {dagbag.py:545} INFO - Filling up the DagBag from /opt/airflow/dags/warehouse_dag.py
[2026-09-16T14:11:17.164+0000] {logging_mixin.py:188} INFO - [2026-09-16T14:11:17.155+0000] {dagbag.py:355} ERROR - Failed to import: /opt/airflow/dags/warehouse_dag.py
Traceback (most recent call last):
  File "/home/airflow/.local/lib/python3.10/site-packages/airflow/models/dagbag.py", line 351, in parse
    loader.exec_module(new_module)
  File "<frozen importlib._bootstrap_external>", line 883, in exec_module
  File "<frozen importlib._bootstrap>", line 241, in _call_with_frames_removed
  File "/opt/airflow/dags/warehouse_dag.py", line 1, in <module>
    from extraction.extraction import extraction
ModuleNotFoundError: No module named 'extraction'
[2026-09-16T14:11:17.169+0000] {processor.py:842} WARNING - No viable dags retrieved from /opt/airflow/dags/warehouse_dag.py
[2026-09-16T14:11:17.237+0000] {processor.py:183} INFO - Processing /opt/airflow/dags/warehouse_dag.py took 0.210 seconds
[2026-09-16T14:11:18.351+0000] {processor.py:161} INFO - Started process (PID=376) to work on /opt/airflow/dags/warehouse_dag.py
[2026-09-16T14:11:18.355+0000] {processor.py:830} INFO - Processing file /opt/airflow/dags/warehouse_dag.py for tasks to queue
[2026-09-16T14:11:18.374+0000] {logging_mixin.py:188} INFO - [2026-09-16T14:11:18.374+0000] {dagbag.py:545} INFO - Filling up the DagBag from /opt/airflow/dags/warehouse_dag.py
[2026-09-16T14:11:18.417+0000] {logging_mixin.py:188} INFO - [2026-09-16T14:11:18.411+0000] {dagbag.py:355} ERROR - Failed to import: /opt/airflow/dags/warehouse_dag.py
Traceback (most recent call last):
  File "/home/airflow/.local/lib/python3.10/site-packages/airflow/models/dagbag.py", line 351, in parse
    loader.exec_module(new_module)
  File "<frozen importlib._bootstrap_external>", line 879, in exec_module
  File "<frozen importlib._bootstrap_external>", line 1017, in get_code
  File "<frozen importlib._bootstrap_external>", line 947, in source_to_code
  File "<frozen importlib._bootstrap>", line 241, in _call_with_frames_removed
  File "/opt/airflow/dags/warehouse_dag.py", line 17
    )
    ^
SyntaxError: invalid syntax
[2026-09-16T14:11:18.429+0000] {processor.py:842} WARNING - No viable dags retrieved from /opt/airflow/dags/warehouse_dag.py
[2026-09-16T14:11:18.497+0000] {processor.py:183} INFO - Processing /opt/airflow/dags/warehouse_dag.py took 0.158 seconds
[2026-09-16T14:11:22.537+0000] {processor.py:161} INFO - Started process (PID=377) to work on /opt/airflow/dags/warehouse_dag.py
[2026-09-16T14:11:22.555+0000] {processor.py:830} INFO - Processing file /opt/airflow/dags/warehouse_dag.py for tasks to queue
[2026-09-16T14:11:22.567+0000] {logging_mixin.py:188} INFO - [2026-09-16T14:11:22.566+0000] {dagbag.py:545} INFO - Filling up the DagBag from /opt/airflow/dags/warehouse_dag.py
[2026-09-16T14:11:22.712+0000] {logging_mixin.py:188} INFO - [2026-09-16T14:11:22.701+0000] {dagbag.py:355} ERROR - Failed to import: /opt/airflow/dags/warehouse_dag.py
Traceback (most recent call last):
  File "/home/airflow/.local/lib/python3.10/site-packages/airflow/models/dagbag.py", line 351, in parse
    loader.exec_module(new_module)
  File "<frozen importlib._bootstrap_external>", line 883, in exec_module
  File "<frozen importlib._bootstrap>", line 241, in _call_with_frames_removed
  File "/opt/airflow/dags/warehouse_dag.py", line 1, in <module>
    from extraction.extraction import extraction
ModuleNotFoundError: No module named 'extraction'
[2026-09-16T14:11:22.718+0000] {processor.py:842} WARNING - No viable dags retrieved from /opt/airflow/dags/warehouse_dag.py
[2026-09-16T14:11:22.797+0000] {processor.py:183} INFO - Processing /opt/airflow/dags/warehouse_dag.py took 0.279 seconds
[2026-09-16T14:11:26.658+0000] {processor.py:161} INFO - Started process (PID=378) to work on /opt/airflow/dags/warehouse_dag.py
[2026-09-16T14:11:26.661+0000] {processor.py:830} INFO - Processing file /opt/airflow/dags/warehouse_dag.py for tasks to queue
[2026-09-16T14:11:26.667+0000] {logging_mixin.py:188} INFO - [2026-09-16T14:11:26.667+0000] {dagbag.py:545} INFO - Filling up the DagBag from /opt/airflow/dags/warehouse_dag.py
[2026-09-16T14:11:26.748+0000] {logging_mixin.py:188} INFO - [2026-09-16T14:11:26.739+0000] {dagbag.py:355} ERROR - Failed to import: /opt/airflow/dags/warehouse_dag.py
Traceback (most recent call last):
  File "/home/airflow/.local/lib/python3.10/site-packages/airflow/models/dagbag.py", line 351, in parse
    loader.exec_module(new_module)
  File "<frozen importlib._bootstrap_external>", line 883, in exec_module
  File "<frozen importlib._bootstrap>", line 241, in _call_with_frames_removed
  File "/opt/airflow/dags/warehouse_dag.py", line 1, in <module>
    from extraction.extraction import extraction
ModuleNotFoundError: No module named 'extraction'
[2026-09-16T14:11:26.763+0000] {processor.py:842} WARNING - No viable dags retrieved from /opt/airflow/dags/warehouse_dag.py
[2026-09-16T14:11:26.830+0000] {processor.py:183} INFO - Processing /opt/airflow/dags/warehouse_dag.py took 0.179 seconds
[2026-09-16T14:11:27.716+0000] {processor.py:161} INFO - Started process (PID=379) to work on /opt/airflow/dags/warehouse_dag.py
[2026-09-16T14:11:27.719+0000] {processor.py:830} INFO - Processing file /opt/airflow/dags/warehouse_dag.py for tasks to queue
[2026-09-16T14:11:27.723+0000] {logging_mixin.py:188} INFO - [2026-09-16T14:11:27.723+0000] {dagbag.py:545} INFO - Filling up the DagBag from /opt/airflow/dags/warehouse_dag.py
[2026-09-16T14:11:27.805+0000] {logging_mixin.py:188} INFO - [2026-09-16T14:11:27.792+0000] {dagbag.py:355} ERROR - Failed to import: /opt/airflow/dags/warehouse_dag.py
Traceback (most recent call last):
  File "/home/airflow/.local/lib/python3.10/site-packages/airflow/models/dagbag.py", line 351, in parse
    loader.exec_module(new_module)
  File "<frozen importlib._bootstrap_external>", line 883, in exec_module
  File "<frozen importlib._bootstrap>", line 241, in _call_with_frames_removed
  File "/opt/airflow/dags/warehouse_dag.py", line 1, in <module>
    from extraction.extraction import extraction
ModuleNotFoundError: No module named 'extraction'
[2026-09-16T14:11:27.808+0000] {processor.py:842} WARNING - No viable dags retrieved from /opt/airflow/dags/warehouse_dag.py
[2026-09-16T14:11:27.854+0000] {processor.py:183} INFO - Processing /opt/airflow/dags/warehouse_dag.py took 0.145 seconds
[2026-09-16T14:11:32.972+0000] {processor.py:161} INFO - Started process (PID=380) to work on /opt/airflow/dags/warehouse_dag.py
[2026-09-16T14:11:32.976+0000] {processor.py:830} INFO - Processing file /opt/airflow/dags/warehouse_dag.py for tasks to queue
[2026-09-16T14:11:32.982+0000] {logging_mixin.py:188} INFO - [2026-09-16T14:11:32.981+0000] {dagbag.py:545} INFO - Filling up the DagBag from /opt/airflow/dags/warehouse_dag.py
[2026-09-16T14:11:33.034+0000] {logging_mixin.py:188} INFO - [2026-09-16T14:11:33.031+0000] {dagbag.py:355} ERROR - Failed to import: /opt/airflow/dags/warehouse_dag.py
Traceback (most recent call last):
  File "/home/airflow/.local/lib/python3.10/site-packages/airflow/models/dagbag.py", line 351, in parse
    loader.exec_module(new_module)
  File "<frozen importlib._bootstrap_external>", line 879, in exec_module
  File "<frozen importlib._bootstrap_external>", line 1017, in get_code
  File "<frozen importlib._bootstrap_external>", line 947, in source_to_code
  File "<frozen importlib._bootstrap>", line 241, in _call_with_frames_removed
  File "/opt/airflow/dags/warehouse_dag.py", line 18
    )
    ^
SyntaxError: positional argument follows keyword argument
[2026-09-16T14:11:33.038+0000] {processor.py:842} WARNING - No viable dags retrieved from /opt/airflow/dags/warehouse_dag.py
[2026-09-16T14:11:33.088+0000] {processor.py:183} INFO - Processing /opt/airflow/dags/warehouse_dag.py took 0.127 seconds
[2026-09-16T14:11:37.088+0000] {processor.py:161} INFO - Started process (PID=381) to work on /opt/airflow/dags/warehouse_dag.py
[2026-09-16T14:11:37.093+0000] {processor.py:830} INFO - Processing file /opt/airflow/dags/warehouse_dag.py for tasks to queue
[2026-09-16T14:11:37.100+0000] {logging_mixin.py:188} INFO - [2026-09-16T14:11:37.099+0000] {dagbag.py:545} INFO - Filling up the DagBag from /opt/airflow/dags/warehouse_dag.py
[2026-09-16T14:11:37.174+0000] {logging_mixin.py:188} INFO - [2026-09-16T14:11:37.172+0000] {dagbag.py:355} ERROR - Failed to import: /opt/airflow/dags/warehouse_dag.py
Traceback (most recent call last):
  File "/home/airflow/.local/lib/python3.10/site-packages/airflow/models/dagbag.py", line 351, in parse
    loader.exec_module(new_module)
  File "<frozen importlib._bootstrap_external>", line 879, in exec_module
  File "<frozen importlib._bootstrap_external>", line 1017, in get_code
  File "<frozen importlib._bootstrap_external>", line 947, in source_to_code
  File "<frozen importlib._bootstrap>", line 241, in _call_with_frames_removed
  File "/opt/airflow/dags/warehouse_dag.py", line 18
    )
    ^
SyntaxError: positional argument follows keyword argument
[2026-09-16T14:11:37.176+0000] {processor.py:842} WARNING - No viable dags retrieved from /opt/airflow/dags/warehouse_dag.py
[2026-09-16T14:11:37.234+0000] {processor.py:183} INFO - Processing /opt/airflow/dags/warehouse_dag.py took 0.168 seconds
[2026-09-16T14:11:40.263+0000] {processor.py:161} INFO - Started process (PID=388) to work on /opt/airflow/dags/warehouse_dag.py
[2026-09-16T14:11:40.266+0000] {processor.py:830} INFO - Processing file /opt/airflow/dags/warehouse_dag.py for tasks to queue
[2026-09-16T14:11:40.272+0000] {logging_mixin.py:188} INFO - [2026-09-16T14:11:40.272+0000] {dagbag.py:545} INFO - Filling up the DagBag from /opt/airflow/dags/warehouse_dag.py
[2026-09-16T14:11:40.357+0000] {logging_mixin.py:188} INFO - [2026-09-16T14:11:40.345+0000] {dagbag.py:355} ERROR - Failed to import: /opt/airflow/dags/warehouse_dag.py
Traceback (most recent call last):
  File "/home/airflow/.local/lib/python3.10/site-packages/airflow/models/dagbag.py", line 351, in parse
    loader.exec_module(new_module)
  File "<frozen importlib._bootstrap_external>", line 883, in exec_module
  File "<frozen importlib._bootstrap>", line 241, in _call_with_frames_removed
  File "/opt/airflow/dags/warehouse_dag.py", line 1, in <module>
    from extraction.extraction import extraction
ModuleNotFoundError: No module named 'extraction'
[2026-09-16T14:11:40.362+0000] {processor.py:842} WARNING - No viable dags retrieved from /opt/airflow/dags/warehouse_dag.py
[2026-09-16T14:11:40.466+0000] {processor.py:183} INFO - Processing /opt/airflow/dags/warehouse_dag.py took 0.213 seconds
[2026-09-16T14:11:44.392+0000] {processor.py:161} INFO - Started process (PID=389) to work on /opt/airflow/dags/warehouse_dag.py
[2026-09-16T14:11:44.394+0000] {processor.py:830} INFO - Processing file /opt/airflow/dags/warehouse_dag.py for tasks to queue
[2026-09-16T14:11:44.397+0000] {logging_mixin.py:188} INFO - [2026-09-16T14:11:44.396+0000] {dagbag.py:545} INFO - Filling up the DagBag from /opt/airflow/dags/warehouse_dag.py
[2026-09-16T14:11:44.578+0000] {logging_mixin.py:188} INFO - [2026-09-16T14:11:44.573+0000] {dagbag.py:355} ERROR - Failed to import: /opt/airflow/dags/warehouse_dag.py
Traceback (most recent call last):
  File "/home/airflow/.local/lib/python3.10/site-packages/airflow/models/dagbag.py", line 351, in parse
    loader.exec_module(new_module)
  File "<frozen importlib._bootstrap_external>", line 883, in exec_module
  File "<frozen importlib._bootstrap>", line 241, in _call_with_frames_removed
  File "/opt/airflow/dags/warehouse_dag.py", line 1, in <module>
    from extraction.extraction import extraction
ModuleNotFoundError: No module named 'extraction'
[2026-09-16T14:11:44.583+0000] {processor.py:842} WARNING - No viable dags retrieved from /opt/airflow/dags/warehouse_dag.py
[2026-09-16T14:11:44.640+0000] {processor.py:183} INFO - Processing /opt/airflow/dags/warehouse_dag.py took 0.254 seconds
[2026-09-16T14:12:14.833+0000] {processor.py:161} INFO - Started process (PID=396) to work on /opt/airflow/dags/warehouse_dag.py
[2026-09-16T14:12:14.840+0000] {processor.py:830} INFO - Processing file /opt/airflow/dags/warehouse_dag.py for tasks to queue
[2026-09-16T14:12:14.845+0000] {logging_mixin.py:188} INFO - [2026-09-16T14:12:14.845+0000] {dagbag.py:545} INFO - Filling up the DagBag from /opt/airflow/dags/warehouse_dag.py
[2026-09-16T14:12:14.892+0000] {logging_mixin.py:188} INFO - [2026-09-16T14:12:14.886+0000] {dagbag.py:355} ERROR - Failed to import: /opt/airflow/dags/warehouse_dag.py
Traceback (most recent call last):
  File "/home/airflow/.local/lib/python3.10/site-packages/airflow/models/dagbag.py", line 351, in parse
    loader.exec_module(new_module)
  File "<frozen importlib._bootstrap_external>", line 883, in exec_module
  File "<frozen importlib._bootstrap>", line 241, in _call_with_frames_removed
  File "/opt/airflow/dags/warehouse_dag.py", line 1, in <module>
    from extraction.extraction import extraction
ModuleNotFoundError: No module named 'extraction'
[2026-09-16T14:12:14.896+0000] {processor.py:842} WARNING - No viable dags retrieved from /opt/airflow/dags/warehouse_dag.py
[2026-09-16T14:12:14.957+0000] {processor.py:183} INFO - Processing /opt/airflow/dags/warehouse_dag.py took 0.135 seconds
[2026-09-16T14:12:45.186+0000] {processor.py:161} INFO - Started process (PID=403) to work on /opt/airflow/dags/warehouse_dag.py
[2026-09-16T14:12:45.193+0000] {processor.py:830} INFO - Processing file /opt/airflow/dags/warehouse_dag.py for tasks to queue
[2026-09-16T14:12:45.198+0000] {logging_mixin.py:188} INFO - [2026-09-16T14:12:45.197+0000] {dagbag.py:545} INFO - Filling up the DagBag from /opt/airflow/dags/warehouse_dag.py
[2026-09-16T14:12:45.249+0000] {logging_mixin.py:188} INFO - [2026-09-16T14:12:45.240+0000] {dagbag.py:355} ERROR - Failed to import: /opt/airflow/dags/warehouse_dag.py
Traceback (most recent call last):
  File "/home/airflow/.local/lib/python3.10/site-packages/airflow/models/dagbag.py", line 351, in parse
    loader.exec_module(new_module)
  File "<frozen importlib._bootstrap_external>", line 883, in exec_module
  File "<frozen importlib._bootstrap>", line 241, in _call_with_frames_removed
  File "/opt/airflow/dags/warehouse_dag.py", line 1, in <module>
    from extraction.extraction import extraction
ModuleNotFoundError: No module named 'extraction'
[2026-09-16T14:12:45.252+0000] {processor.py:842} WARNING - No viable dags retrieved from /opt/airflow/dags/warehouse_dag.py
[2026-09-16T14:12:45.302+0000] {processor.py:183} INFO - Processing /opt/airflow/dags/warehouse_dag.py took 0.125 seconds
[2026-09-16T14:13:15.623+0000] {processor.py:161} INFO - Started process (PID=410) to work on /opt/airflow/dags/warehouse_dag.py
[2026-09-16T14:13:15.628+0000] {processor.py:830} INFO - Processing file /opt/airflow/dags/warehouse_dag.py for tasks to queue
[2026-09-16T14:13:15.634+0000] {logging_mixin.py:188} INFO - [2026-09-16T14:13:15.633+0000] {dagbag.py:545} INFO - Filling up the DagBag from /opt/airflow/dags/warehouse_dag.py
[2026-09-16T14:13:15.682+0000] {logging_mixin.py:188} INFO - [2026-09-16T14:13:15.674+0000] {dagbag.py:355} ERROR - Failed to import: /opt/airflow/dags/warehouse_dag.py
Traceback (most recent call last):
  File "/home/airflow/.local/lib/python3.10/site-packages/airflow/models/dagbag.py", line 351, in parse
    loader.exec_module(new_module)
  File "<frozen importlib._bootstrap_external>", line 883, in exec_module
  File "<frozen importlib._bootstrap>", line 241, in _call_with_frames_removed
  File "/opt/airflow/dags/warehouse_dag.py", line 1, in <module>
    from extraction.extraction import extraction
ModuleNotFoundError: No module named 'extraction'
[2026-09-16T14:13:15.687+0000] {processor.py:842} WARNING - No viable dags retrieved from /opt/airflow/dags/warehouse_dag.py
[2026-09-16T14:13:15.739+0000] {processor.py:183} INFO - Processing /opt/airflow/dags/warehouse_dag.py took 0.130 seconds
[2026-09-16T14:13:46.022+0000] {processor.py:161} INFO - Started process (PID=417) to work on /opt/airflow/dags/warehouse_dag.py
[2026-09-16T14:13:46.026+0000] {processor.py:830} INFO - Processing file /opt/airflow/dags/warehouse_dag.py for tasks to queue
[2026-09-16T14:13:46.052+0000] {logging_mixin.py:188} INFO - [2026-09-16T14:13:46.051+0000] {dagbag.py:545} INFO - Filling up the DagBag from /opt/airflow/dags/warehouse_dag.py
[2026-09-16T14:13:46.108+0000] {logging_mixin.py:188} INFO - [2026-09-16T14:13:46.096+0000] {dagbag.py:355} ERROR - Failed to import: /opt/airflow/dags/warehouse_dag.py
Traceback (most recent call last):
  File "/home/airflow/.local/lib/python3.10/site-packages/airflow/models/dagbag.py", line 351, in parse
    loader.exec_module(new_module)
  File "<frozen importlib._bootstrap_external>", line 883, in exec_module
  File "<frozen importlib._bootstrap>", line 241, in _call_with_frames_removed
  File "/opt/airflow/dags/warehouse_dag.py", line 1, in <module>
    from extraction.extraction import extraction
ModuleNotFoundError: No module named 'extraction'
[2026-09-16T14:13:46.112+0000] {processor.py:842} WARNING - No viable dags retrieved from /opt/airflow/dags/warehouse_dag.py
[2026-09-16T14:13:46.172+0000] {processor.py:183} INFO - Processing /opt/airflow/dags/warehouse_dag.py took 0.165 seconds
[2026-09-16T14:14:16.511+0000] {processor.py:161} INFO - Started process (PID=424) to work on /opt/airflow/dags/warehouse_dag.py
[2026-09-16T14:14:16.532+0000] {processor.py:830} INFO - Processing file /opt/airflow/dags/warehouse_dag.py for tasks to queue
[2026-09-16T14:14:16.539+0000] {logging_mixin.py:188} INFO - [2026-09-16T14:14:16.539+0000] {dagbag.py:545} INFO - Filling up the DagBag from /opt/airflow/dags/warehouse_dag.py
[2026-09-16T14:14:16.595+0000] {logging_mixin.py:188} INFO - [2026-09-16T14:14:16.586+0000] {dagbag.py:355} ERROR - Failed to import: /opt/airflow/dags/warehouse_dag.py
Traceback (most recent call last):
  File "/home/airflow/.local/lib/python3.10/site-packages/airflow/models/dagbag.py", line 351, in parse
    loader.exec_module(new_module)
  File "<frozen importlib._bootstrap_external>", line 883, in exec_module
  File "<frozen importlib._bootstrap>", line 241, in _call_with_frames_removed
  File "/opt/airflow/dags/warehouse_dag.py", line 1, in <module>
    from extraction.extraction import extraction
ModuleNotFoundError: No module named 'extraction'
[2026-09-16T14:14:16.598+0000] {processor.py:842} WARNING - No viable dags retrieved from /opt/airflow/dags/warehouse_dag.py
[2026-09-16T14:14:16.659+0000] {processor.py:183} INFO - Processing /opt/airflow/dags/warehouse_dag.py took 0.158 seconds
[2026-09-16T14:14:46.894+0000] {processor.py:161} INFO - Started process (PID=431) to work on /opt/airflow/dags/warehouse_dag.py
[2026-09-16T14:14:46.901+0000] {processor.py:830} INFO - Processing file /opt/airflow/dags/warehouse_dag.py for tasks to queue
[2026-09-16T14:14:46.915+0000] {logging_mixin.py:188} INFO - [2026-09-16T14:14:46.914+0000] {dagbag.py:545} INFO - Filling up the DagBag from /opt/airflow/dags/warehouse_dag.py
[2026-09-16T14:14:47.013+0000] {logging_mixin.py:188} INFO - [2026-09-16T14:14:46.998+0000] {dagbag.py:355} ERROR - Failed to import: /opt/airflow/dags/warehouse_dag.py
Traceback (most recent call last):
  File "/home/airflow/.local/lib/python3.10/site-packages/airflow/models/dagbag.py", line 351, in parse
    loader.exec_module(new_module)
  File "<frozen importlib._bootstrap_external>", line 883, in exec_module
  File "<frozen importlib._bootstrap>", line 241, in _call_with_frames_removed
  File "/opt/airflow/dags/warehouse_dag.py", line 1, in <module>
    from extraction.extraction import extraction
ModuleNotFoundError: No module named 'extraction'
[2026-09-16T14:14:47.019+0000] {processor.py:842} WARNING - No viable dags retrieved from /opt/airflow/dags/warehouse_dag.py
[2026-09-16T14:14:47.083+0000] {processor.py:183} INFO - Processing /opt/airflow/dags/warehouse_dag.py took 0.219 seconds
[2026-09-16T14:15:17.577+0000] {processor.py:161} INFO - Started process (PID=438) to work on /opt/airflow/dags/warehouse_dag.py
[2026-09-16T14:15:17.596+0000] {processor.py:830} INFO - Processing file /opt/airflow/dags/warehouse_dag.py for tasks to queue
[2026-09-16T14:15:17.602+0000] {logging_mixin.py:188} INFO - [2026-09-16T14:15:17.602+0000] {dagbag.py:545} INFO - Filling up the DagBag from /opt/airflow/dags/warehouse_dag.py
[2026-09-16T14:15:17.694+0000] {logging_mixin.py:188} INFO - [2026-09-16T14:15:17.673+0000] {dagbag.py:355} ERROR - Failed to import: /opt/airflow/dags/warehouse_dag.py
Traceback (most recent call last):
  File "/home/airflow/.local/lib/python3.10/site-packages/airflow/models/dagbag.py", line 351, in parse
    loader.exec_module(new_module)
  File "<frozen importlib._bootstrap_external>", line 883, in exec_module
  File "<frozen importlib._bootstrap>", line 241, in _call_with_frames_removed
  File "/opt/airflow/dags/warehouse_dag.py", line 1, in <module>
    from extraction.extraction import extraction
ModuleNotFoundError: No module named 'extraction'
[2026-09-16T14:15:17.699+0000] {processor.py:842} WARNING - No viable dags retrieved from /opt/airflow/dags/warehouse_dag.py
[2026-09-16T14:15:17.752+0000] {processor.py:183} INFO - Processing /opt/airflow/dags/warehouse_dag.py took 0.187 seconds
[2026-09-16T14:15:47.985+0000] {processor.py:161} INFO - Started process (PID=446) to work on /opt/airflow/dags/warehouse_dag.py
[2026-09-16T14:15:48.002+0000] {processor.py:830} INFO - Processing file /opt/airflow/dags/warehouse_dag.py for tasks to queue
[2026-09-16T14:15:48.015+0000] {logging_mixin.py:188} INFO - [2026-09-16T14:15:48.014+0000] {dagbag.py:545} INFO - Filling up the DagBag from /opt/airflow/dags/warehouse_dag.py
[2026-09-16T14:15:48.144+0000] {logging_mixin.py:188} INFO - [2026-09-16T14:15:48.068+0000] {dagbag.py:355} ERROR - Failed to import: /opt/airflow/dags/warehouse_dag.py
Traceback (most recent call last):
  File "/home/airflow/.local/lib/python3.10/site-packages/airflow/models/dagbag.py", line 351, in parse
    loader.exec_module(new_module)
  File "<frozen importlib._bootstrap_external>", line 883, in exec_module
  File "<frozen importlib._bootstrap>", line 241, in _call_with_frames_removed
  File "/opt/airflow/dags/warehouse_dag.py", line 1, in <module>
    from extraction.extraction import extraction
ModuleNotFoundError: No module named 'extraction'
[2026-09-16T14:15:48.150+0000] {processor.py:842} WARNING - No viable dags retrieved from /opt/airflow/dags/warehouse_dag.py
[2026-09-16T14:15:48.220+0000] {processor.py:183} INFO - Processing /opt/airflow/dags/warehouse_dag.py took 0.248 seconds
[2026-09-16T14:16:18.780+0000] {processor.py:161} INFO - Started process (PID=453) to work on /opt/airflow/dags/warehouse_dag.py
[2026-09-16T14:16:18.784+0000] {processor.py:830} INFO - Processing file /opt/airflow/dags/warehouse_dag.py for tasks to queue
[2026-09-16T14:16:18.790+0000] {logging_mixin.py:188} INFO - [2026-09-16T14:16:18.790+0000] {dagbag.py:545} INFO - Filling up the DagBag from /opt/airflow/dags/warehouse_dag.py
[2026-09-16T14:16:18.939+0000] {logging_mixin.py:188} INFO - [2026-09-16T14:16:18.898+0000] {dagbag.py:355} ERROR - Failed to import: /opt/airflow/dags/warehouse_dag.py
Traceback (most recent call last):
  File "/home/airflow/.local/lib/python3.10/site-packages/airflow/models/dagbag.py", line 351, in parse
    loader.exec_module(new_module)
  File "<frozen importlib._bootstrap_external>", line 883, in exec_module
  File "<frozen importlib._bootstrap>", line 241, in _call_with_frames_removed
  File "/opt/airflow/dags/warehouse_dag.py", line 1, in <module>
    from extraction.extraction import extraction
ModuleNotFoundError: No module named 'extraction'
[2026-09-16T14:16:18.947+0000] {processor.py:842} WARNING - No viable dags retrieved from /opt/airflow/dags/warehouse_dag.py
[2026-09-16T14:16:19.070+0000] {processor.py:183} INFO - Processing /opt/airflow/dags/warehouse_dag.py took 0.313 seconds
[2026-09-16T14:16:49.899+0000] {processor.py:161} INFO - Started process (PID=460) to work on /opt/airflow/dags/warehouse_dag.py
[2026-09-16T14:16:49.918+0000] {processor.py:830} INFO - Processing file /opt/airflow/dags/warehouse_dag.py for tasks to queue
[2026-09-16T14:16:49.929+0000] {logging_mixin.py:188} INFO - [2026-09-16T14:16:49.926+0000] {dagbag.py:545} INFO - Filling up the DagBag from /opt/airflow/dags/warehouse_dag.py
[2026-09-16T14:16:50.069+0000] {logging_mixin.py:188} INFO - [2026-09-16T14:16:50.045+0000] {dagbag.py:355} ERROR - Failed to import: /opt/airflow/dags/warehouse_dag.py
Traceback (most recent call last):
  File "/home/airflow/.local/lib/python3.10/site-packages/airflow/models/dagbag.py", line 351, in parse
    loader.exec_module(new_module)
  File "<frozen importlib._bootstrap_external>", line 883, in exec_module
  File "<frozen importlib._bootstrap>", line 241, in _call_with_frames_removed
  File "/opt/airflow/dags/warehouse_dag.py", line 1, in <module>
    from extraction.extraction import extraction
ModuleNotFoundError: No module named 'extraction'
[2026-09-16T14:16:50.082+0000] {processor.py:842} WARNING - No viable dags retrieved from /opt/airflow/dags/warehouse_dag.py
[2026-09-16T14:16:50.231+0000] {processor.py:183} INFO - Processing /opt/airflow/dags/warehouse_dag.py took 0.364 seconds
[2026-09-16T14:17:20.771+0000] {processor.py:161} INFO - Started process (PID=467) to work on /opt/airflow/dags/warehouse_dag.py
[2026-09-16T14:17:20.778+0000] {processor.py:830} INFO - Processing file /opt/airflow/dags/warehouse_dag.py for tasks to queue
[2026-09-16T14:17:20.814+0000] {logging_mixin.py:188} INFO - [2026-09-16T14:17:20.813+0000] {dagbag.py:545} INFO - Filling up the DagBag from /opt/airflow/dags/warehouse_dag.py
[2026-09-16T14:17:20.910+0000] {logging_mixin.py:188} INFO - [2026-09-16T14:17:20.893+0000] {dagbag.py:355} ERROR - Failed to import: /opt/airflow/dags/warehouse_dag.py
Traceback (most recent call last):
  File "/home/airflow/.local/lib/python3.10/site-packages/airflow/models/dagbag.py", line 351, in parse
    loader.exec_module(new_module)
  File "<frozen importlib._bootstrap_external>", line 883, in exec_module
  File "<frozen importlib._bootstrap>", line 241, in _call_with_frames_removed
  File "/opt/airflow/dags/warehouse_dag.py", line 1, in <module>
    from extraction.extraction import extraction
ModuleNotFoundError: No module named 'extraction'
[2026-09-16T14:17:20.915+0000] {processor.py:842} WARNING - No viable dags retrieved from /opt/airflow/dags/warehouse_dag.py
[2026-09-16T14:17:21.066+0000] {processor.py:183} INFO - Processing /opt/airflow/dags/warehouse_dag.py took 0.316 seconds
[2026-09-16T14:17:51.370+0000] {processor.py:161} INFO - Started process (PID=474) to work on /opt/airflow/dags/warehouse_dag.py
[2026-09-16T14:17:51.374+0000] {processor.py:830} INFO - Processing file /opt/airflow/dags/warehouse_dag.py for tasks to queue
[2026-09-16T14:17:51.384+0000] {logging_mixin.py:188} INFO - [2026-09-16T14:17:51.383+0000] {dagbag.py:545} INFO - Filling up the DagBag from /opt/airflow/dags/warehouse_dag.py
[2026-09-16T14:17:51.450+0000] {logging_mixin.py:188} INFO - [2026-09-16T14:17:51.441+0000] {dagbag.py:355} ERROR - Failed to import: /opt/airflow/dags/warehouse_dag.py
Traceback (most recent call last):
  File "/home/airflow/.local/lib/python3.10/site-packages/airflow/models/dagbag.py", line 351, in parse
    loader.exec_module(new_module)
  File "<frozen importlib._bootstrap_external>", line 883, in exec_module
  File "<frozen importlib._bootstrap>", line 241, in _call_with_frames_removed
  File "/opt/airflow/dags/warehouse_dag.py", line 1, in <module>
    from extraction.extraction import extraction
ModuleNotFoundError: No module named 'extraction'
[2026-09-16T14:17:51.454+0000] {processor.py:842} WARNING - No viable dags retrieved from /opt/airflow/dags/warehouse_dag.py
[2026-09-16T14:17:51.537+0000] {processor.py:183} INFO - Processing /opt/airflow/dags/warehouse_dag.py took 0.183 seconds
[2026-09-16T14:18:21.759+0000] {processor.py:161} INFO - Started process (PID=481) to work on /opt/airflow/dags/warehouse_dag.py
[2026-09-16T14:18:21.762+0000] {processor.py:830} INFO - Processing file /opt/airflow/dags/warehouse_dag.py for tasks to queue
[2026-09-16T14:18:21.766+0000] {logging_mixin.py:188} INFO - [2026-09-16T14:18:21.766+0000] {dagbag.py:545} INFO - Filling up the DagBag from /opt/airflow/dags/warehouse_dag.py
[2026-09-16T14:18:21.809+0000] {logging_mixin.py:188} INFO - [2026-09-16T14:18:21.801+0000] {dagbag.py:355} ERROR - Failed to import: /opt/airflow/dags/warehouse_dag.py
Traceback (most recent call last):
  File "/home/airflow/.local/lib/python3.10/site-packages/airflow/models/dagbag.py", line 351, in parse
    loader.exec_module(new_module)
  File "<frozen importlib._bootstrap_external>", line 883, in exec_module
  File "<frozen importlib._bootstrap>", line 241, in _call_with_frames_removed
  File "/opt/airflow/dags/warehouse_dag.py", line 1, in <module>
    from extraction.extraction import extraction
ModuleNotFoundError: No module named 'extraction'
[2026-09-16T14:18:21.811+0000] {processor.py:842} WARNING - No viable dags retrieved from /opt/airflow/dags/warehouse_dag.py
[2026-09-16T14:18:21.838+0000] {processor.py:183} INFO - Processing /opt/airflow/dags/warehouse_dag.py took 0.088 seconds
[2026-09-16T14:18:52.102+0000] {processor.py:161} INFO - Started process (PID=488) to work on /opt/airflow/dags/warehouse_dag.py
[2026-09-16T14:18:52.105+0000] {processor.py:830} INFO - Processing file /opt/airflow/dags/warehouse_dag.py for tasks to queue
[2026-09-16T14:18:52.111+0000] {logging_mixin.py:188} INFO - [2026-09-16T14:18:52.110+0000] {dagbag.py:545} INFO - Filling up the DagBag from /opt/airflow/dags/warehouse_dag.py
[2026-09-16T14:18:52.153+0000] {logging_mixin.py:188} INFO - [2026-09-16T14:18:52.145+0000] {dagbag.py:355} ERROR - Failed to import: /opt/airflow/dags/warehouse_dag.py
Traceback (most recent call last):
  File "/home/airflow/.local/lib/python3.10/site-packages/airflow/models/dagbag.py", line 351, in parse
    loader.exec_module(new_module)
  File "<frozen importlib._bootstrap_external>", line 883, in exec_module
  File "<frozen importlib._bootstrap>", line 241, in _call_with_frames_removed
  File "/opt/airflow/dags/warehouse_dag.py", line 1, in <module>
    from extraction.extraction import extraction
ModuleNotFoundError: No module named 'extraction'
[2026-09-16T14:18:52.157+0000] {processor.py:842} WARNING - No viable dags retrieved from /opt/airflow/dags/warehouse_dag.py
[2026-09-16T14:18:52.192+0000] {processor.py:183} INFO - Processing /opt/airflow/dags/warehouse_dag.py took 0.100 seconds
[2026-09-16T14:19:22.432+0000] {processor.py:161} INFO - Started process (PID=495) to work on /opt/airflow/dags/warehouse_dag.py
[2026-09-16T14:19:22.435+0000] {processor.py:830} INFO - Processing file /opt/airflow/dags/warehouse_dag.py for tasks to queue
[2026-09-16T14:19:22.445+0000] {logging_mixin.py:188} INFO - [2026-09-16T14:19:22.443+0000] {dagbag.py:545} INFO - Filling up the DagBag from /opt/airflow/dags/warehouse_dag.py
[2026-09-16T14:19:22.483+0000] {logging_mixin.py:188} INFO - [2026-09-16T14:19:22.475+0000] {dagbag.py:355} ERROR - Failed to import: /opt/airflow/dags/warehouse_dag.py
Traceback (most recent call last):
  File "/home/airflow/.local/lib/python3.10/site-packages/airflow/models/dagbag.py", line 351, in parse
    loader.exec_module(new_module)
  File "<frozen importlib._bootstrap_external>", line 883, in exec_module
  File "<frozen importlib._bootstrap>", line 241, in _call_with_frames_removed
  File "/opt/airflow/dags/warehouse_dag.py", line 1, in <module>
    from extraction.extraction import extraction
ModuleNotFoundError: No module named 'extraction'
[2026-09-16T14:19:22.491+0000] {processor.py:842} WARNING - No viable dags retrieved from /opt/airflow/dags/warehouse_dag.py
[2026-09-16T14:19:22.520+0000] {processor.py:183} INFO - Processing /opt/airflow/dags/warehouse_dag.py took 0.102 seconds
[2026-09-16T14:19:52.826+0000] {processor.py:161} INFO - Started process (PID=502) to work on /opt/airflow/dags/warehouse_dag.py
[2026-09-16T14:19:52.829+0000] {processor.py:830} INFO - Processing file /opt/airflow/dags/warehouse_dag.py for tasks to queue
[2026-09-16T14:19:52.834+0000] {logging_mixin.py:188} INFO - [2026-09-16T14:19:52.834+0000] {dagbag.py:545} INFO - Filling up the DagBag from /opt/airflow/dags/warehouse_dag.py
[2026-09-16T14:19:52.896+0000] {logging_mixin.py:188} INFO - [2026-09-16T14:19:52.887+0000] {dagbag.py:355} ERROR - Failed to import: /opt/airflow/dags/warehouse_dag.py
Traceback (most recent call last):
  File "/home/airflow/.local/lib/python3.10/site-packages/airflow/models/dagbag.py", line 351, in parse
    loader.exec_module(new_module)
  File "<frozen importlib._bootstrap_external>", line 883, in exec_module
  File "<frozen importlib._bootstrap>", line 241, in _call_with_frames_removed
  File "/opt/airflow/dags/warehouse_dag.py", line 1, in <module>
    from extraction.extraction import extraction
ModuleNotFoundError: No module named 'extraction'
[2026-09-16T14:19:52.900+0000] {processor.py:842} WARNING - No viable dags retrieved from /opt/airflow/dags/warehouse_dag.py
[2026-09-16T14:19:52.962+0000] {processor.py:183} INFO - Processing /opt/airflow/dags/warehouse_dag.py took 0.165 seconds
[2026-09-16T14:20:23.113+0000] {processor.py:161} INFO - Started process (PID=509) to work on /opt/airflow/dags/warehouse_dag.py
[2026-09-16T14:20:23.117+0000] {processor.py:830} INFO - Processing file /opt/airflow/dags/warehouse_dag.py for tasks to queue
[2026-09-16T14:20:23.124+0000] {logging_mixin.py:188} INFO - [2026-09-16T14:20:23.122+0000] {dagbag.py:545} INFO - Filling up the DagBag from /opt/airflow/dags/warehouse_dag.py
[2026-09-16T14:20:23.182+0000] {logging_mixin.py:188} INFO - [2026-09-16T14:20:23.173+0000] {dagbag.py:355} ERROR - Failed to import: /opt/airflow/dags/warehouse_dag.py
Traceback (most recent call last):
  File "/home/airflow/.local/lib/python3.10/site-packages/airflow/models/dagbag.py", line 351, in parse
    loader.exec_module(new_module)
  File "<frozen importlib._bootstrap_external>", line 883, in exec_module
  File "<frozen importlib._bootstrap>", line 241, in _call_with_frames_removed
  File "/opt/airflow/dags/warehouse_dag.py", line 1, in <module>
    from extraction.extraction import extraction
ModuleNotFoundError: No module named 'extraction'
[2026-09-16T14:20:23.186+0000] {processor.py:842} WARNING - No viable dags retrieved from /opt/airflow/dags/warehouse_dag.py
[2026-09-16T14:20:23.240+0000] {processor.py:183} INFO - Processing /opt/airflow/dags/warehouse_dag.py took 0.148 seconds
[2026-09-16T14:20:53.392+0000] {processor.py:161} INFO - Started process (PID=516) to work on /opt/airflow/dags/warehouse_dag.py
[2026-09-16T14:20:53.412+0000] {processor.py:830} INFO - Processing file /opt/airflow/dags/warehouse_dag.py for tasks to queue
[2026-09-16T14:20:53.416+0000] {logging_mixin.py:188} INFO - [2026-09-16T14:20:53.416+0000] {dagbag.py:545} INFO - Filling up the DagBag from /opt/airflow/dags/warehouse_dag.py
[2026-09-16T14:20:53.475+0000] {logging_mixin.py:188} INFO - [2026-09-16T14:20:53.467+0000] {dagbag.py:355} ERROR - Failed to import: /opt/airflow/dags/warehouse_dag.py
Traceback (most recent call last):
  File "/home/airflow/.local/lib/python3.10/site-packages/airflow/models/dagbag.py", line 351, in parse
    loader.exec_module(new_module)
  File "<frozen importlib._bootstrap_external>", line 883, in exec_module
  File "<frozen importlib._bootstrap>", line 241, in _call_with_frames_removed
  File "/opt/airflow/dags/warehouse_dag.py", line 1, in <module>
    from extraction.extraction import extraction
ModuleNotFoundError: No module named 'extraction'
[2026-09-16T14:20:53.479+0000] {processor.py:842} WARNING - No viable dags retrieved from /opt/airflow/dags/warehouse_dag.py
[2026-09-16T14:20:53.518+0000] {processor.py:183} INFO - Processing /opt/airflow/dags/warehouse_dag.py took 0.131 seconds
[2026-09-16T14:21:23.811+0000] {processor.py:161} INFO - Started process (PID=523) to work on /opt/airflow/dags/warehouse_dag.py
[2026-09-16T14:21:23.831+0000] {processor.py:830} INFO - Processing file /opt/airflow/dags/warehouse_dag.py for tasks to queue
[2026-09-16T14:21:23.835+0000] {logging_mixin.py:188} INFO - [2026-09-16T14:21:23.835+0000] {dagbag.py:545} INFO - Filling up the DagBag from /opt/airflow/dags/warehouse_dag.py
[2026-09-16T14:21:23.931+0000] {logging_mixin.py:188} INFO - [2026-09-16T14:21:23.906+0000] {dagbag.py:355} ERROR - Failed to import: /opt/airflow/dags/warehouse_dag.py
Traceback (most recent call last):
  File "/home/airflow/.local/lib/python3.10/site-packages/airflow/models/dagbag.py", line 351, in parse
    loader.exec_module(new_module)
  File "<frozen importlib._bootstrap_external>", line 883, in exec_module
  File "<frozen importlib._bootstrap>", line 241, in _call_with_frames_removed
  File "/opt/airflow/dags/warehouse_dag.py", line 1, in <module>
    from extraction.extraction import extraction
ModuleNotFoundError: No module named 'extraction'
[2026-09-16T14:21:23.935+0000] {processor.py:842} WARNING - No viable dags retrieved from /opt/airflow/dags/warehouse_dag.py
[2026-09-16T14:21:23.978+0000] {processor.py:183} INFO - Processing /opt/airflow/dags/warehouse_dag.py took 0.176 seconds
[2026-09-16T14:21:54.127+0000] {processor.py:161} INFO - Started process (PID=530) to work on /opt/airflow/dags/warehouse_dag.py
[2026-09-16T14:21:54.140+0000] {processor.py:830} INFO - Processing file /opt/airflow/dags/warehouse_dag.py for tasks to queue
[2026-09-16T14:21:54.144+0000] {logging_mixin.py:188} INFO - [2026-09-16T14:21:54.143+0000] {dagbag.py:545} INFO - Filling up the DagBag from /opt/airflow/dags/warehouse_dag.py
[2026-09-16T14:21:54.207+0000] {logging_mixin.py:188} INFO - [2026-09-16T14:21:54.196+0000] {dagbag.py:355} ERROR - Failed to import: /opt/airflow/dags/warehouse_dag.py
Traceback (most recent call last):
  File "/home/airflow/.local/lib/python3.10/site-packages/airflow/models/dagbag.py", line 351, in parse
    loader.exec_module(new_module)
  File "<frozen importlib._bootstrap_external>", line 883, in exec_module
  File "<frozen importlib._bootstrap>", line 241, in _call_with_frames_removed
  File "/opt/airflow/dags/warehouse_dag.py", line 1, in <module>
    from extraction.extraction import extraction
ModuleNotFoundError: No module named 'extraction'
[2026-09-16T14:21:54.211+0000] {processor.py:842} WARNING - No viable dags retrieved from /opt/airflow/dags/warehouse_dag.py
[2026-09-16T14:21:54.259+0000] {processor.py:183} INFO - Processing /opt/airflow/dags/warehouse_dag.py took 0.146 seconds
[2026-09-16T14:22:24.529+0000] {processor.py:161} INFO - Started process (PID=537) to work on /opt/airflow/dags/warehouse_dag.py
[2026-09-16T14:22:24.534+0000] {processor.py:830} INFO - Processing file /opt/airflow/dags/warehouse_dag.py for tasks to queue
[2026-09-16T14:22:24.539+0000] {logging_mixin.py:188} INFO - [2026-09-16T14:22:24.538+0000] {dagbag.py:545} INFO - Filling up the DagBag from /opt/airflow/dags/warehouse_dag.py
[2026-09-16T14:22:24.597+0000] {logging_mixin.py:188} INFO - [2026-09-16T14:22:24.575+0000] {dagbag.py:355} ERROR - Failed to import: /opt/airflow/dags/warehouse_dag.py
Traceback (most recent call last):
  File "/home/airflow/.local/lib/python3.10/site-packages/airflow/models/dagbag.py", line 351, in parse
    loader.exec_module(new_module)
  File "<frozen importlib._bootstrap_external>", line 883, in exec_module
  File "<frozen importlib._bootstrap>", line 241, in _call_with_frames_removed
  File "/opt/airflow/dags/warehouse_dag.py", line 1, in <module>
    from extraction.extraction import extraction
ModuleNotFoundError: No module named 'extraction'
[2026-09-16T14:22:24.602+0000] {processor.py:842} WARNING - No viable dags retrieved from /opt/airflow/dags/warehouse_dag.py
[2026-09-16T14:22:24.663+0000] {processor.py:183} INFO - Processing /opt/airflow/dags/warehouse_dag.py took 0.142 seconds
[2026-09-16T14:22:54.776+0000] {processor.py:161} INFO - Started process (PID=544) to work on /opt/airflow/dags/warehouse_dag.py
[2026-09-16T14:22:54.779+0000] {processor.py:830} INFO - Processing file /opt/airflow/dags/warehouse_dag.py for tasks to queue
[2026-09-16T14:22:54.783+0000] {logging_mixin.py:188} INFO - [2026-09-16T14:22:54.783+0000] {dagbag.py:545} INFO - Filling up the DagBag from /opt/airflow/dags/warehouse_dag.py
[2026-09-16T14:22:54.841+0000] {logging_mixin.py:188} INFO - [2026-09-16T14:22:54.835+0000] {dagbag.py:355} ERROR - Failed to import: /opt/airflow/dags/warehouse_dag.py
Traceback (most recent call last):
  File "/home/airflow/.local/lib/python3.10/site-packages/airflow/models/dagbag.py", line 351, in parse
    loader.exec_module(new_module)
  File "<frozen importlib._bootstrap_external>", line 883, in exec_module
  File "<frozen importlib._bootstrap>", line 241, in _call_with_frames_removed
  File "/opt/airflow/dags/warehouse_dag.py", line 1, in <module>
    from extraction.extraction import extraction
ModuleNotFoundError: No module named 'extraction'
[2026-09-16T14:22:54.845+0000] {processor.py:842} WARNING - No viable dags retrieved from /opt/airflow/dags/warehouse_dag.py
[2026-09-16T14:22:54.871+0000] {processor.py:183} INFO - Processing /opt/airflow/dags/warehouse_dag.py took 0.100 seconds
[2026-09-16T14:23:25.158+0000] {processor.py:161} INFO - Started process (PID=551) to work on /opt/airflow/dags/warehouse_dag.py
[2026-09-16T14:23:25.161+0000] {processor.py:830} INFO - Processing file /opt/airflow/dags/warehouse_dag.py for tasks to queue
[2026-09-16T14:23:25.165+0000] {logging_mixin.py:188} INFO - [2026-09-16T14:23:25.164+0000] {dagbag.py:545} INFO - Filling up the DagBag from /opt/airflow/dags/warehouse_dag.py
[2026-09-16T14:23:25.243+0000] {logging_mixin.py:188} INFO - [2026-09-16T14:23:25.236+0000] {dagbag.py:355} ERROR - Failed to import: /opt/airflow/dags/warehouse_dag.py
Traceback (most recent call last):
  File "/home/airflow/.local/lib/python3.10/site-packages/airflow/models/dagbag.py", line 351, in parse
    loader.exec_module(new_module)
  File "<frozen importlib._bootstrap_external>", line 883, in exec_module
  File "<frozen importlib._bootstrap>", line 241, in _call_with_frames_removed
  File "/opt/airflow/dags/warehouse_dag.py", line 1, in <module>
    from extraction.extraction import extraction
ModuleNotFoundError: No module named 'extraction'
[2026-09-16T14:23:25.247+0000] {processor.py:842} WARNING - No viable dags retrieved from /opt/airflow/dags/warehouse_dag.py
[2026-09-16T14:23:25.284+0000] {processor.py:183} INFO - Processing /opt/airflow/dags/warehouse_dag.py took 0.131 seconds
[2026-09-16T14:23:55.410+0000] {processor.py:161} INFO - Started process (PID=558) to work on /opt/airflow/dags/warehouse_dag.py
[2026-09-16T14:23:55.413+0000] {processor.py:830} INFO - Processing file /opt/airflow/dags/warehouse_dag.py for tasks to queue
[2026-09-16T14:23:55.417+0000] {logging_mixin.py:188} INFO - [2026-09-16T14:23:55.416+0000] {dagbag.py:545} INFO - Filling up the DagBag from /opt/airflow/dags/warehouse_dag.py
[2026-09-16T14:23:55.477+0000] {logging_mixin.py:188} INFO - [2026-09-16T14:23:55.471+0000] {dagbag.py:355} ERROR - Failed to import: /opt/airflow/dags/warehouse_dag.py
Traceback (most recent call last):
  File "/home/airflow/.local/lib/python3.10/site-packages/airflow/models/dagbag.py", line 351, in parse
    loader.exec_module(new_module)
  File "<frozen importlib._bootstrap_external>", line 883, in exec_module
  File "<frozen importlib._bootstrap>", line 241, in _call_with_frames_removed
  File "/opt/airflow/dags/warehouse_dag.py", line 1, in <module>
    from extraction.extraction import extraction
ModuleNotFoundError: No module named 'extraction'
[2026-09-16T14:23:55.481+0000] {processor.py:842} WARNING - No viable dags retrieved from /opt/airflow/dags/warehouse_dag.py
[2026-09-16T14:23:55.538+0000] {processor.py:183} INFO - Processing /opt/airflow/dags/warehouse_dag.py took 0.135 seconds
[2026-09-16T14:24:25.795+0000] {processor.py:161} INFO - Started process (PID=565) to work on /opt/airflow/dags/warehouse_dag.py
[2026-09-16T14:24:25.798+0000] {processor.py:830} INFO - Processing file /opt/airflow/dags/warehouse_dag.py for tasks to queue
[2026-09-16T14:24:25.822+0000] {logging_mixin.py:188} INFO - [2026-09-16T14:24:25.821+0000] {dagbag.py:545} INFO - Filling up the DagBag from /opt/airflow/dags/warehouse_dag.py
[2026-09-16T14:24:25.875+0000] {logging_mixin.py:188} INFO - [2026-09-16T14:24:25.864+0000] {dagbag.py:355} ERROR - Failed to import: /opt/airflow/dags/warehouse_dag.py
Traceback (most recent call last):
  File "/home/airflow/.local/lib/python3.10/site-packages/airflow/models/dagbag.py", line 351, in parse
    loader.exec_module(new_module)
  File "<frozen importlib._bootstrap_external>", line 883, in exec_module
  File "<frozen importlib._bootstrap>", line 241, in _call_with_frames_removed
  File "/opt/airflow/dags/warehouse_dag.py", line 1, in <module>
    from extraction.extraction import extraction
ModuleNotFoundError: No module named 'extraction'
[2026-09-16T14:24:25.880+0000] {processor.py:842} WARNING - No viable dags retrieved from /opt/airflow/dags/warehouse_dag.py
[2026-09-16T14:24:25.941+0000] {processor.py:183} INFO - Processing /opt/airflow/dags/warehouse_dag.py took 0.153 seconds
[2026-09-16T14:24:56.057+0000] {processor.py:161} INFO - Started process (PID=572) to work on /opt/airflow/dags/warehouse_dag.py
[2026-09-16T14:24:56.060+0000] {processor.py:830} INFO - Processing file /opt/airflow/dags/warehouse_dag.py for tasks to queue
[2026-09-16T14:24:56.087+0000] {logging_mixin.py:188} INFO - [2026-09-16T14:24:56.063+0000] {dagbag.py:545} INFO - Filling up the DagBag from /opt/airflow/dags/warehouse_dag.py
[2026-09-16T14:24:56.134+0000] {logging_mixin.py:188} INFO - [2026-09-16T14:24:56.126+0000] {dagbag.py:355} ERROR - Failed to import: /opt/airflow/dags/warehouse_dag.py
Traceback (most recent call last):
  File "/home/airflow/.local/lib/python3.10/site-packages/airflow/models/dagbag.py", line 351, in parse
    loader.exec_module(new_module)
  File "<frozen importlib._bootstrap_external>", line 883, in exec_module
  File "<frozen importlib._bootstrap>", line 241, in _call_with_frames_removed
  File "/opt/airflow/dags/warehouse_dag.py", line 1, in <module>
    from extraction.extraction import extraction
ModuleNotFoundError: No module named 'extraction'
[2026-09-16T14:24:56.138+0000] {processor.py:842} WARNING - No viable dags retrieved from /opt/airflow/dags/warehouse_dag.py
[2026-09-16T14:24:56.189+0000] {processor.py:183} INFO - Processing /opt/airflow/dags/warehouse_dag.py took 0.137 seconds
[2026-09-16T14:25:26.449+0000] {processor.py:161} INFO - Started process (PID=579) to work on /opt/airflow/dags/warehouse_dag.py
[2026-09-16T14:25:26.451+0000] {processor.py:830} INFO - Processing file /opt/airflow/dags/warehouse_dag.py for tasks to queue
[2026-09-16T14:25:26.455+0000] {logging_mixin.py:188} INFO - [2026-09-16T14:25:26.455+0000] {dagbag.py:545} INFO - Filling up the DagBag from /opt/airflow/dags/warehouse_dag.py
[2026-09-16T14:25:26.496+0000] {logging_mixin.py:188} INFO - [2026-09-16T14:25:26.489+0000] {dagbag.py:355} ERROR - Failed to import: /opt/airflow/dags/warehouse_dag.py
Traceback (most recent call last):
  File "/home/airflow/.local/lib/python3.10/site-packages/airflow/models/dagbag.py", line 351, in parse
    loader.exec_module(new_module)
  File "<frozen importlib._bootstrap_external>", line 883, in exec_module
  File "<frozen importlib._bootstrap>", line 241, in _call_with_frames_removed
  File "/opt/airflow/dags/warehouse_dag.py", line 1, in <module>
    from extraction.extraction import extraction
ModuleNotFoundError: No module named 'extraction'
[2026-09-16T14:25:26.499+0000] {processor.py:842} WARNING - No viable dags retrieved from /opt/airflow/dags/warehouse_dag.py
[2026-09-16T14:25:26.547+0000] {processor.py:183} INFO - Processing /opt/airflow/dags/warehouse_dag.py took 0.103 seconds
[2026-09-16T14:25:56.704+0000] {processor.py:161} INFO - Started process (PID=586) to work on /opt/airflow/dags/warehouse_dag.py
[2026-09-16T14:25:56.707+0000] {processor.py:830} INFO - Processing file /opt/airflow/dags/warehouse_dag.py for tasks to queue
[2026-09-16T14:25:56.713+0000] {logging_mixin.py:188} INFO - [2026-09-16T14:25:56.712+0000] {dagbag.py:545} INFO - Filling up the DagBag from /opt/airflow/dags/warehouse_dag.py
[2026-09-16T14:25:56.769+0000] {logging_mixin.py:188} INFO - [2026-09-16T14:25:56.761+0000] {dagbag.py:355} ERROR - Failed to import: /opt/airflow/dags/warehouse_dag.py
Traceback (most recent call last):
  File "/home/airflow/.local/lib/python3.10/site-packages/airflow/models/dagbag.py", line 351, in parse
    loader.exec_module(new_module)
  File "<frozen importlib._bootstrap_external>", line 883, in exec_module
  File "<frozen importlib._bootstrap>", line 241, in _call_with_frames_removed
  File "/opt/airflow/dags/warehouse_dag.py", line 1, in <module>
    from extraction.extraction import extraction
ModuleNotFoundError: No module named 'extraction'
[2026-09-16T14:25:56.778+0000] {processor.py:842} WARNING - No viable dags retrieved from /opt/airflow/dags/warehouse_dag.py
[2026-09-16T14:25:56.824+0000] {processor.py:183} INFO - Processing /opt/airflow/dags/warehouse_dag.py took 0.129 seconds
[2026-09-16T14:26:27.219+0000] {processor.py:161} INFO - Started process (PID=593) to work on /opt/airflow/dags/warehouse_dag.py
[2026-09-16T14:26:27.222+0000] {processor.py:830} INFO - Processing file /opt/airflow/dags/warehouse_dag.py for tasks to queue
[2026-09-16T14:26:27.231+0000] {logging_mixin.py:188} INFO - [2026-09-16T14:26:27.230+0000] {dagbag.py:545} INFO - Filling up the DagBag from /opt/airflow/dags/warehouse_dag.py
[2026-09-16T14:26:27.274+0000] {logging_mixin.py:188} INFO - [2026-09-16T14:26:27.267+0000] {dagbag.py:355} ERROR - Failed to import: /opt/airflow/dags/warehouse_dag.py
Traceback (most recent call last):
  File "/home/airflow/.local/lib/python3.10/site-packages/airflow/models/dagbag.py", line 351, in parse
    loader.exec_module(new_module)
  File "<frozen importlib._bootstrap_external>", line 883, in exec_module
  File "<frozen importlib._bootstrap>", line 241, in _call_with_frames_removed
  File "/opt/airflow/dags/warehouse_dag.py", line 1, in <module>
    from extraction.extraction import extraction
ModuleNotFoundError: No module named 'extraction'
[2026-09-16T14:26:27.279+0000] {processor.py:842} WARNING - No viable dags retrieved from /opt/airflow/dags/warehouse_dag.py
[2026-09-16T14:26:27.328+0000] {processor.py:183} INFO - Processing /opt/airflow/dags/warehouse_dag.py took 0.115 seconds
[2026-09-16T14:26:57.492+0000] {processor.py:161} INFO - Started process (PID=600) to work on /opt/airflow/dags/warehouse_dag.py
[2026-09-16T14:26:57.495+0000] {processor.py:830} INFO - Processing file /opt/airflow/dags/warehouse_dag.py for tasks to queue
[2026-09-16T14:26:57.499+0000] {logging_mixin.py:188} INFO - [2026-09-16T14:26:57.498+0000] {dagbag.py:545} INFO - Filling up the DagBag from /opt/airflow/dags/warehouse_dag.py
[2026-09-16T14:26:57.544+0000] {logging_mixin.py:188} INFO - [2026-09-16T14:26:57.536+0000] {dagbag.py:355} ERROR - Failed to import: /opt/airflow/dags/warehouse_dag.py
Traceback (most recent call last):
  File "/home/airflow/.local/lib/python3.10/site-packages/airflow/models/dagbag.py", line 351, in parse
    loader.exec_module(new_module)
  File "<frozen importlib._bootstrap_external>", line 883, in exec_module
  File "<frozen importlib._bootstrap>", line 241, in _call_with_frames_removed
  File "/opt/airflow/dags/warehouse_dag.py", line 1, in <module>
    from extraction.extraction import extraction
ModuleNotFoundError: No module named 'extraction'
[2026-09-16T14:26:57.547+0000] {processor.py:842} WARNING - No viable dags retrieved from /opt/airflow/dags/warehouse_dag.py
[2026-09-16T14:26:57.591+0000] {processor.py:183} INFO - Processing /opt/airflow/dags/warehouse_dag.py took 0.108 seconds
[2026-09-16T14:27:27.879+0000] {processor.py:161} INFO - Started process (PID=607) to work on /opt/airflow/dags/warehouse_dag.py
[2026-09-16T14:27:27.900+0000] {processor.py:830} INFO - Processing file /opt/airflow/dags/warehouse_dag.py for tasks to queue
[2026-09-16T14:27:27.904+0000] {logging_mixin.py:188} INFO - [2026-09-16T14:27:27.904+0000] {dagbag.py:545} INFO - Filling up the DagBag from /opt/airflow/dags/warehouse_dag.py
[2026-09-16T14:27:27.950+0000] {logging_mixin.py:188} INFO - [2026-09-16T14:27:27.942+0000] {dagbag.py:355} ERROR - Failed to import: /opt/airflow/dags/warehouse_dag.py
Traceback (most recent call last):
  File "/home/airflow/.local/lib/python3.10/site-packages/airflow/models/dagbag.py", line 351, in parse
    loader.exec_module(new_module)
  File "<frozen importlib._bootstrap_external>", line 883, in exec_module
  File "<frozen importlib._bootstrap>", line 241, in _call_with_frames_removed
  File "/opt/airflow/dags/warehouse_dag.py", line 1, in <module>
    from extraction.extraction import extraction
ModuleNotFoundError: No module named 'extraction'
[2026-09-16T14:27:27.953+0000] {processor.py:842} WARNING - No viable dags retrieved from /opt/airflow/dags/warehouse_dag.py
[2026-09-16T14:27:28.000+0000] {processor.py:183} INFO - Processing /opt/airflow/dags/warehouse_dag.py took 0.126 seconds
[2026-09-16T14:27:58.127+0000] {processor.py:161} INFO - Started process (PID=614) to work on /opt/airflow/dags/warehouse_dag.py
[2026-09-16T14:27:58.131+0000] {processor.py:830} INFO - Processing file /opt/airflow/dags/warehouse_dag.py for tasks to queue
[2026-09-16T14:27:58.136+0000] {logging_mixin.py:188} INFO - [2026-09-16T14:27:58.136+0000] {dagbag.py:545} INFO - Filling up the DagBag from /opt/airflow/dags/warehouse_dag.py
[2026-09-16T14:27:58.189+0000] {logging_mixin.py:188} INFO - [2026-09-16T14:27:58.174+0000] {dagbag.py:355} ERROR - Failed to import: /opt/airflow/dags/warehouse_dag.py
Traceback (most recent call last):
  File "/home/airflow/.local/lib/python3.10/site-packages/airflow/models/dagbag.py", line 351, in parse
    loader.exec_module(new_module)
  File "<frozen importlib._bootstrap_external>", line 883, in exec_module
  File "<frozen importlib._bootstrap>", line 241, in _call_with_frames_removed
  File "/opt/airflow/dags/warehouse_dag.py", line 1, in <module>
    from extraction.extraction import extraction
ModuleNotFoundError: No module named 'extraction'
[2026-09-16T14:27:58.192+0000] {processor.py:842} WARNING - No viable dags retrieved from /opt/airflow/dags/warehouse_dag.py
[2026-09-16T14:27:58.240+0000] {processor.py:183} INFO - Processing /opt/airflow/dags/warehouse_dag.py took 0.120 seconds
[2026-09-16T14:28:28.517+0000] {processor.py:161} INFO - Started process (PID=621) to work on /opt/airflow/dags/warehouse_dag.py
[2026-09-16T14:28:28.520+0000] {processor.py:830} INFO - Processing file /opt/airflow/dags/warehouse_dag.py for tasks to queue
[2026-09-16T14:28:28.525+0000] {logging_mixin.py:188} INFO - [2026-09-16T14:28:28.524+0000] {dagbag.py:545} INFO - Filling up the DagBag from /opt/airflow/dags/warehouse_dag.py
[2026-09-16T14:28:28.570+0000] {logging_mixin.py:188} INFO - [2026-09-16T14:28:28.563+0000] {dagbag.py:355} ERROR - Failed to import: /opt/airflow/dags/warehouse_dag.py
Traceback (most recent call last):
  File "/home/airflow/.local/lib/python3.10/site-packages/airflow/models/dagbag.py", line 351, in parse
    loader.exec_module(new_module)
  File "<frozen importlib._bootstrap_external>", line 883, in exec_module
  File "<frozen importlib._bootstrap>", line 241, in _call_with_frames_removed
  File "/opt/airflow/dags/warehouse_dag.py", line 1, in <module>
    from extraction.extraction import extraction
ModuleNotFoundError: No module named 'extraction'
[2026-09-16T14:28:28.573+0000] {processor.py:842} WARNING - No viable dags retrieved from /opt/airflow/dags/warehouse_dag.py
[2026-09-16T14:28:28.597+0000] {processor.py:183} INFO - Processing /opt/airflow/dags/warehouse_dag.py took 0.087 seconds
[2026-09-16T14:28:58.793+0000] {processor.py:161} INFO - Started process (PID=628) to work on /opt/airflow/dags/warehouse_dag.py
[2026-09-16T14:28:58.796+0000] {processor.py:830} INFO - Processing file /opt/airflow/dags/warehouse_dag.py for tasks to queue
[2026-09-16T14:28:58.799+0000] {logging_mixin.py:188} INFO - [2026-09-16T14:28:58.799+0000] {dagbag.py:545} INFO - Filling up the DagBag from /opt/airflow/dags/warehouse_dag.py
[2026-09-16T14:28:58.839+0000] {logging_mixin.py:188} INFO - [2026-09-16T14:28:58.831+0000] {dagbag.py:355} ERROR - Failed to import: /opt/airflow/dags/warehouse_dag.py
Traceback (most recent call last):
  File "/home/airflow/.local/lib/python3.10/site-packages/airflow/models/dagbag.py", line 351, in parse
    loader.exec_module(new_module)
  File "<frozen importlib._bootstrap_external>", line 883, in exec_module
  File "<frozen importlib._bootstrap>", line 241, in _call_with_frames_removed
  File "/opt/airflow/dags/warehouse_dag.py", line 1, in <module>
    from extraction.extraction import extraction
ModuleNotFoundError: No module named 'extraction'
[2026-09-16T14:28:58.843+0000] {processor.py:842} WARNING - No viable dags retrieved from /opt/airflow/dags/warehouse_dag.py
[2026-09-16T14:28:58.884+0000] {processor.py:183} INFO - Processing /opt/airflow/dags/warehouse_dag.py took 0.098 seconds
[2026-09-16T14:29:29.092+0000] {processor.py:161} INFO - Started process (PID=635) to work on /opt/airflow/dags/warehouse_dag.py
[2026-09-16T14:29:29.094+0000] {processor.py:830} INFO - Processing file /opt/airflow/dags/warehouse_dag.py for tasks to queue
[2026-09-16T14:29:29.098+0000] {logging_mixin.py:188} INFO - [2026-09-16T14:29:29.097+0000] {dagbag.py:545} INFO - Filling up the DagBag from /opt/airflow/dags/warehouse_dag.py
[2026-09-16T14:29:29.134+0000] {logging_mixin.py:188} INFO - [2026-09-16T14:29:29.128+0000] {dagbag.py:355} ERROR - Failed to import: /opt/airflow/dags/warehouse_dag.py
Traceback (most recent call last):
  File "/home/airflow/.local/lib/python3.10/site-packages/airflow/models/dagbag.py", line 351, in parse
    loader.exec_module(new_module)
  File "<frozen importlib._bootstrap_external>", line 883, in exec_module
  File "<frozen importlib._bootstrap>", line 241, in _call_with_frames_removed
  File "/opt/airflow/dags/warehouse_dag.py", line 1, in <module>
    from extraction.extraction import extraction
ModuleNotFoundError: No module named 'extraction'
[2026-09-16T14:29:29.165+0000] {processor.py:842} WARNING - No viable dags retrieved from /opt/airflow/dags/warehouse_dag.py
[2026-09-16T14:29:29.210+0000] {processor.py:183} INFO - Processing /opt/airflow/dags/warehouse_dag.py took 0.124 seconds
[2026-09-16T14:29:59.394+0000] {processor.py:161} INFO - Started process (PID=642) to work on /opt/airflow/dags/warehouse_dag.py
[2026-09-16T14:29:59.397+0000] {processor.py:830} INFO - Processing file /opt/airflow/dags/warehouse_dag.py for tasks to queue
[2026-09-16T14:29:59.401+0000] {logging_mixin.py:188} INFO - [2026-09-16T14:29:59.400+0000] {dagbag.py:545} INFO - Filling up the DagBag from /opt/airflow/dags/warehouse_dag.py
[2026-09-16T14:29:59.437+0000] {logging_mixin.py:188} INFO - [2026-09-16T14:29:59.431+0000] {dagbag.py:355} ERROR - Failed to import: /opt/airflow/dags/warehouse_dag.py
Traceback (most recent call last):
  File "/home/airflow/.local/lib/python3.10/site-packages/airflow/models/dagbag.py", line 351, in parse
    loader.exec_module(new_module)
  File "<frozen importlib._bootstrap_external>", line 883, in exec_module
  File "<frozen importlib._bootstrap>", line 241, in _call_with_frames_removed
  File "/opt/airflow/dags/warehouse_dag.py", line 1, in <module>
    from extraction.extraction import extraction
ModuleNotFoundError: No module named 'extraction'
[2026-09-16T14:29:59.440+0000] {processor.py:842} WARNING - No viable dags retrieved from /opt/airflow/dags/warehouse_dag.py
[2026-09-16T14:29:59.461+0000] {processor.py:183} INFO - Processing /opt/airflow/dags/warehouse_dag.py took 0.075 seconds
[2026-09-16T14:30:29.745+0000] {processor.py:161} INFO - Started process (PID=649) to work on /opt/airflow/dags/warehouse_dag.py
[2026-09-16T14:30:29.748+0000] {processor.py:830} INFO - Processing file /opt/airflow/dags/warehouse_dag.py for tasks to queue
[2026-09-16T14:30:29.751+0000] {logging_mixin.py:188} INFO - [2026-09-16T14:30:29.751+0000] {dagbag.py:545} INFO - Filling up the DagBag from /opt/airflow/dags/warehouse_dag.py
[2026-09-16T14:30:29.794+0000] {logging_mixin.py:188} INFO - [2026-09-16T14:30:29.787+0000] {dagbag.py:355} ERROR - Failed to import: /opt/airflow/dags/warehouse_dag.py
Traceback (most recent call last):
  File "/home/airflow/.local/lib/python3.10/site-packages/airflow/models/dagbag.py", line 351, in parse
    loader.exec_module(new_module)
  File "<frozen importlib._bootstrap_external>", line 883, in exec_module
  File "<frozen importlib._bootstrap>", line 241, in _call_with_frames_removed
  File "/opt/airflow/dags/warehouse_dag.py", line 1, in <module>
    from extraction.extraction import extraction
ModuleNotFoundError: No module named 'extraction'
[2026-09-16T14:30:29.798+0000] {processor.py:842} WARNING - No viable dags retrieved from /opt/airflow/dags/warehouse_dag.py
[2026-09-16T14:30:29.840+0000] {processor.py:183} INFO - Processing /opt/airflow/dags/warehouse_dag.py took 0.101 seconds
[2026-09-16T14:31:00.026+0000] {processor.py:161} INFO - Started process (PID=657) to work on /opt/airflow/dags/warehouse_dag.py
[2026-09-16T14:31:00.028+0000] {processor.py:830} INFO - Processing file /opt/airflow/dags/warehouse_dag.py for tasks to queue
[2026-09-16T14:31:00.032+0000] {logging_mixin.py:188} INFO - [2026-09-16T14:31:00.031+0000] {dagbag.py:545} INFO - Filling up the DagBag from /opt/airflow/dags/warehouse_dag.py
[2026-09-16T14:31:00.073+0000] {logging_mixin.py:188} INFO - [2026-09-16T14:31:00.065+0000] {dagbag.py:355} ERROR - Failed to import: /opt/airflow/dags/warehouse_dag.py
Traceback (most recent call last):
  File "/home/airflow/.local/lib/python3.10/site-packages/airflow/models/dagbag.py", line 351, in parse
    loader.exec_module(new_module)
  File "<frozen importlib._bootstrap_external>", line 883, in exec_module
  File "<frozen importlib._bootstrap>", line 241, in _call_with_frames_removed
  File "/opt/airflow/dags/warehouse_dag.py", line 1, in <module>
    from extraction.extraction import extraction
ModuleNotFoundError: No module named 'extraction'
[2026-09-16T14:31:00.077+0000] {processor.py:842} WARNING - No viable dags retrieved from /opt/airflow/dags/warehouse_dag.py
[2026-09-16T14:31:00.134+0000] {processor.py:183} INFO - Processing /opt/airflow/dags/warehouse_dag.py took 0.115 seconds
[2026-09-16T14:31:30.524+0000] {processor.py:161} INFO - Started process (PID=664) to work on /opt/airflow/dags/warehouse_dag.py
[2026-09-16T14:31:30.526+0000] {processor.py:830} INFO - Processing file /opt/airflow/dags/warehouse_dag.py for tasks to queue
[2026-09-16T14:31:30.529+0000] {logging_mixin.py:188} INFO - [2026-09-16T14:31:30.529+0000] {dagbag.py:545} INFO - Filling up the DagBag from /opt/airflow/dags/warehouse_dag.py
[2026-09-16T14:31:30.590+0000] {logging_mixin.py:188} INFO - [2026-09-16T14:31:30.562+0000] {dagbag.py:355} ERROR - Failed to import: /opt/airflow/dags/warehouse_dag.py
Traceback (most recent call last):
  File "/home/airflow/.local/lib/python3.10/site-packages/airflow/models/dagbag.py", line 351, in parse
    loader.exec_module(new_module)
  File "<frozen importlib._bootstrap_external>", line 883, in exec_module
  File "<frozen importlib._bootstrap>", line 241, in _call_with_frames_removed
  File "/opt/airflow/dags/warehouse_dag.py", line 1, in <module>
    from extraction.extraction import extraction
ModuleNotFoundError: No module named 'extraction'
[2026-09-16T14:31:30.592+0000] {processor.py:842} WARNING - No viable dags retrieved from /opt/airflow/dags/warehouse_dag.py
[2026-09-16T14:31:30.616+0000] {processor.py:183} INFO - Processing /opt/airflow/dags/warehouse_dag.py took 0.096 seconds
[2026-09-16T14:32:00.859+0000] {processor.py:161} INFO - Started process (PID=671) to work on /opt/airflow/dags/warehouse_dag.py
[2026-09-16T14:32:00.882+0000] {processor.py:830} INFO - Processing file /opt/airflow/dags/warehouse_dag.py for tasks to queue
[2026-09-16T14:32:00.886+0000] {logging_mixin.py:188} INFO - [2026-09-16T14:32:00.885+0000] {dagbag.py:545} INFO - Filling up the DagBag from /opt/airflow/dags/warehouse_dag.py
[2026-09-16T14:32:00.939+0000] {logging_mixin.py:188} INFO - [2026-09-16T14:32:00.930+0000] {dagbag.py:355} ERROR - Failed to import: /opt/airflow/dags/warehouse_dag.py
Traceback (most recent call last):
  File "/home/airflow/.local/lib/python3.10/site-packages/airflow/models/dagbag.py", line 351, in parse
    loader.exec_module(new_module)
  File "<frozen importlib._bootstrap_external>", line 883, in exec_module
  File "<frozen importlib._bootstrap>", line 241, in _call_with_frames_removed
  File "/opt/airflow/dags/warehouse_dag.py", line 1, in <module>
    from extraction.extraction import extraction
ModuleNotFoundError: No module named 'extraction'
[2026-09-16T14:32:00.943+0000] {processor.py:842} WARNING - No viable dags retrieved from /opt/airflow/dags/warehouse_dag.py
[2026-09-16T14:32:00.998+0000] {processor.py:183} INFO - Processing /opt/airflow/dags/warehouse_dag.py took 0.144 seconds
[2026-09-16T14:32:31.145+0000] {processor.py:161} INFO - Started process (PID=678) to work on /opt/airflow/dags/warehouse_dag.py
[2026-09-16T14:32:31.148+0000] {processor.py:830} INFO - Processing file /opt/airflow/dags/warehouse_dag.py for tasks to queue
[2026-09-16T14:32:31.151+0000] {logging_mixin.py:188} INFO - [2026-09-16T14:32:31.151+0000] {dagbag.py:545} INFO - Filling up the DagBag from /opt/airflow/dags/warehouse_dag.py
[2026-09-16T14:32:31.198+0000] {logging_mixin.py:188} INFO - [2026-09-16T14:32:31.190+0000] {dagbag.py:355} ERROR - Failed to import: /opt/airflow/dags/warehouse_dag.py
Traceback (most recent call last):
  File "/home/airflow/.local/lib/python3.10/site-packages/airflow/models/dagbag.py", line 351, in parse
    loader.exec_module(new_module)
  File "<frozen importlib._bootstrap_external>", line 883, in exec_module
  File "<frozen importlib._bootstrap>", line 241, in _call_with_frames_removed
  File "/opt/airflow/dags/warehouse_dag.py", line 1, in <module>
    from extraction.extraction import extraction
ModuleNotFoundError: No module named 'extraction'
[2026-09-16T14:32:31.201+0000] {processor.py:842} WARNING - No viable dags retrieved from /opt/airflow/dags/warehouse_dag.py
[2026-09-16T14:32:31.224+0000] {processor.py:183} INFO - Processing /opt/airflow/dags/warehouse_dag.py took 0.095 seconds
[2026-09-16T14:33:01.519+0000] {processor.py:161} INFO - Started process (PID=685) to work on /opt/airflow/dags/warehouse_dag.py
[2026-09-16T14:33:01.522+0000] {processor.py:830} INFO - Processing file /opt/airflow/dags/warehouse_dag.py for tasks to queue
[2026-09-16T14:33:01.526+0000] {logging_mixin.py:188} INFO - [2026-09-16T14:33:01.525+0000] {dagbag.py:545} INFO - Filling up the DagBag from /opt/airflow/dags/warehouse_dag.py
[2026-09-16T14:33:01.607+0000] {logging_mixin.py:188} INFO - [2026-09-16T14:33:01.594+0000] {dagbag.py:355} ERROR - Failed to import: /opt/airflow/dags/warehouse_dag.py
Traceback (most recent call last):
  File "/home/airflow/.local/lib/python3.10/site-packages/airflow/models/dagbag.py", line 351, in parse
    loader.exec_module(new_module)
  File "<frozen importlib._bootstrap_external>", line 883, in exec_module
  File "<frozen importlib._bootstrap>", line 241, in _call_with_frames_removed
  File "/opt/airflow/dags/warehouse_dag.py", line 1, in <module>
    from extraction.extraction import extraction
ModuleNotFoundError: No module named 'extraction'
[2026-09-16T14:33:01.611+0000] {processor.py:842} WARNING - No viable dags retrieved from /opt/airflow/dags/warehouse_dag.py
[2026-09-16T14:33:01.653+0000] {processor.py:183} INFO - Processing /opt/airflow/dags/warehouse_dag.py took 0.153 seconds
[2026-09-16T14:33:31.801+0000] {processor.py:161} INFO - Started process (PID=692) to work on /opt/airflow/dags/warehouse_dag.py
[2026-09-16T14:33:31.804+0000] {processor.py:830} INFO - Processing file /opt/airflow/dags/warehouse_dag.py for tasks to queue
[2026-09-16T14:33:31.807+0000] {logging_mixin.py:188} INFO - [2026-09-16T14:33:31.806+0000] {dagbag.py:545} INFO - Filling up the DagBag from /opt/airflow/dags/warehouse_dag.py
[2026-09-16T14:33:31.841+0000] {logging_mixin.py:188} INFO - [2026-09-16T14:33:31.833+0000] {dagbag.py:355} ERROR - Failed to import: /opt/airflow/dags/warehouse_dag.py
Traceback (most recent call last):
  File "/home/airflow/.local/lib/python3.10/site-packages/airflow/models/dagbag.py", line 351, in parse
    loader.exec_module(new_module)
  File "<frozen importlib._bootstrap_external>", line 883, in exec_module
  File "<frozen importlib._bootstrap>", line 241, in _call_with_frames_removed
  File "/opt/airflow/dags/warehouse_dag.py", line 1, in <module>
    from extraction.extraction import extraction
ModuleNotFoundError: No module named 'extraction'
[2026-09-16T14:33:31.845+0000] {processor.py:842} WARNING - No viable dags retrieved from /opt/airflow/dags/warehouse_dag.py
[2026-09-16T14:33:31.889+0000] {processor.py:183} INFO - Processing /opt/airflow/dags/warehouse_dag.py took 0.093 seconds
[2026-09-16T14:34:02.079+0000] {processor.py:161} INFO - Started process (PID=699) to work on /opt/airflow/dags/warehouse_dag.py
[2026-09-16T14:34:02.081+0000] {processor.py:830} INFO - Processing file /opt/airflow/dags/warehouse_dag.py for tasks to queue
[2026-09-16T14:34:02.085+0000] {logging_mixin.py:188} INFO - [2026-09-16T14:34:02.085+0000] {dagbag.py:545} INFO - Filling up the DagBag from /opt/airflow/dags/warehouse_dag.py
[2026-09-16T14:34:02.128+0000] {logging_mixin.py:188} INFO - [2026-09-16T14:34:02.120+0000] {dagbag.py:355} ERROR - Failed to import: /opt/airflow/dags/warehouse_dag.py
Traceback (most recent call last):
  File "/home/airflow/.local/lib/python3.10/site-packages/airflow/models/dagbag.py", line 351, in parse
    loader.exec_module(new_module)
  File "<frozen importlib._bootstrap_external>", line 883, in exec_module
  File "<frozen importlib._bootstrap>", line 241, in _call_with_frames_removed
  File "/opt/airflow/dags/warehouse_dag.py", line 1, in <module>
    from extraction.extraction import extraction
ModuleNotFoundError: No module named 'extraction'
[2026-09-16T14:34:02.132+0000] {processor.py:842} WARNING - No viable dags retrieved from /opt/airflow/dags/warehouse_dag.py
[2026-09-16T14:34:02.167+0000] {processor.py:183} INFO - Processing /opt/airflow/dags/warehouse_dag.py took 0.094 seconds
[2026-09-16T14:34:32.457+0000] {processor.py:161} INFO - Started process (PID=706) to work on /opt/airflow/dags/warehouse_dag.py
[2026-09-16T14:34:32.479+0000] {processor.py:830} INFO - Processing file /opt/airflow/dags/warehouse_dag.py for tasks to queue
[2026-09-16T14:34:32.483+0000] {logging_mixin.py:188} INFO - [2026-09-16T14:34:32.483+0000] {dagbag.py:545} INFO - Filling up the DagBag from /opt/airflow/dags/warehouse_dag.py
[2026-09-16T14:34:32.532+0000] {logging_mixin.py:188} INFO - [2026-09-16T14:34:32.522+0000] {dagbag.py:355} ERROR - Failed to import: /opt/airflow/dags/warehouse_dag.py
Traceback (most recent call last):
  File "/home/airflow/.local/lib/python3.10/site-packages/airflow/models/dagbag.py", line 351, in parse
    loader.exec_module(new_module)
  File "<frozen importlib._bootstrap_external>", line 883, in exec_module
  File "<frozen importlib._bootstrap>", line 241, in _call_with_frames_removed
  File "/opt/airflow/dags/warehouse_dag.py", line 1, in <module>
    from extraction.extraction import extraction
ModuleNotFoundError: No module named 'extraction'
[2026-09-16T14:34:32.536+0000] {processor.py:842} WARNING - No viable dags retrieved from /opt/airflow/dags/warehouse_dag.py
[2026-09-16T14:34:32.575+0000] {processor.py:183} INFO - Processing /opt/airflow/dags/warehouse_dag.py took 0.123 seconds
[2026-09-16T14:35:02.818+0000] {processor.py:161} INFO - Started process (PID=713) to work on /opt/airflow/dags/warehouse_dag.py
[2026-09-16T14:35:02.820+0000] {processor.py:830} INFO - Processing file /opt/airflow/dags/warehouse_dag.py for tasks to queue
[2026-09-16T14:35:02.823+0000] {logging_mixin.py:188} INFO - [2026-09-16T14:35:02.823+0000] {dagbag.py:545} INFO - Filling up the DagBag from /opt/airflow/dags/warehouse_dag.py
[2026-09-16T14:35:02.868+0000] {logging_mixin.py:188} INFO - [2026-09-16T14:35:02.860+0000] {dagbag.py:355} ERROR - Failed to import: /opt/airflow/dags/warehouse_dag.py
Traceback (most recent call last):
  File "/home/airflow/.local/lib/python3.10/site-packages/airflow/models/dagbag.py", line 351, in parse
    loader.exec_module(new_module)
  File "<frozen importlib._bootstrap_external>", line 883, in exec_module
  File "<frozen importlib._bootstrap>", line 241, in _call_with_frames_removed
  File "/opt/airflow/dags/warehouse_dag.py", line 1, in <module>
    from extraction.extraction import extraction
ModuleNotFoundError: No module named 'extraction'
[2026-09-16T14:35:02.871+0000] {processor.py:842} WARNING - No viable dags retrieved from /opt/airflow/dags/warehouse_dag.py
[2026-09-16T14:35:02.903+0000] {processor.py:183} INFO - Processing /opt/airflow/dags/warehouse_dag.py took 0.091 seconds
[2026-09-16T14:35:33.136+0000] {processor.py:161} INFO - Started process (PID=720) to work on /opt/airflow/dags/warehouse_dag.py
[2026-09-16T14:35:33.162+0000] {processor.py:830} INFO - Processing file /opt/airflow/dags/warehouse_dag.py for tasks to queue
[2026-09-16T14:35:33.165+0000] {logging_mixin.py:188} INFO - [2026-09-16T14:35:33.165+0000] {dagbag.py:545} INFO - Filling up the DagBag from /opt/airflow/dags/warehouse_dag.py
[2026-09-16T14:35:33.201+0000] {logging_mixin.py:188} INFO - [2026-09-16T14:35:33.194+0000] {dagbag.py:355} ERROR - Failed to import: /opt/airflow/dags/warehouse_dag.py
Traceback (most recent call last):
  File "/home/airflow/.local/lib/python3.10/site-packages/airflow/models/dagbag.py", line 351, in parse
    loader.exec_module(new_module)
  File "<frozen importlib._bootstrap_external>", line 883, in exec_module
  File "<frozen importlib._bootstrap>", line 241, in _call_with_frames_removed
  File "/opt/airflow/dags/warehouse_dag.py", line 1, in <module>
    from extraction.extraction import extraction
ModuleNotFoundError: No module named 'extraction'
[2026-09-16T14:35:33.210+0000] {processor.py:842} WARNING - No viable dags retrieved from /opt/airflow/dags/warehouse_dag.py
[2026-09-16T14:35:33.238+0000] {processor.py:183} INFO - Processing /opt/airflow/dags/warehouse_dag.py took 0.109 seconds
[2026-09-16T14:36:03.451+0000] {processor.py:161} INFO - Started process (PID=727) to work on /opt/airflow/dags/warehouse_dag.py
[2026-09-16T14:36:03.453+0000] {processor.py:830} INFO - Processing file /opt/airflow/dags/warehouse_dag.py for tasks to queue
[2026-09-16T14:36:03.456+0000] {logging_mixin.py:188} INFO - [2026-09-16T14:36:03.456+0000] {dagbag.py:545} INFO - Filling up the DagBag from /opt/airflow/dags/warehouse_dag.py
[2026-09-16T14:36:03.498+0000] {logging_mixin.py:188} INFO - [2026-09-16T14:36:03.490+0000] {dagbag.py:355} ERROR - Failed to import: /opt/airflow/dags/warehouse_dag.py
Traceback (most recent call last):
  File "/home/airflow/.local/lib/python3.10/site-packages/airflow/models/dagbag.py", line 351, in parse
    loader.exec_module(new_module)
  File "<frozen importlib._bootstrap_external>", line 883, in exec_module
  File "<frozen importlib._bootstrap>", line 241, in _call_with_frames_removed
  File "/opt/airflow/dags/warehouse_dag.py", line 1, in <module>
    from extraction.extraction import extraction
ModuleNotFoundError: No module named 'extraction'
[2026-09-16T14:36:03.501+0000] {processor.py:842} WARNING - No viable dags retrieved from /opt/airflow/dags/warehouse_dag.py
[2026-09-16T14:36:03.535+0000] {processor.py:183} INFO - Processing /opt/airflow/dags/warehouse_dag.py took 0.090 seconds
[2026-09-16T14:36:33.882+0000] {processor.py:161} INFO - Started process (PID=734) to work on /opt/airflow/dags/warehouse_dag.py
[2026-09-16T14:36:33.884+0000] {processor.py:830} INFO - Processing file /opt/airflow/dags/warehouse_dag.py for tasks to queue
[2026-09-16T14:36:33.887+0000] {logging_mixin.py:188} INFO - [2026-09-16T14:36:33.886+0000] {dagbag.py:545} INFO - Filling up the DagBag from /opt/airflow/dags/warehouse_dag.py
[2026-09-16T14:36:33.923+0000] {logging_mixin.py:188} INFO - [2026-09-16T14:36:33.916+0000] {dagbag.py:355} ERROR - Failed to import: /opt/airflow/dags/warehouse_dag.py
Traceback (most recent call last):
  File "/home/airflow/.local/lib/python3.10/site-packages/airflow/models/dagbag.py", line 351, in parse
    loader.exec_module(new_module)
  File "<frozen importlib._bootstrap_external>", line 883, in exec_module
  File "<frozen importlib._bootstrap>", line 241, in _call_with_frames_removed
  File "/opt/airflow/dags/warehouse_dag.py", line 1, in <module>
    from extraction.extraction import extraction
ModuleNotFoundError: No module named 'extraction'
[2026-09-16T14:36:33.926+0000] {processor.py:842} WARNING - No viable dags retrieved from /opt/airflow/dags/warehouse_dag.py
[2026-09-16T14:36:33.973+0000] {processor.py:183} INFO - Processing /opt/airflow/dags/warehouse_dag.py took 0.096 seconds
[2026-09-16T14:37:04.212+0000] {processor.py:161} INFO - Started process (PID=741) to work on /opt/airflow/dags/warehouse_dag.py
[2026-09-16T14:37:04.215+0000] {processor.py:830} INFO - Processing file /opt/airflow/dags/warehouse_dag.py for tasks to queue
[2026-09-16T14:37:04.223+0000] {logging_mixin.py:188} INFO - [2026-09-16T14:37:04.222+0000] {dagbag.py:545} INFO - Filling up the DagBag from /opt/airflow/dags/warehouse_dag.py
[2026-09-16T14:37:04.299+0000] {logging_mixin.py:188} INFO - [2026-09-16T14:37:04.287+0000] {dagbag.py:355} ERROR - Failed to import: /opt/airflow/dags/warehouse_dag.py
Traceback (most recent call last):
  File "/home/airflow/.local/lib/python3.10/site-packages/airflow/models/dagbag.py", line 351, in parse
    loader.exec_module(new_module)
  File "<frozen importlib._bootstrap_external>", line 883, in exec_module
  File "<frozen importlib._bootstrap>", line 241, in _call_with_frames_removed
  File "/opt/airflow/dags/warehouse_dag.py", line 1, in <module>
    from extraction.extraction import extraction
ModuleNotFoundError: No module named 'extraction'
[2026-09-16T14:37:04.303+0000] {processor.py:842} WARNING - No viable dags retrieved from /opt/airflow/dags/warehouse_dag.py
[2026-09-16T14:37:04.335+0000] {processor.py:183} INFO - Processing /opt/airflow/dags/warehouse_dag.py took 0.130 seconds
[2026-09-16T14:37:34.555+0000] {processor.py:161} INFO - Started process (PID=748) to work on /opt/airflow/dags/warehouse_dag.py
[2026-09-16T14:37:34.558+0000] {processor.py:830} INFO - Processing file /opt/airflow/dags/warehouse_dag.py for tasks to queue
[2026-09-16T14:37:34.562+0000] {logging_mixin.py:188} INFO - [2026-09-16T14:37:34.562+0000] {dagbag.py:545} INFO - Filling up the DagBag from /opt/airflow/dags/warehouse_dag.py
[2026-09-16T14:37:34.605+0000] {logging_mixin.py:188} INFO - [2026-09-16T14:37:34.598+0000] {dagbag.py:355} ERROR - Failed to import: /opt/airflow/dags/warehouse_dag.py
Traceback (most recent call last):
  File "/home/airflow/.local/lib/python3.10/site-packages/airflow/models/dagbag.py", line 351, in parse
    loader.exec_module(new_module)
  File "<frozen importlib._bootstrap_external>", line 883, in exec_module
  File "<frozen importlib._bootstrap>", line 241, in _call_with_frames_removed
  File "/opt/airflow/dags/warehouse_dag.py", line 1, in <module>
    from extraction.extraction import extraction
ModuleNotFoundError: No module named 'extraction'
[2026-09-16T14:37:34.608+0000] {processor.py:842} WARNING - No viable dags retrieved from /opt/airflow/dags/warehouse_dag.py
[2026-09-16T14:37:34.644+0000] {processor.py:183} INFO - Processing /opt/airflow/dags/warehouse_dag.py took 0.095 seconds
[2026-09-16T14:38:04.905+0000] {processor.py:161} INFO - Started process (PID=755) to work on /opt/airflow/dags/warehouse_dag.py
[2026-09-16T14:38:04.908+0000] {processor.py:830} INFO - Processing file /opt/airflow/dags/warehouse_dag.py for tasks to queue
[2026-09-16T14:38:04.911+0000] {logging_mixin.py:188} INFO - [2026-09-16T14:38:04.911+0000] {dagbag.py:545} INFO - Filling up the DagBag from /opt/airflow/dags/warehouse_dag.py
[2026-09-16T14:38:04.964+0000] {logging_mixin.py:188} INFO - [2026-09-16T14:38:04.956+0000] {dagbag.py:355} ERROR - Failed to import: /opt/airflow/dags/warehouse_dag.py
Traceback (most recent call last):
  File "/home/airflow/.local/lib/python3.10/site-packages/airflow/models/dagbag.py", line 351, in parse
    loader.exec_module(new_module)
  File "<frozen importlib._bootstrap_external>", line 883, in exec_module
  File "<frozen importlib._bootstrap>", line 241, in _call_with_frames_removed
  File "/opt/airflow/dags/warehouse_dag.py", line 1, in <module>
    from extraction.extraction import extraction
ModuleNotFoundError: No module named 'extraction'
[2026-09-16T14:38:04.969+0000] {processor.py:842} WARNING - No viable dags retrieved from /opt/airflow/dags/warehouse_dag.py
[2026-09-16T14:38:05.005+0000] {processor.py:183} INFO - Processing /opt/airflow/dags/warehouse_dag.py took 0.105 seconds
[2026-09-16T14:38:35.187+0000] {processor.py:161} INFO - Started process (PID=762) to work on /opt/airflow/dags/warehouse_dag.py
[2026-09-16T14:38:35.190+0000] {processor.py:830} INFO - Processing file /opt/airflow/dags/warehouse_dag.py for tasks to queue
[2026-09-16T14:38:35.193+0000] {logging_mixin.py:188} INFO - [2026-09-16T14:38:35.193+0000] {dagbag.py:545} INFO - Filling up the DagBag from /opt/airflow/dags/warehouse_dag.py
[2026-09-16T14:38:35.232+0000] {logging_mixin.py:188} INFO - [2026-09-16T14:38:35.224+0000] {dagbag.py:355} ERROR - Failed to import: /opt/airflow/dags/warehouse_dag.py
Traceback (most recent call last):
  File "/home/airflow/.local/lib/python3.10/site-packages/airflow/models/dagbag.py", line 351, in parse
    loader.exec_module(new_module)
  File "<frozen importlib._bootstrap_external>", line 883, in exec_module
  File "<frozen importlib._bootstrap>", line 241, in _call_with_frames_removed
  File "/opt/airflow/dags/warehouse_dag.py", line 1, in <module>
    from extraction.extraction import extraction
ModuleNotFoundError: No module named 'extraction'
[2026-09-16T14:38:35.234+0000] {processor.py:842} WARNING - No viable dags retrieved from /opt/airflow/dags/warehouse_dag.py
[2026-09-16T14:38:35.273+0000] {processor.py:183} INFO - Processing /opt/airflow/dags/warehouse_dag.py took 0.091 seconds
[2026-09-16T14:39:05.564+0000] {processor.py:161} INFO - Started process (PID=769) to work on /opt/airflow/dags/warehouse_dag.py
[2026-09-16T14:39:05.566+0000] {processor.py:830} INFO - Processing file /opt/airflow/dags/warehouse_dag.py for tasks to queue
[2026-09-16T14:39:05.569+0000] {logging_mixin.py:188} INFO - [2026-09-16T14:39:05.569+0000] {dagbag.py:545} INFO - Filling up the DagBag from /opt/airflow/dags/warehouse_dag.py
[2026-09-16T14:39:05.611+0000] {logging_mixin.py:188} INFO - [2026-09-16T14:39:05.603+0000] {dagbag.py:355} ERROR - Failed to import: /opt/airflow/dags/warehouse_dag.py
Traceback (most recent call last):
  File "/home/airflow/.local/lib/python3.10/site-packages/airflow/models/dagbag.py", line 351, in parse
    loader.exec_module(new_module)
  File "<frozen importlib._bootstrap_external>", line 883, in exec_module
  File "<frozen importlib._bootstrap>", line 241, in _call_with_frames_removed
  File "/opt/airflow/dags/warehouse_dag.py", line 1, in <module>
    from extraction.extraction import extraction
ModuleNotFoundError: No module named 'extraction'
[2026-09-16T14:39:05.614+0000] {processor.py:842} WARNING - No viable dags retrieved from /opt/airflow/dags/warehouse_dag.py
[2026-09-16T14:39:05.638+0000] {processor.py:183} INFO - Processing /opt/airflow/dags/warehouse_dag.py took 0.080 seconds
[2026-09-16T14:39:35.898+0000] {processor.py:161} INFO - Started process (PID=776) to work on /opt/airflow/dags/warehouse_dag.py
[2026-09-16T14:39:35.901+0000] {processor.py:830} INFO - Processing file /opt/airflow/dags/warehouse_dag.py for tasks to queue
[2026-09-16T14:39:35.922+0000] {logging_mixin.py:188} INFO - [2026-09-16T14:39:35.921+0000] {dagbag.py:545} INFO - Filling up the DagBag from /opt/airflow/dags/warehouse_dag.py
[2026-09-16T14:39:35.950+0000] {logging_mixin.py:188} INFO - [2026-09-16T14:39:35.946+0000] {dagbag.py:355} ERROR - Failed to import: /opt/airflow/dags/warehouse_dag.py
Traceback (most recent call last):
  File "/home/airflow/.local/lib/python3.10/site-packages/airflow/models/dagbag.py", line 351, in parse
    loader.exec_module(new_module)
  File "<frozen importlib._bootstrap_external>", line 883, in exec_module
  File "<frozen importlib._bootstrap>", line 241, in _call_with_frames_removed
  File "/opt/airflow/dags/warehouse_dag.py", line 1, in <module>
    from extraction.extraction import extraction
ModuleNotFoundError: No module named 'extraction'
[2026-09-16T14:39:35.953+0000] {processor.py:842} WARNING - No viable dags retrieved from /opt/airflow/dags/warehouse_dag.py
[2026-09-16T14:39:35.989+0000] {processor.py:183} INFO - Processing /opt/airflow/dags/warehouse_dag.py took 0.103 seconds
[2026-09-16T14:40:06.202+0000] {processor.py:161} INFO - Started process (PID=783) to work on /opt/airflow/dags/warehouse_dag.py
[2026-09-16T14:40:06.204+0000] {processor.py:830} INFO - Processing file /opt/airflow/dags/warehouse_dag.py for tasks to queue
[2026-09-16T14:40:06.207+0000] {logging_mixin.py:188} INFO - [2026-09-16T14:40:06.207+0000] {dagbag.py:545} INFO - Filling up the DagBag from /opt/airflow/dags/warehouse_dag.py
[2026-09-16T14:40:06.248+0000] {logging_mixin.py:188} INFO - [2026-09-16T14:40:06.240+0000] {dagbag.py:355} ERROR - Failed to import: /opt/airflow/dags/warehouse_dag.py
Traceback (most recent call last):
  File "/home/airflow/.local/lib/python3.10/site-packages/airflow/models/dagbag.py", line 351, in parse
    loader.exec_module(new_module)
  File "<frozen importlib._bootstrap_external>", line 883, in exec_module
  File "<frozen importlib._bootstrap>", line 241, in _call_with_frames_removed
  File "/opt/airflow/dags/warehouse_dag.py", line 1, in <module>
    from extraction.extraction import extraction
ModuleNotFoundError: No module named 'extraction'
[2026-09-16T14:40:06.252+0000] {processor.py:842} WARNING - No viable dags retrieved from /opt/airflow/dags/warehouse_dag.py
[2026-09-16T14:40:06.295+0000] {processor.py:183} INFO - Processing /opt/airflow/dags/warehouse_dag.py took 0.099 seconds
[2026-09-16T14:40:36.532+0000] {processor.py:161} INFO - Started process (PID=790) to work on /opt/airflow/dags/warehouse_dag.py
[2026-09-16T14:40:36.534+0000] {processor.py:830} INFO - Processing file /opt/airflow/dags/warehouse_dag.py for tasks to queue
[2026-09-16T14:40:36.537+0000] {logging_mixin.py:188} INFO - [2026-09-16T14:40:36.536+0000] {dagbag.py:545} INFO - Filling up the DagBag from /opt/airflow/dags/warehouse_dag.py
[2026-09-16T14:40:36.565+0000] {logging_mixin.py:188} INFO - [2026-09-16T14:40:36.559+0000] {dagbag.py:355} ERROR - Failed to import: /opt/airflow/dags/warehouse_dag.py
Traceback (most recent call last):
  File "/home/airflow/.local/lib/python3.10/site-packages/airflow/models/dagbag.py", line 351, in parse
    loader.exec_module(new_module)
  File "<frozen importlib._bootstrap_external>", line 883, in exec_module
  File "<frozen importlib._bootstrap>", line 241, in _call_with_frames_removed
  File "/opt/airflow/dags/warehouse_dag.py", line 1, in <module>
    from extraction.extraction import extraction
ModuleNotFoundError: No module named 'extraction'
[2026-09-16T14:40:36.568+0000] {processor.py:842} WARNING - No viable dags retrieved from /opt/airflow/dags/warehouse_dag.py
[2026-09-16T14:40:36.588+0000] {processor.py:183} INFO - Processing /opt/airflow/dags/warehouse_dag.py took 0.063 seconds
[2026-09-16T14:41:06.896+0000] {processor.py:161} INFO - Started process (PID=797) to work on /opt/airflow/dags/warehouse_dag.py
[2026-09-16T14:41:06.899+0000] {processor.py:830} INFO - Processing file /opt/airflow/dags/warehouse_dag.py for tasks to queue
[2026-09-16T14:41:06.902+0000] {logging_mixin.py:188} INFO - [2026-09-16T14:41:06.901+0000] {dagbag.py:545} INFO - Filling up the DagBag from /opt/airflow/dags/warehouse_dag.py
[2026-09-16T14:41:06.944+0000] {logging_mixin.py:188} INFO - [2026-09-16T14:41:06.936+0000] {dagbag.py:355} ERROR - Failed to import: /opt/airflow/dags/warehouse_dag.py
Traceback (most recent call last):
  File "/home/airflow/.local/lib/python3.10/site-packages/airflow/models/dagbag.py", line 351, in parse
    loader.exec_module(new_module)
  File "<frozen importlib._bootstrap_external>", line 883, in exec_module
  File "<frozen importlib._bootstrap>", line 241, in _call_with_frames_removed
  File "/opt/airflow/dags/warehouse_dag.py", line 1, in <module>
    from extraction.extraction import extraction
ModuleNotFoundError: No module named 'extraction'
[2026-09-16T14:41:06.947+0000] {processor.py:842} WARNING - No viable dags retrieved from /opt/airflow/dags/warehouse_dag.py
[2026-09-16T14:41:06.979+0000] {processor.py:183} INFO - Processing /opt/airflow/dags/warehouse_dag.py took 0.087 seconds
[2026-09-16T14:41:37.227+0000] {processor.py:161} INFO - Started process (PID=804) to work on /opt/airflow/dags/warehouse_dag.py
[2026-09-16T14:41:37.230+0000] {processor.py:830} INFO - Processing file /opt/airflow/dags/warehouse_dag.py for tasks to queue
[2026-09-16T14:41:37.233+0000] {logging_mixin.py:188} INFO - [2026-09-16T14:41:37.233+0000] {dagbag.py:545} INFO - Filling up the DagBag from /opt/airflow/dags/warehouse_dag.py
[2026-09-16T14:41:37.278+0000] {logging_mixin.py:188} INFO - [2026-09-16T14:41:37.269+0000] {dagbag.py:355} ERROR - Failed to import: /opt/airflow/dags/warehouse_dag.py
Traceback (most recent call last):
  File "/home/airflow/.local/lib/python3.10/site-packages/airflow/models/dagbag.py", line 351, in parse
    loader.exec_module(new_module)
  File "<frozen importlib._bootstrap_external>", line 883, in exec_module
  File "<frozen importlib._bootstrap>", line 241, in _call_with_frames_removed
  File "/opt/airflow/dags/warehouse_dag.py", line 1, in <module>
    from extraction.extraction import extraction
ModuleNotFoundError: No module named 'extraction'
[2026-09-16T14:41:37.282+0000] {processor.py:842} WARNING - No viable dags retrieved from /opt/airflow/dags/warehouse_dag.py
[2026-09-16T14:41:37.338+0000] {processor.py:183} INFO - Processing /opt/airflow/dags/warehouse_dag.py took 0.117 seconds
[2026-09-16T14:42:07.527+0000] {processor.py:161} INFO - Started process (PID=811) to work on /opt/airflow/dags/warehouse_dag.py
[2026-09-16T14:42:07.529+0000] {processor.py:830} INFO - Processing file /opt/airflow/dags/warehouse_dag.py for tasks to queue
[2026-09-16T14:42:07.533+0000] {logging_mixin.py:188} INFO - [2026-09-16T14:42:07.532+0000] {dagbag.py:545} INFO - Filling up the DagBag from /opt/airflow/dags/warehouse_dag.py
[2026-09-16T14:42:07.580+0000] {logging_mixin.py:188} INFO - [2026-09-16T14:42:07.571+0000] {dagbag.py:355} ERROR - Failed to import: /opt/airflow/dags/warehouse_dag.py
Traceback (most recent call last):
  File "/home/airflow/.local/lib/python3.10/site-packages/airflow/models/dagbag.py", line 351, in parse
    loader.exec_module(new_module)
  File "<frozen importlib._bootstrap_external>", line 883, in exec_module
  File "<frozen importlib._bootstrap>", line 241, in _call_with_frames_removed
  File "/opt/airflow/dags/warehouse_dag.py", line 1, in <module>
    from extraction.extraction import extraction
ModuleNotFoundError: No module named 'extraction'
[2026-09-16T14:42:07.583+0000] {processor.py:842} WARNING - No viable dags retrieved from /opt/airflow/dags/warehouse_dag.py
[2026-09-16T14:42:07.625+0000] {processor.py:183} INFO - Processing /opt/airflow/dags/warehouse_dag.py took 0.103 seconds
[2026-09-16T14:42:38.013+0000] {processor.py:161} INFO - Started process (PID=818) to work on /opt/airflow/dags/warehouse_dag.py
[2026-09-16T14:42:38.023+0000] {processor.py:830} INFO - Processing file /opt/airflow/dags/warehouse_dag.py for tasks to queue
[2026-09-16T14:42:38.030+0000] {logging_mixin.py:188} INFO - [2026-09-16T14:42:38.030+0000] {dagbag.py:545} INFO - Filling up the DagBag from /opt/airflow/dags/warehouse_dag.py
[2026-09-16T14:42:38.088+0000] {logging_mixin.py:188} INFO - [2026-09-16T14:42:38.075+0000] {dagbag.py:355} ERROR - Failed to import: /opt/airflow/dags/warehouse_dag.py
Traceback (most recent call last):
  File "/home/airflow/.local/lib/python3.10/site-packages/airflow/models/dagbag.py", line 351, in parse
    loader.exec_module(new_module)
  File "<frozen importlib._bootstrap_external>", line 883, in exec_module
  File "<frozen importlib._bootstrap>", line 241, in _call_with_frames_removed
  File "/opt/airflow/dags/warehouse_dag.py", line 1, in <module>
    from extraction.extraction import extraction
ModuleNotFoundError: No module named 'extraction'
[2026-09-16T14:42:38.094+0000] {processor.py:842} WARNING - No viable dags retrieved from /opt/airflow/dags/warehouse_dag.py
[2026-09-16T14:42:38.153+0000] {processor.py:183} INFO - Processing /opt/airflow/dags/warehouse_dag.py took 0.171 seconds
[2026-09-16T14:43:08.314+0000] {processor.py:161} INFO - Started process (PID=825) to work on /opt/airflow/dags/warehouse_dag.py
[2026-09-16T14:43:08.316+0000] {processor.py:830} INFO - Processing file /opt/airflow/dags/warehouse_dag.py for tasks to queue
[2026-09-16T14:43:08.319+0000] {logging_mixin.py:188} INFO - [2026-09-16T14:43:08.319+0000] {dagbag.py:545} INFO - Filling up the DagBag from /opt/airflow/dags/warehouse_dag.py
[2026-09-16T14:43:08.360+0000] {logging_mixin.py:188} INFO - [2026-09-16T14:43:08.353+0000] {dagbag.py:355} ERROR - Failed to import: /opt/airflow/dags/warehouse_dag.py
Traceback (most recent call last):
  File "/home/airflow/.local/lib/python3.10/site-packages/airflow/models/dagbag.py", line 351, in parse
    loader.exec_module(new_module)
  File "<frozen importlib._bootstrap_external>", line 883, in exec_module
  File "<frozen importlib._bootstrap>", line 241, in _call_with_frames_removed
  File "/opt/airflow/dags/warehouse_dag.py", line 1, in <module>
    from extraction.extraction import extraction
ModuleNotFoundError: No module named 'extraction'
[2026-09-16T14:43:08.363+0000] {processor.py:842} WARNING - No viable dags retrieved from /opt/airflow/dags/warehouse_dag.py
[2026-09-16T14:43:08.417+0000] {processor.py:183} INFO - Processing /opt/airflow/dags/warehouse_dag.py took 0.109 seconds
[2026-09-16T14:43:38.751+0000] {processor.py:161} INFO - Started process (PID=832) to work on /opt/airflow/dags/warehouse_dag.py
[2026-09-16T14:43:38.753+0000] {processor.py:830} INFO - Processing file /opt/airflow/dags/warehouse_dag.py for tasks to queue
[2026-09-16T14:43:38.756+0000] {logging_mixin.py:188} INFO - [2026-09-16T14:43:38.756+0000] {dagbag.py:545} INFO - Filling up the DagBag from /opt/airflow/dags/warehouse_dag.py
[2026-09-16T14:43:38.804+0000] {logging_mixin.py:188} INFO - [2026-09-16T14:43:38.795+0000] {dagbag.py:355} ERROR - Failed to import: /opt/airflow/dags/warehouse_dag.py
Traceback (most recent call last):
  File "/home/airflow/.local/lib/python3.10/site-packages/airflow/models/dagbag.py", line 351, in parse
    loader.exec_module(new_module)
  File "<frozen importlib._bootstrap_external>", line 883, in exec_module
  File "<frozen importlib._bootstrap>", line 241, in _call_with_frames_removed
  File "/opt/airflow/dags/warehouse_dag.py", line 1, in <module>
    from extraction.extraction import extraction
ModuleNotFoundError: No module named 'extraction'
[2026-09-16T14:43:38.809+0000] {processor.py:842} WARNING - No viable dags retrieved from /opt/airflow/dags/warehouse_dag.py
[2026-09-16T14:43:38.859+0000] {processor.py:183} INFO - Processing /opt/airflow/dags/warehouse_dag.py took 0.113 seconds
[2026-09-16T14:44:09.065+0000] {processor.py:161} INFO - Started process (PID=839) to work on /opt/airflow/dags/warehouse_dag.py
[2026-09-16T14:44:09.067+0000] {processor.py:830} INFO - Processing file /opt/airflow/dags/warehouse_dag.py for tasks to queue
[2026-09-16T14:44:09.070+0000] {logging_mixin.py:188} INFO - [2026-09-16T14:44:09.069+0000] {dagbag.py:545} INFO - Filling up the DagBag from /opt/airflow/dags/warehouse_dag.py
[2026-09-16T14:44:09.109+0000] {logging_mixin.py:188} INFO - [2026-09-16T14:44:09.101+0000] {dagbag.py:355} ERROR - Failed to import: /opt/airflow/dags/warehouse_dag.py
Traceback (most recent call last):
  File "/home/airflow/.local/lib/python3.10/site-packages/airflow/models/dagbag.py", line 351, in parse
    loader.exec_module(new_module)
  File "<frozen importlib._bootstrap_external>", line 883, in exec_module
  File "<frozen importlib._bootstrap>", line 241, in _call_with_frames_removed
  File "/opt/airflow/dags/warehouse_dag.py", line 1, in <module>
    from extraction.extraction import extraction
ModuleNotFoundError: No module named 'extraction'
[2026-09-16T14:44:09.112+0000] {processor.py:842} WARNING - No viable dags retrieved from /opt/airflow/dags/warehouse_dag.py
[2026-09-16T14:44:09.150+0000] {processor.py:183} INFO - Processing /opt/airflow/dags/warehouse_dag.py took 0.091 seconds
[2026-09-16T14:44:39.437+0000] {processor.py:161} INFO - Started process (PID=846) to work on /opt/airflow/dags/warehouse_dag.py
[2026-09-16T14:44:39.439+0000] {processor.py:830} INFO - Processing file /opt/airflow/dags/warehouse_dag.py for tasks to queue
[2026-09-16T14:44:39.443+0000] {logging_mixin.py:188} INFO - [2026-09-16T14:44:39.443+0000] {dagbag.py:545} INFO - Filling up the DagBag from /opt/airflow/dags/warehouse_dag.py
[2026-09-16T14:44:39.484+0000] {logging_mixin.py:188} INFO - [2026-09-16T14:44:39.475+0000] {dagbag.py:355} ERROR - Failed to import: /opt/airflow/dags/warehouse_dag.py
Traceback (most recent call last):
  File "/home/airflow/.local/lib/python3.10/site-packages/airflow/models/dagbag.py", line 351, in parse
    loader.exec_module(new_module)
  File "<frozen importlib._bootstrap_external>", line 883, in exec_module
  File "<frozen importlib._bootstrap>", line 241, in _call_with_frames_removed
  File "/opt/airflow/dags/warehouse_dag.py", line 1, in <module>
    from extraction.extraction import extraction
ModuleNotFoundError: No module named 'extraction'
[2026-09-16T14:44:39.487+0000] {processor.py:842} WARNING - No viable dags retrieved from /opt/airflow/dags/warehouse_dag.py
[2026-09-16T14:44:39.528+0000] {processor.py:183} INFO - Processing /opt/airflow/dags/warehouse_dag.py took 0.096 seconds
[2026-09-16T14:45:09.782+0000] {processor.py:161} INFO - Started process (PID=853) to work on /opt/airflow/dags/warehouse_dag.py
[2026-09-16T14:45:09.784+0000] {processor.py:830} INFO - Processing file /opt/airflow/dags/warehouse_dag.py for tasks to queue
[2026-09-16T14:45:09.787+0000] {logging_mixin.py:188} INFO - [2026-09-16T14:45:09.787+0000] {dagbag.py:545} INFO - Filling up the DagBag from /opt/airflow/dags/warehouse_dag.py
[2026-09-16T14:45:09.823+0000] {logging_mixin.py:188} INFO - [2026-09-16T14:45:09.816+0000] {dagbag.py:355} ERROR - Failed to import: /opt/airflow/dags/warehouse_dag.py
Traceback (most recent call last):
  File "/home/airflow/.local/lib/python3.10/site-packages/airflow/models/dagbag.py", line 351, in parse
    loader.exec_module(new_module)
  File "<frozen importlib._bootstrap_external>", line 883, in exec_module
  File "<frozen importlib._bootstrap>", line 241, in _call_with_frames_removed
  File "/opt/airflow/dags/warehouse_dag.py", line 1, in <module>
    from extraction.extraction import extraction
ModuleNotFoundError: No module named 'extraction'
[2026-09-16T14:45:09.827+0000] {processor.py:842} WARNING - No viable dags retrieved from /opt/airflow/dags/warehouse_dag.py
[2026-09-16T14:45:09.859+0000] {processor.py:183} INFO - Processing /opt/airflow/dags/warehouse_dag.py took 0.082 seconds
[2026-09-16T14:45:40.101+0000] {processor.py:161} INFO - Started process (PID=860) to work on /opt/airflow/dags/warehouse_dag.py
[2026-09-16T14:45:40.104+0000] {processor.py:830} INFO - Processing file /opt/airflow/dags/warehouse_dag.py for tasks to queue
[2026-09-16T14:45:40.108+0000] {logging_mixin.py:188} INFO - [2026-09-16T14:45:40.107+0000] {dagbag.py:545} INFO - Filling up the DagBag from /opt/airflow/dags/warehouse_dag.py
[2026-09-16T14:45:40.150+0000] {logging_mixin.py:188} INFO - [2026-09-16T14:45:40.141+0000] {dagbag.py:355} ERROR - Failed to import: /opt/airflow/dags/warehouse_dag.py
Traceback (most recent call last):
  File "/home/airflow/.local/lib/python3.10/site-packages/airflow/models/dagbag.py", line 351, in parse
    loader.exec_module(new_module)
  File "<frozen importlib._bootstrap_external>", line 883, in exec_module
  File "<frozen importlib._bootstrap>", line 241, in _call_with_frames_removed
  File "/opt/airflow/dags/warehouse_dag.py", line 1, in <module>
    from extraction.extraction import extraction
ModuleNotFoundError: No module named 'extraction'
[2026-09-16T14:45:40.153+0000] {processor.py:842} WARNING - No viable dags retrieved from /opt/airflow/dags/warehouse_dag.py
[2026-09-16T14:45:40.190+0000] {processor.py:183} INFO - Processing /opt/airflow/dags/warehouse_dag.py took 0.095 seconds
[2026-09-16T14:46:10.571+0000] {processor.py:161} INFO - Started process (PID=867) to work on /opt/airflow/dags/warehouse_dag.py
[2026-09-16T14:46:10.594+0000] {processor.py:830} INFO - Processing file /opt/airflow/dags/warehouse_dag.py for tasks to queue
[2026-09-16T14:46:10.598+0000] {logging_mixin.py:188} INFO - [2026-09-16T14:46:10.598+0000] {dagbag.py:545} INFO - Filling up the DagBag from /opt/airflow/dags/warehouse_dag.py
[2026-09-16T14:46:10.640+0000] {logging_mixin.py:188} INFO - [2026-09-16T14:46:10.633+0000] {dagbag.py:355} ERROR - Failed to import: /opt/airflow/dags/warehouse_dag.py
Traceback (most recent call last):
  File "/home/airflow/.local/lib/python3.10/site-packages/airflow/models/dagbag.py", line 351, in parse
    loader.exec_module(new_module)
  File "<frozen importlib._bootstrap_external>", line 883, in exec_module
  File "<frozen importlib._bootstrap>", line 241, in _call_with_frames_removed
  File "/opt/airflow/dags/warehouse_dag.py", line 1, in <module>
    from extraction.extraction import extraction
ModuleNotFoundError: No module named 'extraction'
[2026-09-16T14:46:10.643+0000] {processor.py:842} WARNING - No viable dags retrieved from /opt/airflow/dags/warehouse_dag.py
[2026-09-16T14:46:10.703+0000] {processor.py:183} INFO - Processing /opt/airflow/dags/warehouse_dag.py took 0.138 seconds
[2026-09-16T14:46:40.820+0000] {processor.py:161} INFO - Started process (PID=874) to work on /opt/airflow/dags/warehouse_dag.py
[2026-09-16T14:46:40.823+0000] {processor.py:830} INFO - Processing file /opt/airflow/dags/warehouse_dag.py for tasks to queue
[2026-09-16T14:46:40.828+0000] {logging_mixin.py:188} INFO - [2026-09-16T14:46:40.827+0000] {dagbag.py:545} INFO - Filling up the DagBag from /opt/airflow/dags/warehouse_dag.py
[2026-09-16T14:46:40.869+0000] {logging_mixin.py:188} INFO - [2026-09-16T14:46:40.862+0000] {dagbag.py:355} ERROR - Failed to import: /opt/airflow/dags/warehouse_dag.py
Traceback (most recent call last):
  File "/home/airflow/.local/lib/python3.10/site-packages/airflow/models/dagbag.py", line 351, in parse
    loader.exec_module(new_module)
  File "<frozen importlib._bootstrap_external>", line 883, in exec_module
  File "<frozen importlib._bootstrap>", line 241, in _call_with_frames_removed
  File "/opt/airflow/dags/warehouse_dag.py", line 1, in <module>
    from extraction.extraction import extraction
ModuleNotFoundError: No module named 'extraction'
[2026-09-16T14:46:40.873+0000] {processor.py:842} WARNING - No viable dags retrieved from /opt/airflow/dags/warehouse_dag.py
[2026-09-16T14:46:40.928+0000] {processor.py:183} INFO - Processing /opt/airflow/dags/warehouse_dag.py took 0.115 seconds
[2026-09-16T14:47:11.304+0000] {processor.py:161} INFO - Started process (PID=881) to work on /opt/airflow/dags/warehouse_dag.py
[2026-09-16T14:47:11.330+0000] {processor.py:830} INFO - Processing file /opt/airflow/dags/warehouse_dag.py for tasks to queue
[2026-09-16T14:47:11.339+0000] {logging_mixin.py:188} INFO - [2026-09-16T14:47:11.337+0000] {dagbag.py:545} INFO - Filling up the DagBag from /opt/airflow/dags/warehouse_dag.py
[2026-09-16T14:47:11.396+0000] {logging_mixin.py:188} INFO - [2026-09-16T14:47:11.387+0000] {dagbag.py:355} ERROR - Failed to import: /opt/airflow/dags/warehouse_dag.py
Traceback (most recent call last):
  File "/home/airflow/.local/lib/python3.10/site-packages/airflow/models/dagbag.py", line 351, in parse
    loader.exec_module(new_module)
  File "<frozen importlib._bootstrap_external>", line 883, in exec_module
  File "<frozen importlib._bootstrap>", line 241, in _call_with_frames_removed
  File "/opt/airflow/dags/warehouse_dag.py", line 1, in <module>
    from extraction.extraction import extraction
ModuleNotFoundError: No module named 'extraction'
[2026-09-16T14:47:11.401+0000] {processor.py:842} WARNING - No viable dags retrieved from /opt/airflow/dags/warehouse_dag.py
[2026-09-16T14:47:11.456+0000] {processor.py:183} INFO - Processing /opt/airflow/dags/warehouse_dag.py took 0.170 seconds
[2026-09-16T14:47:42.000+0000] {processor.py:161} INFO - Started process (PID=888) to work on /opt/airflow/dags/warehouse_dag.py
[2026-09-16T14:47:42.025+0000] {processor.py:830} INFO - Processing file /opt/airflow/dags/warehouse_dag.py for tasks to queue
[2026-09-16T14:47:42.041+0000] {logging_mixin.py:188} INFO - [2026-09-16T14:47:42.038+0000] {dagbag.py:545} INFO - Filling up the DagBag from /opt/airflow/dags/warehouse_dag.py
[2026-09-16T14:47:42.141+0000] {logging_mixin.py:188} INFO - [2026-09-16T14:47:42.128+0000] {dagbag.py:355} ERROR - Failed to import: /opt/airflow/dags/warehouse_dag.py
Traceback (most recent call last):
  File "/home/airflow/.local/lib/python3.10/site-packages/airflow/models/dagbag.py", line 351, in parse
    loader.exec_module(new_module)
  File "<frozen importlib._bootstrap_external>", line 883, in exec_module
  File "<frozen importlib._bootstrap>", line 241, in _call_with_frames_removed
  File "/opt/airflow/dags/warehouse_dag.py", line 1, in <module>
    from extraction.extraction import extraction
ModuleNotFoundError: No module named 'extraction'
[2026-09-16T14:47:42.147+0000] {processor.py:842} WARNING - No viable dags retrieved from /opt/airflow/dags/warehouse_dag.py
[2026-09-16T14:47:42.333+0000] {processor.py:183} INFO - Processing /opt/airflow/dags/warehouse_dag.py took 0.368 seconds
[2026-09-16T14:48:12.920+0000] {processor.py:161} INFO - Started process (PID=895) to work on /opt/airflow/dags/warehouse_dag.py
[2026-09-16T14:48:12.925+0000] {processor.py:830} INFO - Processing file /opt/airflow/dags/warehouse_dag.py for tasks to queue
[2026-09-16T14:48:12.938+0000] {logging_mixin.py:188} INFO - [2026-09-16T14:48:12.936+0000] {dagbag.py:545} INFO - Filling up the DagBag from /opt/airflow/dags/warehouse_dag.py
[2026-09-16T14:48:13.016+0000] {logging_mixin.py:188} INFO - [2026-09-16T14:48:12.987+0000] {dagbag.py:355} ERROR - Failed to import: /opt/airflow/dags/warehouse_dag.py
Traceback (most recent call last):
  File "/home/airflow/.local/lib/python3.10/site-packages/airflow/models/dagbag.py", line 351, in parse
    loader.exec_module(new_module)
  File "<frozen importlib._bootstrap_external>", line 883, in exec_module
  File "<frozen importlib._bootstrap>", line 241, in _call_with_frames_removed
  File "/opt/airflow/dags/warehouse_dag.py", line 1, in <module>
    from extraction.extraction import extraction
ModuleNotFoundError: No module named 'extraction'
[2026-09-16T14:48:13.021+0000] {processor.py:842} WARNING - No viable dags retrieved from /opt/airflow/dags/warehouse_dag.py
[2026-09-16T14:48:13.084+0000] {processor.py:183} INFO - Processing /opt/airflow/dags/warehouse_dag.py took 0.180 seconds
[2026-09-16T14:48:43.326+0000] {processor.py:161} INFO - Started process (PID=902) to work on /opt/airflow/dags/warehouse_dag.py
[2026-09-16T14:48:43.334+0000] {processor.py:830} INFO - Processing file /opt/airflow/dags/warehouse_dag.py for tasks to queue
[2026-09-16T14:48:43.341+0000] {logging_mixin.py:188} INFO - [2026-09-16T14:48:43.341+0000] {dagbag.py:545} INFO - Filling up the DagBag from /opt/airflow/dags/warehouse_dag.py
[2026-09-16T14:48:43.403+0000] {logging_mixin.py:188} INFO - [2026-09-16T14:48:43.391+0000] {dagbag.py:355} ERROR - Failed to import: /opt/airflow/dags/warehouse_dag.py
Traceback (most recent call last):
  File "/home/airflow/.local/lib/python3.10/site-packages/airflow/models/dagbag.py", line 351, in parse
    loader.exec_module(new_module)
  File "<frozen importlib._bootstrap_external>", line 883, in exec_module
  File "<frozen importlib._bootstrap>", line 241, in _call_with_frames_removed
  File "/opt/airflow/dags/warehouse_dag.py", line 1, in <module>
    from extraction.extraction import extraction
ModuleNotFoundError: No module named 'extraction'
[2026-09-16T14:48:43.406+0000] {processor.py:842} WARNING - No viable dags retrieved from /opt/airflow/dags/warehouse_dag.py
[2026-09-16T14:48:43.450+0000] {processor.py:183} INFO - Processing /opt/airflow/dags/warehouse_dag.py took 0.136 seconds
[2026-09-16T14:49:13.774+0000] {processor.py:161} INFO - Started process (PID=909) to work on /opt/airflow/dags/warehouse_dag.py
[2026-09-16T14:49:13.779+0000] {processor.py:830} INFO - Processing file /opt/airflow/dags/warehouse_dag.py for tasks to queue
[2026-09-16T14:49:13.817+0000] {logging_mixin.py:188} INFO - [2026-09-16T14:49:13.817+0000] {dagbag.py:545} INFO - Filling up the DagBag from /opt/airflow/dags/warehouse_dag.py
[2026-09-16T14:49:13.892+0000] {logging_mixin.py:188} INFO - [2026-09-16T14:49:13.880+0000] {dagbag.py:355} ERROR - Failed to import: /opt/airflow/dags/warehouse_dag.py
Traceback (most recent call last):
  File "/home/airflow/.local/lib/python3.10/site-packages/airflow/models/dagbag.py", line 351, in parse
    loader.exec_module(new_module)
  File "<frozen importlib._bootstrap_external>", line 883, in exec_module
  File "<frozen importlib._bootstrap>", line 241, in _call_with_frames_removed
  File "/opt/airflow/dags/warehouse_dag.py", line 1, in <module>
    from extraction.extraction import extraction
ModuleNotFoundError: No module named 'extraction'
[2026-09-16T14:49:13.899+0000] {processor.py:842} WARNING - No viable dags retrieved from /opt/airflow/dags/warehouse_dag.py
[2026-09-16T14:49:13.968+0000] {processor.py:183} INFO - Processing /opt/airflow/dags/warehouse_dag.py took 0.208 seconds
[2026-09-16T14:49:44.131+0000] {processor.py:161} INFO - Started process (PID=916) to work on /opt/airflow/dags/warehouse_dag.py
[2026-09-16T14:49:44.134+0000] {processor.py:830} INFO - Processing file /opt/airflow/dags/warehouse_dag.py for tasks to queue
[2026-09-16T14:49:44.138+0000] {logging_mixin.py:188} INFO - [2026-09-16T14:49:44.137+0000] {dagbag.py:545} INFO - Filling up the DagBag from /opt/airflow/dags/warehouse_dag.py
[2026-09-16T14:49:44.177+0000] {logging_mixin.py:188} INFO - [2026-09-16T14:49:44.170+0000] {dagbag.py:355} ERROR - Failed to import: /opt/airflow/dags/warehouse_dag.py
Traceback (most recent call last):
  File "/home/airflow/.local/lib/python3.10/site-packages/airflow/models/dagbag.py", line 351, in parse
    loader.exec_module(new_module)
  File "<frozen importlib._bootstrap_external>", line 883, in exec_module
  File "<frozen importlib._bootstrap>", line 241, in _call_with_frames_removed
  File "/opt/airflow/dags/warehouse_dag.py", line 1, in <module>
    from extraction.extraction import extraction
ModuleNotFoundError: No module named 'extraction'
[2026-09-16T14:49:44.180+0000] {processor.py:842} WARNING - No viable dags retrieved from /opt/airflow/dags/warehouse_dag.py
[2026-09-16T14:49:44.228+0000] {processor.py:183} INFO - Processing /opt/airflow/dags/warehouse_dag.py took 0.105 seconds
[2026-09-16T14:50:14.453+0000] {processor.py:161} INFO - Started process (PID=923) to work on /opt/airflow/dags/warehouse_dag.py
[2026-09-16T14:50:14.491+0000] {processor.py:830} INFO - Processing file /opt/airflow/dags/warehouse_dag.py for tasks to queue
[2026-09-16T14:50:14.495+0000] {logging_mixin.py:188} INFO - [2026-09-16T14:50:14.494+0000] {dagbag.py:545} INFO - Filling up the DagBag from /opt/airflow/dags/warehouse_dag.py
[2026-09-16T14:50:14.548+0000] {logging_mixin.py:188} INFO - [2026-09-16T14:50:14.541+0000] {dagbag.py:355} ERROR - Failed to import: /opt/airflow/dags/warehouse_dag.py
Traceback (most recent call last):
  File "/home/airflow/.local/lib/python3.10/site-packages/airflow/models/dagbag.py", line 351, in parse
    loader.exec_module(new_module)
  File "<frozen importlib._bootstrap_external>", line 883, in exec_module
  File "<frozen importlib._bootstrap>", line 241, in _call_with_frames_removed
  File "/opt/airflow/dags/warehouse_dag.py", line 1, in <module>
    from extraction.extraction import extraction
ModuleNotFoundError: No module named 'extraction'
[2026-09-16T14:50:14.551+0000] {processor.py:842} WARNING - No viable dags retrieved from /opt/airflow/dags/warehouse_dag.py
[2026-09-16T14:50:14.612+0000] {processor.py:183} INFO - Processing /opt/airflow/dags/warehouse_dag.py took 0.166 seconds
[2026-09-16T14:50:45.074+0000] {processor.py:161} INFO - Started process (PID=930) to work on /opt/airflow/dags/warehouse_dag.py
[2026-09-16T14:50:45.077+0000] {processor.py:830} INFO - Processing file /opt/airflow/dags/warehouse_dag.py for tasks to queue
[2026-09-16T14:50:45.089+0000] {logging_mixin.py:188} INFO - [2026-09-16T14:50:45.088+0000] {dagbag.py:545} INFO - Filling up the DagBag from /opt/airflow/dags/warehouse_dag.py
[2026-09-16T14:50:45.161+0000] {logging_mixin.py:188} INFO - [2026-09-16T14:50:45.149+0000] {dagbag.py:355} ERROR - Failed to import: /opt/airflow/dags/warehouse_dag.py
Traceback (most recent call last):
  File "/home/airflow/.local/lib/python3.10/site-packages/airflow/models/dagbag.py", line 351, in parse
    loader.exec_module(new_module)
  File "<frozen importlib._bootstrap_external>", line 883, in exec_module
  File "<frozen importlib._bootstrap>", line 241, in _call_with_frames_removed
  File "/opt/airflow/dags/warehouse_dag.py", line 1, in <module>
    from extraction.extraction import extraction
ModuleNotFoundError: No module named 'extraction'
[2026-09-16T14:50:45.170+0000] {processor.py:842} WARNING - No viable dags retrieved from /opt/airflow/dags/warehouse_dag.py
[2026-09-16T14:50:45.241+0000] {processor.py:183} INFO - Processing /opt/airflow/dags/warehouse_dag.py took 0.194 seconds
[2026-09-16T14:51:16.149+0000] {processor.py:161} INFO - Started process (PID=937) to work on /opt/airflow/dags/warehouse_dag.py
[2026-09-16T14:51:16.158+0000] {processor.py:830} INFO - Processing file /opt/airflow/dags/warehouse_dag.py for tasks to queue
[2026-09-16T14:51:16.174+0000] {logging_mixin.py:188} INFO - [2026-09-16T14:51:16.172+0000] {dagbag.py:545} INFO - Filling up the DagBag from /opt/airflow/dags/warehouse_dag.py
[2026-09-16T14:51:16.270+0000] {logging_mixin.py:188} INFO - [2026-09-16T14:51:16.243+0000] {dagbag.py:355} ERROR - Failed to import: /opt/airflow/dags/warehouse_dag.py
Traceback (most recent call last):
  File "/home/airflow/.local/lib/python3.10/site-packages/airflow/models/dagbag.py", line 351, in parse
    loader.exec_module(new_module)
  File "<frozen importlib._bootstrap_external>", line 883, in exec_module
  File "<frozen importlib._bootstrap>", line 241, in _call_with_frames_removed
  File "/opt/airflow/dags/warehouse_dag.py", line 1, in <module>
    from extraction.extraction import extraction
ModuleNotFoundError: No module named 'extraction'
[2026-09-16T14:51:16.275+0000] {processor.py:842} WARNING - No viable dags retrieved from /opt/airflow/dags/warehouse_dag.py
[2026-09-16T14:51:16.335+0000] {processor.py:183} INFO - Processing /opt/airflow/dags/warehouse_dag.py took 0.224 seconds
[2026-09-16T14:51:46.868+0000] {processor.py:161} INFO - Started process (PID=944) to work on /opt/airflow/dags/warehouse_dag.py
[2026-09-16T14:51:46.882+0000] {processor.py:830} INFO - Processing file /opt/airflow/dags/warehouse_dag.py for tasks to queue
[2026-09-16T14:51:46.888+0000] {logging_mixin.py:188} INFO - [2026-09-16T14:51:46.888+0000] {dagbag.py:545} INFO - Filling up the DagBag from /opt/airflow/dags/warehouse_dag.py
[2026-09-16T14:51:46.996+0000] {logging_mixin.py:188} INFO - [2026-09-16T14:51:46.973+0000] {dagbag.py:355} ERROR - Failed to import: /opt/airflow/dags/warehouse_dag.py
Traceback (most recent call last):
  File "/home/airflow/.local/lib/python3.10/site-packages/airflow/models/dagbag.py", line 351, in parse
    loader.exec_module(new_module)
  File "<frozen importlib._bootstrap_external>", line 883, in exec_module
  File "<frozen importlib._bootstrap>", line 241, in _call_with_frames_removed
  File "/opt/airflow/dags/warehouse_dag.py", line 1, in <module>
    from extraction.extraction import extraction
ModuleNotFoundError: No module named 'extraction'
[2026-09-16T14:51:47.008+0000] {processor.py:842} WARNING - No viable dags retrieved from /opt/airflow/dags/warehouse_dag.py
[2026-09-16T14:51:47.164+0000] {processor.py:183} INFO - Processing /opt/airflow/dags/warehouse_dag.py took 0.353 seconds
[2026-09-16T14:52:17.756+0000] {processor.py:161} INFO - Started process (PID=957) to work on /opt/airflow/dags/warehouse_dag.py
[2026-09-16T14:52:17.777+0000] {processor.py:830} INFO - Processing file /opt/airflow/dags/warehouse_dag.py for tasks to queue
[2026-09-16T14:52:17.798+0000] {logging_mixin.py:188} INFO - [2026-09-16T14:52:17.795+0000] {dagbag.py:545} INFO - Filling up the DagBag from /opt/airflow/dags/warehouse_dag.py
[2026-09-16T14:52:18.012+0000] {logging_mixin.py:188} INFO - [2026-09-16T14:52:17.947+0000] {dagbag.py:355} ERROR - Failed to import: /opt/airflow/dags/warehouse_dag.py
Traceback (most recent call last):
  File "/home/airflow/.local/lib/python3.10/site-packages/airflow/models/dagbag.py", line 351, in parse
    loader.exec_module(new_module)
  File "<frozen importlib._bootstrap_external>", line 883, in exec_module
  File "<frozen importlib._bootstrap>", line 241, in _call_with_frames_removed
  File "/opt/airflow/dags/warehouse_dag.py", line 1, in <module>
    from extraction.extraction import extraction
ModuleNotFoundError: No module named 'extraction'
[2026-09-16T14:52:18.038+0000] {processor.py:842} WARNING - No viable dags retrieved from /opt/airflow/dags/warehouse_dag.py
[2026-09-16T14:52:18.270+0000] {processor.py:183} INFO - Processing /opt/airflow/dags/warehouse_dag.py took 0.567 seconds
[2026-09-16T14:52:48.862+0000] {processor.py:161} INFO - Started process (PID=964) to work on /opt/airflow/dags/warehouse_dag.py
[2026-09-16T14:52:48.864+0000] {processor.py:830} INFO - Processing file /opt/airflow/dags/warehouse_dag.py for tasks to queue
[2026-09-16T14:52:48.881+0000] {logging_mixin.py:188} INFO - [2026-09-16T14:52:48.881+0000] {dagbag.py:545} INFO - Filling up the DagBag from /opt/airflow/dags/warehouse_dag.py
[2026-09-16T14:52:48.921+0000] {logging_mixin.py:188} INFO - [2026-09-16T14:52:48.914+0000] {dagbag.py:355} ERROR - Failed to import: /opt/airflow/dags/warehouse_dag.py
Traceback (most recent call last):
  File "/home/airflow/.local/lib/python3.10/site-packages/airflow/models/dagbag.py", line 351, in parse
    loader.exec_module(new_module)
  File "<frozen importlib._bootstrap_external>", line 883, in exec_module
  File "<frozen importlib._bootstrap>", line 241, in _call_with_frames_removed
  File "/opt/airflow/dags/warehouse_dag.py", line 1, in <module>
    from extraction.extraction import extraction
ModuleNotFoundError: No module named 'extraction'
[2026-09-16T14:52:48.925+0000] {processor.py:842} WARNING - No viable dags retrieved from /opt/airflow/dags/warehouse_dag.py
[2026-09-16T14:52:48.994+0000] {processor.py:183} INFO - Processing /opt/airflow/dags/warehouse_dag.py took 0.137 seconds
[2026-09-16T14:53:19.148+0000] {processor.py:161} INFO - Started process (PID=971) to work on /opt/airflow/dags/warehouse_dag.py
[2026-09-16T14:53:19.150+0000] {processor.py:830} INFO - Processing file /opt/airflow/dags/warehouse_dag.py for tasks to queue
[2026-09-16T14:53:19.173+0000] {logging_mixin.py:188} INFO - [2026-09-16T14:53:19.172+0000] {dagbag.py:545} INFO - Filling up the DagBag from /opt/airflow/dags/warehouse_dag.py
[2026-09-16T14:53:19.211+0000] {logging_mixin.py:188} INFO - [2026-09-16T14:53:19.205+0000] {dagbag.py:355} ERROR - Failed to import: /opt/airflow/dags/warehouse_dag.py
Traceback (most recent call last):
  File "/home/airflow/.local/lib/python3.10/site-packages/airflow/models/dagbag.py", line 351, in parse
    loader.exec_module(new_module)
  File "<frozen importlib._bootstrap_external>", line 883, in exec_module
  File "<frozen importlib._bootstrap>", line 241, in _call_with_frames_removed
  File "/opt/airflow/dags/warehouse_dag.py", line 1, in <module>
    from extraction.extraction import extraction
ModuleNotFoundError: No module named 'extraction'
[2026-09-16T14:53:19.215+0000] {processor.py:842} WARNING - No viable dags retrieved from /opt/airflow/dags/warehouse_dag.py
[2026-09-16T14:53:19.245+0000] {processor.py:183} INFO - Processing /opt/airflow/dags/warehouse_dag.py took 0.103 seconds
[2026-09-16T14:53:49.511+0000] {processor.py:161} INFO - Started process (PID=978) to work on /opt/airflow/dags/warehouse_dag.py
[2026-09-16T14:53:49.513+0000] {processor.py:830} INFO - Processing file /opt/airflow/dags/warehouse_dag.py for tasks to queue
[2026-09-16T14:53:49.518+0000] {logging_mixin.py:188} INFO - [2026-09-16T14:53:49.517+0000] {dagbag.py:545} INFO - Filling up the DagBag from /opt/airflow/dags/warehouse_dag.py
[2026-09-16T14:53:49.560+0000] {logging_mixin.py:188} INFO - [2026-09-16T14:53:49.553+0000] {dagbag.py:355} ERROR - Failed to import: /opt/airflow/dags/warehouse_dag.py
Traceback (most recent call last):
  File "/home/airflow/.local/lib/python3.10/site-packages/airflow/models/dagbag.py", line 351, in parse
    loader.exec_module(new_module)
  File "<frozen importlib._bootstrap_external>", line 883, in exec_module
  File "<frozen importlib._bootstrap>", line 241, in _call_with_frames_removed
  File "/opt/airflow/dags/warehouse_dag.py", line 1, in <module>
    from extraction.extraction import extraction
ModuleNotFoundError: No module named 'extraction'
[2026-09-16T14:53:49.563+0000] {processor.py:842} WARNING - No viable dags retrieved from /opt/airflow/dags/warehouse_dag.py
[2026-09-16T14:53:49.653+0000] {processor.py:183} INFO - Processing /opt/airflow/dags/warehouse_dag.py took 0.147 seconds
[2026-09-16T14:54:19.745+0000] {processor.py:161} INFO - Started process (PID=985) to work on /opt/airflow/dags/warehouse_dag.py
[2026-09-16T14:54:19.748+0000] {processor.py:830} INFO - Processing file /opt/airflow/dags/warehouse_dag.py for tasks to queue
[2026-09-16T14:54:19.753+0000] {logging_mixin.py:188} INFO - [2026-09-16T14:54:19.753+0000] {dagbag.py:545} INFO - Filling up the DagBag from /opt/airflow/dags/warehouse_dag.py
[2026-09-16T14:54:19.793+0000] {logging_mixin.py:188} INFO - [2026-09-16T14:54:19.785+0000] {dagbag.py:355} ERROR - Failed to import: /opt/airflow/dags/warehouse_dag.py
Traceback (most recent call last):
  File "/home/airflow/.local/lib/python3.10/site-packages/airflow/models/dagbag.py", line 351, in parse
    loader.exec_module(new_module)
  File "<frozen importlib._bootstrap_external>", line 883, in exec_module
  File "<frozen importlib._bootstrap>", line 241, in _call_with_frames_removed
  File "/opt/airflow/dags/warehouse_dag.py", line 1, in <module>
    from extraction.extraction import extraction
ModuleNotFoundError: No module named 'extraction'
[2026-09-16T14:54:19.797+0000] {processor.py:842} WARNING - No viable dags retrieved from /opt/airflow/dags/warehouse_dag.py
[2026-09-16T14:54:19.834+0000] {processor.py:183} INFO - Processing /opt/airflow/dags/warehouse_dag.py took 0.095 seconds
[2026-09-16T14:54:50.023+0000] {processor.py:161} INFO - Started process (PID=992) to work on /opt/airflow/dags/warehouse_dag.py
[2026-09-16T14:54:50.026+0000] {processor.py:830} INFO - Processing file /opt/airflow/dags/warehouse_dag.py for tasks to queue
[2026-09-16T14:54:50.029+0000] {logging_mixin.py:188} INFO - [2026-09-16T14:54:50.029+0000] {dagbag.py:545} INFO - Filling up the DagBag from /opt/airflow/dags/warehouse_dag.py
[2026-09-16T14:54:50.068+0000] {logging_mixin.py:188} INFO - [2026-09-16T14:54:50.059+0000] {dagbag.py:355} ERROR - Failed to import: /opt/airflow/dags/warehouse_dag.py
Traceback (most recent call last):
  File "/home/airflow/.local/lib/python3.10/site-packages/airflow/models/dagbag.py", line 351, in parse
    loader.exec_module(new_module)
  File "<frozen importlib._bootstrap_external>", line 883, in exec_module
  File "<frozen importlib._bootstrap>", line 241, in _call_with_frames_removed
  File "/opt/airflow/dags/warehouse_dag.py", line 1, in <module>
    from extraction.extraction import extraction
ModuleNotFoundError: No module named 'extraction'
[2026-09-16T14:54:50.074+0000] {processor.py:842} WARNING - No viable dags retrieved from /opt/airflow/dags/warehouse_dag.py
[2026-09-16T14:54:50.123+0000] {processor.py:183} INFO - Processing /opt/airflow/dags/warehouse_dag.py took 0.107 seconds
[2026-09-16T14:55:20.370+0000] {processor.py:161} INFO - Started process (PID=999) to work on /opt/airflow/dags/warehouse_dag.py
[2026-09-16T14:55:20.372+0000] {processor.py:830} INFO - Processing file /opt/airflow/dags/warehouse_dag.py for tasks to queue
[2026-09-16T14:55:20.375+0000] {logging_mixin.py:188} INFO - [2026-09-16T14:55:20.375+0000] {dagbag.py:545} INFO - Filling up the DagBag from /opt/airflow/dags/warehouse_dag.py
[2026-09-16T14:55:20.415+0000] {logging_mixin.py:188} INFO - [2026-09-16T14:55:20.408+0000] {dagbag.py:355} ERROR - Failed to import: /opt/airflow/dags/warehouse_dag.py
Traceback (most recent call last):
  File "/home/airflow/.local/lib/python3.10/site-packages/airflow/models/dagbag.py", line 351, in parse
    loader.exec_module(new_module)
  File "<frozen importlib._bootstrap_external>", line 883, in exec_module
  File "<frozen importlib._bootstrap>", line 241, in _call_with_frames_removed
  File "/opt/airflow/dags/warehouse_dag.py", line 1, in <module>
    from extraction.extraction import extraction
ModuleNotFoundError: No module named 'extraction'
[2026-09-16T14:55:20.419+0000] {processor.py:842} WARNING - No viable dags retrieved from /opt/airflow/dags/warehouse_dag.py
[2026-09-16T14:55:20.459+0000] {processor.py:183} INFO - Processing /opt/airflow/dags/warehouse_dag.py took 0.094 seconds
[2026-09-16T14:55:50.666+0000] {processor.py:161} INFO - Started process (PID=1006) to work on /opt/airflow/dags/warehouse_dag.py
[2026-09-16T14:55:50.677+0000] {processor.py:830} INFO - Processing file /opt/airflow/dags/warehouse_dag.py for tasks to queue
[2026-09-16T14:55:50.681+0000] {logging_mixin.py:188} INFO - [2026-09-16T14:55:50.680+0000] {dagbag.py:545} INFO - Filling up the DagBag from /opt/airflow/dags/warehouse_dag.py
[2026-09-16T14:55:50.711+0000] {logging_mixin.py:188} INFO - [2026-09-16T14:55:50.707+0000] {dagbag.py:355} ERROR - Failed to import: /opt/airflow/dags/warehouse_dag.py
Traceback (most recent call last):
  File "/home/airflow/.local/lib/python3.10/site-packages/airflow/models/dagbag.py", line 351, in parse
    loader.exec_module(new_module)
  File "<frozen importlib._bootstrap_external>", line 883, in exec_module
  File "<frozen importlib._bootstrap>", line 241, in _call_with_frames_removed
  File "/opt/airflow/dags/warehouse_dag.py", line 1, in <module>
    from extraction.extraction import extraction
ModuleNotFoundError: No module named 'extraction'
[2026-09-16T14:55:50.713+0000] {processor.py:842} WARNING - No viable dags retrieved from /opt/airflow/dags/warehouse_dag.py
[2026-09-16T14:55:50.751+0000] {processor.py:183} INFO - Processing /opt/airflow/dags/warehouse_dag.py took 0.091 seconds
[2026-09-16T14:56:21.076+0000] {processor.py:161} INFO - Started process (PID=1013) to work on /opt/airflow/dags/warehouse_dag.py
[2026-09-16T14:56:21.078+0000] {processor.py:830} INFO - Processing file /opt/airflow/dags/warehouse_dag.py for tasks to queue
[2026-09-16T14:56:21.081+0000] {logging_mixin.py:188} INFO - [2026-09-16T14:56:21.081+0000] {dagbag.py:545} INFO - Filling up the DagBag from /opt/airflow/dags/warehouse_dag.py
[2026-09-16T14:56:21.115+0000] {logging_mixin.py:188} INFO - [2026-09-16T14:56:21.109+0000] {dagbag.py:355} ERROR - Failed to import: /opt/airflow/dags/warehouse_dag.py
Traceback (most recent call last):
  File "/home/airflow/.local/lib/python3.10/site-packages/airflow/models/dagbag.py", line 351, in parse
    loader.exec_module(new_module)
  File "<frozen importlib._bootstrap_external>", line 883, in exec_module
  File "<frozen importlib._bootstrap>", line 241, in _call_with_frames_removed
  File "/opt/airflow/dags/warehouse_dag.py", line 1, in <module>
    from extraction.extraction import extraction
ModuleNotFoundError: No module named 'extraction'
[2026-09-16T14:56:21.117+0000] {processor.py:842} WARNING - No viable dags retrieved from /opt/airflow/dags/warehouse_dag.py
[2026-09-16T14:56:21.147+0000] {processor.py:183} INFO - Processing /opt/airflow/dags/warehouse_dag.py took 0.076 seconds
[2026-09-16T14:56:51.349+0000] {processor.py:161} INFO - Started process (PID=1020) to work on /opt/airflow/dags/warehouse_dag.py
[2026-09-16T14:56:51.352+0000] {processor.py:830} INFO - Processing file /opt/airflow/dags/warehouse_dag.py for tasks to queue
[2026-09-16T14:56:51.355+0000] {logging_mixin.py:188} INFO - [2026-09-16T14:56:51.355+0000] {dagbag.py:545} INFO - Filling up the DagBag from /opt/airflow/dags/warehouse_dag.py
[2026-09-16T14:56:51.393+0000] {logging_mixin.py:188} INFO - [2026-09-16T14:56:51.386+0000] {dagbag.py:355} ERROR - Failed to import: /opt/airflow/dags/warehouse_dag.py
Traceback (most recent call last):
  File "/home/airflow/.local/lib/python3.10/site-packages/airflow/models/dagbag.py", line 351, in parse
    loader.exec_module(new_module)
  File "<frozen importlib._bootstrap_external>", line 883, in exec_module
  File "<frozen importlib._bootstrap>", line 241, in _call_with_frames_removed
  File "/opt/airflow/dags/warehouse_dag.py", line 1, in <module>
    from extraction.extraction import extraction
ModuleNotFoundError: No module named 'extraction'
[2026-09-16T14:56:51.396+0000] {processor.py:842} WARNING - No viable dags retrieved from /opt/airflow/dags/warehouse_dag.py
[2026-09-16T14:56:51.447+0000] {processor.py:183} INFO - Processing /opt/airflow/dags/warehouse_dag.py took 0.104 seconds
[2026-09-16T14:57:21.625+0000] {processor.py:161} INFO - Started process (PID=1027) to work on /opt/airflow/dags/warehouse_dag.py
[2026-09-16T14:57:21.627+0000] {processor.py:830} INFO - Processing file /opt/airflow/dags/warehouse_dag.py for tasks to queue
[2026-09-16T14:57:21.630+0000] {logging_mixin.py:188} INFO - [2026-09-16T14:57:21.630+0000] {dagbag.py:545} INFO - Filling up the DagBag from /opt/airflow/dags/warehouse_dag.py
[2026-09-16T14:57:21.666+0000] {logging_mixin.py:188} INFO - [2026-09-16T14:57:21.658+0000] {dagbag.py:355} ERROR - Failed to import: /opt/airflow/dags/warehouse_dag.py
Traceback (most recent call last):
  File "/home/airflow/.local/lib/python3.10/site-packages/airflow/models/dagbag.py", line 351, in parse
    loader.exec_module(new_module)
  File "<frozen importlib._bootstrap_external>", line 883, in exec_module
  File "<frozen importlib._bootstrap>", line 241, in _call_with_frames_removed
  File "/opt/airflow/dags/warehouse_dag.py", line 1, in <module>
    from extraction.extraction import extraction
ModuleNotFoundError: No module named 'extraction'
[2026-09-16T14:57:21.669+0000] {processor.py:842} WARNING - No viable dags retrieved from /opt/airflow/dags/warehouse_dag.py
[2026-09-16T14:57:21.715+0000] {processor.py:183} INFO - Processing /opt/airflow/dags/warehouse_dag.py took 0.097 seconds
[2026-09-16T14:57:51.915+0000] {processor.py:161} INFO - Started process (PID=1034) to work on /opt/airflow/dags/warehouse_dag.py
[2026-09-16T14:57:51.918+0000] {processor.py:830} INFO - Processing file /opt/airflow/dags/warehouse_dag.py for tasks to queue
[2026-09-16T14:57:51.922+0000] {logging_mixin.py:188} INFO - [2026-09-16T14:57:51.921+0000] {dagbag.py:545} INFO - Filling up the DagBag from /opt/airflow/dags/warehouse_dag.py
[2026-09-16T14:57:51.962+0000] {logging_mixin.py:188} INFO - [2026-09-16T14:57:51.955+0000] {dagbag.py:355} ERROR - Failed to import: /opt/airflow/dags/warehouse_dag.py
Traceback (most recent call last):
  File "/home/airflow/.local/lib/python3.10/site-packages/airflow/models/dagbag.py", line 351, in parse
    loader.exec_module(new_module)
  File "<frozen importlib._bootstrap_external>", line 883, in exec_module
  File "<frozen importlib._bootstrap>", line 241, in _call_with_frames_removed
  File "/opt/airflow/dags/warehouse_dag.py", line 1, in <module>
    from extraction.extraction import extraction
ModuleNotFoundError: No module named 'extraction'
[2026-09-16T14:57:51.965+0000] {processor.py:842} WARNING - No viable dags retrieved from /opt/airflow/dags/warehouse_dag.py
[2026-09-16T14:57:52.000+0000] {processor.py:183} INFO - Processing /opt/airflow/dags/warehouse_dag.py took 0.095 seconds
[2026-09-16T14:58:22.210+0000] {processor.py:161} INFO - Started process (PID=1041) to work on /opt/airflow/dags/warehouse_dag.py
[2026-09-16T14:58:22.214+0000] {processor.py:830} INFO - Processing file /opt/airflow/dags/warehouse_dag.py for tasks to queue
[2026-09-16T14:58:22.219+0000] {logging_mixin.py:188} INFO - [2026-09-16T14:58:22.218+0000] {dagbag.py:545} INFO - Filling up the DagBag from /opt/airflow/dags/warehouse_dag.py
[2026-09-16T14:58:22.280+0000] {logging_mixin.py:188} INFO - [2026-09-16T14:58:22.270+0000] {dagbag.py:355} ERROR - Failed to import: /opt/airflow/dags/warehouse_dag.py
Traceback (most recent call last):
  File "/home/airflow/.local/lib/python3.10/site-packages/airflow/models/dagbag.py", line 351, in parse
    loader.exec_module(new_module)
  File "<frozen importlib._bootstrap_external>", line 883, in exec_module
  File "<frozen importlib._bootstrap>", line 241, in _call_with_frames_removed
  File "/opt/airflow/dags/warehouse_dag.py", line 1, in <module>
    from extraction.extraction import extraction
ModuleNotFoundError: No module named 'extraction'
[2026-09-16T14:58:22.284+0000] {processor.py:842} WARNING - No viable dags retrieved from /opt/airflow/dags/warehouse_dag.py
[2026-09-16T14:58:22.337+0000] {processor.py:183} INFO - Processing /opt/airflow/dags/warehouse_dag.py took 0.140 seconds
[2026-09-16T14:58:52.432+0000] {processor.py:161} INFO - Started process (PID=1048) to work on /opt/airflow/dags/warehouse_dag.py
[2026-09-16T14:58:52.434+0000] {processor.py:830} INFO - Processing file /opt/airflow/dags/warehouse_dag.py for tasks to queue
[2026-09-16T14:58:52.437+0000] {logging_mixin.py:188} INFO - [2026-09-16T14:58:52.437+0000] {dagbag.py:545} INFO - Filling up the DagBag from /opt/airflow/dags/warehouse_dag.py
[2026-09-16T14:58:52.476+0000] {logging_mixin.py:188} INFO - [2026-09-16T14:58:52.469+0000] {dagbag.py:355} ERROR - Failed to import: /opt/airflow/dags/warehouse_dag.py
Traceback (most recent call last):
  File "/home/airflow/.local/lib/python3.10/site-packages/airflow/models/dagbag.py", line 351, in parse
    loader.exec_module(new_module)
  File "<frozen importlib._bootstrap_external>", line 883, in exec_module
  File "<frozen importlib._bootstrap>", line 241, in _call_with_frames_removed
  File "/opt/airflow/dags/warehouse_dag.py", line 1, in <module>
    from extraction.extraction import extraction
ModuleNotFoundError: No module named 'extraction'
[2026-09-16T14:58:52.479+0000] {processor.py:842} WARNING - No viable dags retrieved from /opt/airflow/dags/warehouse_dag.py
[2026-09-16T14:58:52.511+0000] {processor.py:183} INFO - Processing /opt/airflow/dags/warehouse_dag.py took 0.084 seconds
[2026-09-16T14:59:22.709+0000] {processor.py:161} INFO - Started process (PID=1055) to work on /opt/airflow/dags/warehouse_dag.py
[2026-09-16T14:59:22.711+0000] {processor.py:830} INFO - Processing file /opt/airflow/dags/warehouse_dag.py for tasks to queue
[2026-09-16T14:59:22.715+0000] {logging_mixin.py:188} INFO - [2026-09-16T14:59:22.714+0000] {dagbag.py:545} INFO - Filling up the DagBag from /opt/airflow/dags/warehouse_dag.py
[2026-09-16T14:59:22.761+0000] {logging_mixin.py:188} INFO - [2026-09-16T14:59:22.752+0000] {dagbag.py:355} ERROR - Failed to import: /opt/airflow/dags/warehouse_dag.py
Traceback (most recent call last):
  File "/home/airflow/.local/lib/python3.10/site-packages/airflow/models/dagbag.py", line 351, in parse
    loader.exec_module(new_module)
  File "<frozen importlib._bootstrap_external>", line 883, in exec_module
  File "<frozen importlib._bootstrap>", line 241, in _call_with_frames_removed
  File "/opt/airflow/dags/warehouse_dag.py", line 1, in <module>
    from extraction.extraction import extraction
ModuleNotFoundError: No module named 'extraction'
[2026-09-16T14:59:22.764+0000] {processor.py:842} WARNING - No viable dags retrieved from /opt/airflow/dags/warehouse_dag.py
[2026-09-16T14:59:22.815+0000] {processor.py:183} INFO - Processing /opt/airflow/dags/warehouse_dag.py took 0.117 seconds
[2026-09-16T14:59:53.184+0000] {processor.py:161} INFO - Started process (PID=1062) to work on /opt/airflow/dags/warehouse_dag.py
[2026-09-16T14:59:53.193+0000] {processor.py:830} INFO - Processing file /opt/airflow/dags/warehouse_dag.py for tasks to queue
[2026-09-16T14:59:53.200+0000] {logging_mixin.py:188} INFO - [2026-09-16T14:59:53.199+0000] {dagbag.py:545} INFO - Filling up the DagBag from /opt/airflow/dags/warehouse_dag.py
[2026-09-16T14:59:53.283+0000] {logging_mixin.py:188} INFO - [2026-09-16T14:59:53.266+0000] {dagbag.py:355} ERROR - Failed to import: /opt/airflow/dags/warehouse_dag.py
Traceback (most recent call last):
  File "/home/airflow/.local/lib/python3.10/site-packages/airflow/models/dagbag.py", line 351, in parse
    loader.exec_module(new_module)
  File "<frozen importlib._bootstrap_external>", line 883, in exec_module
  File "<frozen importlib._bootstrap>", line 241, in _call_with_frames_removed
  File "/opt/airflow/dags/warehouse_dag.py", line 1, in <module>
    from extraction.extraction import extraction
ModuleNotFoundError: No module named 'extraction'
[2026-09-16T14:59:53.292+0000] {processor.py:842} WARNING - No viable dags retrieved from /opt/airflow/dags/warehouse_dag.py
[2026-09-16T14:59:53.389+0000] {processor.py:183} INFO - Processing /opt/airflow/dags/warehouse_dag.py took 0.225 seconds
[2026-09-16T15:00:23.637+0000] {processor.py:161} INFO - Started process (PID=1068) to work on /opt/airflow/dags/warehouse_dag.py
[2026-09-16T15:00:23.661+0000] {processor.py:830} INFO - Processing file /opt/airflow/dags/warehouse_dag.py for tasks to queue
[2026-09-16T15:00:23.666+0000] {logging_mixin.py:188} INFO - [2026-09-16T15:00:23.665+0000] {dagbag.py:545} INFO - Filling up the DagBag from /opt/airflow/dags/warehouse_dag.py
[2026-09-16T15:00:23.757+0000] {logging_mixin.py:188} INFO - [2026-09-16T15:00:23.739+0000] {dagbag.py:355} ERROR - Failed to import: /opt/airflow/dags/warehouse_dag.py
Traceback (most recent call last):
  File "/home/airflow/.local/lib/python3.10/site-packages/airflow/models/dagbag.py", line 351, in parse
    loader.exec_module(new_module)
  File "<frozen importlib._bootstrap_external>", line 883, in exec_module
  File "<frozen importlib._bootstrap>", line 241, in _call_with_frames_removed
  File "/opt/airflow/dags/warehouse_dag.py", line 1, in <module>
    from extraction.extraction import extraction
ModuleNotFoundError: No module named 'extraction'
[2026-09-16T15:00:23.764+0000] {processor.py:842} WARNING - No viable dags retrieved from /opt/airflow/dags/warehouse_dag.py
[2026-09-16T15:00:23.852+0000] {processor.py:183} INFO - Processing /opt/airflow/dags/warehouse_dag.py took 0.225 seconds
[2026-09-16T15:00:54.234+0000] {processor.py:161} INFO - Started process (PID=1076) to work on /opt/airflow/dags/warehouse_dag.py
[2026-09-16T15:00:54.238+0000] {processor.py:830} INFO - Processing file /opt/airflow/dags/warehouse_dag.py for tasks to queue
[2026-09-16T15:00:54.243+0000] {logging_mixin.py:188} INFO - [2026-09-16T15:00:54.243+0000] {dagbag.py:545} INFO - Filling up the DagBag from /opt/airflow/dags/warehouse_dag.py
[2026-09-16T15:00:54.294+0000] {logging_mixin.py:188} INFO - [2026-09-16T15:00:54.284+0000] {dagbag.py:355} ERROR - Failed to import: /opt/airflow/dags/warehouse_dag.py
Traceback (most recent call last):
  File "/home/airflow/.local/lib/python3.10/site-packages/airflow/models/dagbag.py", line 351, in parse
    loader.exec_module(new_module)
  File "<frozen importlib._bootstrap_external>", line 883, in exec_module
  File "<frozen importlib._bootstrap>", line 241, in _call_with_frames_removed
  File "/opt/airflow/dags/warehouse_dag.py", line 1, in <module>
    from extraction.extraction import extraction
ModuleNotFoundError: No module named 'extraction'
[2026-09-16T15:00:54.297+0000] {processor.py:842} WARNING - No viable dags retrieved from /opt/airflow/dags/warehouse_dag.py
[2026-09-16T15:00:54.353+0000] {processor.py:183} INFO - Processing /opt/airflow/dags/warehouse_dag.py took 0.125 seconds
[2026-09-16T15:01:25.060+0000] {processor.py:161} INFO - Started process (PID=1083) to work on /opt/airflow/dags/warehouse_dag.py
[2026-09-16T15:01:25.088+0000] {processor.py:830} INFO - Processing file /opt/airflow/dags/warehouse_dag.py for tasks to queue
[2026-09-16T15:01:25.114+0000] {logging_mixin.py:188} INFO - [2026-09-16T15:01:25.113+0000] {dagbag.py:545} INFO - Filling up the DagBag from /opt/airflow/dags/warehouse_dag.py
[2026-09-16T15:01:25.236+0000] {logging_mixin.py:188} INFO - [2026-09-16T15:01:25.211+0000] {dagbag.py:355} ERROR - Failed to import: /opt/airflow/dags/warehouse_dag.py
Traceback (most recent call last):
  File "/home/airflow/.local/lib/python3.10/site-packages/airflow/models/dagbag.py", line 351, in parse
    loader.exec_module(new_module)
  File "<frozen importlib._bootstrap_external>", line 883, in exec_module
  File "<frozen importlib._bootstrap>", line 241, in _call_with_frames_removed
  File "/opt/airflow/dags/warehouse_dag.py", line 1, in <module>
    from extraction.extraction import extraction
ModuleNotFoundError: No module named 'extraction'
[2026-09-16T15:01:25.249+0000] {processor.py:842} WARNING - No viable dags retrieved from /opt/airflow/dags/warehouse_dag.py
[2026-09-16T15:01:25.333+0000] {processor.py:183} INFO - Processing /opt/airflow/dags/warehouse_dag.py took 0.297 seconds
[2026-09-16T15:01:55.497+0000] {processor.py:161} INFO - Started process (PID=1090) to work on /opt/airflow/dags/warehouse_dag.py
[2026-09-16T15:01:55.499+0000] {processor.py:830} INFO - Processing file /opt/airflow/dags/warehouse_dag.py for tasks to queue
[2026-09-16T15:01:55.502+0000] {logging_mixin.py:188} INFO - [2026-09-16T15:01:55.501+0000] {dagbag.py:545} INFO - Filling up the DagBag from /opt/airflow/dags/warehouse_dag.py
[2026-09-16T15:01:55.568+0000] {logging_mixin.py:188} INFO - [2026-09-16T15:01:55.561+0000] {dagbag.py:355} ERROR - Failed to import: /opt/airflow/dags/warehouse_dag.py
Traceback (most recent call last):
  File "/home/airflow/.local/lib/python3.10/site-packages/airflow/models/dagbag.py", line 351, in parse
    loader.exec_module(new_module)
  File "<frozen importlib._bootstrap_external>", line 883, in exec_module
  File "<frozen importlib._bootstrap>", line 241, in _call_with_frames_removed
  File "/opt/airflow/dags/warehouse_dag.py", line 1, in <module>
    from extraction.extraction import extraction
ModuleNotFoundError: No module named 'extraction'
[2026-09-16T15:01:55.571+0000] {processor.py:842} WARNING - No viable dags retrieved from /opt/airflow/dags/warehouse_dag.py
[2026-09-16T15:01:55.627+0000] {processor.py:183} INFO - Processing /opt/airflow/dags/warehouse_dag.py took 0.136 seconds
[2026-09-16T15:02:25.798+0000] {processor.py:161} INFO - Started process (PID=1097) to work on /opt/airflow/dags/warehouse_dag.py
[2026-09-16T15:02:25.801+0000] {processor.py:830} INFO - Processing file /opt/airflow/dags/warehouse_dag.py for tasks to queue
[2026-09-16T15:02:25.805+0000] {logging_mixin.py:188} INFO - [2026-09-16T15:02:25.804+0000] {dagbag.py:545} INFO - Filling up the DagBag from /opt/airflow/dags/warehouse_dag.py
[2026-09-16T15:02:25.860+0000] {logging_mixin.py:188} INFO - [2026-09-16T15:02:25.848+0000] {dagbag.py:355} ERROR - Failed to import: /opt/airflow/dags/warehouse_dag.py
Traceback (most recent call last):
  File "/home/airflow/.local/lib/python3.10/site-packages/airflow/models/dagbag.py", line 351, in parse
    loader.exec_module(new_module)
  File "<frozen importlib._bootstrap_external>", line 883, in exec_module
  File "<frozen importlib._bootstrap>", line 241, in _call_with_frames_removed
  File "/opt/airflow/dags/warehouse_dag.py", line 1, in <module>
    from extraction.extraction import extraction
ModuleNotFoundError: No module named 'extraction'
[2026-09-16T15:02:25.865+0000] {processor.py:842} WARNING - No viable dags retrieved from /opt/airflow/dags/warehouse_dag.py
[2026-09-16T15:02:25.926+0000] {processor.py:183} INFO - Processing /opt/airflow/dags/warehouse_dag.py took 0.142 seconds
[2026-09-16T15:02:56.200+0000] {processor.py:161} INFO - Started process (PID=1104) to work on /opt/airflow/dags/warehouse_dag.py
[2026-09-16T15:02:56.202+0000] {processor.py:830} INFO - Processing file /opt/airflow/dags/warehouse_dag.py for tasks to queue
[2026-09-16T15:02:56.206+0000] {logging_mixin.py:188} INFO - [2026-09-16T15:02:56.205+0000] {dagbag.py:545} INFO - Filling up the DagBag from /opt/airflow/dags/warehouse_dag.py
[2026-09-16T15:02:56.253+0000] {logging_mixin.py:188} INFO - [2026-09-16T15:02:56.245+0000] {dagbag.py:355} ERROR - Failed to import: /opt/airflow/dags/warehouse_dag.py
Traceback (most recent call last):
  File "/home/airflow/.local/lib/python3.10/site-packages/airflow/models/dagbag.py", line 351, in parse
    loader.exec_module(new_module)
  File "<frozen importlib._bootstrap_external>", line 883, in exec_module
  File "<frozen importlib._bootstrap>", line 241, in _call_with_frames_removed
  File "/opt/airflow/dags/warehouse_dag.py", line 1, in <module>
    from extraction.extraction import extraction
ModuleNotFoundError: No module named 'extraction'
[2026-09-16T15:02:56.257+0000] {processor.py:842} WARNING - No viable dags retrieved from /opt/airflow/dags/warehouse_dag.py
[2026-09-16T15:02:56.300+0000] {processor.py:183} INFO - Processing /opt/airflow/dags/warehouse_dag.py took 0.114 seconds
[2026-09-16T15:03:26.517+0000] {processor.py:161} INFO - Started process (PID=1111) to work on /opt/airflow/dags/warehouse_dag.py
[2026-09-16T15:03:26.520+0000] {processor.py:830} INFO - Processing file /opt/airflow/dags/warehouse_dag.py for tasks to queue
[2026-09-16T15:03:26.529+0000] {logging_mixin.py:188} INFO - [2026-09-16T15:03:26.526+0000] {dagbag.py:545} INFO - Filling up the DagBag from /opt/airflow/dags/warehouse_dag.py
[2026-09-16T15:03:26.584+0000] {logging_mixin.py:188} INFO - [2026-09-16T15:03:26.573+0000] {dagbag.py:355} ERROR - Failed to import: /opt/airflow/dags/warehouse_dag.py
Traceback (most recent call last):
  File "/home/airflow/.local/lib/python3.10/site-packages/airflow/models/dagbag.py", line 351, in parse
    loader.exec_module(new_module)
  File "<frozen importlib._bootstrap_external>", line 883, in exec_module
  File "<frozen importlib._bootstrap>", line 241, in _call_with_frames_removed
  File "/opt/airflow/dags/warehouse_dag.py", line 1, in <module>
    from extraction.extraction import extraction
ModuleNotFoundError: No module named 'extraction'
[2026-09-16T15:03:26.589+0000] {processor.py:842} WARNING - No viable dags retrieved from /opt/airflow/dags/warehouse_dag.py
[2026-09-16T15:03:26.651+0000] {processor.py:183} INFO - Processing /opt/airflow/dags/warehouse_dag.py took 0.148 seconds
[2026-09-16T15:03:56.861+0000] {processor.py:161} INFO - Started process (PID=1118) to work on /opt/airflow/dags/warehouse_dag.py
[2026-09-16T15:03:56.866+0000] {processor.py:830} INFO - Processing file /opt/airflow/dags/warehouse_dag.py for tasks to queue
[2026-09-16T15:03:56.877+0000] {logging_mixin.py:188} INFO - [2026-09-16T15:03:56.876+0000] {dagbag.py:545} INFO - Filling up the DagBag from /opt/airflow/dags/warehouse_dag.py
[2026-09-16T15:03:56.939+0000] {logging_mixin.py:188} INFO - [2026-09-16T15:03:56.931+0000] {dagbag.py:355} ERROR - Failed to import: /opt/airflow/dags/warehouse_dag.py
Traceback (most recent call last):
  File "/home/airflow/.local/lib/python3.10/site-packages/airflow/models/dagbag.py", line 351, in parse
    loader.exec_module(new_module)
  File "<frozen importlib._bootstrap_external>", line 883, in exec_module
  File "<frozen importlib._bootstrap>", line 241, in _call_with_frames_removed
  File "/opt/airflow/dags/warehouse_dag.py", line 1, in <module>
    from extraction.extraction import extraction
ModuleNotFoundError: No module named 'extraction'
[2026-09-16T15:03:56.945+0000] {processor.py:842} WARNING - No viable dags retrieved from /opt/airflow/dags/warehouse_dag.py
[2026-09-16T15:03:56.989+0000] {processor.py:183} INFO - Processing /opt/airflow/dags/warehouse_dag.py took 0.143 seconds
[2026-09-16T15:04:27.317+0000] {processor.py:161} INFO - Started process (PID=1125) to work on /opt/airflow/dags/warehouse_dag.py
[2026-09-16T15:04:27.322+0000] {processor.py:830} INFO - Processing file /opt/airflow/dags/warehouse_dag.py for tasks to queue
[2026-09-16T15:04:27.327+0000] {logging_mixin.py:188} INFO - [2026-09-16T15:04:27.327+0000] {dagbag.py:545} INFO - Filling up the DagBag from /opt/airflow/dags/warehouse_dag.py
[2026-09-16T15:04:27.388+0000] {logging_mixin.py:188} INFO - [2026-09-16T15:04:27.376+0000] {dagbag.py:355} ERROR - Failed to import: /opt/airflow/dags/warehouse_dag.py
Traceback (most recent call last):
  File "/home/airflow/.local/lib/python3.10/site-packages/airflow/models/dagbag.py", line 351, in parse
    loader.exec_module(new_module)
  File "<frozen importlib._bootstrap_external>", line 883, in exec_module
  File "<frozen importlib._bootstrap>", line 241, in _call_with_frames_removed
  File "/opt/airflow/dags/warehouse_dag.py", line 1, in <module>
    from extraction.extraction import extraction
ModuleNotFoundError: No module named 'extraction'
[2026-09-16T15:04:27.392+0000] {processor.py:842} WARNING - No viable dags retrieved from /opt/airflow/dags/warehouse_dag.py
[2026-09-16T15:04:27.448+0000] {processor.py:183} INFO - Processing /opt/airflow/dags/warehouse_dag.py took 0.144 seconds
[2026-09-16T15:04:57.751+0000] {processor.py:161} INFO - Started process (PID=1132) to work on /opt/airflow/dags/warehouse_dag.py
[2026-09-16T15:04:57.754+0000] {processor.py:830} INFO - Processing file /opt/airflow/dags/warehouse_dag.py for tasks to queue
[2026-09-16T15:04:57.780+0000] {logging_mixin.py:188} INFO - [2026-09-16T15:04:57.779+0000] {dagbag.py:545} INFO - Filling up the DagBag from /opt/airflow/dags/warehouse_dag.py
[2026-09-16T15:04:57.855+0000] {logging_mixin.py:188} INFO - [2026-09-16T15:04:57.844+0000] {dagbag.py:355} ERROR - Failed to import: /opt/airflow/dags/warehouse_dag.py
Traceback (most recent call last):
  File "/home/airflow/.local/lib/python3.10/site-packages/airflow/models/dagbag.py", line 351, in parse
    loader.exec_module(new_module)
  File "<frozen importlib._bootstrap_external>", line 883, in exec_module
  File "<frozen importlib._bootstrap>", line 241, in _call_with_frames_removed
  File "/opt/airflow/dags/warehouse_dag.py", line 1, in <module>
    from extraction.extraction import extraction
ModuleNotFoundError: No module named 'extraction'
[2026-09-16T15:04:57.860+0000] {processor.py:842} WARNING - No viable dags retrieved from /opt/airflow/dags/warehouse_dag.py
[2026-09-16T15:04:57.927+0000] {processor.py:183} INFO - Processing /opt/airflow/dags/warehouse_dag.py took 0.189 seconds
[2026-09-16T15:05:28.137+0000] {processor.py:161} INFO - Started process (PID=1139) to work on /opt/airflow/dags/warehouse_dag.py
[2026-09-16T15:05:28.156+0000] {processor.py:830} INFO - Processing file /opt/airflow/dags/warehouse_dag.py for tasks to queue
[2026-09-16T15:05:28.161+0000] {logging_mixin.py:188} INFO - [2026-09-16T15:05:28.161+0000] {dagbag.py:545} INFO - Filling up the DagBag from /opt/airflow/dags/warehouse_dag.py
[2026-09-16T15:05:28.215+0000] {logging_mixin.py:188} INFO - [2026-09-16T15:05:28.206+0000] {dagbag.py:355} ERROR - Failed to import: /opt/airflow/dags/warehouse_dag.py
Traceback (most recent call last):
  File "/home/airflow/.local/lib/python3.10/site-packages/airflow/models/dagbag.py", line 351, in parse
    loader.exec_module(new_module)
  File "<frozen importlib._bootstrap_external>", line 883, in exec_module
  File "<frozen importlib._bootstrap>", line 241, in _call_with_frames_removed
  File "/opt/airflow/dags/warehouse_dag.py", line 1, in <module>
    from extraction.extraction import extraction
ModuleNotFoundError: No module named 'extraction'
[2026-09-16T15:05:28.219+0000] {processor.py:842} WARNING - No viable dags retrieved from /opt/airflow/dags/warehouse_dag.py
[2026-09-16T15:05:28.282+0000] {processor.py:183} INFO - Processing /opt/airflow/dags/warehouse_dag.py took 0.158 seconds
[2026-09-16T15:05:58.654+0000] {processor.py:161} INFO - Started process (PID=1146) to work on /opt/airflow/dags/warehouse_dag.py
[2026-09-16T15:05:58.657+0000] {processor.py:830} INFO - Processing file /opt/airflow/dags/warehouse_dag.py for tasks to queue
[2026-09-16T15:05:58.661+0000] {logging_mixin.py:188} INFO - [2026-09-16T15:05:58.660+0000] {dagbag.py:545} INFO - Filling up the DagBag from /opt/airflow/dags/warehouse_dag.py
[2026-09-16T15:05:58.717+0000] {logging_mixin.py:188} INFO - [2026-09-16T15:05:58.706+0000] {dagbag.py:355} ERROR - Failed to import: /opt/airflow/dags/warehouse_dag.py
Traceback (most recent call last):
  File "/home/airflow/.local/lib/python3.10/site-packages/airflow/models/dagbag.py", line 351, in parse
    loader.exec_module(new_module)
  File "<frozen importlib._bootstrap_external>", line 883, in exec_module
  File "<frozen importlib._bootstrap>", line 241, in _call_with_frames_removed
  File "/opt/airflow/dags/warehouse_dag.py", line 1, in <module>
    from extraction.extraction import extraction
ModuleNotFoundError: No module named 'extraction'
[2026-09-16T15:05:58.723+0000] {processor.py:842} WARNING - No viable dags retrieved from /opt/airflow/dags/warehouse_dag.py
[2026-09-16T15:05:58.792+0000] {processor.py:183} INFO - Processing /opt/airflow/dags/warehouse_dag.py took 0.149 seconds
[2026-09-16T15:06:29.010+0000] {processor.py:161} INFO - Started process (PID=1153) to work on /opt/airflow/dags/warehouse_dag.py
[2026-09-16T15:06:29.015+0000] {processor.py:830} INFO - Processing file /opt/airflow/dags/warehouse_dag.py for tasks to queue
[2026-09-16T15:06:29.020+0000] {logging_mixin.py:188} INFO - [2026-09-16T15:06:29.019+0000] {dagbag.py:545} INFO - Filling up the DagBag from /opt/airflow/dags/warehouse_dag.py
[2026-09-16T15:06:29.072+0000] {logging_mixin.py:188} INFO - [2026-09-16T15:06:29.056+0000] {dagbag.py:355} ERROR - Failed to import: /opt/airflow/dags/warehouse_dag.py
Traceback (most recent call last):
  File "/home/airflow/.local/lib/python3.10/site-packages/airflow/models/dagbag.py", line 351, in parse
    loader.exec_module(new_module)
  File "<frozen importlib._bootstrap_external>", line 883, in exec_module
  File "<frozen importlib._bootstrap>", line 241, in _call_with_frames_removed
  File "/opt/airflow/dags/warehouse_dag.py", line 1, in <module>
    from extraction.extraction import extraction
ModuleNotFoundError: No module named 'extraction'
[2026-09-16T15:06:29.078+0000] {processor.py:842} WARNING - No viable dags retrieved from /opt/airflow/dags/warehouse_dag.py
[2026-09-16T15:06:29.118+0000] {processor.py:183} INFO - Processing /opt/airflow/dags/warehouse_dag.py took 0.116 seconds
[2026-09-16T15:06:59.367+0000] {processor.py:161} INFO - Started process (PID=1160) to work on /opt/airflow/dags/warehouse_dag.py
[2026-09-16T15:06:59.370+0000] {processor.py:830} INFO - Processing file /opt/airflow/dags/warehouse_dag.py for tasks to queue
[2026-09-16T15:06:59.373+0000] {logging_mixin.py:188} INFO - [2026-09-16T15:06:59.373+0000] {dagbag.py:545} INFO - Filling up the DagBag from /opt/airflow/dags/warehouse_dag.py
[2026-09-16T15:06:59.418+0000] {logging_mixin.py:188} INFO - [2026-09-16T15:06:59.409+0000] {dagbag.py:355} ERROR - Failed to import: /opt/airflow/dags/warehouse_dag.py
Traceback (most recent call last):
  File "/home/airflow/.local/lib/python3.10/site-packages/airflow/models/dagbag.py", line 351, in parse
    loader.exec_module(new_module)
  File "<frozen importlib._bootstrap_external>", line 883, in exec_module
  File "<frozen importlib._bootstrap>", line 241, in _call_with_frames_removed
  File "/opt/airflow/dags/warehouse_dag.py", line 1, in <module>
    from extraction.extraction import extraction
ModuleNotFoundError: No module named 'extraction'
[2026-09-16T15:06:59.422+0000] {processor.py:842} WARNING - No viable dags retrieved from /opt/airflow/dags/warehouse_dag.py
[2026-09-16T15:06:59.475+0000] {processor.py:183} INFO - Processing /opt/airflow/dags/warehouse_dag.py took 0.115 seconds
[2026-09-16T15:07:29.809+0000] {processor.py:161} INFO - Started process (PID=1167) to work on /opt/airflow/dags/warehouse_dag.py
[2026-09-16T15:07:29.813+0000] {processor.py:830} INFO - Processing file /opt/airflow/dags/warehouse_dag.py for tasks to queue
[2026-09-16T15:07:29.843+0000] {logging_mixin.py:188} INFO - [2026-09-16T15:07:29.842+0000] {dagbag.py:545} INFO - Filling up the DagBag from /opt/airflow/dags/warehouse_dag.py
[2026-09-16T15:07:29.909+0000] {logging_mixin.py:188} INFO - [2026-09-16T15:07:29.895+0000] {dagbag.py:355} ERROR - Failed to import: /opt/airflow/dags/warehouse_dag.py
Traceback (most recent call last):
  File "/home/airflow/.local/lib/python3.10/site-packages/airflow/models/dagbag.py", line 351, in parse
    loader.exec_module(new_module)
  File "<frozen importlib._bootstrap_external>", line 883, in exec_module
  File "<frozen importlib._bootstrap>", line 241, in _call_with_frames_removed
  File "/opt/airflow/dags/warehouse_dag.py", line 1, in <module>
    from extraction.extraction import extraction
ModuleNotFoundError: No module named 'extraction'
[2026-09-16T15:07:29.914+0000] {processor.py:842} WARNING - No viable dags retrieved from /opt/airflow/dags/warehouse_dag.py
[2026-09-16T15:07:29.988+0000] {processor.py:183} INFO - Processing /opt/airflow/dags/warehouse_dag.py took 0.194 seconds
[2026-09-16T15:08:00.253+0000] {processor.py:161} INFO - Started process (PID=1174) to work on /opt/airflow/dags/warehouse_dag.py
[2026-09-16T15:08:00.256+0000] {processor.py:830} INFO - Processing file /opt/airflow/dags/warehouse_dag.py for tasks to queue
[2026-09-16T15:08:00.260+0000] {logging_mixin.py:188} INFO - [2026-09-16T15:08:00.259+0000] {dagbag.py:545} INFO - Filling up the DagBag from /opt/airflow/dags/warehouse_dag.py
[2026-09-16T15:08:00.324+0000] {logging_mixin.py:188} INFO - [2026-09-16T15:08:00.305+0000] {dagbag.py:355} ERROR - Failed to import: /opt/airflow/dags/warehouse_dag.py
Traceback (most recent call last):
  File "/home/airflow/.local/lib/python3.10/site-packages/airflow/models/dagbag.py", line 351, in parse
    loader.exec_module(new_module)
  File "<frozen importlib._bootstrap_external>", line 883, in exec_module
  File "<frozen importlib._bootstrap>", line 241, in _call_with_frames_removed
  File "/opt/airflow/dags/warehouse_dag.py", line 1, in <module>
    from extraction.extraction import extraction
ModuleNotFoundError: No module named 'extraction'
[2026-09-16T15:08:00.331+0000] {processor.py:842} WARNING - No viable dags retrieved from /opt/airflow/dags/warehouse_dag.py
[2026-09-16T15:08:00.392+0000] {processor.py:183} INFO - Processing /opt/airflow/dags/warehouse_dag.py took 0.148 seconds
[2026-09-16T15:08:30.744+0000] {processor.py:161} INFO - Started process (PID=1181) to work on /opt/airflow/dags/warehouse_dag.py
[2026-09-16T15:08:30.747+0000] {processor.py:830} INFO - Processing file /opt/airflow/dags/warehouse_dag.py for tasks to queue
[2026-09-16T15:08:30.790+0000] {logging_mixin.py:188} INFO - [2026-09-16T15:08:30.788+0000] {dagbag.py:545} INFO - Filling up the DagBag from /opt/airflow/dags/warehouse_dag.py
[2026-09-16T15:08:30.862+0000] {logging_mixin.py:188} INFO - [2026-09-16T15:08:30.848+0000] {dagbag.py:355} ERROR - Failed to import: /opt/airflow/dags/warehouse_dag.py
Traceback (most recent call last):
  File "/home/airflow/.local/lib/python3.10/site-packages/airflow/models/dagbag.py", line 351, in parse
    loader.exec_module(new_module)
  File "<frozen importlib._bootstrap_external>", line 883, in exec_module
  File "<frozen importlib._bootstrap>", line 241, in _call_with_frames_removed
  File "/opt/airflow/dags/warehouse_dag.py", line 1, in <module>
    from extraction.extraction import extraction
ModuleNotFoundError: No module named 'extraction'
[2026-09-16T15:08:30.865+0000] {processor.py:842} WARNING - No viable dags retrieved from /opt/airflow/dags/warehouse_dag.py
[2026-09-16T15:08:30.955+0000] {processor.py:183} INFO - Processing /opt/airflow/dags/warehouse_dag.py took 0.228 seconds
[2026-09-16T15:09:01.159+0000] {processor.py:161} INFO - Started process (PID=1188) to work on /opt/airflow/dags/warehouse_dag.py
[2026-09-16T15:09:01.161+0000] {processor.py:830} INFO - Processing file /opt/airflow/dags/warehouse_dag.py for tasks to queue
[2026-09-16T15:09:01.190+0000] {logging_mixin.py:188} INFO - [2026-09-16T15:09:01.189+0000] {dagbag.py:545} INFO - Filling up the DagBag from /opt/airflow/dags/warehouse_dag.py
[2026-09-16T15:09:01.245+0000] {logging_mixin.py:188} INFO - [2026-09-16T15:09:01.236+0000] {dagbag.py:355} ERROR - Failed to import: /opt/airflow/dags/warehouse_dag.py
Traceback (most recent call last):
  File "/home/airflow/.local/lib/python3.10/site-packages/airflow/models/dagbag.py", line 351, in parse
    loader.exec_module(new_module)
  File "<frozen importlib._bootstrap_external>", line 883, in exec_module
  File "<frozen importlib._bootstrap>", line 241, in _call_with_frames_removed
  File "/opt/airflow/dags/warehouse_dag.py", line 1, in <module>
    from extraction.extraction import extraction
ModuleNotFoundError: No module named 'extraction'
[2026-09-16T15:09:01.251+0000] {processor.py:842} WARNING - No viable dags retrieved from /opt/airflow/dags/warehouse_dag.py
[2026-09-16T15:09:01.322+0000] {processor.py:183} INFO - Processing /opt/airflow/dags/warehouse_dag.py took 0.179 seconds
[2026-09-16T15:09:31.688+0000] {processor.py:161} INFO - Started process (PID=1195) to work on /opt/airflow/dags/warehouse_dag.py
[2026-09-16T15:09:31.699+0000] {processor.py:830} INFO - Processing file /opt/airflow/dags/warehouse_dag.py for tasks to queue
[2026-09-16T15:09:31.706+0000] {logging_mixin.py:188} INFO - [2026-09-16T15:09:31.706+0000] {dagbag.py:545} INFO - Filling up the DagBag from /opt/airflow/dags/warehouse_dag.py
[2026-09-16T15:09:31.758+0000] {logging_mixin.py:188} INFO - [2026-09-16T15:09:31.749+0000] {dagbag.py:355} ERROR - Failed to import: /opt/airflow/dags/warehouse_dag.py
Traceback (most recent call last):
  File "/home/airflow/.local/lib/python3.10/site-packages/airflow/models/dagbag.py", line 351, in parse
    loader.exec_module(new_module)
  File "<frozen importlib._bootstrap_external>", line 883, in exec_module
  File "<frozen importlib._bootstrap>", line 241, in _call_with_frames_removed
  File "/opt/airflow/dags/warehouse_dag.py", line 1, in <module>
    from extraction.extraction import extraction
ModuleNotFoundError: No module named 'extraction'
[2026-09-16T15:09:31.761+0000] {processor.py:842} WARNING - No viable dags retrieved from /opt/airflow/dags/warehouse_dag.py
[2026-09-16T15:09:31.824+0000] {processor.py:183} INFO - Processing /opt/airflow/dags/warehouse_dag.py took 0.154 seconds
[2026-09-16T15:10:02.226+0000] {processor.py:161} INFO - Started process (PID=1202) to work on /opt/airflow/dags/warehouse_dag.py
[2026-09-16T15:10:02.232+0000] {processor.py:830} INFO - Processing file /opt/airflow/dags/warehouse_dag.py for tasks to queue
[2026-09-16T15:10:02.244+0000] {logging_mixin.py:188} INFO - [2026-09-16T15:10:02.242+0000] {dagbag.py:545} INFO - Filling up the DagBag from /opt/airflow/dags/warehouse_dag.py
[2026-09-16T15:10:02.345+0000] {logging_mixin.py:188} INFO - [2026-09-16T15:10:02.327+0000] {dagbag.py:355} ERROR - Failed to import: /opt/airflow/dags/warehouse_dag.py
Traceback (most recent call last):
  File "/home/airflow/.local/lib/python3.10/site-packages/airflow/models/dagbag.py", line 351, in parse
    loader.exec_module(new_module)
  File "<frozen importlib._bootstrap_external>", line 883, in exec_module
  File "<frozen importlib._bootstrap>", line 241, in _call_with_frames_removed
  File "/opt/airflow/dags/warehouse_dag.py", line 1, in <module>
    from extraction.extraction import extraction
ModuleNotFoundError: No module named 'extraction'
[2026-09-16T15:10:02.353+0000] {processor.py:842} WARNING - No viable dags retrieved from /opt/airflow/dags/warehouse_dag.py
[2026-09-16T15:10:02.438+0000] {processor.py:183} INFO - Processing /opt/airflow/dags/warehouse_dag.py took 0.235 seconds
[2026-09-16T15:10:32.691+0000] {processor.py:161} INFO - Started process (PID=1209) to work on /opt/airflow/dags/warehouse_dag.py
[2026-09-16T15:10:32.694+0000] {processor.py:830} INFO - Processing file /opt/airflow/dags/warehouse_dag.py for tasks to queue
[2026-09-16T15:10:32.697+0000] {logging_mixin.py:188} INFO - [2026-09-16T15:10:32.697+0000] {dagbag.py:545} INFO - Filling up the DagBag from /opt/airflow/dags/warehouse_dag.py
[2026-09-16T15:10:32.758+0000] {logging_mixin.py:188} INFO - [2026-09-16T15:10:32.746+0000] {dagbag.py:355} ERROR - Failed to import: /opt/airflow/dags/warehouse_dag.py
Traceback (most recent call last):
  File "/home/airflow/.local/lib/python3.10/site-packages/airflow/models/dagbag.py", line 351, in parse
    loader.exec_module(new_module)
  File "<frozen importlib._bootstrap_external>", line 883, in exec_module
  File "<frozen importlib._bootstrap>", line 241, in _call_with_frames_removed
  File "/opt/airflow/dags/warehouse_dag.py", line 1, in <module>
    from extraction.extraction import extraction
ModuleNotFoundError: No module named 'extraction'
[2026-09-16T15:10:32.775+0000] {processor.py:842} WARNING - No viable dags retrieved from /opt/airflow/dags/warehouse_dag.py
[2026-09-16T15:10:32.866+0000] {processor.py:183} INFO - Processing /opt/airflow/dags/warehouse_dag.py took 0.193 seconds
[2026-09-16T15:11:03.191+0000] {processor.py:161} INFO - Started process (PID=1216) to work on /opt/airflow/dags/warehouse_dag.py
[2026-09-16T15:11:03.193+0000] {processor.py:830} INFO - Processing file /opt/airflow/dags/warehouse_dag.py for tasks to queue
[2026-09-16T15:11:03.198+0000] {logging_mixin.py:188} INFO - [2026-09-16T15:11:03.198+0000] {dagbag.py:545} INFO - Filling up the DagBag from /opt/airflow/dags/warehouse_dag.py
[2026-09-16T15:11:03.243+0000] {logging_mixin.py:188} INFO - [2026-09-16T15:11:03.236+0000] {dagbag.py:355} ERROR - Failed to import: /opt/airflow/dags/warehouse_dag.py
Traceback (most recent call last):
  File "/home/airflow/.local/lib/python3.10/site-packages/airflow/models/dagbag.py", line 351, in parse
    loader.exec_module(new_module)
  File "<frozen importlib._bootstrap_external>", line 883, in exec_module
  File "<frozen importlib._bootstrap>", line 241, in _call_with_frames_removed
  File "/opt/airflow/dags/warehouse_dag.py", line 1, in <module>
    from extraction.extraction import extraction
ModuleNotFoundError: No module named 'extraction'
[2026-09-16T15:11:03.246+0000] {processor.py:842} WARNING - No viable dags retrieved from /opt/airflow/dags/warehouse_dag.py
[2026-09-16T15:11:03.296+0000] {processor.py:183} INFO - Processing /opt/airflow/dags/warehouse_dag.py took 0.112 seconds
[2026-09-16T15:11:33.666+0000] {processor.py:161} INFO - Started process (PID=1223) to work on /opt/airflow/dags/warehouse_dag.py
[2026-09-16T15:11:33.670+0000] {processor.py:830} INFO - Processing file /opt/airflow/dags/warehouse_dag.py for tasks to queue
[2026-09-16T15:11:33.675+0000] {logging_mixin.py:188} INFO - [2026-09-16T15:11:33.674+0000] {dagbag.py:545} INFO - Filling up the DagBag from /opt/airflow/dags/warehouse_dag.py
[2026-09-16T15:11:33.733+0000] {logging_mixin.py:188} INFO - [2026-09-16T15:11:33.722+0000] {dagbag.py:355} ERROR - Failed to import: /opt/airflow/dags/warehouse_dag.py
Traceback (most recent call last):
  File "/home/airflow/.local/lib/python3.10/site-packages/airflow/models/dagbag.py", line 351, in parse
    loader.exec_module(new_module)
  File "<frozen importlib._bootstrap_external>", line 883, in exec_module
  File "<frozen importlib._bootstrap>", line 241, in _call_with_frames_removed
  File "/opt/airflow/dags/warehouse_dag.py", line 1, in <module>
    from extraction.extraction import extraction
ModuleNotFoundError: No module named 'extraction'
[2026-09-16T15:11:33.738+0000] {processor.py:842} WARNING - No viable dags retrieved from /opt/airflow/dags/warehouse_dag.py
[2026-09-16T15:11:33.791+0000] {processor.py:183} INFO - Processing /opt/airflow/dags/warehouse_dag.py took 0.142 seconds
[2026-09-16T15:12:04.081+0000] {processor.py:161} INFO - Started process (PID=1231) to work on /opt/airflow/dags/warehouse_dag.py
[2026-09-16T15:12:04.087+0000] {processor.py:830} INFO - Processing file /opt/airflow/dags/warehouse_dag.py for tasks to queue
[2026-09-16T15:12:04.096+0000] {logging_mixin.py:188} INFO - [2026-09-16T15:12:04.096+0000] {dagbag.py:545} INFO - Filling up the DagBag from /opt/airflow/dags/warehouse_dag.py
[2026-09-16T15:12:04.164+0000] {logging_mixin.py:188} INFO - [2026-09-16T15:12:04.151+0000] {dagbag.py:355} ERROR - Failed to import: /opt/airflow/dags/warehouse_dag.py
Traceback (most recent call last):
  File "/home/airflow/.local/lib/python3.10/site-packages/airflow/models/dagbag.py", line 351, in parse
    loader.exec_module(new_module)
  File "<frozen importlib._bootstrap_external>", line 883, in exec_module
  File "<frozen importlib._bootstrap>", line 241, in _call_with_frames_removed
  File "/opt/airflow/dags/warehouse_dag.py", line 1, in <module>
    from extraction.extraction import extraction
ModuleNotFoundError: No module named 'extraction'
[2026-09-16T15:12:04.168+0000] {processor.py:842} WARNING - No viable dags retrieved from /opt/airflow/dags/warehouse_dag.py
[2026-09-16T15:12:04.275+0000] {processor.py:183} INFO - Processing /opt/airflow/dags/warehouse_dag.py took 0.212 seconds
[2026-09-16T15:12:34.504+0000] {processor.py:161} INFO - Started process (PID=1238) to work on /opt/airflow/dags/warehouse_dag.py
[2026-09-16T15:12:34.507+0000] {processor.py:830} INFO - Processing file /opt/airflow/dags/warehouse_dag.py for tasks to queue
[2026-09-16T15:12:34.510+0000] {logging_mixin.py:188} INFO - [2026-09-16T15:12:34.510+0000] {dagbag.py:545} INFO - Filling up the DagBag from /opt/airflow/dags/warehouse_dag.py
[2026-09-16T15:12:34.591+0000] {logging_mixin.py:188} INFO - [2026-09-16T15:12:34.582+0000] {dagbag.py:355} ERROR - Failed to import: /opt/airflow/dags/warehouse_dag.py
Traceback (most recent call last):
  File "/home/airflow/.local/lib/python3.10/site-packages/airflow/models/dagbag.py", line 351, in parse
    loader.exec_module(new_module)
  File "<frozen importlib._bootstrap_external>", line 883, in exec_module
  File "<frozen importlib._bootstrap>", line 241, in _call_with_frames_removed
  File "/opt/airflow/dags/warehouse_dag.py", line 1, in <module>
    from extraction.extraction import extraction
ModuleNotFoundError: No module named 'extraction'
[2026-09-16T15:12:34.599+0000] {processor.py:842} WARNING - No viable dags retrieved from /opt/airflow/dags/warehouse_dag.py
[2026-09-16T15:12:34.624+0000] {processor.py:183} INFO - Processing /opt/airflow/dags/warehouse_dag.py took 0.126 seconds
[2026-09-16T15:13:04.730+0000] {processor.py:161} INFO - Started process (PID=1245) to work on /opt/airflow/dags/warehouse_dag.py
[2026-09-16T15:13:04.739+0000] {processor.py:830} INFO - Processing file /opt/airflow/dags/warehouse_dag.py for tasks to queue
[2026-09-16T15:13:04.746+0000] {logging_mixin.py:188} INFO - [2026-09-16T15:13:04.746+0000] {dagbag.py:545} INFO - Filling up the DagBag from /opt/airflow/dags/warehouse_dag.py
[2026-09-16T15:13:04.780+0000] {logging_mixin.py:188} INFO - [2026-09-16T15:13:04.774+0000] {dagbag.py:355} ERROR - Failed to import: /opt/airflow/dags/warehouse_dag.py
Traceback (most recent call last):
  File "/home/airflow/.local/lib/python3.10/site-packages/airflow/models/dagbag.py", line 351, in parse
    loader.exec_module(new_module)
  File "<frozen importlib._bootstrap_external>", line 883, in exec_module
  File "<frozen importlib._bootstrap>", line 241, in _call_with_frames_removed
  File "/opt/airflow/dags/warehouse_dag.py", line 1, in <module>
    from extraction.extraction import extraction
ModuleNotFoundError: No module named 'extraction'
[2026-09-16T15:13:04.783+0000] {processor.py:842} WARNING - No viable dags retrieved from /opt/airflow/dags/warehouse_dag.py
[2026-09-16T15:13:04.850+0000] {processor.py:183} INFO - Processing /opt/airflow/dags/warehouse_dag.py took 0.127 seconds
[2026-09-16T15:13:35.134+0000] {processor.py:161} INFO - Started process (PID=1252) to work on /opt/airflow/dags/warehouse_dag.py
[2026-09-16T15:13:35.137+0000] {processor.py:830} INFO - Processing file /opt/airflow/dags/warehouse_dag.py for tasks to queue
[2026-09-16T15:13:35.143+0000] {logging_mixin.py:188} INFO - [2026-09-16T15:13:35.142+0000] {dagbag.py:545} INFO - Filling up the DagBag from /opt/airflow/dags/warehouse_dag.py
[2026-09-16T15:13:35.192+0000] {logging_mixin.py:188} INFO - [2026-09-16T15:13:35.182+0000] {dagbag.py:355} ERROR - Failed to import: /opt/airflow/dags/warehouse_dag.py
Traceback (most recent call last):
  File "/home/airflow/.local/lib/python3.10/site-packages/airflow/models/dagbag.py", line 351, in parse
    loader.exec_module(new_module)
  File "<frozen importlib._bootstrap_external>", line 883, in exec_module
  File "<frozen importlib._bootstrap>", line 241, in _call_with_frames_removed
  File "/opt/airflow/dags/warehouse_dag.py", line 1, in <module>
    from extraction.extraction import extraction
ModuleNotFoundError: No module named 'extraction'
[2026-09-16T15:13:35.196+0000] {processor.py:842} WARNING - No viable dags retrieved from /opt/airflow/dags/warehouse_dag.py
[2026-09-16T15:13:35.245+0000] {processor.py:183} INFO - Processing /opt/airflow/dags/warehouse_dag.py took 0.125 seconds
[2026-09-16T15:14:05.397+0000] {processor.py:161} INFO - Started process (PID=1259) to work on /opt/airflow/dags/warehouse_dag.py
[2026-09-16T15:14:05.399+0000] {processor.py:830} INFO - Processing file /opt/airflow/dags/warehouse_dag.py for tasks to queue
[2026-09-16T15:14:05.405+0000] {logging_mixin.py:188} INFO - [2026-09-16T15:14:05.404+0000] {dagbag.py:545} INFO - Filling up the DagBag from /opt/airflow/dags/warehouse_dag.py
[2026-09-16T15:14:05.446+0000] {logging_mixin.py:188} INFO - [2026-09-16T15:14:05.438+0000] {dagbag.py:355} ERROR - Failed to import: /opt/airflow/dags/warehouse_dag.py
Traceback (most recent call last):
  File "/home/airflow/.local/lib/python3.10/site-packages/airflow/models/dagbag.py", line 351, in parse
    loader.exec_module(new_module)
  File "<frozen importlib._bootstrap_external>", line 883, in exec_module
  File "<frozen importlib._bootstrap>", line 241, in _call_with_frames_removed
  File "/opt/airflow/dags/warehouse_dag.py", line 1, in <module>
    from extraction.extraction import extraction
ModuleNotFoundError: No module named 'extraction'
[2026-09-16T15:14:05.450+0000] {processor.py:842} WARNING - No viable dags retrieved from /opt/airflow/dags/warehouse_dag.py
[2026-09-16T15:14:05.491+0000] {processor.py:183} INFO - Processing /opt/airflow/dags/warehouse_dag.py took 0.105 seconds
[2026-09-16T15:14:35.823+0000] {processor.py:161} INFO - Started process (PID=1266) to work on /opt/airflow/dags/warehouse_dag.py
[2026-09-16T15:14:35.826+0000] {processor.py:830} INFO - Processing file /opt/airflow/dags/warehouse_dag.py for tasks to queue
[2026-09-16T15:14:35.844+0000] {logging_mixin.py:188} INFO - [2026-09-16T15:14:35.844+0000] {dagbag.py:545} INFO - Filling up the DagBag from /opt/airflow/dags/warehouse_dag.py
[2026-09-16T15:14:35.878+0000] {logging_mixin.py:188} INFO - [2026-09-16T15:14:35.873+0000] {dagbag.py:355} ERROR - Failed to import: /opt/airflow/dags/warehouse_dag.py
Traceback (most recent call last):
  File "/home/airflow/.local/lib/python3.10/site-packages/airflow/models/dagbag.py", line 351, in parse
    loader.exec_module(new_module)
  File "<frozen importlib._bootstrap_external>", line 883, in exec_module
  File "<frozen importlib._bootstrap>", line 241, in _call_with_frames_removed
  File "/opt/airflow/dags/warehouse_dag.py", line 1, in <module>
    from extraction.extraction import extraction
ModuleNotFoundError: No module named 'extraction'
[2026-09-16T15:14:35.882+0000] {processor.py:842} WARNING - No viable dags retrieved from /opt/airflow/dags/warehouse_dag.py
[2026-09-16T15:14:35.973+0000] {processor.py:183} INFO - Processing /opt/airflow/dags/warehouse_dag.py took 0.156 seconds
[2026-09-16T15:16:02.713+0000] {processor.py:161} INFO - Started process (PID=72) to work on /opt/airflow/dags/warehouse_dag.py
[2026-09-16T15:16:02.718+0000] {processor.py:830} INFO - Processing file /opt/airflow/dags/warehouse_dag.py for tasks to queue
[2026-09-16T15:16:02.729+0000] {logging_mixin.py:188} INFO - [2026-09-16T15:16:02.727+0000] {dagbag.py:545} INFO - Filling up the DagBag from /opt/airflow/dags/warehouse_dag.py
[2026-09-16T15:16:02.911+0000] {logging_mixin.py:188} INFO - [2026-09-16T15:16:02.883+0000] {dagbag.py:355} ERROR - Failed to import: /opt/airflow/dags/warehouse_dag.py
Traceback (most recent call last):
  File "/home/airflow/.local/lib/python3.10/site-packages/airflow/models/dagbag.py", line 351, in parse
    loader.exec_module(new_module)
  File "<frozen importlib._bootstrap_external>", line 883, in exec_module
  File "<frozen importlib._bootstrap>", line 241, in _call_with_frames_removed
  File "/opt/airflow/dags/warehouse_dag.py", line 15, in <module>
    extract_task = PythonOperator(
  File "/home/airflow/.local/lib/python3.10/site-packages/airflow/models/baseoperator.py", line 468, in apply_defaults
    raise AirflowException(f"missing keyword argument {missing_args.pop()!r}")
airflow.exceptions.AirflowException: missing keyword argument 'python_callable'
[2026-09-16T15:16:02.915+0000] {processor.py:842} WARNING - No viable dags retrieved from /opt/airflow/dags/warehouse_dag.py
[2026-09-16T15:16:02.950+0000] {processor.py:183} INFO - Processing /opt/airflow/dags/warehouse_dag.py took 0.254 seconds
[2026-09-16T15:16:17.049+0000] {processor.py:161} INFO - Started process (PID=73) to work on /opt/airflow/dags/warehouse_dag.py
[2026-09-16T15:16:17.052+0000] {processor.py:830} INFO - Processing file /opt/airflow/dags/warehouse_dag.py for tasks to queue
[2026-09-16T15:16:17.056+0000] {logging_mixin.py:188} INFO - [2026-09-16T15:16:17.055+0000] {dagbag.py:545} INFO - Filling up the DagBag from /opt/airflow/dags/warehouse_dag.py
[2026-09-16T15:16:17.071+0000] {logging_mixin.py:188} INFO - [2026-09-16T15:16:17.071+0000] {dagbag.py:334} INFO - File /opt/airflow/dags/warehouse_dag.py assumed to contain no DAGs. Skipping.
[2026-09-16T15:16:17.073+0000] {processor.py:842} WARNING - No viable dags retrieved from /opt/airflow/dags/warehouse_dag.py
[2026-09-16T15:16:17.171+0000] {processor.py:183} INFO - Processing /opt/airflow/dags/warehouse_dag.py took 0.130 seconds
[2026-09-16T15:16:47.485+0000] {processor.py:161} INFO - Started process (PID=80) to work on /opt/airflow/dags/warehouse_dag.py
[2026-09-16T15:16:47.499+0000] {processor.py:830} INFO - Processing file /opt/airflow/dags/warehouse_dag.py for tasks to queue
[2026-09-16T15:16:47.504+0000] {logging_mixin.py:188} INFO - [2026-09-16T15:16:47.504+0000] {dagbag.py:545} INFO - Filling up the DagBag from /opt/airflow/dags/warehouse_dag.py
[2026-09-16T15:16:47.519+0000] {logging_mixin.py:188} INFO - [2026-09-16T15:16:47.519+0000] {dagbag.py:334} INFO - File /opt/airflow/dags/warehouse_dag.py assumed to contain no DAGs. Skipping.
[2026-09-16T15:16:47.521+0000] {processor.py:842} WARNING - No viable dags retrieved from /opt/airflow/dags/warehouse_dag.py
[2026-09-16T15:16:47.574+0000] {processor.py:183} INFO - Processing /opt/airflow/dags/warehouse_dag.py took 0.097 seconds
[2026-09-16T15:17:18.089+0000] {processor.py:161} INFO - Started process (PID=87) to work on /opt/airflow/dags/warehouse_dag.py
[2026-09-16T15:17:18.092+0000] {processor.py:830} INFO - Processing file /opt/airflow/dags/warehouse_dag.py for tasks to queue
[2026-09-16T15:17:18.099+0000] {logging_mixin.py:188} INFO - [2026-09-16T15:17:18.097+0000] {dagbag.py:545} INFO - Filling up the DagBag from /opt/airflow/dags/warehouse_dag.py
[2026-09-16T15:17:18.117+0000] {logging_mixin.py:188} INFO - [2026-09-16T15:17:18.117+0000] {dagbag.py:334} INFO - File /opt/airflow/dags/warehouse_dag.py assumed to contain no DAGs. Skipping.
[2026-09-16T15:17:18.119+0000] {processor.py:842} WARNING - No viable dags retrieved from /opt/airflow/dags/warehouse_dag.py
[2026-09-16T15:17:18.147+0000] {processor.py:183} INFO - Processing /opt/airflow/dags/warehouse_dag.py took 0.066 seconds
[2026-09-16T15:17:49.170+0000] {processor.py:161} INFO - Started process (PID=94) to work on /opt/airflow/dags/warehouse_dag.py
[2026-09-16T15:17:49.855+0000] {processor.py:830} INFO - Processing file /opt/airflow/dags/warehouse_dag.py for tasks to queue
[2026-09-16T15:17:49.861+0000] {logging_mixin.py:188} INFO - [2026-09-16T15:17:49.859+0000] {dagbag.py:545} INFO - Filling up the DagBag from /opt/airflow/dags/warehouse_dag.py
[2026-09-16T15:17:49.883+0000] {logging_mixin.py:188} INFO - [2026-09-16T15:17:49.882+0000] {dagbag.py:334} INFO - File /opt/airflow/dags/warehouse_dag.py assumed to contain no DAGs. Skipping.
[2026-09-16T15:17:49.886+0000] {processor.py:842} WARNING - No viable dags retrieved from /opt/airflow/dags/warehouse_dag.py
[2026-09-16T15:17:49.907+0000] {processor.py:183} INFO - Processing /opt/airflow/dags/warehouse_dag.py took 0.745 seconds
[2026-09-16T15:18:21.790+0000] {processor.py:161} INFO - Started process (PID=101) to work on /opt/airflow/dags/warehouse_dag.py
[2026-09-16T15:18:21.793+0000] {processor.py:830} INFO - Processing file /opt/airflow/dags/warehouse_dag.py for tasks to queue
[2026-09-16T15:18:21.797+0000] {logging_mixin.py:188} INFO - [2026-09-16T15:18:21.797+0000] {dagbag.py:545} INFO - Filling up the DagBag from /opt/airflow/dags/warehouse_dag.py
[2026-09-16T15:18:21.890+0000] {logging_mixin.py:188} INFO - [2026-09-16T15:18:21.889+0000] {dagbag.py:334} INFO - File /opt/airflow/dags/warehouse_dag.py assumed to contain no DAGs. Skipping.
[2026-09-16T15:18:21.892+0000] {processor.py:842} WARNING - No viable dags retrieved from /opt/airflow/dags/warehouse_dag.py
[2026-09-16T15:18:21.933+0000] {processor.py:183} INFO - Processing /opt/airflow/dags/warehouse_dag.py took 0.147 seconds
[2026-09-16T15:18:52.227+0000] {processor.py:161} INFO - Started process (PID=108) to work on /opt/airflow/dags/warehouse_dag.py
[2026-09-16T15:18:52.235+0000] {processor.py:830} INFO - Processing file /opt/airflow/dags/warehouse_dag.py for tasks to queue
[2026-09-16T15:18:52.239+0000] {logging_mixin.py:188} INFO - [2026-09-16T15:18:52.238+0000] {dagbag.py:545} INFO - Filling up the DagBag from /opt/airflow/dags/warehouse_dag.py
[2026-09-16T15:18:52.253+0000] {logging_mixin.py:188} INFO - [2026-09-16T15:18:52.253+0000] {dagbag.py:334} INFO - File /opt/airflow/dags/warehouse_dag.py assumed to contain no DAGs. Skipping.
[2026-09-16T15:18:52.255+0000] {processor.py:842} WARNING - No viable dags retrieved from /opt/airflow/dags/warehouse_dag.py
[2026-09-16T15:18:52.280+0000] {processor.py:183} INFO - Processing /opt/airflow/dags/warehouse_dag.py took 0.061 seconds
[2026-09-16T15:19:22.538+0000] {processor.py:161} INFO - Started process (PID=115) to work on /opt/airflow/dags/warehouse_dag.py
[2026-09-16T15:19:22.541+0000] {processor.py:830} INFO - Processing file /opt/airflow/dags/warehouse_dag.py for tasks to queue
[2026-09-16T15:19:22.545+0000] {logging_mixin.py:188} INFO - [2026-09-16T15:19:22.544+0000] {dagbag.py:545} INFO - Filling up the DagBag from /opt/airflow/dags/warehouse_dag.py
[2026-09-16T15:19:22.574+0000] {logging_mixin.py:188} INFO - [2026-09-16T15:19:22.573+0000] {dagbag.py:334} INFO - File /opt/airflow/dags/warehouse_dag.py assumed to contain no DAGs. Skipping.
[2026-09-16T15:19:22.575+0000] {processor.py:842} WARNING - No viable dags retrieved from /opt/airflow/dags/warehouse_dag.py
[2026-09-16T15:19:22.594+0000] {processor.py:183} INFO - Processing /opt/airflow/dags/warehouse_dag.py took 0.067 seconds
[2026-09-16T15:19:52.856+0000] {processor.py:161} INFO - Started process (PID=122) to work on /opt/airflow/dags/warehouse_dag.py
[2026-09-16T15:19:52.860+0000] {processor.py:830} INFO - Processing file /opt/airflow/dags/warehouse_dag.py for tasks to queue
[2026-09-16T15:19:52.868+0000] {logging_mixin.py:188} INFO - [2026-09-16T15:19:52.867+0000] {dagbag.py:545} INFO - Filling up the DagBag from /opt/airflow/dags/warehouse_dag.py
[2026-09-16T15:19:52.887+0000] {logging_mixin.py:188} INFO - [2026-09-16T15:19:52.887+0000] {dagbag.py:334} INFO - File /opt/airflow/dags/warehouse_dag.py assumed to contain no DAGs. Skipping.
[2026-09-16T15:19:52.888+0000] {processor.py:842} WARNING - No viable dags retrieved from /opt/airflow/dags/warehouse_dag.py
[2026-09-16T15:19:52.921+0000] {processor.py:183} INFO - Processing /opt/airflow/dags/warehouse_dag.py took 0.094 seconds
[2026-09-16T15:20:23.212+0000] {processor.py:161} INFO - Started process (PID=129) to work on /opt/airflow/dags/warehouse_dag.py
[2026-09-16T15:20:23.214+0000] {processor.py:830} INFO - Processing file /opt/airflow/dags/warehouse_dag.py for tasks to queue
[2026-09-16T15:20:23.237+0000] {logging_mixin.py:188} INFO - [2026-09-16T15:20:23.237+0000] {dagbag.py:545} INFO - Filling up the DagBag from /opt/airflow/dags/warehouse_dag.py
[2026-09-16T15:20:23.252+0000] {logging_mixin.py:188} INFO - [2026-09-16T15:20:23.251+0000] {dagbag.py:334} INFO - File /opt/airflow/dags/warehouse_dag.py assumed to contain no DAGs. Skipping.
[2026-09-16T15:20:23.253+0000] {processor.py:842} WARNING - No viable dags retrieved from /opt/airflow/dags/warehouse_dag.py
[2026-09-16T15:20:23.285+0000] {processor.py:183} INFO - Processing /opt/airflow/dags/warehouse_dag.py took 0.079 seconds
[2026-09-16T15:20:53.516+0000] {processor.py:161} INFO - Started process (PID=136) to work on /opt/airflow/dags/warehouse_dag.py
[2026-09-16T15:20:53.518+0000] {processor.py:830} INFO - Processing file /opt/airflow/dags/warehouse_dag.py for tasks to queue
[2026-09-16T15:20:53.521+0000] {logging_mixin.py:188} INFO - [2026-09-16T15:20:53.521+0000] {dagbag.py:545} INFO - Filling up the DagBag from /opt/airflow/dags/warehouse_dag.py
[2026-09-16T15:20:53.542+0000] {logging_mixin.py:188} INFO - [2026-09-16T15:20:53.541+0000] {dagbag.py:334} INFO - File /opt/airflow/dags/warehouse_dag.py assumed to contain no DAGs. Skipping.
[2026-09-16T15:20:53.544+0000] {processor.py:842} WARNING - No viable dags retrieved from /opt/airflow/dags/warehouse_dag.py
[2026-09-16T15:20:53.584+0000] {processor.py:183} INFO - Processing /opt/airflow/dags/warehouse_dag.py took 0.086 seconds
